train,test,gap_target,n,renorm,own,alpha,full,stats_k8,importance_k8,wstats_k8,random_k8,stats_k16,importance_k16,wstats_k16,random_k16,stats_k32,importance_k32,wstats_k32,random_k32
2020-01-27_CO,2020-02-04_CO,7,10,0.1514759659767151,0.2840074300765991,1.0,-7.0899630532081614,-0.2674973840775759,-0.27534773927699513,-0.3502171084281607,-0.42840878044979225,-0.5689561205947149,-0.4401718791651246,-0.3807484846002171,-0.561708929076474,-0.7078983208227647,-0.6306812020274557,-0.6593840994241079,-0.8366974505640213
2020-01-27_CO,2020-02-04_CO,7,10,0.1514759659767151,0.2840074300765991,10.0,-2.1600069652169944,-0.2535018260180667,-0.2574945161628955,-0.32026153643096705,-0.41150825489432347,-0.5218701125433223,-0.3999969115775503,-0.34437422839949755,-0.5363188751806605,-0.6356134694951576,-0.5721873382701763,-0.5947236986977458,-0.7637344409615069
2020-01-27_CO,2020-02-04_CO,7,10,0.1514759659767151,0.2840074300765991,100.0,-0.4533217529874736,-0.15577188733406364,-0.13346786033091318,-0.1371176623102589,-0.27989583104501614,-0.2538451280781674,-0.17727324115714532,-0.13368682853011973,-0.352634455052403,-0.27982837777628145,-0.26354648319490803,-0.2595061113151658,-0.3846690460456615
2020-01-27_CO,2020-02-04_CO,7,10,0.1514759659767151,0.2840074300765991,1000.0,0.07030721434563109,0.0614993700038744,0.10629992534108726,0.10303154115252264,0.0556911536734472,0.06612984697930205,0.10171786366528185,0.11741706853586603,0.04124700501591219,0.08641078190118257,0.10190882782243091,0.1026287981453996,0.05329247560701005
2020-01-27_CO,2020-02-04_CO,7,10,0.1514759659767151,0.2840074300765991,10000.0,0.1506671564599703,0.1445340498093551,0.15695426455758626,0.1556276140122975,0.15010668770117735,0.14444012749360532,0.16183925872510352,0.16043835487799868,0.14988582457611943,0.15212941294022564,0.16434447829728532,0.15882412199450363,0.1492579620485557
2020-01-27_CO,2020-02-04_CO,7,10,0.1514759659767151,0.2840074300765991,100000.0,0.15299138284961414,0.15160192373049008,0.1530318426870876,0.15296056701912847,0.15182223671225156,0.1518672091870189,0.1541219425236754,0.1538079344252897,0.15211146726775904,0.15288959471965732,0.1543076799621617,0.1536482785600557,0.15247155955926944
2020-01-27_CO,2020-02-04_CO,7,20,0.1514759659767151,0.2840074300765991,1.0,-0.928961775378625,-0.015340185017669705,-0.00239712771156414,0.017331406043671005,-0.07950652956187064,-0.11885803985655916,-0.02220571204884353,-0.0354222796037893,-0.18045713438592212,-0.27414626114495144,-0.14404002994827106,-0.2566743220871445,-0.3253658659303231
2020-01-27_CO,2020-02-04_CO,7,20,0.1514759659767151,0.2840074300765991,10.0,-0.8353408159533471,-0.011963892206066223,0.0009391311843414407,0.02029173160971673,-0.07534111404693677,-0.11217309384453503,-0.017914635583951205,-0.030872892924024092,-0.17380693410101777,-0.26201182171179566,-0.13652351662927134,-0.24341257070459724,-0.308148566746064
2020-01-27_CO,2020-02-04_CO,7,20,0.1514759659767151,0.2840074300765991,100.0,-0.3962180279333476,0.014929087282919279,0.029118922715175993,0.04528367966518476,-0.0394585375589156,-0.0590589628387167,0.017078484534460953,0.006596061693497329,-0.11769517734550579,-0.16825952279758866,-0.07626471880270225,-0.14249551050091097,-0.1857535963126985
2020-01-27_CO,2020-02-04_CO,7,20,0.1514759659767151,0.2840074300765991,1000.0,0.09006682752865477,0.10061294223368955,0.12760895841747433,0.1309780197458274,0.09223602095550594,0.09475774206024934,0.12898144344570162,0.12626331864960466,0.07368930604208544,0.08491916263571272,0.1114180530504914,0.11123385912827552,0.0803617882637868
2020-01-27_CO,2020-02-04_CO,7,20,0.1514759659767151,0.2840074300765991,10000.0,0.17551267785016886,0.1479994272183555,0.15844895814829224,0.15888211946808722,0.15071555167174114,0.15297813952103953,0.16600277851370152,0.16366642961316172,0.15219638044468778,0.1645347673851552,0.17461047032966923,0.1734148445022665,0.156660759186843
2020-01-27_CO,2020-02-04_CO,7,20,0.1514759659767151,0.2840074300765991,100000.0,0.1563564619586063,0.15181893936140717,0.1532440008617444,0.15337730569402075,0.15198609940919527,0.1527633741958379,0.15487164025421124,0.15432361487444657,0.15254550408300338,0.15455687122371906,0.15602719735814125,0.15566893463335177,0.15349219919779078
2020-01-27_CO,2020-02-04_CO,7,50,0.1514759659767151,0.2840074300765991,1.0,-0.10573982769826917,0.10393479874622669,0.14885873728954377,0.14975428597575344,0.0835851418673228,0.10488977241294106,0.14062567990817748,0.13466340185886777,0.06302187488889464,0.04381322768108281,0.10247409953184158,0.0869022847675445,0.0349567743802835
2020-01-27_CO,2020-02-04_CO,7,50,0.1514759659767151,0.2840074300765991,10.0,-0.09896908069197491,0.10440161927720876,0.1492194447724704,0.15008841043952742,0.08418959381844948,0.10550116141735044,0.14121893759332765,0.1352414949765126,0.06396914823617893,0.04562404294117686,0.10385964115065108,0.0883900555964636,0.036850601488251256
2020-01-27_CO,2020-02-04_CO,7,50,0.1514759659767151,0.2840074300765991,100.0,-0.04258891585019828,0.10865357225547079,0.15257967082105575,0.15318889108670725,0.08981265026175018,0.11107906620696104,0.1467096574490241,0.14059750416435934,0.07273506387016034,0.06209124288341114,0.116571034804905,0.10200703251468529,0.05378054024257209
2020-01-27_CO,2020-02-04_CO,7,50,0.1514759659767151,0.2840074300765991,1000.0,0.15048336835974144,0.1312998356985764,0.17128090562409612,0.17000950603038942,0.1214007039588908,0.14061561458760677,0.1760335304010751,0.16959966497525292,0.12027904405511258,0.1441559956633385,0.18132332407528876,0.17164360562354752,0.1314314749948534
2020-01-27_CO,2020-02-04_CO,7,50,0.1514759659767151,0.2840074300765991,10000.0,0.2165813886750777,0.15442077614183614,0.17528445756272093,0.17407508239436462,0.1512008136817868,0.16568993359082107,0.18376712260691921,0.18065427806855253,0.15844390164864344,0.18968341737403016,0.2010791252888304,0.20116167030796375,0.17394829853110513
2020-01-27_CO,2020-02-04_CO,7,50,0.1514759659767151,0.2840074300765991,100000.0,0.1650384266673871,0.15382389173871994,0.15672162469618936,0.15673509832631857,0.15231501010249013,0.15578754362781327,0.15858669691404226,0.15747550037247582,0.15384479333154916,0.15933298945061977,0.15979152230233826,0.16101952459736052,0.15639436493343054
2020-01-27_CO,2020-02-04_CO,7,100,0.1514759659767151,0.2840074300765991,1.0,0.12332695711518452,0.1438291749695815,0.1687972215621846,0.15473342778913587,0.12690884988143317,0.14686338868718973,0.1679637495697853,0.15631982933805033,0.12231323731833164,0.13229627133662938,0.18419842621207494,0.16342635610149644,0.1380301968781142
2020-01-27_CO,2020-02-04_CO,7,100,0.1514759659767151,0.2840074300765991,10.0,0.1242812973200014,0.14391430358039364,0.16895483388503327,0.15491807505192068,0.12704404947119805,0.1470061474714595,0.1681891390761672,0.15657212927719885,0.12253349535165085,0.13275210537069423,0.1845380955580532,0.16382984722734126,0.13833314362026997
2020-01-27_CO,2020-02-04_CO,7,100,0.1514759659767151,0.2840074300765991,100.0,0.13327715384686886,0.14473115692162178,0.17047423994428657,0.15669707967706983,0.12834966386191274,0.14837701321868244,0.17035544474665276,0.158996652859881,0.12465814992491542,0.13711501699305298,0.18778069501935712,0.16769252028106713,0.1412370599248082
2020-01-27_CO,2020-02-04_CO,7,100,0.1514759659767151,0.2840074300765991,1000.0,0.18868649436398302,0.15053598991199799,0.18134501014201665,0.16942431862071086,0.13790715357392272,0.15814489402441356,0.1855174259153373,0.17597965503125407,0.14007493923714265,0.16698939772314014,0.2092771501299914,0.19399240795109723,0.16127147789294852
2020-01-27_CO,2020-02-04_CO,7,100,0.1514759659767151,0.2840074300765991,10000.0,0.23743603494134077,0.16013419547771104,0.19131509612558414,0.18592835328644128,0.15510571904840112,0.17382553551301497,0.20036235044825645,0.19490059420974953,0.16592465408049473,0.20343496298670508,0.22219071793814307,0.21907096482907024,0.18591180594204706
2020-01-27_CO,2020-02-04_CO,7,100,0.1514759659767151,0.2840074300765991,100000.0,0.18112273788439487,0.15638707950287117,0.16368473941616826,0.16455808332155528,0.15398586746121515,0.16145019536221197,0.1677283227357974,0.1660335804738504,0.15798746276913925,0.17009950730479093,0.172150864416204,0.17332945914609316,0.16353943226108303
2020-01-27_CO,2020-02-25_CO,30,10,-0.013815179467201233,0.21203657984733582,1.0,-10.883469944052834,-0.7628809609333302,-0.7516120960096613,-0.8622416277303105,-0.7153094727434625,-0.9433961975735522,-0.7858720111560205,-1.0638737092276238,-0.8733685342357838,-1.3954642771396732,-1.1778042981682986,-1.270293562786702,-1.368345716625461
2020-01-27_CO,2020-02-25_CO,30,10,-0.013815179467201233,0.21203657984733582,10.0,-4.662424181760474,-0.7338902443538404,-0.7103697046172718,-0.8315915172885157,-0.6963302906861698,-0.9059856795614687,-0.7366922072436259,-1.006943941866046,-0.8470859549458645,-1.3070258019639995,-1.0708553678762303,-1.1749316943384893,-1.2791869181363746
2020-01-27_CO,2020-02-25_CO,30,10,-0.013815179467201233,0.21203657984733582,100.0,-1.2776232603757016,-0.5294337485105715,-0.45931257455146013,-0.6142294538419714,-0.550036848312529,-0.6478229552769977,-0.47015549476380003,-0.6605446185319872,-0.6513668259428494,-0.8146139639451064,-0.6058048981585715,-0.6934875733729191,-0.7843368003029584
2020-01-27_CO,2020-02-25_CO,30,10,-0.013815179467201233,0.21203657984733582,1000.0,-0.18654444697475067,-0.11444865526497494,-0.09950023086140602,-0.15701499707997416,-0.1714489186843152,-0.13880556300327018,-0.09429458666082799,-0.12814791326738376,-0.18479910304404842,-0.14058918480863059,-0.1139498988794431,-0.12011380964681917,-0.14082470961746904
2020-01-27_CO,2020-02-25_CO,30,10,-0.013815179467201233,0.21203657984733582,10000.0,0.010253269260790066,-0.00621223380467717,-0.007605383724953119,-0.014413089347891456,-0.023578835744178562,-0.007418615387632527,-0.00200586206082104,-0.0037955101647774436,-0.021023871817269262,0.0010769685379697636,-0.0012682189555477952,0.0029752611014756403,-0.001250533894152019
2020-01-27_CO,2020-02-25_CO,30,10,-0.013815179467201233,0.21203657984733582,100000.0,-0.0005150131787408918,-0.010715557531790487,-0.010537291367101687,-0.011710632474687399,-0.013723430637650589,-0.009998232448761607,-0.008700769257891733,-0.008656424547955649,-0.0125264641056958,-0.006668736676261611,-0.005833584452207052,-0.004780582659247523,-0.007569612351759079
2020-01-27_CO,2020-02-25_CO,30,20,-0.013815179467201233,0.21203657984733582,1.0,-1.226688187403778,-0.30531768878829757,-0.17466327819153527,-0.35578199108750097,-0.22553904557373716,-0.39511763464061433,-0.2572385292048555,-0.388832361430548,-0.32931267773581085,-0.5224341329327253,-0.37468630742701775,-0.44877123880609154,-0.4166737176054982
2020-01-27_CO,2020-02-25_CO,30,20,-0.013815179467201233,0.21203657984733582,10.0,-1.1576462381409138,-0.29895106195457993,-0.17103139175027382,-0.34942499269508187,-0.22281862793022666,-0.3864963717725719,-0.24945085150134522,-0.3791016472064777,-0.3238740951148797,-0.5091128963391092,-0.36153734538046295,-0.43444916881672496,-0.4056405810235801
2020-01-27_CO,2020-02-25_CO,30,20,-0.013815179467201233,0.21203657984733582,100.0,-0.7492844669748293,-0.244675634274362,-0.1407318569657403,-0.29525587617309756,-0.1985981722558435,-0.3139220641748318,-0.18991215392888175,-0.30006999897626274,-0.2768886929094391,-0.40170199832298104,-0.26631086081033006,-0.3255070598449339,-0.31780926399321885
2020-01-27_CO,2020-02-25_CO,30,20,-0.013815179467201233,0.21203657984733582,1000.0,-0.10464548738283519,-0.0514748407461432,-0.03413011154176715,-0.0979541196132441,-0.08950285360113665,-0.06556511614862229,-0.025692266316489576,-0.057592972318691094,-0.09423455677438776,-0.07400329515322063,-0.03164736360632217,-0.04379423877507388,-0.05531640553890902
2020-01-27_CO,2020-02-25_CO,30,20,-0.013815179467201233,0.21203657984733582,10000.0,0.06195387737473457,0.01749013483825257,0.01685213666363297,0.001227025100006246,-0.010064901389697142,0.02321040727359938,0.03073205622479916,0.026245349714425853,0.003677693436678999,0.03543832431710328,0.040929763747362485,0.039090233971475735,0.03525629406212747
2020-01-27_CO,2020-02-25_CO,30,20,-0.013815179467201233,0.21203657984733582,100000.0,0.018594124978737164,-0.005817878901404561,-0.005050454964228818,-0.0076527973738858,-0.010767881214000926,-0.002629863096565793,0.00013076475718801217,0.00045589171144858054,-0.006508744040939614,0.003690853026111135,0.007626601805233307,0.007988789337909752,0.003015730374666209
2020-01-27_CO,2020-02-25_CO,30,50,-0.013815179467201233,0.21203657984733582,1.0,-0.2666465889824481,-0.1083015302358139,-0.09786738777290285,-0.15340292495723745,-0.11565900197746555,-0.15314867022188075,-0.1006566596521572,-0.1347522308258532,-0.1379100846705788,-0.14538829592415659,-0.11196751395987092,-0.12860311992206042,-0.10545706987122029
2020-01-27_CO,2020-02-25_CO,30,50,-0.013815179467201233,0.21203657984733582,10.0,-0.2616667608318094,-0.10710415790902336,-0.09706820977397809,-0.1522721173524371,-0.11500795115031137,-0.1514416642239634,-0.09939560789038193,-0.1332415307920698,-0.13686799584568896,-0.14335005947386148,-0.11022414632130279,-0.12662271755376453,-0.10400246200332326
2020-01-27_CO,2020-02-25_CO,30,50,-0.013815179467201233,0.21203657984733582,100.0,-0.21753632858219407,-0.09585803576563404,-0.08953592146419573,-0.1416069110340638,-0.10879675788442346,-0.13547912815716098,-0.08771457513325676,-0.11912733893358984,-0.1270073427188258,-0.12441509784292637,-0.09423870769989728,-0.10842631293708149,-0.09044714545474138
2020-01-27_CO,2020-02-25_CO,30,50,-0.013815179467201233,0.21203657984733582,1000.0,-0.020765096531981025,-0.028745804230483202,-0.04278122841066709,-0.07558128202367953,-0.06707216255181396,-0.042962640442088446,-0.022803751426279356,-0.03728924342213388,-0.06457871269383864,-0.01852809304701139,-0.010572471978966463,-0.012863714398238246,-0.012970911680633487
2020-01-27_CO,2020-02-25_CO,30,50,-0.013815179467201233,0.21203657984733582,10000.0,0.09609318320772964,0.03166812802118685,0.016988685184116115,0.0052158316861044,-0.0031262933966025495,0.03755836196984416,0.03619121508529069,0.03868290965934548,0.014622690980324454,0.06242729159420396,0.053055737934295216,0.056189417785439566,0.052817661460950266
2020-01-27_CO,2020-02-25_CO,30,50,-0.013815179467201233,0.21203657984733582,100000.0,0.03835634585355055,0.0026724255197100033,0.0020092173544944136,-0.002042896418512824,-0.005431302771927012,0.007099762911846719,0.009672939849837137,0.010511587886538137,0.002657153695481529,0.017513121493278078,0.019890238776039848,0.019918527476728093,0.016050773188716155
2020-01-27_CO,2020-02-25_CO,30,100,-0.013815179467201233,0.21203657984733582,1.0,0.036210273204158844,0.023220304702840783,0.03150271232727908,-0.005323021268559602,-0.006668868383949755,-0.006523083720348766,0.04404492893253181,0.022244427342824974,-0.00027403546944876345,0.02266217006353824,0.06815486621409098,0.044014362909267885,0.03655981643776612
2020-01-27_CO,2020-02-25_CO,30,100,-0.013815179467201233,0.21203657984733582,10.0,0.03698014097983057,0.023420333001503424,0.03158241537182235,-0.005170170560903631,-0.006578424329314964,-0.006167144374048861,0.04419924821170837,0.022500040085756234,-0.00010411142344213253,0.02306637831737196,0.06840964037844874,0.04438213371025221,0.03683797667046949
2020-01-27_CO,2020-02-25_CO,30,100,-0.013815179467201233,0.21203657984733582,100.0,0.04433700473338925,0.025361542896538913,0.0323556369646488,-0.0036827693660162475,-0.005696295661907306,-0.002718631471865518,0.045690932485485086,0.02497195485244061,0.0015464943380957923,0.026973553102271564,0.07084898229400574,0.04791847292336318,0.039524289747311876
2020-01-27_CO,2020-02-25_CO,30,100,-0.013815179467201233,0.21203657984733582,1000.0,0.09384240796809848,0.04003458016512343,0.038182844999269605,0.0078899072388455,0.0012947122289658868,0.02307182744701944,0.056605765885697684,0.04319254505296216,0.014181559047356915,0.05561745065253948,0.08727838297958584,0.07272139667475638,0.0590568781797661
2020-01-27_CO,2020-02-25_CO,30,100,-0.013815179467201233,0.21203657984733582,10000.0,0.14320168566035,0.05935161053757995,0.044727102715551526,0.03051893621843224,0.01602033577257932,0.06287453745534316,0.06766018806972801,0.06776448551207459,0.036766455366895566,0.09264333876476893,0.0934166393659473,0.09582495338804414,0.0814497095474208
2020-01-27_CO,2020-02-25_CO,30,100,-0.013815179467201233,0.21203657984733582,100000.0,0.059865389181341266,0.01674050986666259,0.014328851823948247,0.008744729643300364,0.0019388503042325662,0.02090513833255278,0.024337538609865872,0.02472711727608068,0.013443513313359598,0.03410994628033484,0.0357690547555061,0.036865455196399444,0.03098482421107281
2020-01-27_CO,2021-05-20_CO,480,10,-0.18380612134933472,0.31006181240081787,1.0,-6.32868630114374,-0.3639327633760327,-0.4489190770710303,-0.475564813530506,-0.3426440980477214,-0.5535830126828305,-0.4970348223171884,-0.4710303275211962,-0.48029536156403196,-1.0196735301886362,-0.7877729139914911,-0.7499775558257649,-0.8617259520064448
2020-01-27_CO,2021-05-20_CO,480,10,-0.18380612134933472,0.31006181240081787,10.0,-2.6716055143409028,-0.3573780477775134,-0.4348215353947485,-0.4588634483743007,-0.3340435131487188,-0.5384546940216641,-0.47711455202998426,-0.45118621589037416,-0.45924734277785473,-0.9370072937992996,-0.730077049618899,-0.7005770433485594,-0.8048043689899377
2020-01-27_CO,2021-05-20_CO,480,10,-0.18380612134933472,0.31006181240081787,100.0,-0.6784805190889103,-0.30671936473749223,-0.33563423577790846,-0.3378280662460766,-0.2698898131627682,-0.4307099744452892,-0.3413994107962352,-0.3165981270009364,-0.3254895576038421,-0.5406258081794738,-0.4260182740382421,-0.4352903102775232,-0.49805671989947015
2020-01-27_CO,2021-05-20_CO,480,10,-0.18380612134933472,0.31006181240081787,1000.0,-0.08510214679214095,-0.1759940796803076,-0.14728515296729788,-0.11111321517693501,-0.1337989596612719,-0.19813457899997022,-0.10148752623293944,-0.09109868655253656,-0.11143758159811783,-0.11920620156451034,-0.08646364589615357,-0.10821507429100347,-0.12489522841995766
2020-01-27_CO,2021-05-20_CO,480,10,-0.18380612134933472,0.31006181240081787,10000.0,-0.08393083777571617,-0.15527237577755443,-0.14526430182968875,-0.12999350272506915,-0.1475576523747719,-0.14587481246204875,-0.11695999972236007,-0.11746861189747387,-0.12647644797264,-0.10950254800195741,-0.09829068447462425,-0.10166809215957007,-0.11550985585118628
2020-01-27_CO,2021-05-20_CO,480,10,-0.18380612134933472,0.31006181240081787,100000.0,-0.14776702640479106,-0.17836101986460218,-0.17589927754332874,-0.17348323257266762,-0.1777728706207252,-0.17354288949550079,-0.1681346324979336,-0.1680791682456834,-0.17172567503721062,-0.16264081831579383,-0.15838547144111917,-0.15942039503176997,-0.16546171589444822
2020-01-27_CO,2021-05-20_CO,480,20,-0.18380612134933472,0.31006181240081787,1.0,-1.0953560998675047,-0.2199825188210464,-0.18670270399192226,-0.14726698537181077,-0.17297726893115475,-0.2222598575723168,-0.1725022492230191,-0.14994477835053144,-0.20117871249064287,-0.24049848483496455,-0.23158821300581156,-0.25193312046873556,-0.3187163121717036
2020-01-27_CO,2021-05-20_CO,480,20,-0.18380612134933472,0.31006181240081787,10.0,-0.9509091675099262,-0.21809299228248014,-0.18379882408308643,-0.14387819690655795,-0.17104922216099774,-0.21909107131474453,-0.1673075105826074,-0.1451841129152004,-0.19681767576707276,-0.23182324873572613,-0.22000566623798606,-0.24163470519403585,-0.30876609356802187
2020-01-27_CO,2021-05-20_CO,480,20,-0.18380612134933472,0.31006181240081787,100.0,-0.39471748963015757,-0.20174424737794983,-0.1600153867608213,-0.11549447077974906,-0.15457224784239304,-0.19260666545714303,-0.12548886691531624,-0.10619746250942197,-0.16157035926236005,-0.16523149626279682,-0.134214625857496,-0.16297869229751413,-0.23189672041470008
2020-01-27_CO,2021-05-20_CO,480,20,-0.18380612134933472,0.31006181240081787,1000.0,0.05094816992616594,-0.14236939225182646,-0.09409890667176538,-0.033942798802188145,-0.10072776878707705,-0.11167101281220385,-0.018354119592910195,-0.00280027143913944,-0.06000121910318251,-0.004576484052093377,0.04083346113063202,0.011419098847808257,-0.04554511718516857
2020-01-27_CO,2021-05-20_CO,480,20,-0.18380612134933472,0.31006181240081787,10000.0,-0.007336604358115506,-0.1428546541260356,-0.11809625187388673,-0.09394674783981369,-0.12797195754146876,-0.1230245803489596,-0.07581655506804552,-0.07462310224540358,-0.09512435837977185,-0.06000760882890463,-0.035315301188680676,-0.046629929426208055,-0.07312116389898106
2020-01-27_CO,2021-05-20_CO,480,20,-0.18380612134933472,0.31006181240081787,100000.0,-0.12684310669170012,-0.175067398671872,-0.16875786433950812,-0.16537076798934502,-0.173057462802651,-0.1669234228450263,-0.1575613653018491,-0.15758507753172668,-0.1632032990343104,-0.15046018610748987,-0.14218331922016467,-0.14486414144212817,-0.15361258189093693
2020-01-27_CO,2021-05-20_CO,480,50,-0.18380612134933472,0.31006181240081787,1.0,0.02906353637112724,-0.16670960174811836,-0.06650587799536803,-0.03066546187392144,-0.12310465482508616,-0.14241153141928128,-0.0046896619901279635,-0.00470898853677959,-0.06801093204988716,-0.051759667421873795,0.06021993981182011,-0.003525306980005638,-0.03610870130379868
2020-01-27_CO,2021-05-20_CO,480,50,-0.18380612134933472,0.31006181240081787,10.0,0.032752294074542776,-0.16635385791253862,-0.06630047459881297,-0.030109557770555462,-0.12265888322466008,-0.14174800213343894,-0.004039157907387986,-0.003937962301198,-0.06733844799767477,-0.05032799179877406,0.06154861398712608,-0.0022504462831725858,-0.03505658553883204
2020-01-27_CO,2021-05-20_CO,480,50,-0.18380612134933472,0.31006181240081787,100.0,0.06382418020455549,-0.16299017134315855,-0.06443179785110462,-0.0249785115048671,-0.11848465496301873,-0.13558373603042112,0.0019319930418225106,0.003126308100635994,-0.06115180104308541,-0.037386925025905904,0.07347310671789362,0.009391969155650687,-0.025527437681847186
2020-01-27_CO,2021-05-20_CO,480,50,-0.18380612134933472,0.31006181240081787,1000.0,0.1687090981210489,-0.14219348155732925,-0.05678039966578188,0.0002162427538824896,-0.09488436650157517,-0.10249577614044511,0.030257991495009684,0.036299771806747816,-0.029389102580259407,0.02485219288086113,0.12289507523378529,0.06440005145182584,0.018002918818987402
2020-01-27_CO,2021-05-20_CO,480,50,-0.18380612134933472,0.31006181240081787,10000.0,0.09398818062156569,-0.13035569336338101,-0.08691701622019579,-0.04230404368720886,-0.10138125733648658,-0.10150204641991481,-0.016082948398067426,-0.014349032242062382,-0.05056832757804192,0.0011209177425228478,0.05003931160483241,0.022853637955782435,-0.017066604493946314
2020-01-27_CO,2021-05-20_CO,480,50,-0.18380612134933472,0.31006181240081787,100000.0,-0.08781902617004941,-0.16630043858361554,-0.1535700493513941,-0.1454339921813956,-0.16137555831677913,-0.15228671628512405,-0.13284271928877192,-0.13355545733025478,-0.1432316323615713,-0.12348533919288016,-0.10961827747607827,-0.11476797575023892,-0.1286977926810854
2020-01-27_CO,2021-05-20_CO,480,100,-0.18380612134933472,0.31006181240081787,1.0,0.20912217720908882,-0.1363643435623437,-0.025073310470952737,0.008257987715239723,-0.09057643876126827,-0.09324198392653352,0.06458025252297991,0.054059601357186404,-0.016785233811351562,0.0436440755769299,0.15524552688839285,0.10750640316283566,0.04368250949249821
2020-01-27_CO,2021-05-20_CO,480,100,-0.18380612134933472,0.31006181240081787,10.0,0.20983902414260133,-0.13626053991451975,-0.025036648400319717,0.00842420255413337,-0.09044370800910935,-0.09303181003781869,0.0647618441842337,0.05427803839722095,-0.016596259490884707,0.04402141507285379,0.15561332991410942,0.107802149599516,0.04394766451625979
2020-01-27_CO,2021-05-20_CO,480,100,-0.18380612134933472,0.31006181240081787,100.0,0.216481589046698,-0.1352539371092057,-0.02470146437862375,0.010004933791686738,-0.08916615851655807,-0.09101867075493617,0.06648392063289121,0.05635159681576571,-0.014792241413504445,0.047577744154949864,0.15908785893077843,0.11059968101066989,0.046455803275773845
2020-01-27_CO,2021-05-20_CO,480,100,-0.18380612134933472,0.31006181240081787,1000.0,0.2513579669641408,-0.12769332434271152,-0.023693220613506843,0.019692472760893115,-0.08025766125604895,-0.07753359465065035,0.0766884746304913,0.06885342100917255,-0.0030221446165135204,0.06920377639975181,0.179343422381699,0.12705268391041027,0.06139430589766696
2020-01-27_CO,2021-05-20_CO,480,100,-0.18380612134933472,0.31006181240081787,10000.0,0.19364720186740556,-0.11842618271429345,-0.05290785472241227,-0.006503801002622156,-0.08195313330719504,-0.07760180169135567,0.04100653052764408,0.03495786149771313,-0.01564956298817688,0.05034819853996386,0.13207460705879817,0.08863266015156701,0.03294978702891751
2020-01-27_CO,2021-05-20_CO,480,100,-0.18380612134933472,0.31006181240081787,100000.0,-0.03532488012415069,-0.1517031686774082,-0.13210248711849662,-0.1204488315671576,-0.14454419959047438,-0.13313231756639934,-0.10006736891842466,-0.10305773586126843,-0.11661706515326502,-0.09043985683393349,-0.0647624933595253,-0.07632221012735416,-0.09755757571483716
2020-02-06_CO,2020-06-26_CO,120,10,-0.2059868574142456,0.18396982550621033,1.0,-5.738197754359055,-1.2402360887517154,-0.5634628168548359,-1.0089965494886752,-0.9725337439538796,-1.582465231593771,-0.83342884384105,-1.0345351502418758,-0.9694772195577266,-1.1504550032731486,-0.9479152214301165,-1.198937749250752,-1.3383446290166516
2020-02-06_CO,2020-06-26_CO,120,10,-0.2059868574142456,0.18396982550621033,10.0,-2.551977613637728,-1.183153749378712,-0.5458881863716629,-0.9775307788173666,-0.9469828215185719,-1.4924929262864601,-0.7801124723856336,-0.9307867211191252,-0.9265566054903073,-1.0269632218986695,-0.8470616639832735,-1.056032935524035,-1.2019446263163955
2020-02-06_CO,2020-06-26_CO,120,10,-0.2059868574142456,0.18396982550621033,100.0,-0.702473556687859,-0.8110756044892931,-0.4313507710438849,-0.7576442811390448,-0.756954528991264,-0.9544757892226179,-0.499159534792198,-0.5047194327515052,-0.6762184736970539,-0.5657922937572646,-0.4561563986881747,-0.5254869337756165,-0.6839302006504783
2020-02-06_CO,2020-06-26_CO,120,10,-0.2059868574142456,0.18396982550621033,1000.0,-0.17785828479812585,-0.27948181973276776,-0.23400753425439436,-0.31134915774209637,-0.3219434407428688,-0.2951905787171998,-0.19210856494105247,-0.17936758311715273,-0.2932771300178084,-0.204469662986994,-0.11819361428529926,-0.1345919665243996,-0.25956625144082474
2020-02-06_CO,2020-06-26_CO,120,10,-0.2059868574142456,0.18396982550621033,10000.0,-0.11335120246183067,-0.2018267814235164,-0.1823434258780664,-0.19122269202966657,-0.19989784388815565,-0.19893243993120907,-0.15449631751520887,-0.1641270308174257,-0.1960274384382489,-0.1601323790253955,-0.11786119862371741,-0.13064690452862027,-0.1702569832081382
2020-02-06_CO,2020-06-26_CO,120,10,-0.2059868574142456,0.18396982550621033,100000.0,-0.1762711926567544,-0.20491046679514457,-0.20106574066345523,-0.20190741056193623,-0.20411866755730254,-0.20414894984225374,-0.19491017903024976,-0.19707925383334302,-0.20283815876743758,-0.19611554339632625,-0.18486619733104326,-0.19015278116768203,-0.19640803513161753
2020-02-06_CO,2020-06-26_CO,120,20,-0.2059868574142456,0.18396982550621033,1.0,-1.1490435701749275,-0.27149906821682995,-0.2656499342205461,-0.37048105260294345,-0.3520743182397446,-0.3916052438733921,-0.37733714767628185,-0.25221443674404054,-0.40741250978318483,-0.37055552845505146,-0.29305658415487695,-0.3392688593783323,-0.45226649660452306
2020-02-06_CO,2020-06-26_CO,120,20,-0.2059868574142456,0.18396982550621033,10.0,-1.0540787539559047,-0.26930114298734426,-0.26167984718119325,-0.3664546966272445,-0.34966551239454596,-0.385684536855632,-0.37014919872669805,-0.2465884293080024,-0.40296799300543057,-0.3591188969956941,-0.2836068552493229,-0.32837999080932934,-0.44369643708069556
2020-02-06_CO,2020-06-26_CO,120,20,-0.2059868574142456,0.18396982550621033,100.0,-0.6000792627016709,-0.25124200804341,-0.22863309032113738,-0.3317368467271916,-0.32830937988312847,-0.3380598449740565,-0.31119646659130157,-0.2032592280397317,-0.36494792045314134,-0.27971669998585164,-0.21201696249262458,-0.24762339461094335,-0.37515334337938966
2020-02-06_CO,2020-06-26_CO,120,20,-0.2059868574142456,0.18396982550621033,1000.0,-0.10871785851391355,-0.1989416368277062,-0.13157338413356504,-0.20444518910637227,-0.234498402567184,-0.20578357614017528,-0.13176883409963194,-0.09503308930851498,-0.2259357969424982,-0.11755674214824852,-0.038630769035633616,-0.05564630994305725,-0.17152498281833098
2020-02-06_CO,2020-06-26_CO,120,20,-0.2059868574142456,0.18396982550621033,10000.0,-0.0438454797094357,-0.1956530909803315,-0.15130147216064949,-0.17130557433863136,-0.1809533434432,-0.1879183521269846,-0.11006928324178156,-0.12715690977153257,-0.1718385834844071,-0.12293548832364531,-0.06473258358853523,-0.08014102956570149,-0.1288014933370622
2020-02-06_CO,2020-06-26_CO,120,20,-0.2059868574142456,0.18396982550621033,100000.0,-0.1496571016090275,-0.2042467953386315,-0.19543489313552637,-0.19755995243056979,-0.19979169099623206,-0.20294124377167316,-0.181427201125007,-0.18945035547872446,-0.196758534456602,-0.18827932588182372,-0.16419713856795176,-0.1764086442689093,-0.1849722291594452
2020-02-06_CO,2020-06-26_CO,120,50,-0.2059868574142456,0.18396982550621033,1.0,-0.1578885757867987,-0.18283622034440936,-0.11306236790243976,-0.2022074176249456,-0.17037115156654578,-0.19728906807057991,-0.07137349527450199,-0.06427797624371212,-0.17526754206559966,-0.1344113638835025,-0.025897875754413546,-0.046700801799207964,-0.15512989336150718
2020-02-06_CO,2020-06-26_CO,120,50,-0.2059868574142456,0.18396982550621033,10.0,-0.15462014699801452,-0.18258142664341523,-0.11268086858072662,-0.20153568826745266,-0.17012625371549026,-0.1966974958606291,-0.07071146209718968,-0.06380306702435329,-0.174737826156387,-0.13339963553178807,-0.024858125842829287,-0.045817394349968704,-0.15421161246704032
2020-02-06_CO,2020-06-26_CO,120,50,-0.2059868574142456,0.18396982550621033,100.0,-0.1255464252778038,-0.1802151073526719,-0.10913997115180271,-0.19519152821332675,-0.16779989870203924,-0.1911396996490624,-0.06461124715902422,-0.0594549591749467,-0.16975210898525828,-0.12406348518723828,-0.015397089629155675,-0.03774430888694047,-0.14565877913700423
2020-02-06_CO,2020-06-26_CO,120,50,-0.2059868574142456,0.18396982550621033,1000.0,0.001444015209187105,-0.16777288179528504,-0.09066584705119415,-0.1562798194409804,-0.15295114575233154,-0.15862235006181297,-0.03393958381772688,-0.039049812463686884,-0.13995062259598132,-0.07476360428241532,0.028792675472598006,0.0011525153575553948,-0.09774248703508082
2020-02-06_CO,2020-06-26_CO,120,50,-0.2059868574142456,0.18396982550621033,10000.0,0.026756726144403303,-0.173911245816644,-0.10778494372702441,-0.13091059533251703,-0.14615433582828405,-0.14994692021982478,-0.05457437324852141,-0.07132728151060314,-0.1263565509912896,-0.06679709200619471,-0.001351202559349035,-0.022040210305836305,-0.07796230569761425
2020-02-06_CO,2020-06-26_CO,120,50,-0.2059868574142456,0.18396982550621033,100000.0,-0.09584033666378433,-0.1984524570122142,-0.17409745321922382,-0.1774730330658818,-0.18704080092158404,-0.19222127660814964,-0.14743971390572452,-0.16032607483292882,-0.17887616044758414,-0.1551238496648918,-0.1199651826576954,-0.13509816159045934,-0.15262931948626066
2020-02-06_CO,2020-06-26_CO,120,100,-0.2059868574142456,0.18396982550621033,1.0,0.07103625073128245,-0.16790796301234867,-0.09069628444994532,-0.13880760885041216,-0.14246151385396955,-0.13394980404819432,-0.02622815500611636,-0.021228972383475236,-0.12483248610865459,-0.04770279030528213,0.048652582810406214,0.018564438955860907,-0.07861279782204264
2020-02-06_CO,2020-06-26_CO,120,100,-0.2059868574142456,0.18396982550621033,10.0,0.07150024681226874,-0.1678251772051074,-0.09058210638403846,-0.13863099523638509,-0.14239080995323133,-0.13379197821482797,-0.02607317414808935,-0.02113857479828471,-0.12470949556356514,-0.047532719591639155,0.04887317241497141,0.018744940267394317,-0.07841238573025085
2020-02-06_CO,2020-06-26_CO,120,100,-0.2059868574142456,0.18396982550621033,100.0,0.07588328191250346,-0.16702745422776016,-0.08948602424284569,-0.13692019574200034,-0.1417033636882258,-0.13226858474692832,-0.024593999918896603,-0.020286027325892686,-0.12351791336661062,-0.045901883176143826,0.05096401951998064,0.020465839531693814,-0.07648000636604244
2020-02-06_CO,2020-06-26_CO,120,100,-0.2059868574142456,0.18396982550621033,1000.0,0.10214457066521074,-0.16141521750070742,-0.0820728722920408,-0.1241956554023469,-0.13643258067642858,-0.12137655986530685,-0.015114631877996443,-0.015616355674613891,-0.11465241117640668,-0.034912801277472594,0.06351834635648684,0.03137301069520981,-0.06268399407454364
2020-02-06_CO,2020-06-26_CO,120,100,-0.2059868574142456,0.18396982550621033,10000.0,0.08406305190438679,-0.16126115521814435,-0.08887960765413078,-0.11057775045731716,-0.1308086647487795,-0.11952512075462868,-0.028604533755069328,-0.041395905983918097,-0.10627252692409954,-0.03939662029983346,0.037521613459890885,0.013636760878890264,-0.053629833025725104
2020-02-06_CO,2020-06-26_CO,120,100,-0.2059868574142456,0.18396982550621033,100000.0,-0.053701412938167825,-0.190264520747353,-0.15335736099806374,-0.15879082767602987,-0.1701377929892559,-0.1763862196189076,-0.11694369983746666,-0.13298024445851575,-0.15662755655258825,-0.12316599129900818,-0.08504517162632491,-0.09926569986178502,-0.1228764374814576
2020-02-06_CO,2021-06-01_CO,480,10,-0.22905367612838745,0.2877318859100342,1.0,-1.6363273944491428,-0.11971726958512025,-0.1057796018149936,-0.13241136429488032,-0.2779999542188843,-0.20061512915935736,-0.1749357664508684,-0.18196577450479073,-0.28254245982149134,-0.48790333517479517,-0.29109259250353936,-0.24444848208093395,-0.5034008225176559
2020-02-06_CO,2021-06-01_CO,480,10,-0.22905367612838745,0.2877318859100342,10.0,-0.9552900534644105,-0.1169143367348982,-0.10163631097914325,-0.12821172277527498,-0.2696891863642065,-0.18147741798146355,-0.14924058990790695,-0.15179855885110072,-0.26439215221296375,-0.44292748794010434,-0.22661782086132876,-0.19841701265691825,-0.4449519235885207
2020-02-06_CO,2021-06-01_CO,480,10,-0.22905367612838745,0.2877318859100342,100.0,-0.2492047240551818,-0.1012089581201231,-0.07770775233474672,-0.105442363085956,-0.2212617941401803,-0.10292852457592977,-0.040349140632538694,-0.026615575559392035,-0.18185924842791756,-0.2478498188632231,-0.05114178047522197,-0.05157636839197016,-0.23594134284643867
2020-02-06_CO,2021-06-01_CO,480,10,-0.22905367612838745,0.2877318859100342,1000.0,-0.06373208743905856,-0.12169165626483425,-0.08698191474817452,-0.11436353683719944,-0.17452058764334435,-0.09603650946616638,-0.035173905964647756,-0.026847133033301912,-0.12762982112807122,-0.1135155527263215,-0.041662370199404275,-0.036622217244497574,-0.11087365301308967
2020-02-06_CO,2021-06-01_CO,480,10,-0.22905367612838745,0.2877318859100342,10000.0,-0.124639683719667,-0.19588754241252576,-0.17499519560547433,-0.18659237176187993,-0.20596491453473306,-0.1821234562359545,-0.15387962789333132,-0.1537251666237373,-0.17765462040283864,-0.16696593671786547,-0.14701274054716906,-0.14309264485207468,-0.16209499616368866
2020-02-06_CO,2021-06-01_CO,480,10,-0.22905367612838745,0.2877318859100342,100000.0,-0.19359385130199797,-0.22408640905837612,-0.21937632714333366,-0.2215223082689508,-0.22549547020554553,-0.2206247594509233,-0.2130677365595185,-0.21432688495347102,-0.2190633084704543,-0.2143360710654182,-0.20627613042931375,-0.20680873126086402,-0.21293666320014407
2020-02-06_CO,2021-06-01_CO,480,20,-0.22905367612838745,0.2877318859100342,1.0,-0.8471277315053019,-0.12999382091931921,-0.11802731648372536,-0.19420210958418332,-0.23368250033162052,-0.14886272438069265,-0.04525536670459951,-0.06497409134161847,-0.2125751309861402,-0.28842287454379034,-0.08577013220494217,-0.11974879053085513,-0.318091158500432
2020-02-06_CO,2021-06-01_CO,480,20,-0.22905367612838745,0.2877318859100342,10.0,-0.7246846359333725,-0.12900273020440806,-0.11589011245457342,-0.19179051790087687,-0.23204988620704578,-0.14566647748643363,-0.04205034968171892,-0.06114094202460618,-0.2091033429889129,-0.28089484670488357,-0.07989135424494831,-0.11273749759116192,-0.3072381146811894
2020-02-06_CO,2021-06-01_CO,480,20,-0.22905367612838745,0.2877318859100342,100.0,-0.30942524018524625,-0.12110979706645097,-0.09857995884483964,-0.17207480503568018,-0.21871600300015226,-0.12233630262227574,-0.018736959463947933,-0.033086413894964195,-0.182724507492396,-0.22483693101764907,-0.037261579715035686,-0.06318594163177582,-0.23478030491378157
2020-02-06_CO,2021-06-01_CO,480,20,-0.22905367612838745,0.2877318859100342,1000.0,0.014590997521669452,-0.10891879553822403,-0.061307220174544375,-0.12170844742873943,-0.1796826930038575,-0.08333564778295866,0.005894136605843869,0.0026141644071099035,-0.12103164886591061,-0.10337638335915636,0.024164630945548493,0.01543698599359436,-0.0933118459160804
2020-02-06_CO,2021-06-01_CO,480,20,-0.22905367612838745,0.2877318859100342,10000.0,-0.06175746064965976,-0.16723354736335067,-0.13628596867441806,-0.16143844116366457,-0.1882225135887852,-0.14922771666759532,-0.10950869536755076,-0.10923739508654534,-0.1490733733693419,-0.13616350543930222,-0.09866042865471916,-0.09491347248089937,-0.12936092419647396
2020-02-06_CO,2021-06-01_CO,480,20,-0.22905367612838745,0.2877318859100342,100000.0,-0.16612352419339105,-0.21596447051832363,-0.20549869645758823,-0.210737926115863,-0.2192903986831213,-0.20841113318771298,-0.19251799963484734,-0.19506780487234887,-0.20558711984007574,-0.19722305266401596,-0.18280053449108952,-0.18214500785698157,-0.19442938482298253
2020-02-06_CO,2021-06-01_CO,480,50,-0.22905367612838745,0.2877318859100342,1.0,0.056005814899463074,-0.08564281367872656,-0.04072149369902414,-0.07293255070611879,-0.17250836456432297,-0.08362693166178226,0.06682682079351693,0.05551082016794512,-0.12207397606115938,-0.08898974558239828,0.10213465250594841,0.08682008542735045,-0.07968806390769266
2020-02-06_CO,2021-06-01_CO,480,50,-0.22905367612838745,0.2877318859100342,10.0,0.059806980213633926,-0.08543067941011923,-0.040295742157902464,-0.0726187673143551,-0.17229141794585864,-0.08307638719390409,0.06723674124760323,0.05606070218068865,-0.12160820598942589,-0.08801406300727257,0.10288230595123846,0.08760714899701796,-0.078530351342008
2020-02-06_CO,2021-06-01_CO,480,50,-0.22905367612838745,0.2877318859100342,100.0,0.08946469062566409,-0.08354441171679589,-0.03647810499418286,-0.0698987823655424,-0.17029087054561198,-0.07823988828237838,0.07071853603414285,0.06082086798178757,-0.11736633634998934,-0.07936888404287648,0.10931924271388252,0.0943695867551245,-0.06939910671443171
2020-02-06_CO,2021-06-01_CO,480,50,-0.22905367612838745,0.2877318859100342,1000.0,0.17107640630001694,-0.07821731485352712,-0.02226925551447692,-0.06415821451322265,-0.16028293320876902,-0.061319349747656016,0.07427346192702494,0.07049488357480219,-0.09758083117157694,-0.04547022799534853,0.12233043388605963,0.11062112464892127,-0.03405356885663822
2020-02-06_CO,2021-06-01_CO,480,50,-0.22905367612838745,0.2877318859100342,10000.0,0.049921577918226934,-0.12915958235139596,-0.08254864419172053,-0.12384383677561905,-0.17030344385213092,-0.11143312609053083,-0.04330348662206707,-0.04455916521195333,-0.12004432216962872,-0.09010344576741305,-0.017365098373335608,-0.015897724383469758,-0.0783887159434697
2020-02-06_CO,2021-06-01_CO,480,50,-0.22905367612838745,0.2877318859100342,100000.0,-0.13209398706644004,-0.20169671718096965,-0.18183364777232397,-0.19340461349546434,-0.21009881168710878,-0.19149423146889533,-0.1675676231192691,-0.17038837486640984,-0.18858271361570952,-0.17718501529613578,-0.1586131217165772,-0.15773316724651332,-0.1734086914231241
2020-02-06_CO,2021-06-01_CO,480,100,-0.22905367612838745,0.2877318859100342,1.0,0.2150120168768773,-0.05435066258227522,0.007471554924656287,-0.032362614767474956,-0.14638182980716674,-0.031529568072337893,0.10864203945647641,0.09369721230122469,-0.07592645302582979,-0.004984249088779424,0.16351483172539266,0.1438895787107915,-0.00654391320663994
2020-02-06_CO,2021-06-01_CO,480,100,-0.22905367612838745,0.2877318859100342,10.0,0.2157158003277409,-0.05428080320349171,0.007544521892557804,-0.032291664047486596,-0.1463289075389398,-0.03138134846193272,0.10874201711459486,0.09387150307876144,-0.07577432774727541,-0.004734336749957629,0.1637746977219973,0.14417963958806335,-0.006257896218616665
2020-02-06_CO,2021-06-01_CO,480,100,-0.22905367612838745,0.2877318859100342,100.0,0.22178146161755996,-0.053638911548277324,0.008193865708769899,-0.03167110598434031,-0.14582847662027024,-0.030032134922514025,0.10960866972949881,0.0954536504334956,-0.07433494703180243,-0.002429859954008129,0.16614100205344215,0.14681838177338102,-0.003630896244712143
2020-02-06_CO,2021-06-01_CO,480,100,-0.22905367612838745,0.2877318859100342,1000.0,0.24529702955518734,-0.051308645050235024,0.009289741572699711,-0.03133977755948483,-0.14296108700969049,-0.024617823226959795,0.10942652925951649,0.10033870715695181,-0.06576350594117698,0.008476990702458859,0.1742175552765345,0.15700195972363554,0.011067082168117396
2020-02-06_CO,2021-06-01_CO,480,100,-0.22905367612838745,0.2877318859100342,10000.0,0.15026409931841728,-0.09088996853444142,-0.04576046021641056,-0.08633460938935966,-0.15434964180674596,-0.06795031078987382,0.01551688667607759,0.01405257457486539,-0.08575933350439553,-0.03710436155868918,0.06600380723426283,0.06316466732905263,-0.023823757906262927
2020-02-06_CO,2021-06-01_CO,480,100,-0.22905367612838745,0.2877318859100342,100000.0,-0.08604586083373741,-0.18371540636521494,-0.16095419413575662,-0.1763291939304356,-0.2005233573295818,-0.17124721005018623,-0.14345344779952962,-0.14555578795228996,-0.1704086128014756,-0.15481182421592882,-0.13014481548418408,-0.12818709505404852,-0.1489736548997334
2020-03-02_RD,2020-03-10_RD,7,10,0.30744144320487976,0.4045560359954834,1.0,-5.568384058772189,0.19384908827126823,0.18747264694090238,0.19876926292742175,0.08109333182909637,0.12896209736547587,0.13986641856306087,0.13759496648275532,-0.025074046215093803,-0.035683318150613735,-0.006541402000962537,-0.006733564857071717,-0.2294639052650642
2020-03-02_RD,2020-03-10_RD,7,10,0.30744144320487976,0.4045560359954834,10.0,-1.5681420738564829,0.19731633954945035,0.1924739573691198,0.20309327795781754,0.08782804800025594,0.13799910019547829,0.14996627081258143,0.14905014568252695,-0.011166011404769546,-0.01251554120940726,0.0213615806593066,0.017585669349678673,-0.19729342610391207
2020-03-02_RD,2020-03-10_RD,7,10,0.30744144320487976,0.4045560359954834,100.0,-0.15672487617188272,0.2243111107640952,0.2286409013352313,0.23437793964539355,0.13908298788862603,0.19819115291157235,0.21353193375489377,0.22042488028552376,0.0842879226924232,0.11828219066898554,0.1616169325988231,0.14740714876091257,-0.01127553551873712
2020-03-02_RD,2020-03-10_RD,7,10,0.30744144320487976,0.4045560359954834,1000.0,0.26266693352545684,0.2980463874753272,0.30423696831952207,0.302392276566644,0.26632250828061554,0.30309011810028447,0.30879952991056164,0.31685451491564265,0.26410693169671057,0.29438115918536234,0.30800977558859766,0.3037670218104771,0.2534173927059366
2020-03-02_RD,2020-03-10_RD,7,10,0.30744144320487976,0.4045560359954834,10000.0,0.32462742888036356,0.3179960658467042,0.3189326491108198,0.31901243664531564,0.3072163288978963,0.32182965188825075,0.32224573776520027,0.32333414182768994,0.30984035751753,0.32407965015184126,0.32529084089062454,0.3244161465791537,0.3126542934715893
2020-03-02_RD,2020-03-10_RD,7,10,0.30744144320487976,0.4045560359954834,100000.0,0.31420352335836,0.30987327202972326,0.3099668524303266,0.3101335387784614,0.307736751505524,0.3110183276906342,0.3112061406932546,0.31162544479071747,0.3084901034215306,0.31190563077444183,0.31277456523789127,0.3121327747773459,0.30947752618512864
2020-03-02_RD,2020-03-10_RD,7,20,0.30744144320487976,0.4045560359954834,1.0,-0.25478893403250513,0.30732384248673905,0.30869894270616793,0.3013156304886213,0.28064978955912073,0.2810392565752815,0.27903706341082535,0.2801815132777893,0.23785941900074323,0.18457253439381424,0.22487181794733468,0.2196118850670873,0.16018729200490942
2020-03-02_RD,2020-03-10_RD,7,20,0.30744144320487976,0.4045560359954834,10.0,-0.21432819146022358,0.3080351800116491,0.30958109210836193,0.3023802065884343,0.28137892288979255,0.28262801215713623,0.28100856626368725,0.2822457912174322,0.23944210688808945,0.18880697343712532,0.22903768232066538,0.22343065447940622,0.16384056214400458
2020-03-02_RD,2020-03-10_RD,7,20,0.30744144320487976,0.4045560359954834,100.0,0.004911858887913706,0.31412114472135144,0.31702595669979766,0.3113087260506672,0.28770740232995257,0.29588882771327035,0.2973501635680714,0.2990502228452829,0.2530502526610952,0.22287638165937518,0.26165825643661433,0.25379656126378625,0.19388859159929792
2020-03-02_RD,2020-03-10_RD,7,20,0.30744144320487976,0.4045560359954834,1000.0,0.2869524512169519,0.3340617157418769,0.33921951284474977,0.3370299988638348,0.3113272359800247,0.33545921850979465,0.3443686269357031,0.3437363308936189,0.3030666086226937,0.31835011688347553,0.3427164841846438,0.3349384082641672,0.28987688188661437
2020-03-02_RD,2020-03-10_RD,7,20,0.30744144320487976,0.4045560359954834,10000.0,0.3365637905019121,0.3262196834739219,0.3274557933204575,0.32723238603791605,0.31482999644710047,0.330098548559859,0.3329481640241142,0.3329282172863497,0.31799397840345583,0.33301930062020146,0.3394260984350848,0.3377718973305551,0.3214169714282175
2020-03-02_RD,2020-03-10_RD,7,20,0.30744144320487976,0.4045560359954834,100000.0,0.31659458063212276,0.31161389799489425,0.31158216354759205,0.3118385845573492,0.30879169140188983,0.31284919931800503,0.31284456167089325,0.31371731700424044,0.30985272233018996,0.3139140233889315,0.31530096911152405,0.31473311352376854,0.31123684494831966
2020-03-02_RD,2020-03-10_RD,7,50,0.30744144320487976,0.4045560359954834,1.0,0.27386456302005235,0.3444697888572935,0.34704580749235114,0.34660803666604445,0.3285795216385654,0.34376590908070226,0.3571003659151154,0.35068295182967857,0.3230518357950655,0.3262290691010098,0.35069019466519313,0.34461245502533333,0.3065420042318259
2020-03-02_RD,2020-03-10_RD,7,50,0.30744144320487976,0.4045560359954834,10.0,0.27557065930148,0.34454273290768067,0.3471795176853604,0.3467573185578906,0.32863786313572424,0.34397487387806935,0.35734910552957366,0.35091054234135,0.32321757782244415,0.32672757930455915,0.3511897103786183,0.3450619189355648,0.30692714305866703
2020-03-02_RD,2020-03-10_RD,7,50,0.30744144320487976,0.4045560359954834,100.0,0.2905303153329738,0.3452052195179166,0.34840033626364264,0.34811454904577566,0.32916973426670776,0.3458671060126357,0.3595821592820975,0.3529667554035989,0.3247580205968672,0.3312854127674397,0.3556621725895457,0.3491244801914589,0.31048890947324126
2020-03-02_RD,2020-03-10_RD,7,50,0.30744144320487976,0.4045560359954834,1000.0,0.35081106053104505,0.3478421297666253,0.35365361057886235,0.35379451485847163,0.3313358546938972,0.3538605305323598,0.36813737637506283,0.361484232971385,0.3329124955325728,0.35318931004096116,0.37390748899898363,0.36695585233884176,0.32928851172225276
2020-03-02_RD,2020-03-10_RD,7,50,0.30744144320487976,0.4045560359954834,10000.0,0.3597531238764241,0.33617299340240525,0.3396254749744665,0.3399209818374359,0.323138171680612,0.3414055043210811,0.34747483096393184,0.3460446238982117,0.32912882881266553,0.3490753630305841,0.3562989325068763,0.35427180325240915,0.33362888675252184
2020-03-02_RD,2020-03-10_RD,7,50,0.30744144320487976,0.4045560359954834,100000.0,0.3245812485077375,0.315347621020882,0.3156446439034094,0.3161388022858187,0.31109107477656855,0.3172278752339826,0.3174766055491106,0.3186120293303094,0.3133846828957954,0.3200950077467536,0.3215853266350007,0.320903970677145,0.31579845849959276
2020-03-02_RD,2020-03-10_RD,7,100,0.30744144320487976,0.4045560359954834,1.0,0.3502939249108509,0.33529177383973613,0.3437786598635557,0.34200729485241466,0.31932431195540584,0.3449739808835936,0.3574094698531981,0.3555926753283256,0.32417021543034197,0.34751213433594397,0.3639095684272028,0.3598102851870504,0.33157382475741687
2020-03-02_RD,2020-03-10_RD,7,100,0.30744144320487976,0.4045560359954834,10.0,0.35066734169825475,0.33532098767538765,0.343816966146432,0.34205311172624986,0.31934284714718225,0.345035965052653,0.3574878691645048,0.3556683521617238,0.3242196074074083,0.3476489755835156,0.36405127318917857,0.35993123035928565,0.33166847120905707
2020-03-02_RD,2020-03-10_RD,7,100,0.30744144320487976,0.4045560359954834,100.0,0.3541904616277505,0.3356018656322145,0.34418243985678576,0.3424898916506117,0.31952113238351754,0.34562714427413177,0.35823219737095296,0.35638518438793154,0.3246954605110186,0.34895312224935066,0.36539579053385596,0.3610810360527907,0.3325767885985487
2020-03-02_RD,2020-03-10_RD,7,100,0.30744144320487976,0.4045560359954834,1000.0,0.375536647799646,0.33753796474132647,0.34650804909927346,0.34526127091253056,0.3207568077106098,0.3494378278769137,0.36281337675117353,0.36070949177209277,0.32806002342644064,0.35738227726028304,0.37371366668441397,0.36832998964841057,0.3388182254265409
2020-03-02_RD,2020-03-10_RD,7,100,0.30744144320487976,0.4045560359954834,10000.0,0.38229021721752743,0.3364026210182504,0.3427446065013442,0.3420609995672607,0.32053674056239184,0.3472394690240891,0.3569187144199074,0.35500520514096456,0.3296416518026872,0.35822601176886437,0.3691373881793595,0.36538152393992573,0.34207108847537926
2020-03-02_RD,2020-03-10_RD,7,100,0.30744144320487976,0.4045560359954834,100000.0,0.33676094938878015,0.3198209078933064,0.3210868752500098,0.321456056742686,0.3126503270610107,0.3240681948326608,0.3251754334618374,0.32598946277111546,0.31629439345275645,0.32831350393602865,0.3308696737542678,0.3298191711753581,0.3212659827277964
2020-03-02_RD,2020-07-29_RD,120,10,0.1383144110441208,0.34804362058639526,1.0,-6.232957961157341,0.006149455035473095,0.020468226722055838,-0.025569197505226265,0.03887433368369442,-0.06595917738074403,-0.12173937034729132,-0.14871803160685346,-0.0898670355821869,-0.3606598431516713,-0.3087350481896328,-0.409627064138061,-0.35083784236312976
2020-03-02_RD,2020-07-29_RD,120,10,0.1383144110441208,0.34804362058639526,10.0,-1.6795024258359479,0.01409586982902225,0.03376468700619792,-0.010881682315254382,0.045268976119495076,-0.05475854123853241,-0.08245861748946096,-0.11356466956662992,-0.07371173217165108,-0.3177671603199908,-0.24197178738847497,-0.3282596438374819,-0.30259722125737604
2020-03-02_RD,2020-07-29_RD,120,10,0.1383144110441208,0.34804362058639526,100.0,-0.1786351897467985,0.06654679103115552,0.11329853060998565,0.07075380689514577,0.08842247422883777,0.018603112094145252,0.076565208698125,0.059438558944639924,0.02155227096887304,-0.09557687437338044,0.018751623023943897,-0.009186432972885294,-0.0791442430387877
2020-03-02_RD,2020-07-29_RD,120,10,0.1383144110441208,0.34804362058639526,1000.0,0.1751175818144057,0.15045783162320256,0.19777872413667047,0.1539888619677901,0.1567738904684056,0.14254174245530327,0.1904026402503026,0.19016864939250214,0.15054684863685994,0.1404232103071723,0.19441189976346687,0.18622340137643612,0.1424434174499308
2020-03-02_RD,2020-07-29_RD,120,10,0.1383144110441208,0.34804362058639526,10000.0,0.18576118225346758,0.15166652074722645,0.17216950168913941,0.15041112361231296,0.14949006783791988,0.15541802650172445,0.17606959232986485,0.17001866276235506,0.15417861828710294,0.15900636034201668,0.17839589525443225,0.17463867595642035,0.16234950797638648
2020-03-02_RD,2020-07-29_RD,120,10,0.1383144110441208,0.34804362058639526,100000.0,0.15293536378420453,0.14075943704660163,0.1444820473345326,0.14039720598631508,0.14004978737255072,0.14246025901559184,0.14664034369910128,0.14577055337242553,0.14126244703470034,0.14332231837595158,0.14938323277992643,0.14911384836903138,0.14394285990953934
2020-03-02_RD,2020-07-29_RD,120,20,0.1383144110441208,0.34804362058639526,1.0,-0.3814402658079315,0.12783547034587667,0.16790074070493463,0.1392542123995572,0.13298505374823252,0.1072767315238452,0.15742169140261755,0.1911433571094245,0.09114477693316721,0.037511932704894974,0.13115604677813536,0.13574267042342625,0.019929201829725168
2020-03-02_RD,2020-07-29_RD,120,20,0.1383144110441208,0.34804362058639526,10.0,-0.32862882171935615,0.12879109167653394,0.16931170360471043,0.14022115936647886,0.13389461054946836,0.10874892602672637,0.16009594662685278,0.1927434824224392,0.0932310754215215,0.04173391711087987,0.1362081485507697,0.13944676618646543,0.02485771660705713
2020-03-02_RD,2020-07-29_RD,120,20,0.1383144110441208,0.34804362058639526,100.0,-0.07032636932639658,0.13661966369212966,0.1808304733053395,0.14776864063362433,0.14141448834555861,0.12092420539730708,0.17942662956211644,0.20505806149661068,0.11023542443285379,0.07493484896430438,0.17151019338235426,0.16776320036370132,0.06237094570489729
2020-03-02_RD,2020-07-29_RD,120,20,0.1383144110441208,0.34804362058639526,1000.0,0.20997091006359828,0.1592237486630538,0.21057089723898106,0.16493811207031697,0.16236152414413685,0.15849625668910958,0.21973452891909612,0.2287026481975638,0.16016884560001673,0.1608554793760599,0.23654462617165334,0.22989566266260691,0.15821641932970876
2020-03-02_RD,2020-07-29_RD,120,20,0.1383144110441208,0.34804362058639526,10000.0,0.20985843302432683,0.15419753678726028,0.18541666818464114,0.15322344567132626,0.15242873727228207,0.15766219612507623,0.1921040342584165,0.18591612632462276,0.15844951562303186,0.16452518990637865,0.19763414618959013,0.19529383365867317,0.16725610209716957
2020-03-02_RD,2020-07-29_RD,120,20,0.1383144110441208,0.34804362058639526,100000.0,0.15780905778304521,0.1418434714293311,0.14910526806413807,0.14117942319041293,0.14094608161093414,0.14375290670672203,0.15155610799755515,0.1497436468167374,0.1429556432214932,0.14502362010766662,0.15385212167375173,0.1540050856634268,0.14578321551871895
2020-03-02_RD,2020-07-29_RD,120,50,0.1383144110441208,0.34804362058639526,1.0,0.21442026187982458,0.14863639060679854,0.19542708433226508,0.15040037932058892,0.15444854366277408,0.162953970979748,0.2229560208527875,0.23958188216883636,0.15785415114672283,0.17070020222075238,0.24055881814886587,0.25243892824581593,0.16448330176331072
2020-03-02_RD,2020-07-29_RD,120,50,0.1383144110441208,0.34804362058639526,10.0,0.21610345908393352,0.1487757701908255,0.1957205754551596,0.15066342122965315,0.15462949900679726,0.16314309309857455,0.22328823233341225,0.2398141861826037,0.1581319890676547,0.17111564763898648,0.24111297062224735,0.25278367288763276,0.16498534093651598
2020-03-02_RD,2020-07-29_RD,120,50,0.1383144110441208,0.34804362058639526,100.0,0.23057486127298177,0.15007329635960592,0.19844509761098014,0.1530709422406302,0.15630558911180184,0.16487990073315864,0.2263095503310134,0.24189598554388905,0.16070820609257058,0.17488457277927127,0.2460533943186078,0.2558730094545689,0.16958070442136228
2020-03-02_RD,2020-07-29_RD,120,50,0.1383144110441208,0.34804362058639526,1000.0,0.28242695379663757,0.15710062148070736,0.2126491735551768,0.16459773957793372,0.164903107721303,0.17330796294048076,0.2397453510029174,0.2492173751882812,0.17438471072475206,0.19188783533643036,0.2651460050345212,0.2673636033281284,0.19213273245125229
2020-03-02_RD,2020-07-29_RD,120,50,0.1383144110441208,0.34804362058639526,10000.0,0.25406670119950436,0.15559975100380075,0.20206221565699414,0.15974359403144867,0.15907181821206828,0.16625686729139907,0.21578341927585223,0.21169963251474566,0.1711021614967715,0.18184297853964074,0.22901853854071283,0.2282599729957055,0.18828583140586155
2020-03-02_RD,2020-07-29_RD,120,50,0.1383144110441208,0.34804362058639526,100000.0,0.173657491273246,0.1429880344185078,0.15877197187255607,0.14303764708087574,0.14260599344211064,0.1464319536357649,0.16166878044093025,0.157761269416308,0.14606540960307599,0.14984193729255543,0.16477483640250437,0.16478631439673472,0.15217597014544743
2020-03-02_RD,2020-07-29_RD,120,100,0.1383144110441208,0.34804362058639526,1.0,0.29824608759434557,0.16215965287393605,0.21073995705605264,0.15991200160378716,0.16460154503764513,0.178833730073534,0.24027236043808783,0.2551817963377922,0.1757771391984008,0.19626139579615565,0.2725260757155675,0.2748154158616226,0.19933181249503742
2020-03-02_RD,2020-07-29_RD,120,100,0.1383144110441208,0.34804362058639526,10.0,0.29854425256242156,0.16219973479196173,0.21081801474401443,0.160003873717527,0.16465398089356895,0.1788946891161078,0.24035429155880342,0.2552365607916742,0.17585091453139987,0.196362759384795,0.27265452850141975,0.2749015580002429,0.19946543693700472
2020-03-02_RD,2020-07-29_RD,120,100,0.1383144110441208,0.34804362058639526,100.0,0.3013395231446506,0.16258467271935323,0.21157031568720788,0.16088575871398098,0.16515879303979933,0.1794746951410039,0.2411358013921737,0.2557481114377511,0.17655978176963516,0.19732531270013956,0.27386182124361713,0.275707608823214,0.20074126759114133
2020-03-02_RD,2020-07-29_RD,120,100,0.1383144110441208,0.34804362058639526,1000.0,0.31698193105970807,0.16520307563126874,0.21684897351216217,0.16692841118455679,0.16867622179793096,0.1830918274964375,0.24607927670050814,0.258167851663672,0.18144174738743613,0.20324916596737969,0.2805005279928134,0.2797854242493608,0.2090553015111883
2020-03-02_RD,2020-07-29_RD,120,100,0.1383144110441208,0.34804362058639526,10000.0,0.2944161706144265,0.16394237017054775,0.2139805553231809,0.16927361986311018,0.16788488742473648,0.17805632170432603,0.23414258934530757,0.23351184702609554,0.18103927647461182,0.1961589217372734,0.2577757201552806,0.2542468588504241,0.20600102273281132
2020-03-02_RD,2020-07-29_RD,120,100,0.1383144110441208,0.34804362058639526,100000.0,0.19567128954831156,0.1479834993041343,0.1702665026774931,0.14916857740464834,0.14783688421347072,0.1534595785604541,0.17518360815172737,0.16999757610790414,0.1534847577051832,0.15922141929024075,0.18120933543075338,0.1796037732376956,0.16357668694633304
2020-03-02_RD,2021-06-24_RD,480,10,-0.15182183682918549,0.3460385799407959,1.0,-4.531713499017197,-0.22731591358995826,-0.11945859010425164,-0.148333028223544,-0.26299998273754094,-0.28736701296871925,-0.31556447612646815,-0.16666260129596538,-0.3654707072878731,-0.5233790941480689,-0.6638998334993149,-0.5617384479892912,-0.7639286551049899
2020-03-02_RD,2021-06-24_RD,480,10,-0.15182183682918549,0.3460385799407959,10.0,-1.9767115395048847,-0.21948759958110273,-0.11002152532493309,-0.1404475445074887,-0.25563507666373186,-0.26827108689199347,-0.2837935646855116,-0.15280631932142674,-0.3489515119330478,-0.45107086379461764,-0.5699951697736652,-0.4815820032486544,-0.6862772400530396
2020-03-02_RD,2021-06-24_RD,480,10,-0.15182183682918549,0.3460385799407959,100.0,-0.35484418615296204,-0.1677773048702306,-0.044282647557563865,-0.08631116557622634,-0.20229518489498013,-0.15271853006362626,-0.09530567916830443,-0.0675794033856415,-0.24033287477151877,-0.18967661732117724,-0.18756446467882643,-0.1567970299986471,-0.3433090005773549
2020-03-02_RD,2021-06-24_RD,480,10,-0.15182183682918549,0.3460385799407959,1000.0,0.08606261454370734,-0.09919259149396151,0.021870632537697693,-0.020604690677886145,-0.10391298511628648,-0.01708345054194732,0.07749342251926836,0.017753772491437503,-0.08087460582784793,0.009819616215298282,0.07529531194417519,0.07318968285643682,-0.04127795523426872
2020-03-02_RD,2021-06-24_RD,480,10,-0.15182183682918549,0.3460385799407959,10000.0,-0.013909827084759768,-0.12361510005041587,-0.08878408148324424,-0.09357750161286157,-0.11966765803115807,-0.08851584442820487,-0.059207793306389755,-0.07707200447896259,-0.10667012245353395,-0.06696846451840877,-0.04944046039397973,-0.04301435875437687,-0.0850541743335526
2020-03-02_RD,2021-06-24_RD,480,10,-0.15182183682918549,0.3460385799407959,100000.0,-0.11263821639551191,-0.146546221423585,-0.1412458664339262,-0.1412768648431906,-0.14602997293958014,-0.1387031278335627,-0.13381606025549697,-0.13565437008923786,-0.1415390949473019,-0.12959702259608252,-0.1256940084078629,-0.12325222538465438,-0.13372244944496606
2020-03-02_RD,2021-06-24_RD,480,20,-0.15182183682918549,0.3460385799407959,1.0,-0.9131433044496233,-0.13232248897666096,-0.0210753761024228,-0.009782696710084499,-0.1642573726248244,-0.06533315002612766,-0.06503859486494609,-0.0036359181912060945,-0.16033492433882712,-0.12734088847491076,-0.12534007770337063,-0.10618130607345955,-0.20380840898472194
2020-03-02_RD,2021-06-24_RD,480,20,-0.15182183682918549,0.3460385799407959,10.0,-0.766241792387577,-0.13042527915267912,-0.017836635638836446,-0.007912007323004955,-0.16239624257757335,-0.061847732624895624,-0.05694428488625819,-0.0002541863580566295,-0.15695000144540794,-0.11342812372053668,-0.11283900192160956,-0.0958276202112322,-0.19394514260394194
2020-03-02_RD,2021-06-24_RD,480,20,-0.15182183682918549,0.3460385799407959,100.0,-0.26518631926099134,-0.11545561589297382,0.008229327124834374,0.006553315909396729,-0.1466948477826069,-0.03480068737589817,0.005464529749774266,0.026105263820344782,-0.12932428412313288,-0.0417991919785424,-0.024329688607158728,-0.02294957894389721,-0.12481498549568415
2020-03-02_RD,2021-06-24_RD,480,20,-0.15182183682918549,0.3460385799407959,1000.0,0.14682499732881651,-0.08464278473155029,0.06071433693723308,0.022424675572059516,-0.09735133481810859,0.018894084147466073,0.12423673187243842,0.06910046064841133,-0.057166500509484186,0.06781929724182859,0.1355436129446618,0.11415114407680882,0.0056679861406166805
2020-03-02_RD,2021-06-24_RD,480,20,-0.15182183682918549,0.3460385799407959,10000.0,0.04735150559097287,-0.11620308679450952,-0.0497538926825038,-0.06898371497724445,-0.10925470381587125,-0.06101282850693468,-0.013542566006994688,-0.04562088644740189,-0.09144323462541647,-0.033301829669516114,0.0017182903010632133,-0.0016206438262908185,-0.05807568164606211
2020-03-02_RD,2021-06-24_RD,480,20,-0.15182183682918549,0.3460385799407959,100000.0,-0.09642434281904627,-0.14387899589454067,-0.13223997388488923,-0.1337484296150133,-0.1422316078995075,-0.13124436626017866,-0.12136694231985154,-0.1259944192010566,-0.13564245397497565,-0.11931671929569343,-0.11184057368940556,-0.11004735298035007,-0.12461528451121463
2020-03-02_RD,2021-06-24_RD,480,50,-0.15182183682918549,0.3460385799407959,1.0,0.07635169915444912,-0.07237921180772944,0.10314735869451727,0.0650946494317462,-0.08412824079101337,0.05009605337899742,0.15963529181121197,0.10595622299766161,-0.050738696946432536,0.10825680684099057,0.1616908892159202,0.1427025594319065,-0.001788466989930404
2020-03-02_RD,2021-06-24_RD,480,50,-0.15182183682918549,0.3460385799407959,10.0,0.08049054631038555,-0.0721225639305269,0.10339716277513938,0.0652404061641359,-0.08385886915910257,0.050475168159410305,0.16011552775004975,0.10632641409907065,-0.05024392109467458,0.10969711020240017,0.16255617106116768,0.14350082475346507,-0.0008168867895976909
2020-03-02_RD,2021-06-24_RD,480,50,-0.15182183682918549,0.3460385799407959,100.0,0.11250802878697341,-0.06982149823484218,0.10560630821870581,0.06646283977643394,-0.08135449508792528,0.05384156863620021,0.16442179357707315,0.10957737481582264,-0.045684309849740444,0.11813448171358121,0.1702195683260183,0.1504861268921531,0.007925255923621874
2020-03-02_RD,2021-06-24_RD,480,50,-0.15182183682918549,0.3460385799407959,1000.0,0.21946097877283097,-0.06134682348782272,0.11061286033761697,0.06561762406962279,-0.06826952246849395,0.06481312069000003,0.1790415916926963,0.11747708509268545,-0.023373083146610758,0.1368417975694185,0.19897097230005564,0.17563081256026278,0.047400471692711964
2020-03-02_RD,2021-06-24_RD,480,50,-0.15182183682918549,0.3460385799407959,10000.0,0.1599982194573011,-0.09075575073991099,0.021470176321601697,-0.012063732204152633,-0.08267798850986975,-0.00010840865460315374,0.07754129273308377,0.025791361504460514,-0.05042212054064127,0.04949288399326793,0.10275738162083758,0.09010707271242671,0.008998074372881387
2020-03-02_RD,2021-06-24_RD,480,50,-0.15182183682918549,0.3460385799407959,100000.0,-0.04523159890222245,-0.1342562103108895,-0.10759508080598215,-0.11202048538865456,-0.1311972872078806,-0.10767849162429233,-0.08806542294002473,-0.09879974820794687,-0.11885321396410668,-0.08767329278426803,-0.07452397645062322,-0.07207208222325176,-0.09858569722705668
2020-03-02_RD,2021-06-24_RD,480,100,-0.15182183682918549,0.3460385799407959,1.0,0.2679784932868997,-0.054296533213813725,0.1307750997781953,0.07760169331443167,-0.049172725222553865,0.07615705035776996,0.1990911580944782,0.12980877464458448,-0.00722689482118663,0.15999308398045814,0.22783432772970869,0.19500268585456113,0.07161069898165244
2020-03-02_RD,2021-06-24_RD,480,100,-0.15182183682918549,0.3460385799407959,10.0,0.2685136688977855,-0.05424335911065992,0.1307992016781593,0.07764554496582801,-0.04912643821732395,0.07624895102030413,0.19919225735432264,0.12991098519175104,-0.007116403917028206,0.1603012372591459,0.22799429745121613,0.19517867113721,0.07179983175485209
2020-03-02_RD,2021-06-24_RD,480,100,-0.15182183682918549,0.3460385799407959,100.0,0.2733135861926595,-0.05375440525347361,0.13099848227989233,0.07803157779756917,-0.04868940237087376,0.07709746637110051,0.20011866173697312,0.1308407791896287,-0.006069180668368164,0.1624371377585449,0.22946842205200665,0.19680321759244188,0.07357404128858103
2020-03-02_RD,2021-06-24_RD,480,100,-0.15182183682918549,0.3460385799407959,1000.0,0.2973297879430681,-0.05188278335349966,0.12987668774015426,0.07808858604853774,-0.046292722859600045,0.08058388578968387,0.20322613891645475,0.13362965101798122,6.97224570739748e-05,0.16775111009138952,0.23577874128557022,0.2042170509115237,0.08350578919891194
2020-03-02_RD,2021-06-24_RD,480,100,-0.15182183682918549,0.3460385799407959,10000.0,0.23750927026481122,-0.07595473784672693,0.06918488339883319,0.02574241395150484,-0.061799350759153014,0.03693587766269388,0.1341176657304002,0.07030673634791662,-0.022076935721003294,0.10284855661257966,0.16663249698562355,0.14362749243601697,0.05072935694431672
2020-03-02_RD,2021-06-24_RD,480,100,-0.15182183682918549,0.3460385799407959,100000.0,0.0042537455863936036,-0.125511778201021,-0.0793783863419226,-0.08980662071555695,-0.11751871590118886,-0.08431781085395892,-0.05291197004916037,-0.07222720562468016,-0.10144063006287585,-0.05714903696753118,-0.035741096644057085,-0.037042115603777875,-0.07371553469482403
2020-03-10_RD,2020-03-17_RD,7,10,0.2687962055206299,0.3748720586299896,1.0,-7.267316878018263,0.17707330424768733,0.057498506049234566,0.15135540534371567,0.09961520650787653,0.09428194233849169,-0.12269450365979614,0.12693499760394017,-0.01705734694909275,-0.280878147898618,-0.2462273854248662,-0.13057423932519588,-0.238853215886793
2020-03-10_RD,2020-03-17_RD,7,10,0.2687962055206299,0.3748720586299896,10.0,-1.9097043093277188,0.18242802141846148,0.06860658563618363,0.16071977776273505,0.10576867368411448,0.1088143388510073,-0.0871417845498049,0.14085643248098245,0.0006878258115393757,-0.20593073296974918,-0.18683462222917227,-0.08299400349308372,-0.1910808192831954
2020-03-10_RD,2020-03-17_RD,7,10,0.2687962055206299,0.3748720586299896,100.0,-0.20223053965935472,0.2214029649624412,0.1425041685464929,0.2200478418203465,0.15057940730754527,0.19649322455685314,0.10200273775048527,0.22150031754913094,0.11068353000855191,0.08313496929048533,0.07196978037328922,0.12931815982148215,0.04043016251377779
2020-03-10_RD,2020-03-17_RD,7,10,0.2687962055206299,0.3748720586299896,1000.0,0.2677993240693517,0.29711643255848824,0.2617207321183438,0.301504246312729,0.24891106974316077,0.3090246996152359,0.2854090486511467,0.32006880167606855,0.2668809688005338,0.30643669321419886,0.2958262704549036,0.3111401512046831,0.2712957464998629
2020-03-10_RD,2020-03-17_RD,7,10,0.2687962055206299,0.3748720586299896,10000.0,0.3077888477466856,0.29111516250516783,0.28286159332117,0.28982740040757693,0.2749276628593617,0.2953981260055354,0.29167082487086704,0.2992299841587696,0.2841898400037284,0.3031554072916599,0.30132749016300153,0.3050073167973021,0.2923513988946529
2020-03-10_RD,2020-03-17_RD,7,10,0.2687962055206299,0.3748720586299896,100000.0,0.28280509906985773,0.27325623539726546,0.2724242755718184,0.27288695597147683,0.2704191745157461,0.2748221128924988,0.2758406026251582,0.2751662341940243,0.27246516938248094,0.2767629147078275,0.27933395260543725,0.27975964256360636,0.2752569670165544
2020-03-10_RD,2020-03-17_RD,7,20,0.2687962055206299,0.3748720586299896,1.0,-0.2635128550399509,0.20386420190576127,0.2648106398808575,0.2618260579733216,0.2239691084446814,0.264465678717242,0.20417514636840386,0.29110014889582697,0.2187700613187907,0.24969554917673462,0.1927295520115496,0.2519643486965363,0.1653207486562547
2020-03-10_RD,2020-03-17_RD,7,20,0.2687962055206299,0.3748720586299896,10.0,-0.22663917894706456,0.20587887079349454,0.265456079005872,0.26335648810072515,0.22498112088627034,0.26626324091660464,0.20803764139680192,0.2926330075840454,0.22068066058112823,0.2519357557132542,0.1977561516990212,0.2545355958376594,0.16947718158788652
2020-03-10_RD,2020-03-17_RD,7,20,0.2687962055206299,0.3748720586299896,100.0,-0.012473238805101289,0.2235236839049197,0.27099507508694365,0.27603791116789156,0.23382845200175617,0.28105449929211057,0.2376413002363959,0.30502265535125644,0.23639039959363783,0.27015710666437326,0.2349604524704877,0.27510505688649967,0.2020242442632735
2020-03-10_RD,2020-03-17_RD,7,20,0.2687962055206299,0.3748720586299896,1000.0,0.28355976635344704,0.29126963769272995,0.2905524307960549,0.31338037830943,0.2692717392183461,0.3229728951072196,0.3068157875353674,0.3385782759510447,0.28399387785336705,0.32538846300640156,0.3187144034855567,0.3314123924213045,0.28791193536965537
2020-03-10_RD,2020-03-17_RD,7,20,0.2687962055206299,0.3748720586299896,10000.0,0.3226835434214791,0.30167500795314683,0.29305929231605127,0.30271564831035913,0.28346308873520193,0.3080753027742157,0.3056859644887395,0.3155862089711665,0.2922955932033011,0.3183922992434528,0.31652610779318624,0.32230375466802597,0.3024396032147217
2020-03-10_RD,2020-03-17_RD,7,20,0.2687962055206299,0.3748720586299896,100000.0,0.29231352808905653,0.27754174807326637,0.2771391025955825,0.2771174948569468,0.27309098257144465,0.27935438271822266,0.2830166073364456,0.28044855505654365,0.27589796735566213,0.2825112346029791,0.28764700397026605,0.28793382889465613,0.2807041702297276
2020-03-10_RD,2020-03-17_RD,7,50,0.2687962055206299,0.3748720586299896,1.0,0.25780173772762055,0.27733309345117557,0.29757060423081116,0.31130845835390475,0.26089278596911314,0.3270860403248943,0.3224102006416496,0.34453926150912867,0.27986895133695433,0.32527161759665013,0.3271561363397024,0.34392919243391695,0.27301331466570794
2020-03-10_RD,2020-03-17_RD,7,50,0.2687962055206299,0.3748720586299896,10.0,0.25969422105999496,0.2777901523431192,0.2976719682450391,0.31153037170264125,0.2612016097732501,0.32733178700073057,0.32268658766137026,0.3447683593383123,0.2803430222553572,0.3258792477052061,0.32764708845385593,0.3443211146582251,0.27380400527239834
2020-03-10_RD,2020-03-17_RD,7,50,0.2687962055206299,0.3748720586299896,100.0,0.27582821048853823,0.28208394528589686,0.29860943507091986,0.31356357333004653,0.2640918219502946,0.3295581650835654,0.32515739662283466,0.3468381760284846,0.28465125111309997,0.3313016634522955,0.33202464538089554,0.3478116524904017,0.28089106282705906
2020-03-10_RD,2020-03-17_RD,7,50,0.2687962055206299,0.3748720586299896,1000.0,0.3351069931443468,0.3070742177187741,0.3032954818719618,0.32310687650478154,0.2808069573609083,0.3389459577481273,0.33519744500211535,0.3553381980501241,0.30454236170208443,0.35337696347558345,0.3500165506295657,0.3615918307630165,0.31194061879211654
2020-03-10_RD,2020-03-17_RD,7,50,0.2687962055206299,0.3748720586299896,10000.0,0.34413224816763743,0.3142501090065974,0.2986491643329572,0.31152272936458114,0.29065090302293,0.32027110871080555,0.3215410925888376,0.33285039540535855,0.3023796445360701,0.3358187450357506,0.3359547927868712,0.3429097376281299,0.3141681396858724
2020-03-10_RD,2020-03-17_RD,7,50,0.2687962055206299,0.3748720586299896,100000.0,0.29958887700359427,0.2826050749707374,0.2804359107496929,0.28060881133492566,0.2758142782251856,0.28317189278393423,0.2887465176180563,0.28675984447796876,0.2795675891570993,0.2883235909673102,0.29463777811358427,0.29572949816399197,0.28502906307874115
2020-03-10_RD,2020-03-17_RD,7,100,0.2687962055206299,0.3748720586299896,1.0,0.33990450272107736,0.31891160189279555,0.302983858710266,0.3304455051694995,0.2926519877274763,0.3445102317092369,0.33414236822534715,0.35883393858167933,0.3093801703865056,0.3590809551033637,0.35499093377204904,0.3677874764481057,0.31681964296602766
2020-03-10_RD,2020-03-17_RD,7,100,0.2687962055206299,0.3748720586299896,10.0,0.3401966714714214,0.31899901374402106,0.3030377400966018,0.3304840848527207,0.29270086209249424,0.3445586084090318,0.3342274175987132,0.358892950406797,0.3094356187046769,0.35917474017745565,0.35510010999922315,0.36787438117720384,0.31692832851952846
2020-03-10_RD,2020-03-17_RD,7,100,0.2687962055206299,0.3748720586299896,100.0,0.34296035501805777,0.3198424097570616,0.3035567990807945,0.3308507707910119,0.2931707506926651,0.34501478999217483,0.3350402680158588,0.3594535680070936,0.30996536350637643,0.36006444543924243,0.35613845040407044,0.36869716349345694,0.3179672703086001
2020-03-10_RD,2020-03-17_RD,7,100,0.2687962055206299,0.3748720586299896,1000.0,0.3602374903516813,0.32585562534721124,0.30721568007056077,0.3330663965040057,0.2964467880085847,0.3475471370049409,0.3404111701122151,0.3628382039099364,0.3134452056194182,0.3654782189853584,0.36269238245262436,0.3736170788553034,0.32490176579390917
2020-03-10_RD,2020-03-17_RD,7,100,0.2687962055206299,0.3748720586299896,10000.0,0.36948612141947756,0.3269870435598149,0.3082403689377654,0.32549286743538275,0.29768752680033067,0.33635071645934356,0.3380443099948982,0.3520374682542133,0.31214916312627605,0.35658863381012174,0.3574819659985449,0.36442326933158176,0.32713491926513233
2020-03-10_RD,2020-03-17_RD,7,100,0.2687962055206299,0.3748720586299896,100000.0,0.3186122550698396,0.29239846552989823,0.2880033733927504,0.290546463018854,0.28106067522273637,0.2949402262997306,0.3005624546070224,0.3009765147841116,0.28794814880065855,0.3043974306235561,0.30959229987282944,0.3124773554632745,0.2958254866993267
2020-03-10_RD,2020-07-29_RD,120,10,0.07924167811870575,0.34804362058639526,1.0,-6.225224533039678,-0.02235013377908604,-0.10306257058255419,-0.04037908623956463,0.007166063491446227,-0.15043300861574682,-0.06442327745634902,-0.19491796315434895,-0.13189780807619292,-0.3818753710077022,-0.4085608123246273,-0.42877864269625293,-0.3723825392887075
2020-03-10_RD,2020-07-29_RD,120,10,0.07924167811870575,0.34804362058639526,10.0,-1.67097025008858,-0.01405586504679257,-0.07896744438238357,-0.026033770621012975,0.011577011001385843,-0.13282797315947492,-0.03328755148137594,-0.15837139871468947,-0.11244153908503414,-0.3200845398139211,-0.31138945661291295,-0.3152700895170703,-0.32069538136383324
2020-03-10_RD,2020-07-29_RD,120,10,0.07924167811870575,0.34804362058639526,100.0,-0.16594790191676634,0.03741658725231753,0.05108464419926295,0.051946407835982894,0.043171264262220226,-0.02564812389455251,0.10269960671445083,0.026026600222652074,5.656264229722541e-05,-0.06243560205502399,0.02224645660977778,0.028267805912309346,-0.08218768036928654
2020-03-10_RD,2020-07-29_RD,120,10,0.07924167811870575,0.34804362058639526,1000.0,0.17991149703572806,0.10324227834933367,0.16735008301275128,0.11938089849687941,0.10110867859296897,0.11533960774905416,0.19486604497627283,0.176056012871339,0.1277099826544715,0.13777357237070578,0.19661497382956064,0.19053234889816625,0.12975996236645007
2020-03-10_RD,2020-07-29_RD,120,10,0.07924167811870575,0.34804362058639526,10000.0,0.15910078193772978,0.09772726033020343,0.1302001393501429,0.10303552076221262,0.09590430680015061,0.10775401893132824,0.14353058844017927,0.13796159901499835,0.11148773988331473,0.11997226663621918,0.14862600585310337,0.14374590427957373,0.11992763283768652
2020-03-10_RD,2020-07-29_RD,120,10,0.07924167811870575,0.34804362058639526,100000.0,0.10312715361868227,0.08263914821155124,0.08896880645923877,0.08362156976634341,0.08213537655839728,0.08517308438977245,0.0932236451934797,0.09275571831757304,0.08593826660654806,0.08791213110749063,0.09788048296694019,0.09641853820801971,0.08877248923197907
2020-03-10_RD,2020-07-29_RD,120,20,0.07924167811870575,0.34804362058639526,1.0,-0.38144124898163656,0.0894574159613851,0.1560839366063755,0.11107898162641233,0.08406316776166327,0.08323094889251428,0.17013023677111744,0.17656976878344144,0.06911525555396701,0.06976506390942935,0.1319468955362223,0.13698489665141317,0.012634094499081963
2020-03-10_RD,2020-07-29_RD,120,20,0.07924167811870575,0.34804362058639526,10.0,-0.32858801980877145,0.09074836184834226,0.15740304700136942,0.11229207028499155,0.08507361166937542,0.08506538786472628,0.17309924846593613,0.1781920058805888,0.07227335115436728,0.07366664853074822,0.13700004578815592,0.141163001925116,0.018423078989390478
2020-03-10_RD,2020-07-29_RD,120,20,0.07924167811870575,0.34804362058639526,100.0,-0.06916936190594697,0.10097027525373745,0.16777227563706115,0.12172199237732836,0.0934067494109994,0.09994359414666268,0.19364870715854693,0.1907647615724883,0.09541651117359469,0.10416119886752229,0.17112500986951557,0.1713762708124372,0.06038366090813566
2020-03-10_RD,2020-07-29_RD,120,20,0.07924167811870575,0.34804362058639526,1000.0,0.20808092991478727,0.12485446938058167,0.18903600528523798,0.14065042803351094,0.1166877263443034,0.14028857179504578,0.2204345123945709,0.21259891001662382,0.14213603786690523,0.17719796339275118,0.2266554195482564,0.22773792651674438,0.14782597362533476
2020-03-10_RD,2020-07-29_RD,120,20,0.07924167811870575,0.34804362058639526,10000.0,0.1883723281058236,0.11240169066182526,0.14877686915787816,0.117181516625427,0.10497685289003926,0.12305829335605487,0.16454600281525464,0.16145970534193035,0.12194120877140707,0.14602173542233432,0.17082515283976088,0.17279730384621442,0.1326379533575067
2020-03-10_RD,2020-07-29_RD,120,20,0.07924167811870575,0.34804362058639526,100000.0,0.11664733699876778,0.08717873750435798,0.09643721915135542,0.08803922676885953,0.08484625353306315,0.09144710065648212,0.10354059949296726,0.10402334892160103,0.09064324896519539,0.09737689152391626,0.10915761279148672,0.10857039903624888,0.09552659790452311
2020-03-10_RD,2020-07-29_RD,120,50,0.07924167811870575,0.34804362058639526,1.0,0.2144289048347256,0.11163960401857156,0.18841672527423725,0.11524059748685878,0.10956446180915978,0.13880672389449963,0.23345674594763355,0.2357368487740087,0.13924383623055336,0.17989624880614666,0.24981160007928335,0.25402353280059875,0.15186649552744905
2020-03-10_RD,2020-07-29_RD,120,50,0.07924167811870575,0.34804362058639526,10.0,0.21618861563863287,0.11183592443132068,0.18863019362274547,0.11563075239375517,0.10968622827820924,0.13905435656134085,0.23378692307738944,0.23596469723694766,0.13954747132390494,0.18037158127191205,0.2504052238611275,0.25445225463377263,0.15237443007440152
2020-03-10_RD,2020-07-29_RD,120,50,0.07924167811870575,0.34804362058639526,100.0,0.2313096448923702,0.11362422498401645,0.19056473408370359,0.11921038283783189,0.11081055852254858,0.14132052884186108,0.23671592849513454,0.237972329937601,0.1422814314772333,0.18466010007138856,0.25562219880700576,0.2582509714248514,0.15692617767031178
2020-03-10_RD,2020-07-29_RD,120,50,0.07924167811870575,0.34804362058639526,1000.0,0.284180385886975,0.12146311210662422,0.19812788151176744,0.1363031693347374,0.11631045823672738,0.1517258716294647,0.2455821822717899,0.24277680086627604,0.15337577592299503,0.20241279007231777,0.2723082725941022,0.2705339004283923,0.17553080972759905
2020-03-10_RD,2020-07-29_RD,120,50,0.07924167811870575,0.34804362058639526,10000.0,0.23830703426124966,0.11018057400743755,0.16601035275671738,0.12465717452459268,0.10762916237593978,0.13354134205955026,0.19022520134452273,0.1872221137475972,0.13237869912520464,0.16873963487948487,0.20779133739825673,0.2093567433023707,0.14958631843498735
2020-03-10_RD,2020-07-29_RD,120,50,0.07924167811870575,0.34804362058639526,100000.0,0.13104014444907827,0.0877445927668711,0.10638000461495073,0.09182292764606267,0.08662467581986172,0.09444141049317806,0.1143191785513906,0.11466372702299107,0.09436229142044072,0.10337373690382151,0.11939488444712615,0.11914216878572109,0.09913561118493407
2020-03-10_RD,2020-07-29_RD,120,100,0.07924167811870575,0.34804362058639526,1.0,0.29824613203871075,0.13469558297289858,0.19982440137086818,0.13685566825915868,0.12331691569747512,0.1627088626829234,0.2426893171460165,0.2404437413380797,0.1534598027832482,0.20316546471763913,0.27636657251445085,0.2762310148375861,0.1805300470871143
2020-03-10_RD,2020-07-29_RD,120,100,0.07924167811870575,0.34804362058639526,10.0,0.2985446376259311,0.13471943975246214,0.19987775841452604,0.13695146907203537,0.12334243759647119,0.16276594441563474,0.24279294391735423,0.24051187858131873,0.15354251161345162,0.20328922006268554,0.27649799445972434,0.2763339438590756,0.18065431078081193
2020-03-10_RD,2020-07-29_RD,120,100,0.07924167811870575,0.34804362058639526,100.0,0.30133770845105456,0.13493964879030648,0.20038165735717428,0.13786881882702484,0.12358589095694915,0.1633044702760354,0.24376694029569185,0.24114630403828208,0.15433101154019577,0.20446227748164253,0.2777244248210673,0.2772952446466139,0.1818345988112626
2020-03-10_RD,2020-07-29_RD,120,100,0.07924167811870575,0.34804362058639526,1000.0,0.31658092860688425,0.13582002257519304,0.20314178192536722,0.14395567057784214,0.12510353433504673,0.16629863894156277,0.24890111460022712,0.24401566478438708,0.15931067422976505,0.2114814215702674,0.2837667334326163,0.28199289249325876,0.18907366464522923
2020-03-10_RD,2020-07-29_RD,120,100,0.07924167811870575,0.34804362058639526,10000.0,0.28526619941683795,0.1250271720651171,0.1848577566741707,0.1406888711881305,0.11995496506236036,0.15245316836176293,0.21938044818060853,0.21327183803878919,0.1508940658595602,0.1949748160655717,0.24541249213007407,0.2461613278740316,0.17595767920205432
2020-03-10_RD,2020-07-29_RD,120,100,0.07924167811870575,0.34804362058639526,100000.0,0.16136516852647417,0.09726319339150588,0.12305927760080526,0.10421579525463207,0.09493363203196487,0.10678876003301346,0.1348286715143677,0.13363836986846878,0.10745006571054787,0.12265248400385964,0.14200636734451574,0.14232728730508623,0.11616834157298284
2020-03-10_RD,2021-07-03_RD,480,10,-0.08271324634552002,0.31707292795181274,1.0,-7.49057156146328,-0.2952654248067142,-0.13360006494593063,-0.126969602028318,-0.2544148062723564,-0.4627424281333829,-0.394944661148511,-0.25884921664926414,-0.36975696274811237,-0.718289346014255,-0.5554272145906026,-0.5568797450804264,-0.8640550829550414
2020-03-10_RD,2021-07-03_RD,480,10,-0.08271324634552002,0.31707292795181274,10.0,-2.4794258435643126,-0.2802210835766311,-0.12217560039163422,-0.11606567223137279,-0.24196812281554855,-0.43049351798386937,-0.3347994888716341,-0.2334384254228172,-0.3490627403993279,-0.6436655163064939,-0.4706003853916687,-0.46830430171675363,-0.7657307372272409
2020-03-10_RD,2021-07-03_RD,480,10,-0.08271324634552002,0.31707292795181274,100.0,-0.5184951014691914,-0.17570133011738842,-0.046385903741386264,-0.04408601876655899,-0.15800307168845892,-0.23788856239937273,-0.05264848469359015,-0.08438169569274465,-0.21450345234240653,-0.2771202209367567,-0.1277362325254757,-0.09790333527218131,-0.32331046802477165
2020-03-10_RD,2021-07-03_RD,480,10,-0.08271324634552002,0.31707292795181274,1000.0,0.06725183950492877,-0.028102839133173685,0.043687608576657544,0.04096030018394825,-0.03266528054158599,-0.009170119575377444,0.12101936133447272,0.07658073704571586,-0.022090084463520888,0.05745631135808732,0.12308926265174377,0.1528612930830057,0.030894300601760027
2020-03-10_RD,2021-07-03_RD,480,10,-0.08271324634552002,0.31707292795181274,10000.0,0.024996676355301117,-0.049353007868472604,-0.01867949151229581,-0.024808193714708437,-0.04074698561477236,-0.0323492934899858,0.003668448461010859,-0.00648074703925583,-0.03238508598207451,-0.0068163198080676835,0.012083854140591321,0.018805128869392368,-0.009850290842996564
2020-03-10_RD,2021-07-03_RD,480,10,-0.08271324634552002,0.31707292795181274,100000.0,-0.03867906421678091,-0.07523272862539276,-0.06789591474933449,-0.07081130673286593,-0.07203778899596515,-0.06592259022636637,-0.054692601819180064,-0.059856223076862,-0.06579557507618944,-0.054269593112746095,-0.045384137226510024,-0.045470992748586514,-0.0562203166578343
2020-03-10_RD,2021-07-03_RD,480,20,-0.08271324634552002,0.31707292795181274,1.0,-0.7977187119613487,-0.10810867152620932,-0.006381510354084491,-0.0029904487785665235,-0.09672497982303517,-0.1700651122695652,0.021435493727903848,-0.07815094125829117,-0.13795099482349235,-0.20174504029557333,-0.059178298810548674,-0.02799299454837592,-0.24791089694568166
2020-03-10_RD,2021-07-03_RD,480,20,-0.08271324634552002,0.31707292795181274,10.0,-0.7120190270859218,-0.10466275991113205,-0.004339924315788196,-0.0009040833657108227,-0.09443932828269547,-0.1638434281352881,0.02848916452097844,-0.07223374706014282,-0.13407632508996278,-0.19068029054797736,-0.047817160043085755,-0.018659461729715277,-0.2340947174814807
2020-03-10_RD,2021-07-03_RD,480,20,-0.08271324634552002,0.31707292795181274,100.0,-0.3197400756983319,-0.07628710584505805,0.012890223712191562,0.01641597107842266,-0.07538670717149984,-0.11476187505651997,0.08065751195200135,-0.025563248724465748,-0.10194549812876073,-0.10804977207436278,0.032591498158898974,0.0506988614121279,-0.13419162882746155
2020-03-10_RD,2021-07-03_RD,480,20,-0.08271324634552002,0.31707292795181274,1000.0,0.13524370007374914,-0.0036514926476625964,0.06317509760924223,0.06392325960406753,-0.018482950833261968,0.005759253128731295,0.17306504140419404,0.09199989479849549,-0.005661056250444728,0.07972692246763063,0.1842420599047253,0.19512482682124424,0.06627636529766304
2020-03-10_RD,2021-07-03_RD,480,20,-0.08271324634552002,0.31707292795181274,10000.0,0.09749006034215016,-0.03260383619111848,0.012638698197712572,0.008068930612109587,-0.023908394851419445,-0.013118821620013404,0.06125741305191065,0.03232741242837561,-0.01248087971397934,0.03391864343283191,0.08048611145298912,0.08469878684909457,0.03546153199110335
2020-03-10_RD,2021-07-03_RD,480,20,-0.08271324634552002,0.31707292795181274,100000.0,-0.01564346556137111,-0.06886269769381018,-0.05421781646490856,-0.059329839524663336,-0.06265866850168252,-0.05403555369853427,-0.03255905807459675,-0.04317274049212544,-0.0533835951980505,-0.038039301182347024,-0.022268811718135106,-0.023477218471006867,-0.037701527770599146
2020-03-10_RD,2021-07-03_RD,480,50,-0.08271324634552002,0.31707292795181274,1.0,0.04891706690849412,-0.004380002837136687,0.0671200340219574,0.0637695703326453,-0.016634425950932563,0.014435851541685585,0.17933300694127693,0.0977310823629203,-0.0036510607278866236,0.05450377250706245,0.17613130707782332,0.1894132332850541,0.047068094083894785
2020-03-10_RD,2021-07-03_RD,480,50,-0.08271324634552002,0.31707292795181274,10.0,0.05398775054242955,-0.00388471157170589,0.06747424088714438,0.06414382055254106,-0.016336480152501286,0.015166257940470274,0.1799952740747847,0.09844828463055891,-0.0030751547845692486,0.05589951251078726,0.17732509253340845,0.19044603644609803,0.04848357955453745
2020-03-10_RD,2021-07-03_RD,480,50,-0.08271324634552002,0.31707292795181274,100.0,0.09050164469746819,0.0006374904221157496,0.07075297174935191,0.06759358784999811,-0.013601089053924672,0.02176347786363375,0.18596453375567334,0.10500135932671917,0.0022289256175519654,0.06846556195566872,0.18782938853230982,0.19974862615713282,0.06113974805064363
2020-03-10_RD,2021-07-03_RD,480,50,-0.08271324634552002,0.31707292795181274,1000.0,0.214305268692461,0.020771172766382406,0.08672032099737789,0.0841028436196109,-0.0002706759140140476,0.05034810720842717,0.20922723685119665,0.1350630226379352,0.02877815589264059,0.1246755666628234,0.23024189828934097,0.2390150527187663,0.11708402379035687
2020-03-10_RD,2021-07-03_RD,480,50,-0.08271324634552002,0.31707292795181274,10000.0,0.18637265146782409,-0.008777519554169416,0.047783155183975606,0.04336664326984574,-0.011694415290607366,0.017164919288034874,0.125190363629568,0.08150708572556925,0.012625329072364863,0.08691031438003174,0.15451342170518736,0.15990492989055707,0.08705631606273052
2020-03-10_RD,2021-07-03_RD,480,50,-0.08271324634552002,0.31707292795181274,100000.0,0.014813126534071436,-0.05968039212828086,-0.03836825261915838,-0.0451531679211567,-0.05389642149756621,-0.04343985678496351,-0.010598850224475986,-0.02543208032271657,-0.04251919060549044,-0.02187558789014335,0.0009674536414736312,-0.0002582477879536915,-0.018859473701471997
2020-03-10_RD,2021-07-03_RD,480,100,-0.08271324634552002,0.31707292795181274,1.0,0.22670811726190612,0.020519615040671124,0.08110231959438055,0.07749710296244319,-0.0023227399232108037,0.05268391986565582,0.20638433067411424,0.1294434955767162,0.026813685596830273,0.12726607720353078,0.23030324484794892,0.23950973099634065,0.11618564334176466
2020-03-10_RD,2021-07-03_RD,480,100,-0.08271324634552002,0.31707292795181274,10.0,0.22739943583811234,0.020644432850132705,0.08121660760133353,0.07759668967191949,-0.0022319917199978834,0.052877705619881005,0.20655960067268164,0.12963670417190598,0.02697717601909096,0.12754771589489994,0.23056414127795952,0.2397554884251565,0.11647419885879058
2020-03-10_RD,2021-07-03_RD,480,100,-0.08271324634552002,0.31707292795181274,100.0,0.23347307332485667,0.021829124760260388,0.08231334222568445,0.07855030665340615,-0.0013636155078756707,0.054703571098840914,0.20822470609101526,0.13147820525239498,0.02854403894671419,0.13021252033070743,0.23300432729347226,0.24208786227636384,0.11920106083501188
2020-03-10_RD,2021-07-03_RD,480,100,-0.08271324634552002,0.31707292795181274,1000.0,0.2662151801711877,0.028959259884137528,0.08963197385985591,0.08479356630142401,0.004434727300160007,0.06526876721267824,0.21824468332569355,0.14312114296247036,0.039125973198849674,0.14642163495040858,0.2471208642951775,0.25624715163904144,0.13613406566390562
2020-03-10_RD,2021-07-03_RD,480,100,-0.08271324634552002,0.31707292795181274,10000.0,0.24847969661347627,0.012130592244869343,0.07451996829535182,0.06805989637532289,0.001871237332523627,0.045149237208034015,0.1798735845029867,0.11956374287933336,0.03596657950392503,0.12504393659539617,0.21159347976412285,0.21869389495905367,0.1236001751236937
2020-03-10_RD,2021-07-03_RD,480,100,-0.08271324634552002,0.31707292795181274,100000.0,0.0600771277799054,-0.04868118747787256,-0.01879358203285114,-0.026548161815340587,-0.04269525034152553,-0.029340908078936412,0.02078793372709839,-0.002118880980027077,-0.02795867915932464,0.0020755370570383624,0.0375641221610902,0.03602006565356433,0.007640116406327928
2020-07-31_CO,2020-12-03_CO,120,10,0.05005091428756714,0.29571056365966797,1.0,-4.776688787770322,-0.0976734325536813,-0.03267043790893648,-0.05480236994125878,-0.08346809164063064,-0.23391432307125876,-0.09652814660460834,-0.15481637306084278,-0.19982710288923902,-0.49025996842307756,-0.470305976792983,-0.4312799926479105,-0.4586601125183636
2020-07-31_CO,2020-12-03_CO,120,10,0.05005091428756714,0.29571056365966797,10.0,-1.8493210561937676,-0.08806907374572454,-0.02129250409041497,-0.045020726555782514,-0.07695771780361511,-0.21109086415914297,-0.07660885367151427,-0.13177012432668261,-0.18531839893060986,-0.4198860676982304,-0.39328649606118615,-0.3567604401758239,-0.4106331052608127
2020-07-31_CO,2020-12-03_CO,120,10,0.05005091428756714,0.29571056365966797,100.0,-0.36614214042391846,-0.0445443346278028,0.044413431977795015,0.014002516241117702,-0.032712878798271026,-0.11232833867106584,0.029600822234797736,-0.007166241092070119,-0.09205114698782228,-0.16023998747010754,-0.08660333324886396,-0.08319071108118406,-0.17678141549537685
2020-07-31_CO,2020-12-03_CO,120,10,0.05005091428756714,0.29571056365966797,1000.0,0.0842714268224613,0.033507068208482677,0.1136458011275823,0.08355790288502682,0.04744087131145184,0.030900865851496845,0.12653726804793078,0.10987534605207042,0.04784216547871292,0.06877524200737986,0.12856190622905936,0.11000311473930649,0.062118545470232496
2020-07-31_CO,2020-12-03_CO,120,10,0.05005091428756714,0.29571056365966797,10000.0,0.09162520800044843,0.05493256577852598,0.07769328716771104,0.07031998131934394,0.05791314729164388,0.05997407865593543,0.08061598888786706,0.07399383967813816,0.05832986650297554,0.07302463110719512,0.08505041994865761,0.07988124800379126,0.0681346786810969
2020-07-31_CO,2020-12-03_CO,120,10,0.05005091428756714,0.29571056365966797,100000.0,0.06199143508852345,0.05117323523706918,0.056478300469360226,0.05500327262004262,0.0518753760582208,0.053644159366013244,0.05799518268869108,0.05660959407552135,0.05342726112958907,0.05792195968603353,0.05944973034867243,0.05894308996534353,0.05707096842419628
2020-07-31_CO,2020-12-03_CO,120,20,0.05005091428756714,0.29571056365966797,1.0,-0.4105732487362174,-0.03446222939578508,0.06380146796263284,-0.008619433222511658,-0.025579456047080913,-0.07244406466302811,0.07475136489822776,0.02388706889580436,-0.04717296889213988,-0.0995743096490366,0.024268657385967535,-0.008548115835700365,-0.06828242797169891
2020-07-31_CO,2020-12-03_CO,120,20,0.05005091428756714,0.29571056365966797,10.0,-0.34296263852428255,-0.03130142122983673,0.06687942079142728,-0.004732127121036295,-0.023480463214830855,-0.06689892103997919,0.08035561793112816,0.029413912803376352,-0.04380611003686321,-0.08785482481993484,0.035078657991479745,0.003976287294273628,-0.061137692192987446
2020-07-31_CO,2020-12-03_CO,120,20,0.05005091428756714,0.29571056365966797,100.0,-0.06364464057311842,-0.012530659894960994,0.09036296156805101,0.02547836124509545,-0.006372382591371101,-0.035484320720584994,0.11890949375196852,0.07017898686878898,-0.017088145826100336,-0.020579032383085505,0.10546844079250092,0.07227591709710515,-0.008896859548373335
2020-07-31_CO,2020-12-03_CO,120,20,0.05005091428756714,0.29571056365966797,1000.0,0.17629207349549822,0.042682948235809315,0.13390352792079888,0.0904942090674046,0.0493424150805093,0.04794989617869316,0.16983818989874483,0.13841511699769177,0.058107917662018914,0.10158797929208221,0.19400168022132042,0.16412993285211316,0.1001664613858791
2020-07-31_CO,2020-12-03_CO,120,20,0.05005091428756714,0.29571056365966797,10000.0,0.1300205121665005,0.05808285193912008,0.09117809575735103,0.07621280114341936,0.06067535636508092,0.0657547729066128,0.10514664536644805,0.08906016510971107,0.06440871006158133,0.08609559781759638,0.1168189669568224,0.10429467797835598,0.0846997904294674
2020-07-31_CO,2020-12-03_CO,120,20,0.05005091428756714,0.29571056365966797,100000.0,0.06898567429797581,0.05177962281600729,0.05946766463092287,0.05663748256199075,0.052615876680194316,0.05514630519204283,0.062438498444310875,0.059167667611777025,0.054579790099171056,0.06055831489392943,0.06469072377769622,0.06297377652598649,0.05985121613949018
2020-07-31_CO,2020-12-03_CO,120,50,0.05005091428756714,0.29571056365966797,1.0,0.05543338811057966,0.040320283439768706,0.13554242674313144,0.10356948631676993,0.04817338444186083,0.04112184346162559,0.18144764025322926,0.16341688043690056,0.053564093381864124,0.08635173812670241,0.17388056444102212,0.1845402361910138,0.09366885008413006
2020-07-31_CO,2020-12-03_CO,120,50,0.05005091428756714,0.29571056365966797,10.0,0.060309988849568175,0.040767503731713894,0.13564794931678253,0.1036879382534461,0.04840189329072362,0.041897515421244924,0.18169252562630767,0.16363259079831946,0.05395444491910025,0.08749045372438835,0.17477176289760005,0.1854020920205667,0.09439356198038062
2020-07-31_CO,2020-12-03_CO,120,50,0.05005091428756714,0.29571056365966797,100.0,0.09641742712565715,0.043358960114282696,0.13655244764463323,0.10474588490170283,0.05051578298961255,0.04658611768129625,0.18384431031619897,0.16549422096903862,0.057533418778876105,0.09493606248697048,0.18272799307801746,0.19096784128604732,0.10092078126534569
2020-07-31_CO,2020-12-03_CO,120,50,0.05005091428756714,0.29571056365966797,1000.0,0.20771710280374459,0.05276147305292203,0.1375411934248441,0.10817229880120555,0.06200493569201712,0.0640210667319486,0.18930811972007613,0.1684286720709541,0.07536954351424778,0.11766444913101021,0.21332739950007584,0.20395555595643258,0.12919076139541594
2020-07-31_CO,2020-12-03_CO,120,50,0.05005091428756714,0.29571056365966797,10000.0,0.1764842247755634,0.0607149718037584,0.10227843428645217,0.08794909581748159,0.0654187559785996,0.07182835751223343,0.1354082735629502,0.11471056916457759,0.07437772624375219,0.10152593041225733,0.15698547838707982,0.14235395188195,0.10884639999412542
2020-07-31_CO,2020-12-03_CO,120,50,0.05005091428756714,0.29571056365966797,100000.0,0.08342202171484916,0.05340856674094946,0.06447593133394061,0.06127924162436624,0.05496015762772052,0.05882332981823768,0.07132285278100947,0.06576189148560349,0.05840933766099862,0.06646694566187764,0.07554962718850503,0.07306698988813609,0.06701184214852907
2020-07-31_CO,2020-12-03_CO,120,100,0.05005091428756714,0.29571056365966797,1.0,0.20097827903224155,0.05069193953046888,0.1352526704867247,0.10622532922728811,0.06366259279060502,0.06219073813126075,0.19593835462927803,0.1716048523313275,0.07743263030946716,0.11960261485620088,0.21104209945850444,0.202296687916789,0.12965273548606507
2020-07-31_CO,2020-12-03_CO,120,100,0.05005091428756714,0.29571056365966797,10.0,0.20175650262157685,0.050740373709837944,0.13527170066742078,0.10627504017424066,0.06371379387416966,0.06232287182359461,0.19601075751312055,0.1716813388495672,0.07752614531431772,0.1198537546296487,0.21128402866395593,0.20266237080846725,0.1298431004948269
2020-07-31_CO,2020-12-03_CO,120,100,0.05005091428756714,0.29571056365966797,100.0,0.20837487109224145,0.05113494635475668,0.13544061014706912,0.10674363795318725,0.06420083445050702,0.06335885125168941,0.1966749524202626,0.17239040080873375,0.07841196120524659,0.1218501754088879,0.21356060475446306,0.20536218323431815,0.1316452625653751
2020-07-31_CO,2020-12-03_CO,120,100,0.05005091428756714,0.29571056365966797,1000.0,0.24287614531609666,0.053993234586345695,0.13558260651992893,0.10933737141593969,0.06744774180405312,0.06951566282074095,0.19908673098678545,0.1754265729382225,0.083979237670553,0.13101993047963115,0.22626283606100056,0.21507496369275855,0.14255121860802664
2020-07-31_CO,2020-12-03_CO,120,100,0.05005091428756714,0.29571056365966797,10000.0,0.22489750812063128,0.059871104261276176,0.11442633604150221,0.0985390968310392,0.06886809229714476,0.07584503308249668,0.16231786230020093,0.14277872580366208,0.08248184254654332,0.12096325668402541,0.19240492789316818,0.178757440495602,0.13080517513039555
2020-07-31_CO,2020-12-03_CO,120,100,0.05005091428756714,0.29571056365966797,100000.0,0.10474720842830693,0.05472140265523734,0.07052442560970895,0.06707103810306575,0.05722775844918689,0.06251254914342375,0.08260153668896808,0.07542976828091313,0.062051397815103444,0.07515439544690294,0.09073386895716842,0.08755131072505168,0.07623023717349633
2020-07-31_CO,2021-11-23_CO,480,10,0.027393296360969543,0.18095088005065918,1.0,-2.9411642035499543,-0.33682642925783274,-0.2778453542723404,-0.4672647488524882,-0.3231226216681397,-0.39476366956521397,-0.30327385072520796,-0.3837759044765366,-0.4656831482185119,-0.6658365108923769,-0.3830524614845357,-0.48800798031832066,-0.6404803014232014
2020-07-31_CO,2021-11-23_CO,480,10,0.027393296360969543,0.18095088005065918,10.0,-2.1349320229250566,-0.3269564227934982,-0.268427282237765,-0.445823482916782,-0.31426030214212636,-0.38215382428833905,-0.2884454480061007,-0.36176794131931755,-0.44943439130261514,-0.635383895980904,-0.35683344629489266,-0.4547102814001105,-0.605305053101742
2020-07-31_CO,2021-11-23_CO,480,10,0.027393296360969543,0.18095088005065918,100.0,-0.7285290195643453,-0.2500114405476546,-0.19723371301408082,-0.29739104122292587,-0.24360757314009515,-0.2854348333992007,-0.18507821408034092,-0.2183741162375096,-0.3284616261991928,-0.4336954820177368,-0.20318816292979708,-0.254564670509543,-0.38327863233514686
2020-07-31_CO,2021-11-23_CO,480,10,0.027393296360969543,0.18095088005065918,1000.0,-0.03679051377852649,-0.054845826765742706,-0.03340665792614478,-0.04135675671669736,-0.05013158306684116,-0.05198361169210636,0.003214842603281337,0.0011182252063617337,-0.05625773494584482,-0.0718155949489083,0.01325094295565482,0.015353937411012097,-0.035060401765757705
2020-07-31_CO,2021-11-23_CO,480,10,0.027393296360969543,0.18095088005065918,10000.0,0.04348148409063521,0.015000622456693508,0.019113834878794395,0.01730617653998437,0.019396639820500345,0.01816042236866766,0.029156260832517544,0.030804255588535556,0.01924467781746982,0.017421656363502985,0.03429787569570017,0.03541730474486263,0.025361884776982008
2020-07-31_CO,2021-11-23_CO,480,10,0.027393296360969543,0.18095088005065918,100000.0,0.02705953925249094,0.02616447564631419,0.028135403589158475,0.026906435535950318,0.027257288521768248,0.02679642359770601,0.0284385520578484,0.028788607144741157,0.027381050022201,0.02635020636054128,0.02777410084012344,0.02825342853938617,0.027819708224440066
2020-07-31_CO,2021-11-23_CO,480,20,0.027393296360969543,0.18095088005065918,1.0,-0.7309613086863778,-0.1404140397198268,-0.13200528989025778,-0.2255474840018818,-0.14762467614285887,-0.18134724680872788,-0.10024716834387412,-0.17067250106638523,-0.23303812324172704,-0.2806303165588338,-0.1431118942852786,-0.16157307940933047,-0.2708761032322792
2020-07-31_CO,2021-11-23_CO,480,20,0.027393296360969543,0.18095088005065918,10.0,-0.6911732641030399,-0.13806834973440313,-0.1294233017825147,-0.22048470146461194,-0.14505759947463806,-0.17789964898881974,-0.09672818832649563,-0.16498277880385548,-0.22834513736093567,-0.27420490511636036,-0.13692948932625074,-0.15436352523111216,-0.2630801159521562
2020-07-31_CO,2021-11-23_CO,480,20,0.027393296360969543,0.18095088005065918,100.0,-0.4372147873948838,-0.11743410695773795,-0.10684266693004507,-0.17784574311848544,-0.12249990371413556,-0.14800330881033694,-0.06686773297430629,-0.1182599679786476,-0.1881101673878338,-0.22098141681388128,-0.08736801278234815,-0.09727394493010877,-0.1999148272874901
2020-07-31_CO,2021-11-23_CO,480,20,0.027393296360969543,0.18095088005065918,1000.0,0.010514921112489056,-0.03183066029266998,-0.016130612523080123,-0.033813664576749614,-0.029529811366981174,-0.03254283141867734,0.03518106369591553,0.021778346584695296,-0.04033731017539861,-0.04459722140218067,0.05244588079798437,0.05526330042505739,-0.012210417818459366
2020-07-31_CO,2021-11-23_CO,480,20,0.027393296360969543,0.18095088005065918,10000.0,0.07905621251314493,0.020642788708840953,0.0292269855388739,0.025918171169339477,0.02456816307789325,0.024862012566592318,0.049334591275876194,0.04765328202315583,0.027487594889179557,0.029136041185635175,0.06130765288150586,0.06203019258915626,0.041368035522710345
2020-07-31_CO,2021-11-23_CO,480,20,0.027393296360969543,0.18095088005065918,100000.0,0.03561019436832341,0.02682195531394485,0.029714901764989615,0.028168941237736167,0.028070849078770915,0.027633637576139403,0.03163112609253127,0.0315206046771537,0.028751328274743415,0.027993657424560975,0.032561220415606384,0.03288679997491453,0.030790134645744555
2020-07-31_CO,2021-11-23_CO,480,50,0.027393296360969543,0.18095088005065918,1.0,-0.1479286979477968,-0.08461228512984267,-0.04685982539803776,-0.094696291668949,-0.06248395936745709,-0.0786419261402766,0.004549341848892219,-0.03322458911006637,-0.09248454424119378,-0.11045033942261215,-0.001204562398633452,-0.02483408082392094,-0.08771653154253119
2020-07-31_CO,2021-11-23_CO,480,50,0.027393296360969543,0.18095088005065918,10.0,-0.14324281661326585,-0.08393193721915149,-0.046254633440600185,-0.09367726169710736,-0.06189363532420083,-0.077871507484404,0.0053067875554398125,-0.03205356319470398,-0.09152183006606009,-0.10915332519042789,0.00011497945832350531,-0.023118939598032684,-0.08623203630745209
2020-07-31_CO,2021-11-23_CO,480,50,0.027393296360969543,0.18095088005065918,100.0,-0.10253447312981553,-0.0774835505177178,-0.04050901878181665,-0.08415205872372175,-0.05628779888629651,-0.07059846735307662,0.012400691131615599,-0.021189373013979218,-0.08247149819669843,-0.09707690127568325,0.012237635979455791,-0.007503966376942062,-0.07255644864711021
2020-07-31_CO,2021-11-23_CO,480,50,0.027393296360969543,0.18095088005065918,1000.0,0.05873719936041491,-0.03624128653711561,-0.0036271919501781047,-0.028921431185693458,-0.01994976166782759,-0.02544989143912421,0.05339619279440022,0.038021092445610166,-0.027755282388846874,-0.028143850910108875,0.07399875475817652,0.06820269212664554,0.00010819183034599389
2020-07-31_CO,2021-11-23_CO,480,50,0.027393296360969543,0.18095088005065918,10000.0,0.1122906087026958,0.02025473276615411,0.038284380991692235,0.027626572328699417,0.028864736461862283,0.02783915246455021,0.07190209479220105,0.06891130344166027,0.03314730209599237,0.03814531026009407,0.08878311544908882,0.08873141840502433,0.05378989868392282
2020-07-31_CO,2021-11-23_CO,480,50,0.027393296360969543,0.18095088005065918,100000.0,0.047252008522298966,0.02737013078172404,0.03172616618980095,0.028923254041362645,0.029576690788426174,0.028646444711963814,0.03714535728533111,0.03673701133335808,0.030741647452666627,0.030520408367809365,0.04028731522627757,0.040281012221072054,0.03502621111299641
2020-07-31_CO,2021-11-23_CO,480,100,0.027393296360969543,0.18095088005065918,1.0,0.06006989360603343,-0.026432747445888555,0.009565462302798922,-0.02276721687442837,-0.021829142741033748,-0.012733314200736617,0.0692437403470064,0.04998866927864329,-0.026050719891924434,-0.019855586932734648,0.08975576852178457,0.08422341878158873,0.0007052045397900886
2020-07-31_CO,2021-11-23_CO,480,100,0.027393296360969543,0.18095088005065918,10.0,0.06080414044623533,-0.02626782930127977,0.00971244527009174,-0.022556707241689594,-0.02164370497232294,-0.01256019059653804,0.06943851805237611,0.05022929215492247,-0.025817126320994033,-0.019533459239588935,0.09004245063602215,0.08453452036233985,0.001010682486664342
2020-07-31_CO,2021-11-23_CO,480,100,0.027393296360969543,0.18095088005065918,100.0,0.06777707409678993,-0.0246580511769994,0.011143833857389707,-0.020513318633761934,-0.01983550612178009,-0.01087509804846215,0.07131498516671583,0.05254817638210438,-0.023544916032421526,-0.016419585384908786,0.09278618208037201,0.08751172476270641,0.003957641681389262
2020-07-31_CO,2021-11-23_CO,480,100,0.027393296360969543,0.18095088005065918,1000.0,0.1124875782544287,-0.011754221420475136,0.022359235400321503,-0.004899942875260244,-0.00548371496500194,0.0022897892924254593,0.08460702738191445,0.0690715399920179,-0.005872501480219829,0.006539466174212527,0.11112672142066715,0.10743765236108571,0.025405645685311024
2020-07-31_CO,2021-11-23_CO,480,100,0.027393296360969543,0.18095088005065918,10000.0,0.1423716392861932,0.022834894706798142,0.04631991141388317,0.029120372144374268,0.03037079727510848,0.03225177583449934,0.09232254237078669,0.0843440249075337,0.03476483352244783,0.04666349292616109,0.11406790261236596,0.11293411706025067,0.060718006402095216
2020-07-31_CO,2021-11-23_CO,480,100,0.027393296360969543,0.18095088005065918,100000.0,0.06312404130598118,0.029332373698257808,0.03612224649570053,0.03093093605649072,0.03223235123243349,0.031083506239127617,0.046756973510676064,0.04485519718776526,0.03413203249417227,0.035368362423684435,0.052181693043336586,0.051672874973767935,0.04158165850084216
2021-02-23_CO,2021-02-25_CO,1,10,0.207535058259964,0.29701778292655945,1.0,-3.7792351148385768,0.06189596668036168,0.045367257895000485,0.0400430649506161,0.05974680678732011,-0.030335740812252543,-0.0736408794303359,-0.019159634728045966,-0.03309862630883082,-0.3720692565007112,-0.49239430192539096,-0.4685496633997645,-0.3539032730146961
2021-02-23_CO,2021-02-25_CO,1,10,0.207535058259964,0.29701778292655945,10.0,-1.6074792737515573,0.0679019452127573,0.0536449223556604,0.046937939527685435,0.06832134310501688,-0.013736275015108712,-0.05076678311536145,0.005072653869617472,-0.017254655681920323,-0.2949980453770823,-0.38920630153112423,-0.38477450572397287,-0.2920758571771116
2021-02-23_CO,2021-02-25_CO,1,10,0.207535058259964,0.29701778292655945,100.0,-0.26173054221053704,0.10902239835785901,0.09482251823757573,0.09544010662846772,0.12059877272053349,0.06609136361867188,0.051490258276273154,0.07994491875508983,0.07200755842382285,-0.03831971707343673,-0.08240236322753047,-0.0993044434449421,-0.04548412378079159
2021-02-23_CO,2021-02-25_CO,1,10,0.207535058259964,0.29701778292655945,1000.0,0.15532481256867847,0.18834886729196712,0.1840483127560704,0.18693133728911776,0.19485706495368374,0.18731827704497994,0.1912316488715558,0.18659673608741348,0.18988550889721,0.17881232135383923,0.17245340314018515,0.16666978981037764,0.17775425025479438
2021-02-23_CO,2021-02-25_CO,1,10,0.207535058259964,0.29701778292655945,10000.0,0.21324961021290692,0.20721876240861026,0.20801627770678155,0.20730648674157306,0.20749354813126522,0.21044174437751326,0.21279184550327992,0.2093156059602274,0.20795621606880288,0.21050523764909132,0.21141577633219866,0.21202004613827108,0.20817940772754362
2021-02-23_CO,2021-02-25_CO,1,10,0.207535058259964,0.29701778292655945,100000.0,0.20916316813690092,0.20768715335142957,0.20772921092924657,0.20767446969944547,0.20763608575813453,0.20824524216197488,0.2085827527119959,0.20821421091054285,0.2077498037352332,0.20842905811145815,0.20869275736531942,0.20889527946832703,0.20780982367533687
2021-02-23_CO,2021-02-25_CO,1,20,0.207535058259964,0.29701778292655945,1.0,-0.9450807177368235,0.14108078314644135,0.12585954927873919,0.1278088461080215,0.14699906547518263,0.08232528237503994,0.07468679510111556,0.08264452325941538,0.09210009006412127,-0.09387182152602255,-0.039584627209452716,-0.06419141305808113,-0.018083345562062276
2021-02-23_CO,2021-02-25_CO,1,20,0.207535058259964,0.29701778292655945,10.0,-0.7523549109668357,0.1428431891819537,0.12915724103599402,0.1299648799519137,0.14933639079761193,0.08773479342422194,0.08099261319141274,0.08854393616029349,0.09637268740237752,-0.07458174560398095,-0.022470856365635478,-0.04384448270415647,-0.007679943638428499
2021-02-23_CO,2021-02-25_CO,1,20,0.207535058259964,0.29701778292655945,100.0,-0.20658796198781892,0.15724415054476562,0.14513663890418665,0.14753682219656633,0.16713576674567565,0.11961703040195368,0.11143707755343171,0.12063409827121063,0.12857703267458642,0.0313532524599931,0.04235469081706156,0.032906109666954425,0.06141339621312623
2021-02-23_CO,2021-02-25_CO,1,20,0.207535058259964,0.29701778292655945,1000.0,0.17172607262350376,0.20081688993708563,0.19218877326373818,0.19859789395253646,0.2080922585510884,0.2015397620838029,0.19175901273117035,0.1972181291357316,0.20335647927955355,0.19954506316565843,0.1789801068108458,0.17964406234192037,0.19320010905008644
2021-02-23_CO,2021-02-25_CO,1,20,0.207535058259964,0.29701778292655945,10000.0,0.23041952981814334,0.2119682458318614,0.2115966836806778,0.2114870686289204,0.212475267141599,0.21917871482763626,0.21879986704536178,0.21554115445790362,0.21551969991635403,0.22316226944722328,0.2205937450800486,0.2238756942992227,0.2182841440054657
2021-02-23_CO,2021-02-25_CO,1,20,0.207535058259964,0.29701778292655945,100000.0,0.21474179424205253,0.208348602912912,0.20843388372950827,0.20825024731954558,0.20838488659380236,0.2100495050611156,0.20991220510334158,0.20944015697772636,0.2091188788461749,0.21124576387082417,0.21089144693190476,0.21174590700447243,0.2100492039470709
2021-02-23_CO,2021-02-25_CO,1,50,0.207535058259964,0.29701778292655945,1.0,-0.03721066840125428,0.19083648035442463,0.1633445686285896,0.18038312333405365,0.18235473327126575,0.18183419643604828,0.13875131687423994,0.1971650159985756,0.1715250968464932,0.15419101710484923,0.1433760987522458,0.11955602339997126,0.1325755564778922
2021-02-23_CO,2021-02-25_CO,1,50,0.207535058259964,0.29701778292655945,10.0,-0.029452051336050195,0.1911722931524154,0.16422648885189836,0.18073563754973967,0.18278800023352285,0.18296803091861583,0.14014083602056326,0.19864692640089326,0.17220572192667194,0.15591213720120667,0.14561667546732104,0.12184886220307453,0.133876064974402
2021-02-23_CO,2021-02-25_CO,1,50,0.207535058259964,0.29701778292655945,100.0,0.020353642657201104,0.19428291038249168,0.1695773954839759,0.1840165810772611,0.18676951418643484,0.18974890851134144,0.1489991137123566,0.2042452906770671,0.1784164393928278,0.16809820584188215,0.15824304699631928,0.13679143001977434,0.1454719964543263
2021-02-23_CO,2021-02-25_CO,1,50,0.207535058259964,0.29701778292655945,1000.0,0.17365877928421578,0.21101401144429413,0.1920574323752518,0.20240229401205,0.20727588910040584,0.21832209171648137,0.18686593157929404,0.2201869913247177,0.2091732333476355,0.21852353073014064,0.2063683867982939,0.1975777111238874,0.1992868181542841
2021-02-23_CO,2021-02-25_CO,1,50,0.207535058259964,0.29701778292655945,10000.0,0.24542761984858605,0.21983177683110586,0.21483138790417144,0.2162572714972878,0.2180585753743284,0.229578735974855,0.22285761354539826,0.22560461488409797,0.22412331651173814,0.237484382435335,0.2339626511459193,0.23613387793007212,0.22907153662674548
2021-02-23_CO,2021-02-25_CO,1,50,0.207535058259964,0.29701778292655945,100000.0,0.2237658713824247,0.2104641219380244,0.21022315089584315,0.20979509628878634,0.21009489493934844,0.2146232654706016,0.21357034788976265,0.21306834587860918,0.21196941769067112,0.21746640010882468,0.21648042342040405,0.21836431363507927,0.21445082837180704
2021-02-23_CO,2021-02-25_CO,1,100,0.207535058259964,0.29701778292655945,1.0,0.17114762578677523,0.22430549212571674,0.1896782776922202,0.2085861307423873,0.21860288319167523,0.22198462522035253,0.19214076335899577,0.21366078006126382,0.22134444166420186,0.2128520867719414,0.20846780372354742,0.20094860684592733,0.2114793834069237
2021-02-23_CO,2021-02-25_CO,1,100,0.207535058259964,0.29701778292655945,10.0,0.17211079331044582,0.22433454308975156,0.18978609241666594,0.20864063491304627,0.21864396684086992,0.2222477889643733,0.19228736726906065,0.21401264080262614,0.2214247215171519,0.21323313373326952,0.2088591625948729,0.201381940562292,0.21167432455283733
2021-02-23_CO,2021-02-25_CO,1,100,0.207535058259964,0.29701778292655945,100.0,0.17978070356388903,0.22461052576246796,0.19066683828322523,0.20916758000145322,0.2190342062477749,0.22370807691556358,0.1936304823014809,0.2159078963665553,0.22218823350400277,0.2158590091601367,0.21182665866764347,0.20436821815227546,0.21350188230283787
2021-02-23_CO,2021-02-25_CO,1,100,0.207535058259964,0.29701778292655945,1000.0,0.22090189694303855,0.2262885323122271,0.19755952413210595,0.21303652267164003,0.22147017555698548,0.22905229368772817,0.20517581862505732,0.22245244228831698,0.22704659599294916,0.22933348142608184,0.23019401579941873,0.2210226294180588,0.22485732913413728
2021-02-23_CO,2021-02-25_CO,1,100,0.207535058259964,0.29701778292655945,10000.0,0.2584836797353954,0.22313147638788727,0.21299011173455287,0.21816471042905736,0.22027819247186906,0.23071826361445794,0.22574254584432227,0.22840292013271554,0.2272305353842811,0.24063389816978484,0.24667546632151632,0.24251848058174405,0.23343816308806062
2021-02-23_CO,2021-02-25_CO,1,100,0.207535058259964,0.29701778292655945,100000.0,0.228605008711883,0.21159954748093313,0.2107726416498383,0.2109360219019694,0.2109400701285633,0.21631325644236868,0.2158740576514355,0.215055310626964,0.21339087209043037,0.2201001262143777,0.2208748786174793,0.22242320441867766,0.21654305281973898
2021-02-23_CO,2021-03-23_CO,30,10,0.13160285353660583,0.32326599955558777,1.0,-7.598898600584869,-0.7363248132847626,-0.9759984256920404,-0.7363248132847113,-0.25272738905323106,-1.0763917437957555,-1.4990320779708552,-1.0745523122485856,-0.6413110987046305,-1.4879733868697702,-1.1309608727434437,-1.652303679591681,-1.1476339607428254
2021-02-23_CO,2021-03-23_CO,30,10,0.13160285353660583,0.32326599955558777,10.0,-3.3446633643098256,-0.2480711565596389,-0.5673409857285987,-0.2480711565596399,-0.11137286299048736,-0.5262969948298051,-1.099674147626451,-0.6135407249327953,-0.48791527475614355,-0.8905023411421175,-0.8608108558809838,-1.2003742637823587,-0.9695220730978013
2021-02-23_CO,2021-03-23_CO,30,10,0.13160285353660583,0.32326599955558777,100.0,-0.9554445288019693,-0.031610585236613226,-0.30370315594258124,-0.031610585236614086,-0.021560753255386384,-0.18592105537204504,-0.5915071868110622,-0.2873665199942853,-0.25238513453535055,-0.37312251699651583,-0.4327969868015118,-0.5810402079254698,-0.47845992753117356
2021-02-23_CO,2021-03-23_CO,30,10,0.13160285353660583,0.32326599955558777,1000.0,-0.06071770629797846,0.07442890729484969,0.024152723514318852,0.0744289072948498,0.1055117994929855,0.021261647892140495,0.013238044582258385,-0.012055219376927856,0.061685246614872014,-0.006747383396409817,0.04586983435774897,-0.02972810359840891,0.027485283507024994
2021-02-23_CO,2021-03-23_CO,30,10,0.13160285353660583,0.32326599955558777,10000.0,0.126411714440721,0.12003653141109893,0.12887657049043824,0.12003653141109893,0.13468238153907938,0.10795114084380805,0.13211332334030226,0.11034844702492533,0.13348060115368118,0.10901588109630986,0.14418080321838117,0.11948677183781545,0.1327609887531798
2021-02-23_CO,2021-03-23_CO,30,10,0.13160285353660583,0.32326599955558777,100000.0,0.13539408674171108,0.13032463900044988,0.13281474485937714,0.1303246390004498,0.13285634908855182,0.12902219828550562,0.13390444447639574,0.12973887922638996,0.13365132409542999,0.1296271737771845,0.13695091523540628,0.1325683580464054,0.13438674065662198
2021-02-23_CO,2021-03-23_CO,30,20,0.13160285353660583,0.32326599955558777,1.0,-1.8064269490437592,-0.3298151845268202,-0.34393097001837747,-0.3298151845268307,-0.023323183834848178,-0.29245485670324,-0.5282849572537343,-0.3694128358197975,-0.17057208006298732,-0.6072704054437518,-0.5139680036555843,-0.8760408024347417,-0.43200125933991657
2021-02-23_CO,2021-03-23_CO,30,20,0.13160285353660583,0.32326599955558777,10.0,-1.311928107911937,-0.10678585200686588,-0.15595277612926234,-0.10678585200686863,0.03921302868737588,-0.11677399029723592,-0.28825213208944966,-0.17608036353211112,-0.10050535195640764,-0.29028039781065257,-0.2936851022090575,-0.49566836288543326,-0.30299253460585246
2021-02-23_CO,2021-03-23_CO,30,20,0.13160285353660583,0.32326599955558777,100.0,-0.5714089567334389,0.036239904520335625,-0.03701672642832596,0.036239904520335736,0.08102474603247446,0.006074555907407464,-0.11071399192161369,-0.03847787033037292,-0.026245771149688197,-0.09371539123285716,-0.13055445230306828,-0.19547799704901658,-0.14133337366889118
2021-02-23_CO,2021-03-23_CO,30,20,0.13160285353660583,0.32326599955558777,1000.0,0.038326353961788684,0.09646398041281598,0.0737289332349029,0.09646398041281587,0.12584130171274108,0.07658397635923583,0.0879208783346713,0.059495202292037974,0.09700453220840134,0.06026289869679202,0.10437706709151318,0.056742705555365536,0.08619363289184061
2021-02-23_CO,2021-03-23_CO,30,20,0.13160285353660583,0.32326599955558777,10000.0,0.15212276235945185,0.1224976929513183,0.13143597649087596,0.12249769295131827,0.13773954915442074,0.11227620533173174,0.14275366274246992,0.1170925114925597,0.13907285639113967,0.1186489024942412,0.15959564668123624,0.13393194499751657,0.14359653835265715
2021-02-23_CO,2021-03-23_CO,30,20,0.13160285353660583,0.32326599955558777,100000.0,0.13869794262108665,0.13053635695732052,0.13351794153312838,0.13053635695732047,0.13347872062946523,0.12883362519850933,0.13533055377513362,0.12999175885415098,0.13442064346557236,0.1298012925217333,0.1390152872242496,0.13415231613577322,0.13559274348713068
2021-02-23_CO,2021-03-23_CO,30,50,0.13160285353660583,0.32326599955558777,1.0,-0.4138463338857576,-0.01716298610970715,-0.05633863724812893,-0.01716298610970443,0.07878658818763194,0.0005523852529749906,-0.07666178914793037,-0.009770386898012046,0.02757467942530084,-0.11990112262455371,-0.06172338314903911,-0.15552827331503272,-0.028505286404770746
2021-02-23_CO,2021-03-23_CO,30,50,0.13160285353660583,0.32326599955558777,10.0,-0.30457257311603186,0.021093877468642164,-0.02536460430653223,0.021093877468642108,0.09244456467526306,0.03023519541290931,-0.0408807143797765,0.019507363050825066,0.04735322093356247,-0.05017905012229246,-0.013073829782820512,-0.08776339534031466,0.0042808947652931695
2021-02-23_CO,2021-03-23_CO,30,50,0.13160285353660583,0.32326599955558777,100.0,-0.12541284576673564,0.08414961855731332,0.02493686439592044,0.0841496185573137,0.11246267425118121,0.07997651429368094,0.019889126878068042,0.07199774859662372,0.08004936008129394,0.05200506231197058,0.06443064917419031,0.024907825959236296,0.05890247296024575
2021-02-23_CO,2021-03-23_CO,30,50,0.13160285353660583,0.32326599955558777,1000.0,0.11358076395465894,0.11972983859456057,0.0752117693227029,0.11972983859456057,0.13052240280842467,0.11742896689123455,0.09556880936065831,0.1145202248751476,0.12089621747971074,0.12038030801901778,0.14202302941399386,0.12975010485513452,0.12913449159790177
2021-02-23_CO,2021-03-23_CO,30,50,0.13160285353660583,0.32326599955558777,10000.0,0.1933368503603626,0.128870237961574,0.12886531529530415,0.12887023796157393,0.14122417878844495,0.12985513279658586,0.1513009242085666,0.13352229016273798,0.1469187599735459,0.14696514460266785,0.17722354292226153,0.16562945766456627,0.16080287638479465
2021-02-23_CO,2021-03-23_CO,30,50,0.13160285353660583,0.32326599955558777,100000.0,0.15182271688080162,0.13103947280226422,0.13483966045602536,0.13103947280226425,0.13547935444326129,0.13058640062776244,0.14073543497133398,0.13269337526581548,0.13794811648643804,0.13463251242575214,0.14731369218187165,0.1414538398032888,0.14180935120159713
2021-02-23_CO,2021-03-23_CO,30,100,0.13160285353660583,0.32326599955558777,1.0,-0.009828189074123223,0.03188470266109686,0.04190347134539302,0.03188470266109589,0.0953887073601558,0.0771576990348142,0.060609007843617446,0.07539739468918633,0.09823297591023951,0.010102830333548085,0.08017430012799284,0.028261693299298812,0.0912559897045528
2021-02-23_CO,2021-03-23_CO,30,100,0.13160285353660583,0.32326599955558777,10.0,0.01657671416241807,0.04836071896707089,0.048796543270051285,0.048360718967071725,0.09926399699947679,0.08714176586275621,0.06783737929264366,0.0849176660596922,0.10321483512056577,0.03344793633520998,0.09358473695010827,0.04756741347964588,0.09828525251567995
2021-02-23_CO,2021-03-23_CO,30,100,0.13160285353660583,0.32326599955558777,100.0,0.08553481429499846,0.0944182054754234,0.06867783913412207,0.09441820547542365,0.10994918346056058,0.11346980851597921,0.08932730222949353,0.1114315688470964,0.11748029780854885,0.0937568813950963,0.13118652094810918,0.10216886807476167,0.11858048705571855
2021-02-23_CO,2021-03-23_CO,30,100,0.13160285353660583,0.32326599955558777,1000.0,0.17355759997074607,0.12212746411638567,0.09091493092597014,0.12212746411638573,0.12183960675816753,0.13032034482140797,0.11768678881216446,0.13090068881571804,0.13448965971648072,0.13858276836379513,0.1695926295143864,0.15645155766796998,0.14714592484563152
2021-02-23_CO,2021-03-23_CO,30,100,0.13160285353660583,0.32326599955558777,10000.0,0.22287554093292075,0.13509970351006872,0.12725941323891515,0.1350997035100687,0.1382866249848416,0.14090288440300897,0.15287065349670448,0.1453533449765318,0.15119225921220292,0.16663150767785836,0.19266086129914803,0.1877584913517989,0.17039969787254047
2021-02-23_CO,2021-03-23_CO,30,100,0.13160285353660583,0.32326599955558777,100000.0,0.16713836492863834,0.1335390968510224,0.1364497224334109,0.13353909685102225,0.13690184848447662,0.135788577903341,0.14475619936267073,0.13890242822099852,0.14163402265940025,0.14434259845306496,0.15636858870181394,0.15333662455644365,0.14827628986358712
2021-02-23_CO,2021-06-28_CO,120,10,-0.14325568079948425,0.3346012532711029,1.0,-0.5473069852643868,-0.44921257686064414,-0.04952009846788788,-0.08270755669560284,-0.3025647136919301,-0.18007718607118214,-0.08525613057562997,-0.1159203808591173,-0.25147219967201706,-0.28749953740303735,-0.10854217324143117,-0.16687087791951177,-0.3666223427483288
2021-02-23_CO,2021-06-28_CO,120,10,-0.14325568079948425,0.3346012532711029,10.0,-0.32845324790880387,-0.3908203557453762,-0.02856931433699028,-0.07164090001195184,-0.257716083793378,-0.14550954802648386,-0.05368512176245854,-0.09005511949064643,-0.21175696957810294,-0.20234782556282271,-0.03178596994193428,-0.09515893737386022,-0.2923605538713183
2021-02-23_CO,2021-06-28_CO,120,10,-0.14325568079948425,0.3346012532711029,100.0,0.0024521637943490937,-0.1329376339722102,0.03774102457386541,-0.02085300473734672,-0.10223330554463435,-0.038355305792709515,0.04764170549132227,-0.009448180265720751,-0.09732376284872553,-0.019901217714814262,0.11286618825857811,0.06783314137697463,-0.10349019417187803
2021-02-23_CO,2021-06-28_CO,120,10,-0.14325568079948425,0.3346012532711029,1000.0,0.08620892923373677,-0.04098441803899747,0.03884795478947234,0.03396366746027696,-0.07048962964739251,0.0414133059128283,0.08092243554774267,0.052968147690248185,-0.05139852718115839,0.06905005397561992,0.11707279887145727,0.1026482422986528,0.00899014584988824
2021-02-23_CO,2021-06-28_CO,120,10,-0.14325568079948425,0.3346012532711029,10000.0,0.009622650860265203,-0.1331889264502184,-0.04425475930193948,-0.017786118507966936,-0.129435086854809,-0.029595152746412584,-0.03297127017512902,0.010068800464331062,-0.09484086741369224,0.006949766205087304,0.008438978742612097,0.01079734224757159,-0.017180385722552965
2021-02-23_CO,2021-06-28_CO,120,10,-0.14325568079948425,0.3346012532711029,100000.0,-0.10890382705912466,-0.14287005282731294,-0.12280074036226465,-0.11855271986092103,-0.1414462161417437,-0.12284193248158312,-0.1251345834633477,-0.10254967111906954,-0.13287778169340958,-0.10589886795809941,-0.10768383279554389,-0.10642148323999362,-0.10870024329089915
2021-02-23_CO,2021-06-28_CO,120,20,-0.14325568079948425,0.3346012532711029,1.0,-0.8782619572886458,-0.13108465078412918,-0.05944147027858088,-0.08529650045587345,-0.16281679784117933,-0.1915611668276,-0.0322773118135439,-0.15132574230023343,-0.2701031875024903,-0.28572801751607235,-0.15147378594690858,-0.2638622458706219,-0.21663143058994508
2021-02-23_CO,2021-06-28_CO,120,20,-0.14325568079948425,0.3346012532711029,10.0,-0.7079604226355092,-0.12847140530592482,-0.05535189277905922,-0.08199448430893477,-0.16063231380971899,-0.17926849282796545,-0.026774969406633403,-0.14001427570481778,-0.2641424949971106,-0.2567230980795985,-0.12637540957152568,-0.23466378366749494,-0.2048137444120591
2021-02-23_CO,2021-06-28_CO,120,20,-0.14325568079948425,0.3346012532711029,100.0,-0.19651016370620628,-0.11163544171125778,-0.02494102652080052,-0.05655756806785711,-0.14309671282046107,-0.10247478791863168,0.012032988790623256,-0.06885410588923979,-0.21753232400414613,-0.10108900303433063,0.002995030158600115,-0.0751555708964963,-0.129683943334593
2021-02-23_CO,2021-06-28_CO,120,20,-0.14325568079948425,0.3346012532711029,1000.0,0.1182429457414661,-0.08149997860306804,0.04299751896393414,0.013289264328280342,-0.09794975285960117,0.021416964893924917,0.084653421511581,0.03467278827477413,-0.09209629317828033,0.05450948876580594,0.1275551445120691,0.0822041579215434,-0.00040475494718431965
2021-02-23_CO,2021-06-28_CO,120,20,-0.14325568079948425,0.3346012532711029,10000.0,0.06814760659848157,-0.11456452349702359,0.00010682405408665718,0.012839306625979902,-0.11966149146901213,0.006460677587265179,0.028021902541886773,0.030737935835005087,-0.0765340364563403,0.035736668584397085,0.0598743262359025,0.04264069445928528,0.008906719846090335
2021-02-23_CO,2021-06-28_CO,120,20,-0.14325568079948425,0.3346012532711029,100000.0,-0.07515740551682687,-0.13876393328301911,-0.11359547316575366,-0.10790182661880737,-0.1399774376734543,-0.11002254585448337,-0.10736698487922536,-0.08591822309441208,-0.12812680020778186,-0.08556146069928908,-0.08186590839633084,-0.08393293774903188,-0.09352025764008857
2021-02-23_CO,2021-06-28_CO,120,50,-0.14325568079948425,0.3346012532711029,1.0,-0.024029989022472997,-0.07123959932081628,0.06712932214763193,0.05814690787469931,-0.08434910588671192,-0.00036291655165013315,0.13235277124429695,0.05202826175305861,-0.10571829179381657,-0.04803063783889208,0.14879488092045146,0.00509264356450051,-0.01802706126045071
2021-02-23_CO,2021-06-28_CO,120,50,-0.14325568079948425,0.3346012532711029,10.0,-0.016721334125903986,-0.07061465310233014,0.06752882880085961,0.05851076295580185,-0.08421482642120896,0.0013010089723078377,0.13293261527941969,0.05316843878809713,-0.10490104808878198,-0.0443595475910985,0.15049541781786352,0.008027159510594822,-0.016504968082532535
2021-02-23_CO,2021-06-28_CO,120,50,-0.14325568079948425,0.3346012532711029,100.0,0.03900164135449258,-0.0654629805342736,0.07109457928438248,0.06178112276369069,-0.08302291032143172,0.014984516458131397,0.1380551276846327,0.06290443560078138,-0.09742351240236351,-0.014704613163175395,0.16466523188994917,0.03217245431198132,-0.0038682592847656496
2021-02-23_CO,2021-06-28_CO,120,50,-0.14325568079948425,0.3346012532711029,1000.0,0.18580192774790424,-0.04873495038915321,0.08368537047184971,0.07462485578010813,-0.07956461088956508,0.06144455298798163,0.1550400438664978,0.10176853998870411,-0.06057416386940708,0.08244061481179063,0.20746107712785805,0.11524640244296513,0.04363543402135939
2021-02-23_CO,2021-06-28_CO,120,50,-0.14325568079948425,0.3346012532711029,10000.0,0.1355158595704062,-0.08226463329451464,0.02217583542279511,0.029562710453769625,-0.10657930848410813,0.028730755954849613,0.07583002406110614,0.06929765917215203,-0.06439234007766083,0.07061863316931194,0.12615543741550544,0.08509888022496298,0.025328238715758955
2021-02-23_CO,2021-06-28_CO,120,50,-0.14325568079948425,0.3346012532711029,100000.0,-0.049771384211729386,-0.13209706635886753,-0.1028385568742193,-0.09674649544390931,-0.1368690326775798,-0.09816005981699075,-0.08810138998525244,-0.07036765166011014,-0.12317191747816895,-0.0692027331466959,-0.057077392529191195,-0.06586019299653467,-0.08495723128037641
2021-02-23_CO,2021-06-28_CO,120,100,-0.14325568079948425,0.3346012532711029,1.0,0.23198536697390693,-0.016759856398234768,0.11853720844389631,0.09565030839718619,-0.052282844870142314,0.11693716882840743,0.2004959941434442,0.14697570479510075,-0.017660028154306912,0.15502943084228535,0.2696333451830571,0.2039867742252656,0.09064072301871824
2021-02-23_CO,2021-06-28_CO,120,100,-0.14325568079948425,0.3346012532711029,10.0,0.23277124308169322,-0.01668065428974605,0.11853023846529295,0.0957016542526474,-0.05232956896192598,0.11710110149310798,0.20052473350481276,0.14712350050963766,-0.017615553467534517,0.15534960147900775,0.26978596211441147,0.20424984545357733,0.09082836296621322
2021-02-23_CO,2021-06-28_CO,120,100,-0.14325568079948425,0.3346012532711029,100.0,0.23960678690251738,-0.016087640902762268,0.11843050421743351,0.09616237931379651,-0.052800764918910205,0.11844872394268602,0.20074191970992736,0.14839599093612296,-0.017210483741123283,0.1580578339158437,0.27101990940068843,0.20643500949761334,0.09245641079991052
2021-02-23_CO,2021-06-28_CO,120,100,-0.14325568079948425,0.3346012532711029,1000.0,0.266538666634231,-0.01732303247893041,0.11523899671676441,0.09707450697262873,-0.05769530513418782,0.12084773731606602,0.1981346869265927,0.15256801278083457,-0.01599484160676588,0.16646728783293926,0.2708335338526449,0.21101042576853732,0.09813302713527865
2021-02-23_CO,2021-06-28_CO,120,100,-0.14325568079948425,0.3346012532711029,10000.0,0.1983950637867631,-0.058275006992193235,0.055082046793102274,0.05300272791980576,-0.09106522631408198,0.06901186909791751,0.11946848705180418,0.10876819634365631,-0.04495198648243473,0.11701571066420027,0.1827690358823185,0.1421526503674969,0.05601657925426325
2021-02-23_CO,2021-06-28_CO,120,100,-0.14325568079948425,0.3346012532711029,100000.0,-0.018348053260796082,-0.1236401117311601,-0.08806713431823857,-0.08109629265832599,-0.13237572290512697,-0.07933392144432738,-0.06585691198866775,-0.04812799070820631,-0.11522827698428216,-0.04531937711773576,-0.02711581509708197,-0.03954734476611968,-0.07044605546354904
2021-02-23_CO,2022-06-13_CO,480,10,-0.02259889245033264,0.40180009603500366,1.0,-0.3742070493372075,-0.0362725726747459,-0.036065481542618544,-0.01827579882524602,-0.06560854162722886,-0.15621180400234164,-0.1417348392228583,-0.08755805118572196,-0.15672012443449254,-0.5389491863751525,-0.19662072655053614,-0.3025358392782747,-0.4659517783781246
2021-02-23_CO,2022-06-13_CO,480,10,-0.02259889245033264,0.40180009603500366,10.0,-0.2649672724043948,-0.03286363121491284,-0.026819157744577743,-0.011628382769321294,-0.06080786243359088,-0.14432625480511946,-0.1195354881011704,-0.07054923417823997,-0.1427592422693695,-0.4600566897231925,-0.13020821898786056,-0.24421019725761212,-0.3899768582923151
2021-02-23_CO,2022-06-13_CO,480,10,-0.02259889245033264,0.40180009603500366,100.0,-0.014886196715219041,-0.010376208562191375,0.028618556074287038,0.028655931530516043,-0.029786062327596414,-0.07587617150066076,-0.012821620815064022,0.013535595208196943,-0.06461453978386482,-0.17103377324021607,0.05393980005275836,-0.04407818561933802,-0.13519653171512272
2021-02-23_CO,2022-06-13_CO,480,10,-0.02259889245033264,0.40180009603500366,1000.0,0.07496241754958921,0.008836052168209263,0.058724418475311846,0.0468580131722616,0.004212320183814196,-0.0010268652785763999,0.05416385204297455,0.05366364000333665,0.010120960697241018,0.0038255873130482454,0.09557966368731297,0.05739630068421528,0.01360933054570107
2021-02-23_CO,2022-06-13_CO,480,10,-0.02259889245033264,0.40180009603500366,10000.0,0.020480779411260586,-0.015010157411297326,-0.0013376800082947338,-0.003501751224755323,-0.01389232663150126,-0.014280617449254074,0.0027599698969387743,-0.0014698937872502649,-0.00997653589264641,-0.009113202006423515,0.01291060843639294,0.005743282017537987,-0.004704281232054334
2021-02-23_CO,2022-06-13_CO,480,10,-0.02259889245033264,0.40180009603500366,100000.0,-0.013833546261259683,-0.02173024060468637,-0.01987498552931477,-0.019975785999545664,-0.021442520094292122,-0.021584219545958683,-0.018615240582742637,-0.019538070530931928,-0.02070581949618967,-0.020573119661100425,-0.01705561050552898,-0.017939876896496232,-0.019436898688496084
2021-02-23_CO,2022-06-13_CO,480,20,-0.02259889245033264,0.40180009603500366,1.0,-0.7200399862271512,-0.0021795289855781608,0.17444762656349946,0.08674343194629355,-0.009605758770044695,-0.050469548222114,0.1429295307437537,0.14337963570675083,-0.013615785040336614,-0.11544056098537442,0.13812580099390184,0.0826249262115348,-0.07768956388376659
2021-02-23_CO,2022-06-13_CO,480,20,-0.02259889245033264,0.40180009603500366,10.0,-0.5060934448677714,-0.0012969573178217564,0.1749282128420619,0.08785856568808095,-0.008662677965824891,-0.04836396680514993,0.14533219872010647,0.14594182328781538,-0.011640148085225677,-0.10867392484357646,0.14342664750660605,0.0884475365458453,-0.07174382022998353
2021-02-23_CO,2022-06-13_CO,480,20,-0.02259889245033264,0.40180009603500366,100.0,-0.015800385143886125,0.005633083293036828,0.1772725493057035,0.09535003942202308,-0.001057052072528199,-0.03166278167825351,0.16059674199680837,0.1631323449473458,0.0037293860302707593,-0.05922189232049946,0.1762706483606685,0.12626073650606834,-0.028868834919456954
2021-02-23_CO,2022-06-13_CO,480,20,-0.02259889245033264,0.40180009603500366,1000.0,0.16769589074356914,0.015271039750243298,0.14404253352529395,0.08531654398948288,0.014737444865550314,0.006010661438386022,0.14652421453077774,0.15308959974492486,0.03442497654178531,0.029849463421894318,0.18039211969004895,0.1509909746272309,0.04733745826880564
2021-02-23_CO,2022-06-13_CO,480,20,-0.02259889245033264,0.40180009603500366,10000.0,0.06803588915454198,-0.01115689914306589,0.03017210716361407,0.012361244777838898,-0.007667696889120769,-0.010642357156211701,0.03575888853353543,0.03551181834133485,0.002502946778615095,0.000822542810394622,0.053364690274564475,0.0446383279758264,0.012202846833282063
2021-02-23_CO,2022-06-13_CO,480,20,-0.02259889245033264,0.40180009603500366,100000.0,-0.005390513722867585,-0.021203216947265152,-0.015368867794284147,-0.017465713075166672,-0.020420568628555496,-0.021067872622132333,-0.01356440608264195,-0.014259991694305335,-0.018640159289684755,-0.01909813109987904,-0.010594285136934806,-0.011817897722189163,-0.016624758084842806
2021-02-23_CO,2022-06-13_CO,480,50,-0.02259889245033264,0.40180009603500366,1.0,0.18426384544733715,0.0480770477473044,0.20917259396281354,0.12826013760313143,0.020874064446227625,0.03546934161541451,0.23331997963800177,0.19537714910681278,0.040039670273108154,0.07193102364390985,0.299084088105646,0.20297002602217254,0.05629732899524398
2021-02-23_CO,2022-06-13_CO,480,50,-0.02259889245033264,0.40180009603500366,10.0,0.18832281686258803,0.04816501700700418,0.2091589505162102,0.12829220406076855,0.021080418559128632,0.03572738313140181,0.23347120924095677,0.1957533330158097,0.04040647639047068,0.07248633992959841,0.299522563978162,0.20370001020399736,0.05708350521096379
2021-02-23_CO,2022-06-13_CO,480,50,-0.02259889245033264,0.40180009603500366,100.0,0.22083440490504996,0.04888184083415459,0.2087875228029956,0.12838976752017572,0.02295767915769642,0.03800601531392489,0.2344725921735625,0.198888867660591,0.04372914271651496,0.07737805386313878,0.30287814531160717,0.20986606017162843,0.06412719102660759
2021-02-23_CO,2022-06-13_CO,480,50,-0.02259889245033264,0.40180009603500366,1000.0,0.29601606158991245,0.04742040524220381,0.1939108098040166,0.1191068267548285,0.030822454242943376,0.044615714290580616,0.2222118466611964,0.19980928509035464,0.05782761782678834,0.0928490783687686,0.29414021252570177,0.22097464166616035,0.0932331784544181
2021-02-23_CO,2022-06-13_CO,480,50,-0.02259889245033264,0.40180009603500366,10000.0,0.1778947477733529,0.008069399103839692,0.08495581560997553,0.045400255250624466,0.010523259747148453,0.010793876220102527,0.10534582693015493,0.09860439280719097,0.03148656841223885,0.040753802705531195,0.14997321150219897,0.1179313359044677,0.06095447013228497
2021-02-23_CO,2022-06-13_CO,480,50,-0.02259889245033264,0.40180009603500366,100000.0,0.027439240779855434,-0.01824734234135178,-0.003539493398475091,-0.010493177747216781,-0.016607070849218114,-0.01759051430761252,0.002969901826943261,0.0012264148443104916,-0.011731975031141687,-0.011582862427986618,0.014890770377298745,0.007414849593735506,-0.004480521345519989
2021-02-23_CO,2022-06-13_CO,480,100,-0.02259889245033264,0.40180009603500366,1.0,0.3256397689207485,0.06320904209682815,0.21897273711625959,0.14063728459106278,0.03949026758833251,0.06573719571700226,0.23867577803674692,0.20979704932012236,0.06641533428099713,0.11366147068804777,0.31940537846841643,0.24059931252099803,0.10558302559492673
2021-02-23_CO,2022-06-13_CO,480,100,-0.02259889245033264,0.40180009603500366,10.0,0.32623283872306424,0.06322515858754188,0.2190013829267606,0.14066377334898095,0.03954411816078224,0.06578485767945685,0.23881124818221458,0.20998737696447897,0.0665134965312514,0.11378734495548298,0.3195683106113773,0.24081726016725158,0.10577627187222316
2021-02-23_CO,2022-06-13_CO,480,100,-0.02259889245033264,0.40180009603500366,100.0,0.33162350994032097,0.06335348897881418,0.21922020411937543,0.14087570296911245,0.0400501127567659,0.06621402273682248,0.24002688938578154,0.21174416471340166,0.06743884983215755,0.1149493429006836,0.32100108098927715,0.24281435411682212,0.10759218674830333
2021-02-23_CO,2022-06-13_CO,480,100,-0.02259889245033264,0.40180009603500366,1000.0,0.35395114095407526,0.062317940421320356,0.21668358711574387,0.1393485743501528,0.0427086034965121,0.0671406791546893,0.2429430469469397,0.21916254734497945,0.07260328838838738,0.11982929844625134,0.3228742716275756,0.25066725561114733,0.11765612839049489
2021-02-23_CO,2022-06-13_CO,480,100,-0.02259889245033264,0.40180009603500366,10000.0,0.2647562428802813,0.029574453187653088,0.142781193207485,0.0882718428551369,0.027790795178826305,0.035349582990561595,0.16933414177215905,0.15648377092480273,0.05399794912607104,0.07828653609674668,0.22572369677584703,0.1815483398208539,0.09281515082321039
2021-02-23_CO,2022-06-13_CO,480,100,-0.02259889245033264,0.40180009603500366,100000.0,0.06788310438268652,-0.013029152815498296,0.016410287679292646,0.004022027595891126,-0.010090480821983624,-0.011368622493701741,0.028810376489501882,0.02415296474785994,-0.001946049410073351,0.0009548789325306284,0.048839943924874535,0.0349401074229678,0.010801154994264364
2021-05-04_CO,2021-05-11_CO,7,10,0.08843223750591278,0.2880399823188782,1.0,-6.2205778340110145,0.06953139762320387,0.007019377536969823,0.030970573510472332,0.0249836438737905,-0.04428312580610691,-0.08162857655130457,-0.09623187367356237,-0.0754391109613262,-0.2452533120920397,-0.28031402750454293,-0.31941119605901436,-0.33276767731797025
2021-05-04_CO,2021-05-11_CO,7,10,0.08843223750591278,0.2880399823188782,10.0,-2.007903076012324,0.07344606028661907,0.014506881377414876,0.03517822217040295,0.028962139402300757,-0.02579742220047712,-0.06036347261935193,-0.06782822081387538,-0.06601449707771094,-0.1926348586453338,-0.2290481681211006,-0.25281815833339705,-0.29538056772072097
2021-05-04_CO,2021-05-11_CO,7,10,0.08843223750591278,0.2880399823188782,100.0,-0.3393207954628748,0.09971522737821606,0.06104416823389944,0.06443359612769389,0.05782210611846896,0.05447534365272089,0.036294309871733654,0.04248491231786264,-0.002222153257743701,0.0003676969012809672,-0.015520985410781007,-0.011394437857477957,-0.11351759294826173
2021-05-04_CO,2021-05-11_CO,7,10,0.08843223750591278,0.2880399823188782,1000.0,0.11554425154402201,0.1320763977534325,0.1195093949733689,0.10902068244680546,0.10979598624718921,0.13515269498187094,0.13106061511050365,0.1314193713676756,0.10472462110914184,0.1470608310219619,0.1570770560009472,0.1530164694649839,0.09374152225863881
2021-05-04_CO,2021-05-11_CO,7,10,0.08843223750591278,0.2880399823188782,10000.0,0.13620125654787868,0.10992451935053563,0.10402128337668654,0.10187792988723943,0.10492795091921536,0.11432620833264923,0.11458577122693497,0.11438485069434073,0.10838123675271531,0.1252349153617901,0.1300094706555471,0.12764856404472522,0.10875736325931028
2021-05-04_CO,2021-05-11_CO,7,10,0.08843223750591278,0.2880399823188782,100000.0,0.10598388545435083,0.09342536448441999,0.0927221866842887,0.09240834946405396,0.09219352457222237,0.09690252196263255,0.09613397354052397,0.09683629859315304,0.09470469908479073,0.10274093084130989,0.1018307212661273,0.103439998025006,0.09755400782183789
2021-05-04_CO,2021-05-11_CO,7,20,0.08843223750591278,0.2880399823188782,1.0,-0.4557244410880722,0.09021822269355201,0.05335537606415097,0.055684832275439605,0.04868661629042693,0.07406739610989913,0.05151663896608885,0.050121203952708276,0.017703527159911765,0.05878111162998054,0.035635810738863904,0.0626438348845306,-0.08225621480652096
2021-05-04_CO,2021-05-11_CO,7,20,0.08843223750591278,0.2880399823188782,10.0,-0.38705450695440624,0.09190535817512907,0.05634368370830886,0.05799919887062338,0.050286021142080556,0.07857905419868857,0.05634403490707643,0.05548968066704335,0.020932683659791645,0.0653815681196431,0.04352112432679431,0.07033919696077351,-0.07466769459864962
2021-05-04_CO,2021-05-11_CO,7,20,0.08843223750591278,0.2880399823188782,100.0,-0.11375328058453846,0.10574778358956274,0.07974887387920196,0.07669828722690036,0.06394511016124328,0.10714163568159829,0.09046081903432598,0.09185942568024383,0.04696535075949623,0.10895464267722382,0.09769578430778189,0.11814636416313543,-0.019009352712005167
2021-05-04_CO,2021-05-11_CO,7,20,0.08843223750591278,0.2880399823188782,1000.0,0.16287375685717276,0.14132851738629792,0.1311994565002332,0.12278801483877294,0.10965880470990601,0.15937299534715743,0.14971409328612154,0.15627605693333815,0.11758787881313228,0.18365623022527203,0.18713218280420102,0.18864280183046833,0.10853592145298607
2021-05-04_CO,2021-05-11_CO,7,20,0.08843223750591278,0.2880399823188782,10000.0,0.1641331332896159,0.1205237559616534,0.11426094075495005,0.11125186241261006,0.11206871045701168,0.13000838699548123,0.12917037309246027,0.12971723080156056,0.11834452550811021,0.14722050800648082,0.15261917235862033,0.1491397589528867,0.12088889510054279
2021-05-04_CO,2021-05-11_CO,7,20,0.08843223750591278,0.2880399823188782,100000.0,0.11517694363959113,0.0967279243439465,0.09610045141718712,0.09528872035961233,0.09500391028611377,0.10144493818933528,0.10105049254014686,0.10164051758122164,0.09893726176568197,0.10999671880335285,0.1094012553073494,0.11063345493369472,0.10293961026928766
2021-05-04_CO,2021-05-11_CO,7,50,0.08843223750591278,0.2880399823188782,1.0,0.04310751578701241,0.1274934901555466,0.10145462719547388,0.09100026860240623,0.07503243123917204,0.14630130071932543,0.1127957767130609,0.11370287381233213,0.07055864290054524,0.13058156809953653,0.1371825215240843,0.1529796731463385,0.0457489916614566
2021-05-04_CO,2021-05-11_CO,7,50,0.08843223750591278,0.2880399823188782,10.0,0.04727160574619588,0.12780976012357667,0.10211770125382844,0.09145420507584742,0.07547101981506392,0.14705785897362536,0.11359077817565755,0.11485354251058955,0.0712638304086292,0.1321483394991828,0.1383589657586794,0.15436547024264222,0.04708287011912698
2021-05-04_CO,2021-05-11_CO,7,50,0.08843223750591278,0.2880399823188782,100.0,0.0773521513528769,0.13072715733185683,0.10820353428633583,0.09565990370060995,0.07959932552489006,0.15286732978069376,0.1208162252555722,0.12420818793289676,0.07780889969554403,0.14481157445461268,0.14884968671212434,0.16556070425863495,0.05884074839275085
2021-05-04_CO,2021-05-11_CO,7,50,0.08843223750591278,0.2880399823188782,1000.0,0.17612785420149993,0.14538197224906932,0.13818764237645842,0.11787958800383136,0.10421123351700694,0.17033598861832813,0.15483229304264695,0.15760667725597635,0.1133692522948659,0.18802636667768946,0.19318711146893394,0.20292058426798118,0.11427720866842389
2021-05-04_CO,2021-05-11_CO,7,50,0.08843223750591278,0.2880399823188782,10000.0,0.19282223977274196,0.1366569096187751,0.13698902698318488,0.12227964585808476,0.12002428415427961,0.15102379814502398,0.15182537622761136,0.147770088884607,0.1303599618022504,0.1717859325560449,0.18099038909767526,0.1797062493163613,0.13961726564682267
2021-05-04_CO,2021-05-11_CO,7,50,0.08843223750591278,0.2880399823188782,100000.0,0.1316029667771011,0.10302384395950898,0.1043384557110672,0.10012709985468424,0.09922240719098141,0.10969605854739892,0.11096167145421518,0.10981847418599375,0.10479803186213991,0.1210274400467111,0.12229797672513013,0.1234202599001763,0.11122193806698584
2021-05-04_CO,2021-05-11_CO,7,100,0.08843223750591278,0.2880399823188782,1.0,0.17185938418718283,0.14840436440453936,0.1410630400636441,0.12465547513369818,0.10645034086511847,0.16578864092835635,0.15660241681018366,0.15690053359166428,0.11709801125473933,0.18585778435810466,0.1951069961621436,0.2162923059544397,0.1295049289247652
2021-05-04_CO,2021-05-11_CO,7,100,0.08843223750591278,0.2880399823188782,10.0,0.1727911402048536,0.14849413714723406,0.14119794060798588,0.1247684508519489,0.10657414475925053,0.16601279246914202,0.15677726293796332,0.1571465630148329,0.117271547640043,0.18620588432570376,0.19538185555251336,0.21658863292072314,0.12978041151107203
2021-05-04_CO,2021-05-11_CO,7,100,0.08843223750591278,0.2880399823188782,100.0,0.1800789102191863,0.14935713334734319,0.1424955445194342,0.12585771454170175,0.10777581463470105,0.16798860762471304,0.15845447892107173,0.15935408360727119,0.11894913860644414,0.1893505743383491,0.1979847251758867,0.2192270256494377,0.13236709834272029
2021-05-04_CO,2021-05-11_CO,7,100,0.08843223750591278,0.2880399823188782,1000.0,0.21687910229815427,0.15529563640114816,0.15150241568125855,0.13359462097982477,0.11687786009273012,0.17826543931114916,0.16997713946899273,0.17153214493856536,0.13122679613974905,0.20666506847691843,0.21425053649307593,0.23247827823962358,0.14929451812729344
2021-05-04_CO,2021-05-11_CO,7,100,0.08843223750591278,0.2880399823188782,10000.0,0.23639723322945147,0.15335549652793382,0.1530031790093359,0.13764676132380702,0.13019571095958238,0.17508613071970264,0.17357412314297793,0.17085003199371177,0.14567057698269578,0.20468359594230137,0.2125906869258398,0.21861178204607826,0.16433653578302101
2021-05-04_CO,2021-05-11_CO,7,100,0.08843223750591278,0.2880399823188782,100000.0,0.15842705015706227,0.11508739013401895,0.11582617204197487,0.10986428787364066,0.10758789123708967,0.12547861737668242,0.12607404253395463,0.12470595966383052,0.11640320259715965,0.1401399203121574,0.14270748202933695,0.1444930139213482,0.12617423383035284
2021-05-04_CO,2021-06-01_CO,30,10,-0.049451008439064026,0.2877318859100342,1.0,-1.596695428652781,-0.1435418650830435,-0.13930815124257118,-0.013324015137766293,-0.1466609099873503,-0.07709602848899172,-0.10420392968069991,-0.13568855963127893,-0.19744133444162135,-0.2706247216731173,-0.30823621905258436,-0.33837920289530016,-0.3944630132227353
2021-05-04_CO,2021-06-01_CO,30,10,-0.049451008439064026,0.2877318859100342,10.0,-0.91386225519951,-0.12995277235199887,-0.12495953907884275,-0.007053261845275216,-0.13963393796154036,-0.06132286065685602,-0.0898615355119097,-0.11669837486051385,-0.1850531617185792,-0.21201633972391595,-0.24534669659846642,-0.2712687490617391,-0.34508066371410734
2021-05-04_CO,2021-06-01_CO,30,10,-0.049451008439064026,0.2877318859100342,100.0,-0.20539022478940816,-0.05496258332887333,-0.06372011834720914,0.02463138204894419,-0.09001516317100262,0.016953997703132717,-0.02829339511737486,-0.02314825932288969,-0.10841414919745233,-0.04516111802338624,-0.05737562787422834,-0.05676574457773517,-0.15688931643854018
2021-05-04_CO,2021-06-01_CO,30,10,-0.049451008439064026,0.2877318859100342,1000.0,0.015214705223708436,0.002968329519997953,-0.023572059121841016,0.02917353781108617,-0.010236724967790942,0.059422089234838604,0.013322940004169392,0.03704388966686767,-0.0030718510469254223,0.057714012978236695,0.04547320105808869,0.05915279996679251,-0.010577806887427987
2021-05-04_CO,2021-06-01_CO,30,10,-0.049451008439064026,0.2877318859100342,10000.0,0.013425303931119903,-0.019700973928072324,-0.03316961108668434,-0.015366669108487746,-0.02698285561881027,0.000666560273347605,-0.01907944756597066,-0.01090185418356257,-0.015132845046494647,0.010908966312920404,0.003208781482856804,0.006017485583199034,-0.00991273683659491
2021-05-04_CO,2021-06-01_CO,30,10,-0.049451008439064026,0.2877318859100342,100000.0,-0.022139482307380914,-0.043226687278418274,-0.045526269615658116,-0.04352052776233789,-0.045598775251594226,-0.038456909090388014,-0.0413573160878947,-0.03918009522412311,-0.04130074831439532,-0.03159017711581774,-0.031863469494062324,-0.03155948588459781,-0.03671042655029922
2021-05-04_CO,2021-06-01_CO,30,20,-0.049451008439064026,0.2877318859100342,1.0,-0.8474914125869865,-0.04527321722077418,-0.06591317635234012,0.07726246239609061,-0.049601893553351074,0.04359735353149263,0.0033826198273267105,0.028072496815908288,-0.10834745937898371,-0.04986771258823833,-0.03599876407536512,-0.07282598935334977,-0.17956199992779784
2021-05-04_CO,2021-06-01_CO,30,20,-0.049451008439064026,0.2877318859100342,10.0,-0.7275971717480116,-0.04265024099417719,-0.06392276428409949,0.0782857969289614,-0.04836313505022669,0.046640305147358396,0.005732600463511844,0.030455679654031204,-0.10537234654771703,-0.042499702670997896,-0.028615232359483572,-0.06335072074998205,-0.17213289635575493
2021-05-04_CO,2021-06-01_CO,30,20,-0.049451008439064026,0.2877318859100342,100.0,-0.3138120002324812,-0.02310863833219326,-0.049401215084748845,0.08330675955636829,-0.03800132882553193,0.06731910344364378,0.021679395507050447,0.04701854647770923,-0.0812297717668854,0.0036369186602921433,0.018169494351291227,-0.0015726622212435537,-0.11862518803580045
2021-05-04_CO,2021-06-01_CO,30,20,-0.049451008439064026,0.2877318859100342,1000.0,0.04165480603019542,0.018812327493957892,-0.018925544606439,0.07130678129519766,-0.007336812071917202,0.09662479016440753,0.04149794437542509,0.07151607868660384,-0.011498255760589734,0.09075715427775297,0.0842747593087734,0.09566355162013579,-0.0034806866233650555
2021-05-04_CO,2021-06-01_CO,30,20,-0.049451008439064026,0.2877318859100342,10000.0,0.044833859329039716,-0.007416395321258096,-0.025844161245908576,-0.0009597472295887755,-0.02041471029803087,0.02720055836498711,-0.002680908989414199,0.01007423744363839,-0.008598191478229869,0.040444581614445724,0.029509262561830424,0.037353381859950324,0.0029003121643392435
2021-05-04_CO,2021-06-01_CO,30,20,-0.049451008439064026,0.2877318859100342,100000.0,-0.012945610301573207,-0.04021615497565126,-0.04351456377517948,-0.041030397701123905,-0.04368178206547557,-0.032638415217627614,-0.037404232919946406,-0.035713563127349135,-0.038531476477038584,-0.024299055544660275,-0.026518615211846785,-0.024593928410179905,-0.03240909177094559
2021-05-04_CO,2021-06-01_CO,30,50,-0.049451008439064026,0.2877318859100342,1.0,0.05599212796460515,0.05534275173637024,-0.003690076586396751,0.1292147620329324,-0.034038977167796386,0.1553069242966573,0.10439180753728519,0.1346919558893741,-0.029664594492692126,0.15135255536403555,0.18548396553991978,0.17956102759230638,-0.018613399235345263
2021-05-04_CO,2021-06-01_CO,30,50,-0.049451008439064026,0.2877318859100342,10.0,0.05968727786178954,0.0557839989722512,-0.0035583660411385998,0.1293137691424432,-0.033754499558682566,0.1557346545152528,0.10457432807709202,0.13502816320209665,-0.029157389106515635,0.15225277924028396,0.1859761928889097,0.18026570489149008,-0.01772001340624792
2021-05-04_CO,2021-06-01_CO,30,50,-0.049451008439064026,0.2877318859100342,100.0,0.08905340930347894,0.059632259705796636,-0.002389631414418114,0.12992326135916443,-0.03109416112995293,0.15921076403033954,0.10590711369975586,0.13780197921418674,-0.024492397668915672,0.15873631376139746,0.18988774880306872,0.18595574409275653,-0.009748145211049117
2021-05-04_CO,2021-06-01_CO,30,50,-0.049451008439064026,0.2877318859100342,1000.0,0.1819345985274804,0.07382724828114454,0.0013588571958505768,0.12453558157943626,-0.016088043549449815,0.16567394277804176,0.10271348823341381,0.1423900315018591,-0.0007194747721100866,0.17654892338480577,0.19437588199521677,0.19828672160957442,0.025176622660593295
2021-05-04_CO,2021-06-01_CO,30,50,-0.049451008439064026,0.2877318859100342,10000.0,0.13242789994567483,0.03730086486110515,-0.015457455021607808,0.055656732093830485,-0.0131348956533441,0.09132318292547464,0.03687584195655172,0.07030146445744481,0.0016647675317089938,0.10740146920796836,0.10331495688669012,0.1130037574014508,0.01960662887812145
2021-05-04_CO,2021-06-01_CO,30,50,-0.049451008439064026,0.2877318859100342,100000.0,0.011920321646025078,-0.024213138822949593,-0.03711572405902075,-0.023628799041544718,-0.03756056384032272,-0.010233137332831488,-0.023549550933343016,-0.016252012763351004,-0.02925164863221441,-0.0006828845542491135,-0.004912158455970178,-0.001550089297027324,-0.02104456986017486
2021-05-04_CO,2021-06-01_CO,30,100,-0.049451008439064026,0.2877318859100342,1.0,0.2150069937333053,0.08150315952536144,0.012212670727549974,0.12909762942880654,-0.010555363441856832,0.1825435256544617,0.13751990569303194,0.16463235575042676,0.009528378705316856,0.20278628712207644,0.23452414971366156,0.22880821143262536,0.042951202270406906
2021-05-04_CO,2021-06-01_CO,30,100,-0.049451008439064026,0.2877318859100342,10.0,0.21566738225565157,0.0816199093308386,0.012250422136790284,0.1291962200473973,-0.010486211429227973,0.18272144383716524,0.1375920178433584,0.16478203879672335,0.009649429193096895,0.20307888986993292,0.23466580272154794,0.22903063668175633,0.04313537745236756
2021-05-04_CO,2021-06-01_CO,30,100,-0.049451008439064026,0.2877318859100342,100.0,0.22142304281243289,0.08268049769014416,0.012598044284663712,0.1300145999835321,-0.00982188200298643,0.18422857535396306,0.13813552181183733,0.16605086192019952,0.010802316271595946,0.20549675289405717,0.23583435208199457,0.23094516591788908,0.04485388789666425
2021-05-04_CO,2021-06-01_CO,30,100,-0.049451008439064026,0.2877318859100342,1000.0,0.2468716108026877,0.08778749749408848,0.013955957150983828,0.1310952006080565,-0.0052662538066684346,0.18754359840691892,0.1358445694221451,0.1684491402377482,0.018169927857215495,0.21304754293016936,0.23618027639028094,0.23593992742619824,0.054487958547475616
2021-05-04_CO,2021-06-01_CO,30,100,-0.049451008439064026,0.2877318859100342,10000.0,0.20110704858134507,0.06820691303433865,-0.001634721174052306,0.09353885785061652,-0.005510117177068711,0.1376141172428146,0.07708196738971576,0.11742556789093225,0.01516689615725413,0.1624686509224739,0.1647727075723359,0.17273490595559,0.041843501246769256
2021-05-04_CO,2021-06-01_CO,30,100,-0.049451008439064026,0.2877318859100342,100000.0,0.04544845989455676,-0.004019861498438276,-0.030878169596869176,-0.000525350520796386,-0.03117786790090123,0.01601587804086249,-0.00962875421548573,0.0072679857279240034,-0.019694007559809712,0.02805024890588309,0.024004446881120356,0.027264772840928347,-0.009252911723910545
2021-05-04_CO,2021-08-31_CO,120,10,0.026779428124427795,0.27044743299484253,1.0,-1.1046322838541327,-0.017595825916675106,-0.016390903101920762,0.009700306014495869,-0.06493171317124116,-0.14640824668393457,-0.1461016114329618,-0.04933526177816519,-0.14154480794941707,-0.43613708969572335,-0.31296554972927376,-0.3534675031801742,-0.44148174296861836
2021-05-04_CO,2021-08-31_CO,120,10,0.026779428124427795,0.27044743299484253,10.0,-0.6965937685551165,-0.011056568871957412,-0.01181530012767959,0.014921551118101506,-0.059632814940041474,-0.11726121511078849,-0.11254890475407095,-0.027987900471502347,-0.1281630832836643,-0.3159710119955071,-0.2299588972200201,-0.26235777347693046,-0.36199568558457734
2021-05-04_CO,2021-08-31_CO,120,10,0.026779428124427795,0.27044743299484253,100.0,-0.10968837274762255,0.02709627149235891,0.01618870151696214,0.04269517432570591,-0.023655806256049794,-0.0022982256213062713,0.01391994810486763,0.056092228091140284,-0.05045262859697264,-0.025123427649960395,0.01053145231391936,-0.01697171971863906,-0.10442084560442899
2021-05-04_CO,2021-08-31_CO,120,10,0.026779428124427795,0.27044743299484253,1000.0,0.0961754912708645,0.058564560538408,0.04845509422924085,0.06021591807384527,0.03450730839990504,0.06585531221692154,0.08086440008911014,0.08720898484814435,0.04032740538814831,0.09184863735885565,0.11267833574963085,0.09390701110810762,0.05264517567189277
2021-05-04_CO,2021-08-31_CO,120,10,0.026779428124427795,0.27044743299484253,10000.0,0.0672469658114937,0.04092847478234121,0.03658598716370198,0.038920624928891284,0.03424556177046755,0.04813177952527131,0.04767445631673714,0.04936071605564324,0.038485239380842244,0.055679209937463225,0.06011224396706244,0.056481981716064,0.04681429712242092
2021-05-04_CO,2021-08-31_CO,120,10,0.026779428124427795,0.27044743299484253,100000.0,0.03735249968461268,0.02904854760790135,0.028292882512393258,0.02856057623790073,0.028054607646084685,0.03079286518954788,0.030044988657913968,0.030642573746646806,0.029028382441350614,0.032313816704891696,0.03290430884238513,0.03268235917193835,0.03134298645936729
2021-05-04_CO,2021-08-31_CO,120,20,0.026779428124427795,0.27044743299484253,1.0,-0.5796329661480893,0.02157585580149915,-0.03787532991959866,-0.011729383763053686,-0.04283497149187393,0.036446460108993134,0.030233792641588625,0.05927764291708218,-0.05024756962280597,0.01215126683348361,0.051245593099578296,0.0403067765041418,-0.08920469441632912
2021-05-04_CO,2021-08-31_CO,120,20,0.026779428124427795,0.27044743299484253,10.0,-0.46374414315114026,0.02368415098909088,-0.035806681394833506,-0.009500837065643614,-0.04061872515489346,0.03994677069819322,0.03410996870391669,0.062210924870294476,-0.0472172344907735,0.020213301467749634,0.05815054069286643,0.046796906668581245,-0.08234073518787162
2021-05-04_CO,2021-08-31_CO,120,20,0.026779428124427795,0.27044743299484253,100.0,-0.10751626516705295,0.03969894596896811,-0.01841406242731558,0.00848029463850511,-0.022321617245196778,0.061872164566163984,0.06182244037565365,0.08330631217275122,-0.022996444237540714,0.06836333418935173,0.1024605220716048,0.08604038595457755,-0.03396598210558305
2021-05-04_CO,2021-08-31_CO,120,20,0.026779428124427795,0.27044743299484253,1000.0,0.12586088781738736,0.06887229119826077,0.03845296033643367,0.05587333658319349,0.03299077837165163,0.08963876945335392,0.10880744458589539,0.11240468236775894,0.042838863327676606,0.12810971975212665,0.15308856981908026,0.13353731103369337,0.06156359273383242
2021-05-04_CO,2021-08-31_CO,120,20,0.026779428124427795,0.27044743299484253,10000.0,0.09647318860188264,0.050347835819504916,0.0442364012902165,0.04729041156366637,0.040634662432777496,0.06369460134910829,0.06904725377204388,0.06749227764470656,0.04789623958994494,0.08052900998875587,0.08795008750939953,0.08277331570277377,0.06121820066997957
2021-05-04_CO,2021-08-31_CO,120,20,0.026779428124427795,0.27044743299484253,100000.0,0.04676951960748271,0.03146556342215473,0.030208544306591756,0.030535955638668677,0.02971045803745115,0.03522859101031234,0.03483488381694702,0.03508335013679903,0.03169541188623754,0.03873607475104793,0.039900976406616745,0.039416470004545706,0.03617385423850836
2021-05-04_CO,2021-08-31_CO,120,50,0.026779428124427795,0.27044743299484253,1.0,0.042300404743707,0.09645130043206071,0.019367303039121986,0.038105739441582936,0.004912461405897979,0.13677734880149645,0.11923143731574823,0.1505124542589746,0.015792527644753807,0.1509889052652518,0.18475567208399915,0.15294962016332747,0.03883660842765679
2021-05-04_CO,2021-08-31_CO,120,50,0.026779428124427795,0.27044743299484253,10.0,0.04723593448118768,0.096670707251657,0.019926588762898406,0.038724790914158314,0.005437464323613102,0.13728906041812683,0.11990087416729087,0.15097164429017057,0.016500453736504373,0.15209370900987454,0.1857160826891555,0.15405029230397993,0.04003028599828807
2021-05-04_CO,2021-08-31_CO,120,50,0.026779428124427795,0.27044743299484253,100.0,0.08653403866409418,0.09862352532611438,0.02514563985309104,0.044445711669539645,0.010328297491405727,0.1412966378228139,0.12574820862572733,0.1549196707603254,0.023021109910586562,0.161241937284759,0.19382482323118133,0.16315164783170327,0.05058698500643655
2021-05-04_CO,2021-08-31_CO,120,50,0.026779428124427795,0.27044743299484253,1000.0,0.19828825985471102,0.1049232514684875,0.05417273895390359,0.07376577166395845,0.03759507670466161,0.14781815293907696,0.1460997111290511,0.1646463951930345,0.056590667189297846,0.18771968199749697,0.21495231380832153,0.18916610992558056,0.0943735726923834
2021-05-04_CO,2021-08-31_CO,120,50,0.026779428124427795,0.27044743299484253,10000.0,0.15848647816806757,0.07674181993397097,0.06229888859989666,0.07032741133209638,0.05237678898204512,0.09893243533638393,0.1051212045466598,0.10685483496521758,0.06577086549907822,0.130839843965114,0.140076193525208,0.13206510454114717,0.087895023680255
2021-05-04_CO,2021-08-31_CO,120,50,0.026779428124427795,0.27044743299484253,100000.0,0.06568614931684705,0.040369311831727595,0.036212448115034906,0.03732129536814427,0.034515447108659524,0.04764031647793726,0.04588031470710044,0.0472703181711579,0.039014351892690445,0.05511311050992285,0.05576365094197894,0.05571758696238996,0.04715767186025247
2021-05-04_CO,2021-08-31_CO,120,100,0.026779428124427795,0.27044743299484253,1.0,0.17759188519424748,0.10642249862843442,0.053762177078847034,0.09793010268382546,0.054713367555499125,0.11971474724918485,0.11767790884272025,0.15061525519628963,0.07494113430941193,0.16385857509292687,0.20277099587901637,0.17043706657202953,0.09949513077185952
2021-05-04_CO,2021-08-31_CO,120,100,0.026779428124427795,0.27044743299484253,10.0,0.17843432532848214,0.10648126215725387,0.05392767938054677,0.0980066711617256,0.05478762371629196,0.12008500157685648,0.1179823760054583,0.15087636402227633,0.07504803204418624,0.16429237186351245,0.2031708749987139,0.1708730044476413,0.09973202902707672
2021-05-04_CO,2021-08-31_CO,120,100,0.026779428124427795,0.27044743299484253,100.0,0.1861812402041933,0.10702143904019587,0.05551668910981328,0.09872313866405086,0.055498613648728025,0.12350163604673248,0.12085426572038421,0.15330300902700003,0.0760642593345295,0.16830782915909182,0.20689198666432854,0.17489989275401355,0.10195955375189558
2021-05-04_CO,2021-08-31_CO,120,100,0.026779428124427795,0.27044743299484253,1000.0,0.2264478082009717,0.10910825286366091,0.06641681135951985,0.10234876749961871,0.06024645659576707,0.14104912913988055,0.13771473245620208,0.16532389368204667,0.08239325991894332,0.18937203540314568,0.22608333331758806,0.19565006346559735,0.11490074565316923
2021-05-04_CO,2021-08-31_CO,120,100,0.026779428124427795,0.27044743299484253,10000.0,0.20381695030768915,0.08755964264942812,0.07122464665479744,0.08433112118213554,0.059946383299928296,0.11941177940433789,0.1226387798165483,0.12944474457765037,0.0769322398861881,0.15989531971792859,0.18158643406501607,0.16320269025479534,0.10502905231611676
2021-05-04_CO,2021-08-31_CO,120,100,0.026779428124427795,0.27044743299484253,100000.0,0.08381286654913916,0.04741317648863208,0.041979315900027236,0.043903226244813354,0.03921589492089955,0.057276835549063626,0.05539210775663139,0.05721506214856198,0.045335563346540125,0.06848779217661102,0.07159901975613972,0.06925948984203273,0.055770805883350795
2021-05-04_CO,2022-08-26_CO,480,10,-0.20259138941764832,0.29724738001823425,1.0,-3.007624965694442,-3.8913564638847538,-0.22847790759717895,-1.6293765059760554,-0.4127846366691073,-5.686029937001983,-2.1828915212612547,-3.8852905637496837,-0.537331440396214,-6.8395384995912005,-0.8299479047835987,-1.933205253805303,-0.9355592083001536
2021-05-04_CO,2022-08-26_CO,480,10,-0.20259138941764832,0.29724738001823425,10.0,-1.74136381377288,-1.0409058920328969,-0.21939578345638833,-0.5305214081679089,-0.402839963300397,-1.3411523273264176,-0.8481851594283443,-1.0106844186150221,-0.5161934906577351,-1.4758178877485277,-0.45398075859267895,-0.6209965730732631,-0.8564595578138537
2021-05-04_CO,2022-08-26_CO,480,10,-0.20259138941764832,0.29724738001823425,100.0,-0.44139935700810057,-0.24797802713071876,-0.1582648079524111,-0.16130252748877494,-0.3312722624352391,-0.20496713472622669,-0.1887630615792894,-0.18305013971049244,-0.37970559415977373,-0.3015267194270174,-0.19001814194190803,-0.1856122172542688,-0.5038484333351063
2021-05-04_CO,2022-08-26_CO,480,10,-0.20259138941764832,0.29724738001823425,1000.0,-0.03513104511784393,-0.14961121266036448,-0.08277829749651158,-0.09791118216175276,-0.19331176700517505,-0.09920385914934987,-0.051768975600798794,-0.06851875874208851,-0.17453430522280736,-0.09778613476530146,-0.023074538251152632,-0.0243567798114189,-0.16624003542132906
2021-05-04_CO,2022-08-26_CO,480,10,-0.20259138941764832,0.29724738001823425,10000.0,-0.09970083582149103,-0.16226526937956526,-0.14509981306606817,-0.1416086588007036,-0.18328349248612716,-0.14331547137394518,-0.12118840211717757,-0.12892255422832027,-0.17028545401705278,-0.13699435027740076,-0.10962397752392755,-0.11290983511990338,-0.15789062850923372
2021-05-04_CO,2022-08-26_CO,480,10,-0.20259138941764832,0.29724738001823425,100000.0,-0.17089268184504874,-0.19641115419187744,-0.19182250437707266,-0.19247628058954452,-0.19903801621056869,-0.19184968012599152,-0.186095541440028,-0.1880551733344557,-0.19518176877643492,-0.18905855294156998,-0.17989979720795296,-0.1829075621791026,-0.18912585862983963
2021-05-04_CO,2022-08-26_CO,480,20,-0.20259138941764832,0.29724738001823425,1.0,-1.3714178508040133,-2.6344846843493244,-0.1028784848800968,-1.1289262489143628,-0.369574531568202,-2.966632970519486,-1.982385690835251,-1.6236129034149829,-0.3611130789473147,-3.6832385589077257,-0.5139013682757337,-0.5637429335691395,-0.44964509968174426
2021-05-04_CO,2022-08-26_CO,480,20,-0.20259138941764832,0.29724738001823425,10.0,-0.8098935651760543,-0.9152087406720156,-0.10129085829979409,-0.36859297644581496,-0.36595452367884523,-0.9351963459506725,-0.8085764914935936,-0.4903245759878853,-0.35582662219008987,-1.0170211232964959,-0.10498037775164959,-0.09808476018471429,-0.438694541956458
2021-05-04_CO,2022-08-26_CO,480,20,-0.20259138941764832,0.29724738001823425,100.0,-0.2583703506281965,-0.14325778339939765,-0.0883112098424064,-0.041860192699589044,-0.3347553417856604,-0.0378979238157679,0.014551497989612444,0.015825982717792453,-0.31219789926295466,-0.08429035163097953,0.03959130982679929,0.03224417788444334,-0.35672540777345657
2021-05-04_CO,2022-08-26_CO,480,20,-0.20259138941764832,0.29724738001823425,1000.0,0.07546020765566597,-0.09952179886557333,-0.05876879326701143,-0.041234262919344206,-0.22043507510070084,0.009435305009147715,0.04251999743456966,0.03927273488027183,-0.1794845187391377,0.014978274408452397,0.08566388792278656,0.08612822976036355,-0.16024321241218634
2021-05-04_CO,2022-08-26_CO,480,20,-0.20259138941764832,0.29724738001823425,10000.0,-0.03935117457199183,-0.13334314228920685,-0.12047181842536031,-0.10761287381462648,-0.18305595828145363,-0.09583115267056325,-0.07968167877555721,-0.08218788788617565,-0.16388340730001064,-0.08709100348122045,-0.05987945085938173,-0.05874865041736177,-0.14779170829290086
2021-05-04_CO,2022-08-26_CO,480,20,-0.20259138941764832,0.29724738001823425,100000.0,-0.15848666653633675,-0.18971762017769656,-0.18469965843529673,-0.18326488437564648,-0.1980462199958454,-0.18208791740258606,-0.1751953071453567,-0.17697527366899957,-0.1926908474824166,-0.1783360837403275,-0.16818617845058698,-0.17018485493828123,-0.18581421301166226
2021-05-04_CO,2022-08-26_CO,480,50,-0.20259138941764832,0.29724738001823425,1.0,-0.3467366760768533,-2.0092409306596077,-0.10568489806069212,-1.0218926764507767,-0.33436840630791415,-1.357954399516648,-2.1389303830837503,-1.1772891410485065,-0.3034195843586586,-0.9507178484256908,-0.26652606922853184,-0.4859203965680136,-0.2840179561533456
2021-05-04_CO,2022-08-26_CO,480,50,-0.20259138941764832,0.29724738001823425,10.0,-0.17231535528240838,-1.2039585016630936,-0.10499078127235459,-0.6600035054516915,-0.3332536632177686,-0.7280909616882726,-1.484622960756604,-0.6314006458506585,-0.30194994730176117,-0.4904631414504516,-0.12443744574266027,-0.22193140768723418,-0.28198569394828166
2021-05-04_CO,2022-08-26_CO,480,50,-0.20259138941764832,0.29724738001823425,100.0,0.017594099393899165,-0.25076647065921365,-0.09853780005659332,-0.16830697754854387,-0.3227196474385235,-0.026614554423077225,-0.16677836852399724,-0.011401692509342948,-0.2882316090646579,-0.0034070840458450546,0.07625240455031568,0.07119771154640736,-0.26336824369678274
2021-05-04_CO,2022-08-26_CO,480,50,-0.20259138941764832,0.29724738001823425,1000.0,0.1485349181824289,-0.11393355866381366,-0.06385975244065445,-0.07019469933701147,-0.2570436600788481,0.05864204312987159,0.057214962798543934,0.07077785159335467,-0.20967820793430636,0.07264753452995676,0.12912801037706997,0.12943282951826904,-0.16730141246775196
2021-05-04_CO,2022-08-26_CO,480,50,-0.20259138941764832,0.29724738001823425,10000.0,0.05635034613281292,-0.09864218213346049,-0.07724802418484786,-0.07284869273253064,-0.18264832211754709,-0.013931243704847246,-0.01885656414119885,-0.005204791342421161,-0.14912896381207022,-0.0026347443657300795,0.02708714457312497,0.02718052525714365,-0.11833906613245727
2021-05-04_CO,2022-08-26_CO,480,50,-0.20259138941764832,0.29724738001823425,100000.0,-0.12214259725480936,-0.16965484763446398,-0.16729177911556337,-0.16352947074150403,-0.19464552102373747,-0.15552505187438398,-0.14957676583420437,-0.1479220595500737,-0.18461915219744363,-0.1509289199998557,-0.13653835525479113,-0.13923054269966917,-0.1737254829039371
2021-05-04_CO,2022-08-26_CO,480,100,-0.20259138941764832,0.29724738001823425,1.0,-0.1941200589684649,-2.0822400117903372,-0.061399045986481104,-1.354979569397786,-0.2703181818990548,-0.9330524052771809,-1.7327073869606726,-0.9071757506124571,-0.22518799566264533,-0.8538419033805628,-0.459890763668663,-0.49253748253494184,-0.1820461233711855
2021-05-04_CO,2022-08-26_CO,480,100,-0.20259138941764832,0.29724738001823425,10.0,-0.08855613105337559,-1.5407076059147868,-0.06119405468090422,-1.038863462976346,-0.26997873278280315,-0.6575061111286147,-1.442766464408928,-0.6323956830381623,-0.22475684806104904,-0.5931638013728479,-0.3266459505680407,-0.3232886293225458,-0.1815035096609127
2021-05-04_CO,2022-08-26_CO,480,100,-0.20259138941764832,0.29724738001823425,100.0,0.12819434061357113,-0.36604994505474986,-0.05923501838847073,-0.2591899871445613,-0.26668269065658223,-0.06645271932388416,-0.3863920640976888,-0.04416472144751915,-0.22059818663837127,-0.04826752108139895,0.030849037033272436,0.04669034309033582,-0.17631444295516277
2021-05-04_CO,2022-08-26_CO,480,100,-0.20259138941764832,0.29724738001823425,1000.0,0.20662220782767718,-0.0976982158876197,-0.04642570766952772,-0.03912841779485832,-0.24144363080282308,0.06920424033927103,0.06328008678245226,0.08702084163582091,-0.19051978378049275,0.08262442830570416,0.1498180786143634,0.15012574298370435,-0.14108666732591515
2021-05-04_CO,2022-08-26_CO,480,100,-0.20259138941764832,0.29724738001823425,10000.0,0.1324709989850067,-0.08199208611856285,-0.05609500112512655,-0.040946627249123096,-0.18793350036577872,0.03026462842496097,0.027086945118014877,0.03833345058128579,-0.1464239657424738,0.04635471763003296,0.08078058311578279,0.08420763653710969,-0.10676247142231549
2021-05-04_CO,2022-08-26_CO,480,100,-0.20259138941764832,0.29724738001823425,100000.0,-0.08808182885446247,-0.15334265737208536,-0.14950903075568944,-0.14092031337369115,-0.1932193173879249,-0.12940266395086225,-0.1232337615503275,-0.12043632707967356,-0.18015699906581553,-0.12379582263873423,-0.1084576271088471,-0.10871049245048103,-0.1669190963103254
2021-05-26_RD,2021-06-24_RD,30,10,0.21301202476024628,0.3460385799407959,1.0,-4.554279054583119,0.12031525401908258,0.09739926916344024,0.049233354242791266,0.07356096441961768,0.012377625297185751,-0.03318644086435896,-0.051751585628059676,-0.07262848451185518,-0.3895046429295847,-0.5186472908272133,-0.5045038861857525,-0.40788881648648206
2021-05-26_RD,2021-06-24_RD,30,10,0.21301202476024628,0.3460385799407959,10.0,-1.9762592353181052,0.12466665878018607,0.10489017209748017,0.05796687890155755,0.07903727695326167,0.02474182750757456,-0.012521600559558393,-0.03440871211675153,-0.05771428702671625,-0.3346059494131455,-0.4424133786706642,-0.428175054219649,-0.3533780014612877
2021-05-26_RD,2021-06-24_RD,30,10,0.21301202476024628,0.3460385799407959,100.0,-0.33004068376018136,0.15690915204741146,0.15629709813500903,0.11829053520457739,0.11835009031517434,0.10600325429858878,0.09261318844493399,0.07697815183840254,0.03848655177681446,-0.06566755472435509,-0.1160157080478667,-0.09225279661264535,-0.09228795569875568
2021-05-26_RD,2021-06-24_RD,30,10,0.21301202476024628,0.3460385799407959,1000.0,0.17833585390513731,0.2190414782357076,0.22993957394444742,0.21620664826375643,0.1964172290348554,0.2269011651465453,0.22393165495570236,0.23247557068834587,0.18925081999394955,0.21113894973979688,0.2001194534964427,0.21000551312239732,0.18397624380104086
2021-05-26_RD,2021-06-24_RD,30,10,0.21301202476024628,0.3460385799407959,10000.0,0.2269346178874692,0.2195488741020261,0.22073397127799232,0.21952673136961753,0.2140262742468275,0.22398614879103038,0.22261107235823924,0.22707257173872833,0.2145023158943524,0.22634240212064832,0.2258295241246201,0.22733399481539748,0.21703910786660607
2021-05-26_RD,2021-06-24_RD,30,10,0.21301202476024628,0.3460385799407959,100000.0,0.21647632169798992,0.21424681293825637,0.21436767256194622,0.21437739037155798,0.2133452727123979,0.21536731824474614,0.21513548348513456,0.21580247286848606,0.2135642681107278,0.2161434021394177,0.21635719472329873,0.2163068034732859,0.21424825822776747
2021-05-26_RD,2021-06-24_RD,30,20,0.21301202476024628,0.3460385799407959,1.0,-0.9140728560963601,0.13632160602117321,0.14175569816364342,0.12227722483404013,0.1448797785214321,0.11587024647671712,0.09379385341311619,0.05807460959641347,0.07886770071174927,-0.0029830239286834093,-0.22097441000846998,-0.1553379586029287,-0.034516384296501744
2021-05-26_RD,2021-06-24_RD,30,20,0.21301202476024628,0.3460385799407959,10.0,-0.7728229178214752,0.1380320542146125,0.1440114401397547,0.12484668889379272,0.1461135139616062,0.11901037566285438,0.09847718204516379,0.06331496318712221,0.08185017641864921,0.004283775833365422,-0.20306807542783537,-0.1405164013775453,-0.02638422781182211
2021-05-26_RD,2021-06-24_RD,30,20,0.21301202476024628,0.3460385799407959,100.0,-0.2811518885368555,0.152657436620745,0.16296120167338166,0.14642163678275635,0.15667255705327973,0.14494720408191725,0.12994931696316775,0.10573196204130447,0.1066105185455955,0.06170498522763587,-0.0813666516057085,-0.032820706983731435,0.03331621929922915
2021-05-26_RD,2021-06-24_RD,30,20,0.21301202476024628,0.3460385799407959,1000.0,0.17986848452897572,0.2041139502935891,0.22203307988846308,0.21464827027094954,0.19541643622456675,0.22357055923563174,0.21303745959019404,0.22427434892586812,0.18618500813680816,0.21836344761435328,0.17907775055940012,0.19885166044608812,0.18527484777775918
2021-05-26_RD,2021-06-24_RD,30,20,0.21301202476024628,0.3460385799407959,10000.0,0.24288782172718348,0.21941674161978722,0.22483217777712536,0.2231301529613993,0.2141010796158588,0.2297959697838288,0.22589272310997252,0.23419761852026866,0.21590022017685484,0.23960407875468867,0.23131492343521073,0.237554741659157,0.22215265317886582
2021-05-26_RD,2021-06-24_RD,30,20,0.21301202476024628,0.3460385799407959,100000.0,0.2196063603627253,0.2145199552618473,0.21518412065189177,0.21503549809028238,0.21346983212477097,0.21636571016449654,0.2160652164601072,0.21720363489547945,0.21394472549742205,0.21816862145853938,0.217663262879846,0.21812651620452264,0.2153245767976788
2021-05-26_RD,2021-06-24_RD,30,50,0.21301202476024628,0.3460385799407959,1.0,0.07634478572570652,0.21901000302127505,0.23582373299647238,0.21668963607132286,0.2056584428488862,0.23737455490117296,0.21208187285749547,0.2203971540458257,0.2020273357660525,0.19454604888006813,0.17362999727318046,0.19197591946276255,0.1874132972410332
2021-05-26_RD,2021-06-24_RD,30,50,0.21301202476024628,0.3460385799407959,10.0,0.08043305154602792,0.21928069039432058,0.23605991933005302,0.21702085607623234,0.2057803254646103,0.23772987694460196,0.21292392450339456,0.22094616924822527,0.20231688348102214,0.19546672141908383,0.17513068483380362,0.19318804847429102,0.1882674966927698
2021-05-26_RD,2021-06-24_RD,30,50,0.21301202476024628,0.3460385799407959,100.0,0.11271315463251608,0.22180260474360508,0.23824700277619257,0.22010158857848083,0.20692467516746724,0.2410190181719769,0.21824755223568423,0.22603778107732866,0.20501087453163813,0.20395189840215106,0.18675831013842512,0.20420918664534682,0.19494915054175563
2021-05-26_RD,2021-06-24_RD,30,50,0.21301202476024628,0.3460385799407959,1000.0,0.23396587428786386,0.23542906456434515,0.2492636963008846,0.23654972919996597,0.21367515759779412,0.2579238721615358,0.24084549701794505,0.25301084616927016,0.2198229115035697,0.24810465097620107,0.2393888334136375,0.25692058038330695,0.2266336260259301
2021-05-26_RD,2021-06-24_RD,30,50,0.21301202476024628,0.3460385799407959,10000.0,0.274174770509117,0.23361000355001654,0.23898742099635897,0.2344078120633458,0.21873886028829304,0.24920235201628566,0.24250969692081253,0.25259411037878754,0.22593236580151718,0.25998367972309533,0.25528570944983275,0.2643926306649278,0.23847571622848882
2021-05-26_RD,2021-06-24_RD,30,50,0.21301202476024628,0.3460385799407959,100000.0,0.22888805844743468,0.21770742507354002,0.2183904038488579,0.21761467394326386,0.21482542719141426,0.2211775191303313,0.2203840541311167,0.222387934669271,0.21642130670466542,0.2241441667919187,0.22369777173270566,0.22462746953526555,0.2192927601509563
2021-05-26_RD,2021-06-24_RD,30,100,0.21301202476024628,0.3460385799407959,1.0,0.2679770466601248,0.22754729570744034,0.24868890133299312,0.23232005669354513,0.21548044001760602,0.25490402416923774,0.25316086761207846,0.26119677842884226,0.2254018294165051,0.2552205261850589,0.2704795659972862,0.27396950724099933,0.23718381942146186
2021-05-26_RD,2021-06-24_RD,30,100,0.21301202476024628,0.3460385799407959,10.0,0.26849869927573766,0.22764269824340008,0.24877264277556177,0.23243377517159228,0.21551362947407524,0.2550140038126154,0.25339108043422875,0.26134211349465575,0.22546854286268656,0.255442278108787,0.2707418842740943,0.27420659641484246,0.23734296845627711
2021-05-26_RD,2021-06-24_RD,30,100,0.21301202476024628,0.3460385799407959,100.0,0.27321461426538673,0.22856100876976282,0.24957579397757665,0.2335288617189134,0.21583395847151202,0.2560670797889527,0.2550352506304755,0.2627325580349995,0.22610942164250272,0.2575677377085016,0.2727997697855187,0.27646190366535783,0.2387770592730687
2021-05-26_RD,2021-06-24_RD,30,100,0.21301202476024628,0.3460385799407959,1000.0,0.30142226968128844,0.2349912040111567,0.2549674632336653,0.24121749055706607,0.2181455355031963,0.263048291284086,0.2629558289200995,0.27191747956427614,0.2305323517090724,0.27200939948662106,0.28454339442376275,0.2907721750544001,0.24824820737248962
2021-05-26_RD,2021-06-24_RD,30,100,0.21301202476024628,0.3460385799407959,10000.0,0.3085049005282739,0.238024432817127,0.25150524026189947,0.2443707586873258,0.22068069610182564,0.25913649317127624,0.2599344724464676,0.26877160669778366,0.23238174743682696,0.2780726369366975,0.28037633867150996,0.2875871669501845,0.25217195538487913
2021-05-26_RD,2021-06-24_RD,30,100,0.21301202476024628,0.3460385799407959,100000.0,0.24229269217039703,0.22037536959546455,0.22320619035057887,0.22193274147749795,0.215801734880849,0.2258000558694784,0.22650229335264188,0.22893081642105623,0.21886203166063342,0.2326625414476827,0.23235394759983272,0.23413905710996574,0.22453440074045458
2021-05-26_RD,2021-09-17_RD,120,10,0.1294364184141159,0.30313020944595337,1.0,-6.023446149359738,-0.12438478045154727,-0.008774923834611092,-0.07192634022153557,-0.048220179884775026,-0.28147049598202695,-0.16170790953661168,-0.24586208216325695,-0.25458699079381525,-0.6245531920458728,-0.5506129477498081,-0.5652495909466867,-0.659173245761144
2021-05-26_RD,2021-09-17_RD,120,10,0.1294364184141159,0.30313020944595337,10.0,-2.622726921144123,-0.10527392639623229,0.004053142044869368,-0.0539227709613502,-0.040282133140921224,-0.23123292482308264,-0.1291510531667107,-0.2118696385944569,-0.22926781742274896,-0.5297887217378563,-0.48076418238385493,-0.49165216910781334,-0.5831869141463731
2021-05-26_RD,2021-09-17_RD,120,10,0.1294364184141159,0.30313020944595337,100.0,-0.6096501041613626,0.016211065103737765,0.08612203578640795,0.057930679741903274,0.016904086270641088,-0.0027688078360114388,0.02015047812406978,-0.02590168851797431,-0.07913593574100464,-0.16770980362810714,-0.16947056439518784,-0.1755345008857041,-0.23775989707543518
2021-05-26_RD,2021-09-17_RD,120,10,0.1294364184141159,0.30313020944595337,1000.0,0.07265426621322496,0.1632026432342408,0.18286341012204235,0.17745457708283843,0.1271888828645719,0.1713179847996047,0.17396074662356237,0.16537668651057366,0.11737518755800737,0.13934589696484392,0.14338305278441799,0.13857958775722015,0.10201187560321277
2021-05-26_RD,2021-09-17_RD,120,10,0.1294364184141159,0.30313020944595337,10000.0,0.14708715801564032,0.1449934932172055,0.1492336358762474,0.14792245512303762,0.13936606791125158,0.14880150893191543,0.1541198817006159,0.15098110972366158,0.1399457990816301,0.1515582864443028,0.1519384990341397,0.15245880820665217,0.14269715175309483
2021-05-26_RD,2021-09-17_RD,120,10,0.1294364184141159,0.30313020944595337,100000.0,0.13895586776742488,0.13180151032002724,0.1327269668464416,0.1323002995736535,0.13152090119183688,0.13332283315229573,0.1347639055934827,0.1342265790746156,0.13271067213804796,0.13596903441987224,0.13633176197743066,0.136003127091352,0.1353454048492295
2021-05-26_RD,2021-09-17_RD,120,20,0.1294364184141159,0.30313020944595337,1.0,-0.7822992809593684,0.0001473951814965624,-0.010820801716407369,0.0235447195999606,0.08575865816827728,-0.006308384159748243,-0.009387751552459467,-0.011531410437357698,-0.006022403354890275,-0.07925377442748999,-0.07695483874395692,-0.07314927257626072,-0.10860491474772783
2021-05-26_RD,2021-09-17_RD,120,20,0.1294364184141159,0.30313020944595337,10.0,-0.6927698103654925,0.006415317774875279,-0.0050376995303772765,0.03000682171967875,0.08703795291616145,0.003202878165761064,-0.0025997161452772644,-0.0036971167284129414,-0.0021979618029864534,-0.06834123610673448,-0.06624631299866324,-0.06247523516255682,-0.10117425793874424
2021-05-26_RD,2021-09-17_RD,120,20,0.1294364184141159,0.30313020944595337,100.0,-0.3087898718315477,0.05626274140112719,0.041782877162397036,0.08047420751874768,0.09806573783878063,0.0716059138390682,0.04476045237674861,0.0552836363083925,0.029247925531964796,0.008223291265125943,0.0029669984791338977,0.014125608961240987,-0.04434130262720278
2021-05-26_RD,2021-09-17_RD,120,20,0.1294364184141159,0.30313020944595337,1000.0,0.11077614758857121,0.17481020957073878,0.16905825550191744,0.1884837233411884,0.13741616495525008,0.19756661868524156,0.1578151026497102,0.18250935330010043,0.12563451750228405,0.16761818424647434,0.15454186803269934,0.1771298397973546,0.11352545103196547
2021-05-26_RD,2021-09-17_RD,120,20,0.1294364184141159,0.30313020944595337,10000.0,0.1787841598883162,0.15892400493941872,0.16630131822542876,0.1618012790925779,0.1432203664393645,0.1678651942924887,0.17284863940164155,0.16785912850189638,0.14781731953810362,0.17196976216940343,0.17493010656109323,0.1752156973931932,0.155365864244904
2021-05-26_RD,2021-09-17_RD,120,20,0.1294364184141159,0.30313020944595337,100000.0,0.14710033340429526,0.1344709242014299,0.1363901870112738,0.13528921311943642,0.13274675348453793,0.1371164992763208,0.1404512870680461,0.1381825998978034,0.13499016321106103,0.14052088340209032,0.14243228372612096,0.14082874297951986,0.13888092150837864
2021-05-26_RD,2021-09-17_RD,120,50,0.1294364184141159,0.30313020944595337,1.0,-0.019780168728798148,0.17717569062780197,0.11813213958994356,0.20274806494520872,0.1339030090658321,0.19775045864262067,0.12352353418704742,0.19532308933630993,0.10592376582561126,0.15999878917851137,0.1043628497242095,0.16491998359673668,0.07368607095731959
2021-05-26_RD,2021-09-17_RD,120,50,0.1294364184141159,0.30313020944595337,10.0,-0.015300571450802825,0.17735597847357004,0.11895016320443,0.20284428696550472,0.1340506722387846,0.19824688738089366,0.12448690171716784,0.1956587976939888,0.1065485307076327,0.16112744317372765,0.10590222674502359,0.16615603324515962,0.07500374671716444
2021-05-26_RD,2021-09-17_RD,120,50,0.1294364184141159,0.30313020944595337,100.0,0.021745601261558584,0.17900343516355063,0.12647865311111728,0.20369028820883303,0.1354305230800247,0.20250791609731345,0.1327313897393237,0.19872626374308167,0.1123130291690982,0.17094117839718265,0.11902251046276127,0.1768973214024601,0.08690547299867564
2021-05-26_RD,2021-09-17_RD,120,50,0.1294364184141159,0.30313020944595337,1000.0,0.15987170682489082,0.1861662831226981,0.16472724430271346,0.20538070356857296,0.14319615566739183,0.21765099023991502,0.1732147208662512,0.21250443049077208,0.1423780685426205,0.21025974500844985,0.17897554869073687,0.21896106990607758,0.14471527765695305
2021-05-26_RD,2021-09-17_RD,120,50,0.1294364184141159,0.30313020944595337,10000.0,0.21311954279511888,0.16863175528535235,0.17078155897812825,0.1760733293160099,0.1456421984368271,0.18840380452426728,0.18903106001319622,0.18866693495043174,0.15499569635953833,0.1983350702632078,0.19811142724547418,0.20284714765342823,0.1691224573994371
2021-05-26_RD,2021-09-17_RD,120,50,0.1294364184141159,0.30313020944595337,100000.0,0.15760158255240025,0.13876303130162476,0.14067481999137463,0.14075942373865705,0.13542972160841843,0.1441844762622793,0.14825245246471092,0.1462202000085456,0.13904198422794029,0.14994099770755512,0.15103726680948287,0.150560386027047,0.14499972897450278
2021-05-26_RD,2021-09-17_RD,120,100,0.1294364184141159,0.30313020944595337,1.0,0.15226825837578836,0.17737735324186016,0.15706597026175087,0.20448262460569974,0.15232410530569437,0.20999059112125507,0.1411619914602789,0.20917967864849607,0.1463618477931827,0.21411045378580038,0.1584644662143479,0.22122859626127928,0.13566500762314104
2021-05-26_RD,2021-09-17_RD,120,100,0.1294364184141159,0.30313020944595337,10.0,0.15314244940802793,0.17743361207787764,0.15738348442616334,0.20451218195068221,0.1523553163548248,0.21010379513912014,0.1416888731773286,0.20927578361780272,0.14660290107177928,0.21429945221511937,0.15910172147446516,0.2214274230111622,0.136193528219531
2021-05-26_RD,2021-09-17_RD,120,100,0.1294364184141159,0.30313020944595337,100.0,0.16118390386395778,0.17797081131526407,0.1603552416236188,0.20478558611063463,0.15265529685447973,0.2111653081339001,0.14650813481385103,0.21019036038779906,0.14886617095130883,0.21608258444582285,0.1649605777264278,0.22330052329821568,0.1411382053848559
2021-05-26_RD,2021-09-17_RD,120,100,0.1294364184141159,0.30313020944595337,1000.0,0.20825439833705392,0.18139694394729536,0.17727938646341085,0.20585972611212963,0.15471223556652533,0.21729047239420954,0.1752870029390469,0.21584477217559886,0.162182318795303,0.22697786881324425,0.19954964252881682,0.2345609521446072,0.1698382716111242
2021-05-26_RD,2021-09-17_RD,120,100,0.1294364184141159,0.30313020944595337,10000.0,0.24393378011161743,0.17537804740109367,0.17938122737057788,0.18913628536176966,0.15374915081283647,0.20484385486327417,0.20173357121365074,0.20454892214986342,0.16773203570553985,0.2205814263670015,0.21992174387017477,0.22606443058180747,0.18642857435338644
2021-05-26_RD,2021-09-17_RD,120,100,0.1294364184141159,0.30313020944595337,100000.0,0.174651178665681,0.1446932639360281,0.14632849366469985,0.14863927895118192,0.13915442366106526,0.1538127345919514,0.15775136642510615,0.1558932377371467,0.144556228373084,0.16298047640205782,0.16347142081302812,0.16449601813429948,0.15311601495631597
2021-05-26_RD,2022-09-21_RD,480,10,0.005950704216957092,0.27110010385513306,1.0,-3.118493176388917,-4.44947178448099,-0.07706044683638322,-0.08259433928689977,-1.5422055439657216,-7.191817398378804,-0.1011301445275068,-7.266853835595446,-2.620860497741312,-8.03398934090101,-0.49698011358756655,-10.029906640887262,-2.1549666917992294
2021-05-26_RD,2022-09-21_RD,480,10,0.005950704216957092,0.27110010385513306,10.0,-1.719997893558268,-0.7368663110780718,-0.07032710679807705,-0.06880801939526604,-0.4144727543944024,-0.9951734612546672,-0.08733102064342335,-1.025844454133464,-0.5514480515114001,-1.2202817860848758,-0.4186567157535824,-1.2701645781873188,-0.668879963673033
2021-05-26_RD,2022-09-21_RD,480,10,0.005950704216957092,0.27110010385513306,100.0,-0.39346562996662543,-0.09954899046188836,-0.021689955936377597,-0.011128867387780239,-0.06970099180671825,-0.08599591499030718,-0.007196650028349877,-0.08449518690509633,-0.13266453027008748,-0.16416400670464365,-0.12350040691982025,-0.10496239745658376,-0.21984909545403195
2021-05-26_RD,2022-09-21_RD,480,10,0.005950704216957092,0.27110010385513306,1000.0,0.04791439870472791,-0.01194056236574667,0.06725262743003077,0.0363785588379438,0.015237569660534958,0.036843824462113095,0.0886952971965344,0.039078328989454125,0.017107103613192936,0.04749108025972465,0.09060082871695344,0.07906436222632052,0.026071657791193675
2021-05-26_RD,2022-09-21_RD,480,10,0.005950704216957092,0.27110010385513306,10000.0,0.060024510718559076,0.006973729818222307,0.04229928459907592,0.02125767683399879,0.019766694824031057,0.03424383162533104,0.050876185334424395,0.03427047900342994,0.027804420662793688,0.04491871386899343,0.06369267698998626,0.06014449541581199,0.03922509411185817
2021-05-26_RD,2022-09-21_RD,480,10,0.005950704216957092,0.27110010385513306,100000.0,0.027874121143833502,0.006381233270006753,0.012225038246045788,0.008148968833239373,0.00840953024958003,0.012428130115214042,0.015890710638059857,0.012012296719820237,0.011004033759818196,0.017571296387214247,0.0213577064167631,0.020216797025831318,0.016108973068101873
2021-05-26_RD,2022-09-21_RD,480,20,0.005950704216957092,0.27110010385513306,1.0,-1.6261123019576478,-0.7658719405837267,0.02190021103033457,0.012857266321833954,-0.10086774024084434,-1.1637007482725132,0.040624437440281824,-1.0448552792979753,-0.16082188884576284,-1.0713901143066809,0.027171012212270168,-1.2594473964752724,-0.3586381613938984
2021-05-26_RD,2022-09-21_RD,480,20,0.005950704216957092,0.27110010385513306,10.0,-0.6970078787840501,-0.1789695398591476,0.023565936814987254,0.015076518037714814,-0.038552438592845906,-0.21105620991186663,0.04335689488460828,-0.1742634366525165,-0.0621318763951868,-0.20805492864234865,0.03229247806273167,-0.17766073439854743,-0.13821912468996106
2021-05-26_RD,2022-09-21_RD,480,20,0.005950704216957092,0.27110010385513306,100.0,-0.20595309795235311,-0.01820841613160465,0.03752920212789704,0.029508020207411584,-0.006252447268373836,0.03685714071315402,0.06459932666536741,0.036772469594270024,-0.015146507292036213,0.022313024836137646,0.06806983374243655,0.07359694505404665,-0.04106081519752711
2021-05-26_RD,2022-09-21_RD,480,20,0.005950704216957092,0.27110010385513306,1000.0,0.09909385901610654,0.007553101798699391,0.07892260757348382,0.055038944193569916,0.024909983369442872,0.07720805744846604,0.11220627164702957,0.07637459311760125,0.03854100703600097,0.09667682130875607,0.1320725354029219,0.12669643883803378,0.062437595104980904
2021-05-26_RD,2022-09-21_RD,480,20,0.005950704216957092,0.27110010385513306,10000.0,0.08827466909141635,0.012940221563314536,0.058367843561649785,0.03497655714338868,0.027516149388484696,0.051513633157586836,0.07223876332199103,0.05451435819003647,0.037654819963393975,0.06580228422945233,0.0889973623877027,0.08545164537670771,0.05523722515985321
2021-05-26_RD,2022-09-21_RD,480,20,0.005950704216957092,0.27110010385513306,100000.0,0.03846358316906118,0.007251381863632722,0.018017423625097173,0.010702106038561282,0.010906512929500836,0.017639531875041498,0.023956307011322203,0.017789370612825345,0.015369560469769625,0.02544714469615461,0.031592684863879394,0.03032794657200555,0.02338857175759222
2021-05-26_RD,2022-09-21_RD,480,50,0.005950704216957092,0.27110010385513306,1.0,-0.9444522809739012,-0.5983996128128556,0.04041075172301287,0.04509571663322226,-0.16087521211467062,-0.7856948969248512,0.09248461033322058,-0.6858957331479179,-0.07651725948578962,-0.7163638471143454,0.13213110641569584,-0.6418675019547693,-0.06380512684007449
2021-05-26_RD,2022-09-21_RD,480,50,0.005950704216957092,0.27110010385513306,10.0,-0.326014943062538,-0.26722560001558887,0.04085497530212312,0.04540604648504529,-0.09386485445649519,-0.28947542810938365,0.0930455677202306,-0.25977211300104547,-0.015269407043990315,-0.23276421554032878,0.1329087104558724,-0.17378814779137014,0.008137539299342975
2021-05-26_RD,2022-09-21_RD,480,50,0.005950704216957092,0.27110010385513306,100.0,0.06250586621165094,-0.01648258675099193,0.04501136055326094,0.047958161555234136,0.00400807998647168,0.0890342636070463,0.09802321591364163,0.04851280651460188,0.03752977609311476,0.10837259937316185,0.13968529592961196,0.13936826412279016,0.06392713910504501
2021-05-26_RD,2022-09-21_RD,480,50,0.005950704216957092,0.27110010385513306,1000.0,0.16890228411085365,0.002328259863066673,0.0687796686473593,0.056944424527444665,0.02838932657425015,0.11674286787950874,0.11903434716750214,0.07435640017640563,0.056235665997412025,0.1396067909938084,0.1644861765177926,0.15980016511336284,0.09685984537695762
2021-05-26_RD,2022-09-21_RD,480,50,0.005950704216957092,0.27110010385513306,10000.0,0.14170526954337107,0.013818148856720697,0.07663919624406262,0.049911664065164674,0.03675934832194183,0.08398630023365886,0.1005083989397044,0.07192902283624436,0.054889672905168135,0.10521172269172799,0.13223141061617705,0.12443945636812404,0.08504311865147751
2021-05-26_RD,2022-09-21_RD,480,50,0.005950704216957092,0.27110010385513306,100000.0,0.06172935217091585,0.008497436801810476,0.03224234069150339,0.016844899150799425,0.017618617074389543,0.03217200070399248,0.04226537537758995,0.03166448840225172,0.02604286860902937,0.043454843298804946,0.055648201126319796,0.054050442815397864,0.03888447177962334
2021-05-26_RD,2022-09-21_RD,480,100,0.005950704216957092,0.27110010385513306,1.0,0.0017326238998173482,-0.25169040038514356,0.07105560636278224,0.04686013740375433,-0.06568589401293069,-0.05682952163679861,0.1234739818880646,-0.19763078786742583,-0.042113210780133886,-0.10621778196992315,0.17740732915119692,-0.10113329684202552,0.003278361019441641
2021-05-26_RD,2022-09-21_RD,480,100,0.005950704216957092,0.27110010385513306,10.0,0.0057799208007575376,-0.24709959181612634,0.0711631130650213,0.04702867270059044,-0.06402283814011793,-0.05327292236440487,0.12363938270223926,-0.1926631586810763,-0.04026324174789425,-0.10143144982628535,0.17768946138949532,-0.09620788566305213,0.005139199371312279
2021-05-26_RD,2022-09-21_RD,480,100,0.005950704216957092,0.27110010385513306,100.0,0.04072033031863792,-0.2069339893109971,0.07220218160249525,0.04856865673429517,-0.04927913015942359,-0.02221973424662832,0.12517721893626113,-0.14913793410257623,-0.023908447286218205,-0.059801877099410566,0.1802660017020694,-0.053331970978591686,0.02162111523885273
2021-05-26_RD,2022-09-21_RD,480,100,0.005950704216957092,0.27110010385513306,1000.0,0.17282934274796208,-0.05018864163842485,0.07979130080972399,0.056578729749882234,0.012690146729965482,0.09690642266863456,0.13379446451262073,0.022998167066371034,0.043879998899943644,0.09933305579279122,0.19257111562929508,0.11110372773601085,0.09146240238080461
2021-05-26_RD,2022-09-21_RD,480,100,0.005950704216957092,0.27110010385513306,10000.0,0.19397131124030562,0.018499591921788988,0.08675058373386643,0.05761728309263078,0.04361430651833859,0.11512398350512903,0.12323742413115579,0.09043595472205998,0.07010678266064406,0.14175217301044157,0.16835977776227434,0.15694256208794483,0.1109605708941811
2021-05-26_RD,2022-09-21_RD,480,100,0.005950704216957092,0.27110010385513306,100000.0,0.0885729185765278,0.011037173165610342,0.046099671862723096,0.023877167844509162,0.0248513875726675,0.047318516507341646,0.058455557634398386,0.045482831093161896,0.03653703461337352,0.06154161707351294,0.07851515596410391,0.07692287328342076,0.05348928107526701
2021-06-14_CO,2021-06-15_CO,1,10,0.18966792523860931,0.2492845505475998,1.0,-8.212219971668254,-0.10214054618029389,-0.09247355838353921,-0.10941821345086225,-0.14690809818342798,-0.2677710821672192,-0.24792865033499195,-0.24513946549048862,-0.34296805694762184,-0.7538111142460356,-0.5586683152209644,-0.6065148825426402,-0.7535468374013353
2021-06-14_CO,2021-06-15_CO,1,10,0.18966792523860931,0.2492845505475998,10.0,-2.765641872196843,-0.04738327579854931,-0.08053694837395331,-0.06560340082928323,-0.1305359132550601,-0.201786632800378,-0.22580334077344544,-0.19431497072727777,-0.30936592167986926,-0.6174503583167377,-0.4686149011750934,-0.5007143492600626,-0.6735080984437696
2021-06-14_CO,2021-06-15_CO,1,10,0.18966792523860931,0.2492845505475998,100.0,-0.5937145920367505,0.06893126572576147,0.00577284384625798,0.050109204578802524,-0.02844108966641813,-0.03437008992603394,-0.08313036151621195,-0.04095507118354824,-0.11921816737805786,-0.2092318043097766,-0.17976986858857105,-0.16944783491724738,-0.29444831597229587
2021-06-14_CO,2021-06-15_CO,1,10,0.18966792523860931,0.2492845505475998,1000.0,0.0917065476094032,0.18330672816992638,0.17107273578964338,0.18888813631339216,0.13625268964490037,0.1736930236689887,0.1656410906811767,0.17894310566631647,0.13372836229135376,0.16017497739933612,0.1579436966480704,0.16737856955101837,0.11310647762834462
2021-06-14_CO,2021-06-15_CO,1,10,0.18966792523860931,0.2492845505475998,10000.0,0.19311733438822137,0.20828478596245908,0.19418589593619673,0.21053981118938847,0.18419373993812485,0.20278087362728633,0.20332182909283136,0.20399822352260646,0.18416178290932292,0.19969276852754536,0.20026942744545392,0.2017097491427583,0.18132754450496327
2021-06-14_CO,2021-06-15_CO,1,10,0.18966792523860931,0.2492845505475998,100000.0,0.1916925122152832,0.19538492076403396,0.19159435430012903,0.19518892411194452,0.19024594788427282,0.19619183884282906,0.19466236322765032,0.19547033085706886,0.1910140370019274,0.19578144956922952,0.19399966254836437,0.1947308506971953,0.19096074600984125
2021-06-14_CO,2021-06-15_CO,1,20,0.18966792523860931,0.2492845505475998,1.0,-0.9551722363206545,0.07931358068494268,0.049215793796447777,0.07769338508347748,0.04131998792187656,0.03228767040309127,-0.009439300440055143,0.017676184756829805,-0.005978415203044596,-0.09682116721795156,-0.11239908836912144,-0.11195641390283703,-0.16848395108664171
2021-06-14_CO,2021-06-15_CO,1,20,0.18966792523860931,0.2492845505475998,10.0,-0.8337567369082641,0.08493238271738457,0.05242416645435727,0.0840864216089133,0.04368026189572783,0.038476438216902276,-0.0037812599749152964,0.02582800390856843,-0.0016478846528193425,-0.08242101691050388,-0.09863601602125147,-0.09769580086729451,-0.1578569506282989
2021-06-14_CO,2021-06-15_CO,1,20,0.18966792523860931,0.2492845505475998,100.0,-0.3736014898183298,0.11407687800423646,0.07968926928448983,0.11579225130966606,0.06382751581711171,0.07244850576675499,0.04198414574295836,0.06963676508618183,0.03369406208882846,-0.005158788930789748,-0.01642209587208532,-0.012531374718148525,-0.07802410013277523
2021-06-14_CO,2021-06-15_CO,1,20,0.18966792523860931,0.2492845505475998,1000.0,0.10696399796131584,0.18457933988292222,0.17250912142794458,0.19123892627782993,0.13838229542949862,0.17110809147413467,0.17722744449661576,0.18368671101084594,0.1430297052769746,0.16547007891974755,0.16937084466540228,0.1729453462134514,0.1219173408983536
2021-06-14_CO,2021-06-15_CO,1,20,0.18966792523860931,0.2492845505475998,10000.0,0.2022513454136647,0.2104116704943297,0.19833205357041575,0.21281140336582868,0.18294683869763465,0.2056542450854737,0.20981332761464078,0.20940025659213868,0.18643844563812295,0.20568690761098662,0.20890920626623433,0.20924075452755925,0.1856934281331762
2021-06-14_CO,2021-06-15_CO,1,20,0.18966792523860931,0.2492845505475998,100000.0,0.19270356704971334,0.19692782386115004,0.1924931143529006,0.1968341026185291,0.1901576973534355,0.19709709549982982,0.19575923134604514,0.19678836536826644,0.1912012593974365,0.19661657748462727,0.1948386683559113,0.19556033055535668,0.1907467556819111
2021-06-14_CO,2021-06-15_CO,1,50,0.18966792523860931,0.2492845505475998,1.0,-0.07716221347072638,0.14335108528628251,0.13326570371413848,0.14416543383551922,0.1250934357892605,0.1203687126544142,0.09546860032994953,0.13544936934745458,0.12174118855278697,0.08363536071473593,0.08678154471109306,0.08039678616791437,0.08174668005585203
2021-06-14_CO,2021-06-15_CO,1,50,0.18966792523860931,0.2492845505475998,10.0,-0.07140754720002854,0.14431001695756276,0.13397627235014015,0.1450833596489546,0.12553151734864568,0.12155883280159388,0.09686090072045983,0.1365579915621061,0.12244556622742529,0.08596311974343512,0.08865509326815763,0.08251325797990552,0.08308942812718458
2021-06-14_CO,2021-06-15_CO,1,50,0.18966792523860931,0.2492845505475998,100.0,-0.024482357949019123,0.1517151133161753,0.14063083841953303,0.15224635686848959,0.12964864291410486,0.1310614810628126,0.10966282132863678,0.1456765377314729,0.1289412718971792,0.10396303621560107,0.10497701503939605,0.10095004823633821,0.09523993082308042
2021-06-14_CO,2021-06-15_CO,1,50,0.18966792523860931,0.2492845505475998,1000.0,0.1487232498135134,0.18478134397210697,0.17922361590381206,0.18707462321850285,0.15463116941459223,0.17725237504337377,0.17676112700834373,0.1924838832746219,0.16447205921652966,0.1779188881636885,0.18456592324146698,0.1868091398117533,0.1556619639169082
2021-06-14_CO,2021-06-15_CO,1,50,0.18966792523860931,0.2492845505475998,10000.0,0.2280189687106033,0.21260340563023575,0.20813812664644823,0.21487491500813558,0.1860038983392309,0.21317892370125044,0.2196730753096228,0.22095229356188772,0.19507238067458177,0.21821488311707146,0.22678688039684952,0.22690300403453215,0.19859798730038636
2021-06-14_CO,2021-06-15_CO,1,50,0.18966792523860931,0.2492845505475998,100000.0,0.2000808064408197,0.1984335405066322,0.19483524929322715,0.19824477999108023,0.19064829855340149,0.1990030361738661,0.19869465945257553,0.1995320590937567,0.19268959951248785,0.19958355529559826,0.19981201629766196,0.2000437453757571,0.19318368116900766
2021-06-14_CO,2021-06-15_CO,1,100,0.18966792523860931,0.2492845505475998,1.0,0.12892229377059106,0.179980433738735,0.16859684307782502,0.1763065781489458,0.1510478477705333,0.1697308612566601,0.15833788776898708,0.18173136986150787,0.15758068926441005,0.1690705238746523,0.16014039291232612,0.1726260965995139,0.1448758572439576
2021-06-14_CO,2021-06-15_CO,1,100,0.18966792523860931,0.2492845505475998,10.0,0.1300267498484502,0.18022135411694795,0.1688142866887302,0.1765675997602811,0.15117565457216098,0.17007089958983762,0.1587194826704115,0.18209732759835678,0.15778514393932452,0.16960284834317885,0.1607510060314297,0.17318272902119264,0.14523175176206182
2021-06-14_CO,2021-06-15_CO,1,100,0.18966792523860931,0.2492845505475998,100.0,0.1397586762516955,0.1823146642509903,0.1709181553944105,0.17887777930670465,0.1524172382489161,0.17306334918879043,0.16238504579238272,0.18531187555210685,0.15975039903436908,0.17420459323232465,0.16619320106983565,0.17813667688364718,0.14862553383661417
2021-06-14_CO,2021-06-15_CO,1,100,0.18966792523860931,0.2492845505475998,1000.0,0.1927215181829775,0.19481881567513493,0.18651440419720938,0.19348246458311635,0.16199584830499938,0.19139187388957257,0.1881614036607491,0.20444666444075302,0.17381018867877016,0.19962274481076972,0.1985890428881117,0.2074511073380569,0.1716218463656145
2021-06-14_CO,2021-06-15_CO,1,100,0.18966792523860931,0.2492845505475998,10000.0,0.24305036382555562,0.21643802114287347,0.2119747687756379,0.21826255016443818,0.18491644351747807,0.21944199681242704,0.22436820514825181,0.22762769527314528,0.19782080245799036,0.2283226703946105,0.23490535356041645,0.23752926230504137,0.2044972960088833
2021-06-14_CO,2021-06-15_CO,1,100,0.18966792523860931,0.2492845505475998,100000.0,0.20771069868893322,0.20189187867962774,0.19780754562821126,0.20164633059897208,0.19082742279322126,0.20268627376480997,0.20269111696633352,0.20360781245126755,0.19416676324121163,0.20444638439428436,0.20511961321727018,0.20574185002104647,0.19578126982551847
2021-06-14_CO,2021-07-14_CO,30,10,-0.007435306906700134,0.2616214156150818,1.0,-5.177357472066703,-0.6027746937566891,-0.39015034248326586,-0.2981655134269391,-0.45668627363923964,-0.3960088036860572,-0.36034708199206533,-0.4957469105356252,-0.5896852311273962,-0.7016608450779661,-0.608296132347095,-0.49926336351037587,-0.9145534833409465
2021-06-14_CO,2021-07-14_CO,30,10,-0.007435306906700134,0.2616214156150818,10.0,-2.48820391612017,-0.5545101520418132,-0.3497787904560829,-0.26520930291103645,-0.429680522407852,-0.3541131033474815,-0.31689091217365906,-0.4302251074647746,-0.5476972158992498,-0.6012945955510842,-0.5124715531053565,-0.44067950054958865,-0.821598310542691
2021-06-14_CO,2021-07-14_CO,30,10,-0.007435306906700134,0.2616214156150818,100.0,-0.6230655293985727,-0.29865904279812083,-0.14296830332497917,-0.10838605445110122,-0.25854349603069104,-0.16613463650748428,-0.1337141342010042,-0.15701582124872407,-0.3133387060399355,-0.26313418203485817,-0.20539963661526267,-0.23405873620002454,-0.4231506851980016
2021-06-14_CO,2021-07-14_CO,30,10,-0.007435306906700134,0.2616214156150818,1000.0,-0.029651017866030444,-0.01943508732709623,0.02198250749273417,0.025909308580129853,-0.05565406494946159,0.01324604381366501,0.017611008747222184,0.029555134275689898,-0.07235248253135698,0.006718100916271258,0.04411337180115138,0.0017191189598366463,-0.07481482503060904
2021-06-14_CO,2021-07-14_CO,30,10,-0.007435306906700134,0.2616214156150818,10000.0,-0.02970500196987788,0.0024258628319238362,-0.0016757846445163982,0.0011412745624087839,-0.018943302187773552,-0.007585751943726626,-0.005285276334441064,-0.00872990878307306,-0.04557547176541409,-0.021578582153038567,-0.008604875991920308,-0.017775863277278425,-0.0530558992616132
2021-06-14_CO,2021-07-14_CO,30,10,-0.007435306906700134,0.2616214156150818,100000.0,-0.04189652335530597,-0.0049940702485885,0.0014528723729553272,-0.000485938425955873,-0.006093019452537106,-0.00303284401904072,-0.0021203949788320686,-0.0033265930351384088,-0.009108770081418258,-0.01226042772102759,-0.018565172237380217,-0.013577761800831756,-0.015783106615620175
2021-06-14_CO,2021-07-14_CO,30,20,-0.007435306906700134,0.2616214156150818,1.0,-0.7005502182610772,-0.1330151763329309,-0.039846401366907314,-0.056692891841988835,-0.14651929683461506,-0.05519998480821825,-0.07660128851758741,-0.04064159229812028,-0.18857518971205547,-0.16088323687414924,-0.1412121379491742,-0.12730441171592843,-0.24939303022062762
2021-06-14_CO,2021-07-14_CO,30,20,-0.007435306906700134,0.2616214156150818,10.0,-0.6236293159606401,-0.12654626046307663,-0.036041746060075014,-0.05089625413298754,-0.14216343286262265,-0.04845869165488978,-0.07000783542888134,-0.03385638748769251,-0.1821420936587743,-0.14748606431809308,-0.12624902036549662,-0.11620179838526096,-0.2397167767833205
2021-06-14_CO,2021-07-14_CO,30,20,-0.007435306906700134,0.2616214156150818,100.0,-0.2996988187491631,-0.08606879833829811,-0.007897834157245293,-0.01766506358115047,-0.10772501944177086,-0.00996250640009394,-0.02451394624407957,0.007562455479845798,-0.13392823708716914,-0.06921412804661198,-0.04106674440548319,-0.053129858044037664,-0.17031785060403118
2021-06-14_CO,2021-07-14_CO,30,20,-0.007435306906700134,0.2616214156150818,1000.0,0.039508998798546885,0.005528894375955246,0.04104751783581925,0.03895839690130262,-0.027571164187121744,0.05239070211300406,0.04836896100244509,0.07270762088389651,-0.03607979718253402,0.057337620901260905,0.08764210465610439,0.05962313563478436,-0.02830232647634276
2021-06-14_CO,2021-07-14_CO,30,20,-0.007435306906700134,0.2616214156150818,10000.0,0.012097333669407434,0.010659764569624558,0.010424355280107767,0.011108384083096973,-0.012167928925772786,0.010887761726806777,0.010367433862191466,0.013105283204766921,-0.03123174288186062,0.007125123241187248,0.01903763257727842,0.012120591351514665,-0.02850293353402773
2021-06-14_CO,2021-07-14_CO,30,20,-0.007435306906700134,0.2616214156150818,100000.0,-0.032109027798574996,-0.003701641075907258,0.0028827516708237466,0.0010924449529685076,-0.005508771880860093,-0.0009279770762784523,-0.0011839221041685666,-0.001637373331990849,-0.00854354858479539,-0.009985785534793179,-0.0158126582038966,-0.011288770380970176,-0.014513644369056333
2021-06-14_CO,2021-07-14_CO,30,50,-0.007435306906700134,0.2616214156150818,1.0,-0.0420407647297765,-0.013699247665418246,0.03392774605295523,0.02721658338001623,-0.04124020169163681,0.02097344294342965,0.045392865286261935,0.0866097727901183,-0.05728971657204269,0.03822526186071673,0.10688524183092199,0.029555180155624722,-0.057844438474491416
2021-06-14_CO,2021-07-14_CO,30,50,-0.007435306906700134,0.2616214156150818,10.0,-0.03737213958472099,-0.01303032419174735,0.034294545423184414,0.02790365082157162,-0.04082116203058178,0.02197480103206939,0.045867602793036255,0.08724077782053444,-0.056600037355263616,0.039466294772910304,0.10796831766955275,0.031005884758833396,-0.056691554390414116
2021-06-14_CO,2021-07-14_CO,30,50,-0.007435306906700134,0.2616214156150818,100.0,-0.003403576847633566,-0.008199074170315984,0.03761572704605612,0.03289235941260979,-0.0369347431272952,0.02966893011211358,0.050128187579949635,0.09173524072371106,-0.050269447917682154,0.04958683645784681,0.11602057172366273,0.042600687462099024,-0.046187468852912146
2021-06-14_CO,2021-07-14_CO,30,50,-0.007435306906700134,0.2616214156150818,1000.0,0.10048511788442185,0.01238830144684483,0.05149792318230467,0.05054567717823902,-0.015877224271725915,0.060102435969248746,0.06702340883468585,0.10407431059371494,-0.01809786987520931,0.09053791785416188,0.13906797413828298,0.0882822871837716,0.005074017082259454
2021-06-14_CO,2021-07-14_CO,30,50,-0.007435306906700134,0.2616214156150818,10000.0,0.08327427602398049,0.02128321564912189,0.03020029572632016,0.03165897795590025,-0.0013113606371706425,0.043649223575544016,0.03674758186964963,0.052892514062244156,-0.0048704356631139685,0.06076630262984506,0.07239297217200971,0.06244897548552375,0.014717392964384346
2021-06-14_CO,2021-07-14_CO,30,50,-0.007435306906700134,0.2616214156150818,100000.0,-0.004886199664272756,-0.00022624018461003814,0.006754947734688488,0.0058532959991720035,-0.003942365242208322,0.005789482385659045,0.003243418815933735,0.004945539711671387,-0.005280538077190829,0.0017134270550921427,-0.0018878919904937452,0.0007314373908628158,-0.0067296939269436045
2021-06-14_CO,2021-07-14_CO,30,100,-0.007435306906700134,0.2616214156150818,1.0,0.18470056404352048,0.04223140914670945,0.08840972598297714,0.07301283151376858,-0.01200488453171808,0.09957697699089194,0.11157286311049144,0.1530465085945986,-0.0005054635118713439,0.14872029094890366,0.20241240470906788,0.15210976882745383,0.041030328975992625
2021-06-14_CO,2021-07-14_CO,30,100,-0.007435306906700134,0.2616214156150818,10.0,0.18534627342376842,0.042319512882253024,0.08843573838615637,0.07311794147592429,-0.011934505509337731,0.0997536009446364,0.11165324342936497,0.15312382910558972,-0.0003783231880218156,0.1489594426503364,0.20256212377964494,0.15233317952856193,0.04127079109778698
2021-06-14_CO,2021-07-14_CO,30,100,-0.007435306906700134,0.2616214156150818,100.0,0.19083992911198633,0.04301595554044682,0.08865980054966888,0.07402600888969962,-0.011257133802522273,0.10127437829922512,0.11237509637492793,0.1537223494096473,0.0008291499780502254,0.151013296913052,0.2037911097978937,0.15424638573281566,0.04354875628969293
2021-06-14_CO,2021-07-14_CO,30,100,-0.007435306906700134,0.2616214156150818,1000.0,0.21332489245098266,0.045707159950066245,0.08838788359210545,0.07797430531717567,-0.006429596478751974,0.10819866954690363,0.11417078209797121,0.15367414760523887,0.008435505109141955,0.15943056695564783,0.20511581187189448,0.1618399616888362,0.057433370372268
2021-06-14_CO,2021-07-14_CO,30,100,-0.007435306906700134,0.2616214156150818,10000.0,0.1578193170163241,0.03592317961717492,0.05772563520243715,0.0548301958003784,0.0005871096079444563,0.0796940800725699,0.07332709888205174,0.09840023049380364,0.008249050116976167,0.11309598002082277,0.1294999746473851,0.11345560456299428,0.04709064575957481
2021-06-14_CO,2021-07-14_CO,30,100,-0.007435306906700134,0.2616214156150818,100000.0,0.021469271001723272,0.004169417657322649,0.013094284003594303,0.012037505138499743,-0.0030368046876764385,0.015279056265359747,0.011350076495889233,0.015709054865197386,-0.0030721272367356853,0.01593035115832586,0.014965733867490227,0.01526919926819234,0.0007896116113968085
2021-06-14_CO,2021-10-15_CO,120,10,0.06526371836662292,0.3550468683242798,1.0,-2.309281245824606,-0.18744909289915956,-0.05312217513183817,-0.11343161004712154,-0.09250685281533567,-0.432013774667666,-0.2621599369344153,-0.18793050065830577,-0.2978533908972061,-0.6666011971864293,-0.6086774749490917,-0.5592019539601529,-0.776900227154998
2021-06-14_CO,2021-10-15_CO,120,10,0.06526371836662292,0.3550468683242798,10.0,-1.3298166799417763,-0.16407316374022934,-0.03310525676279827,-0.0932100540280047,-0.08327492009512605,-0.36560273311515434,-0.22106877957456855,-0.16730686219175675,-0.25277353554948473,-0.5405866682248492,-0.4771561149399701,-0.4324754438051832,-0.629135469622472
2021-06-14_CO,2021-10-15_CO,120,10,0.06526371836662292,0.3550468683242798,100.0,-0.22644301370127842,-0.040449510479202894,0.06688699012809574,0.016132746415362303,-0.024642009127869586,-0.12015837742738045,-0.029775243188722544,-0.04617939974455976,-0.05119283758564294,-0.1556123700853886,-0.0642439771822575,-0.0725540065552602,-0.15567636237866253
2021-06-14_CO,2021-10-15_CO,120,10,0.06526371836662292,0.3550468683242798,1000.0,0.15306536811321056,0.0736027433015744,0.1314802435599487,0.10776798284582909,0.06315451067005172,0.06605407577951511,0.11624295842406024,0.10620954386231204,0.09686945485329292,0.11317066365498216,0.1506329006641543,0.14561054925977532,0.1043182873523274
2021-06-14_CO,2021-10-15_CO,120,10,0.06526371836662292,0.3550468683242798,10000.0,0.11651621459929423,0.07246343555950033,0.09123598484277329,0.0822275361168821,0.07023154783373987,0.07353952849662598,0.0909097637776092,0.08888590280197309,0.0838306473459195,0.09244932954176888,0.10430057634933282,0.10154405597762464,0.08929547137694786
2021-06-14_CO,2021-10-15_CO,120,10,0.06526371836662292,0.3550468683242798,100000.0,0.07599921709910379,0.06647401770134878,0.06976652932810043,0.06798701334276658,0.06611685300341845,0.06690866266000059,0.07037193838762726,0.06955103672138288,0.06871583966625652,0.0705047299726888,0.07334113778316781,0.07239079563045675,0.07001741660845155
2021-06-14_CO,2021-10-15_CO,120,20,0.06526371836662292,0.3550468683242798,1.0,-1.2163647977475331,-0.011818193561496104,0.07394182716850795,0.03730018387931988,-0.03451109843625777,-0.14197839921848135,0.021180758661197313,0.017833175561199677,-0.05012973160219036,-0.10685773861638337,0.013786259164323689,-0.04189923009124444,-0.1478594221445332
2021-06-14_CO,2021-10-15_CO,120,20,0.06526371836662292,0.3550468683242798,10.0,-0.9434787695500596,-0.008050765716840047,0.07679033500800408,0.04039191949844925,-0.03166310531325647,-0.13321563295766983,0.026562284864388774,0.02253424853572844,-0.04400931551242936,-0.09431312302643516,0.024162620728835016,-0.02989527635111086,-0.13484079973245086
2021-06-14_CO,2021-10-15_CO,120,20,0.06526371836662292,0.3550468683242798,100.0,-0.223800251950477,0.020148396499703264,0.09841841702369641,0.0639852902082867,-0.00891667422010812,-0.07223058242893143,0.0658000124135937,0.058788006233224666,0.0015184256007722923,-0.013670352552770743,0.09052626008663475,0.04531410219426313,-0.04520867716323323
2021-06-14_CO,2021-10-15_CO,120,20,0.06526371836662292,0.3550468683242798,1000.0,0.18078659546831333,0.08074760871731329,0.13990997817115164,0.11445420818340105,0.05498669262348576,0.058526538317774074,0.1407679908634658,0.13997072628843404,0.09729909592258786,0.13505033967949662,0.19158581561172722,0.17048391405780422,0.1151522792486176
2021-06-14_CO,2021-10-15_CO,120,20,0.06526371836662292,0.3550468683242798,10000.0,0.14801850700331676,0.07758893319988547,0.10264448512332247,0.09201071672455952,0.07137438177821913,0.07776545914914268,0.1047888078132877,0.1035863148385425,0.09006434887570254,0.10923381659160541,0.13094799414957733,0.1221482179774632,0.10182006830316714
2021-06-14_CO,2021-10-15_CO,120,20,0.06526371836662292,0.3550468683242798,100000.0,0.08292550622103598,0.06795424993868318,0.07306581507526419,0.07067858628061943,0.06683299066764156,0.06898802299921364,0.07375885579588032,0.07292160680953483,0.07108418834110687,0.07495124000020215,0.0790405303972059,0.0778244607365216,0.07350466258755096
2021-06-14_CO,2021-10-15_CO,120,50,0.06526371836662292,0.3550468683242798,1.0,0.09931159701347558,0.07583708610651327,0.13133137318048874,0.10816846745946848,0.062323350772588354,0.039883385675900246,0.11185917746898316,0.09164006995326332,0.08879697378386231,0.06706230714956268,0.1698264102093704,0.10754788318526654,0.10777143918215155
2021-06-14_CO,2021-10-15_CO,120,50,0.06526371836662292,0.3550468683242798,10.0,0.10430163632115777,0.0763024453820989,0.1317320322234777,0.10865694577012633,0.062624131095549,0.04087779971585187,0.11270187184902267,0.09290365020834979,0.089542002637856,0.0690803015242962,0.1713783552759178,0.1095947547490487,0.10901746670985786
2021-06-14_CO,2021-10-15_CO,120,50,0.06526371836662292,0.3550468683242798,100.0,0.14438129420733292,0.080502133310896,0.1353789174139148,0.11313110202448765,0.06539041542828371,0.04955523918660065,0.12029955365072664,0.10430752129042883,0.09625691282307469,0.08651606135350681,0.1849406052052637,0.12727805976741613,0.12006839464685204
2021-06-14_CO,2021-10-15_CO,120,50,0.06526371836662292,0.3550468683242798,1000.0,0.2588673677154235,0.09880119343222699,0.15127183904772834,0.13404243632837157,0.07936554829363189,0.08682787700561534,0.15321337649273875,0.1543692572724866,0.12538361568427583,0.156278749312925,0.23262011655815482,0.19477551397682094,0.16337258935782736
2021-06-14_CO,2021-10-15_CO,120,50,0.06526371836662292,0.3550468683242798,10000.0,0.20720291618896275,0.09030627871566757,0.1243673678899348,0.11423311361200739,0.08118199597390109,0.09276629810274636,0.13093151012698043,0.13396878008529092,0.11130295247921258,0.14436601038441413,0.17515790369491085,0.16110613286935585,0.13360362016967836
2021-06-14_CO,2021-10-15_CO,120,50,0.06526371836662292,0.3550468683242798,100000.0,0.09935055789733563,0.07087912989479311,0.08016943657757933,0.0758992573185299,0.0692957266442422,0.07256251349525852,0.08207841559359369,0.08103501423017345,0.07689955913231743,0.08377081446796908,0.09104643395532444,0.08775134202697013,0.08144810670901417
2021-06-14_CO,2021-10-15_CO,120,100,0.06526371836662292,0.3550468683242798,1.0,0.26083713223327876,0.10247104454034936,0.1481211547588927,0.1296229091003861,0.07902273422933898,0.0871601588204508,0.15717336476073557,0.14665911061331202,0.1262524556576778,0.15958783032104068,0.2490263112638955,0.19948887017109018,0.17159323453150596
2021-06-14_CO,2021-10-15_CO,120,100,0.06526371836662292,0.3550468683242798,10.0,0.2616623229601166,0.10257277845408172,0.14824010480028,0.12976324284994903,0.07909968778849892,0.08737013570729452,0.15736586113481038,0.14696423147455784,0.1264115331639971,0.1599511347429657,0.24931241118924294,0.19989661717943585,0.1718346445355513
2021-06-14_CO,2021-10-15_CO,120,100,0.06526371836662292,0.3550468683242798,100.0,0.26913914017872853,0.1035381593799069,0.1493714444807992,0.13110184687566034,0.07983648312399737,0.08935347333028418,0.15918091119146419,0.14985762353454984,0.12791690485495175,0.16335479791650845,0.2519564773053228,0.2036904619177579,0.17408475580453117
2021-06-14_CO,2021-10-15_CO,120,100,0.06526371836662292,0.3550468683242798,1000.0,0.3038282924665566,0.10942688215041074,0.15635184334320698,0.13964053300177307,0.08479493058658405,0.10180111755901133,0.1697211283209999,0.16764337505102747,0.13694301069376205,0.18332404960159043,0.26426984780312823,0.22446884358101535,0.18574405229650967
2021-06-14_CO,2021-10-15_CO,120,100,0.06526371836662292,0.3550468683242798,10000.0,0.25689767836876837,0.10274861142666353,0.143127323620488,0.13049173900769845,0.08680215870821366,0.10520444015724587,0.1539463455359075,0.15815829325867278,0.12728260758679794,0.17247577907347122,0.21461491447212888,0.19804577336564,0.158816623145322
2021-06-14_CO,2021-10-15_CO,120,100,0.06526371836662292,0.3550468683242798,100000.0,0.12070445412072553,0.07546077400876977,0.08970379285590988,0.08365044481784473,0.07246228852967372,0.07774029543934463,0.09277679079075074,0.09195102794780624,0.08443401991245332,0.0961781621431392,0.10725536246160286,0.10269923788221169,0.091622048995456
2021-06-14_CO,2022-10-10_CO,480,10,-0.20047956705093384,0.3173416554927826,1.0,-1.5922703480519618,-0.5413442080788406,-0.15260822008746167,-0.37696281677120774,-0.542019765576362,-0.7533270483294809,-0.24553339293632986,-0.3514176610630081,-0.6919936342652108,-0.9653211966876545,-0.5307650409063988,-0.758642074549485,-1.0745865327380582
2021-06-14_CO,2022-10-10_CO,480,10,-0.20047956705093384,0.3173416554927826,10.0,-1.1788190406905752,-0.5147438257625855,-0.139574225097166,-0.35284180137960125,-0.5258434807633884,-0.7010014625222101,-0.2147331958918409,-0.31209902652255733,-0.6637136976138288,-0.843332812226741,-0.4258491901038427,-0.611568755451036,-0.9657371059083776
2021-06-14_CO,2022-10-10_CO,480,10,-0.20047956705093384,0.3173416554927826,100.0,-0.35611839455336447,-0.3938262341544261,-0.06608871121948406,-0.2514995142164428,-0.4194655495769635,-0.47357807550149283,-0.07705221465436476,-0.1547013184207382,-0.4958990016287273,-0.44211673927605305,-0.1143970471438297,-0.21243696969574116,-0.5534553574800868
2021-06-14_CO,2022-10-10_CO,480,10,-0.20047956705093384,0.3173416554927826,1000.0,-0.04949771906085229,-0.2824982497989056,-0.03746094243911699,-0.18104189105569984,-0.24808929445615133,-0.27969618276412916,-0.03507644736336202,-0.09195378847824176,-0.27133546335841235,-0.2090729830408512,-0.015600131383335603,-0.07016419219589493,-0.24939051891975939
2021-06-14_CO,2022-10-10_CO,480,10,-0.20047956705093384,0.3173416554927826,10000.0,-0.17276940894306597,-0.21169904979023846,-0.15817185431978803,-0.1847134490524372,-0.19789948496965937,-0.21187356814448488,-0.16522572319046913,-0.1760914532374781,-0.20971948753377126,-0.21388605448502812,-0.16968419049401434,-0.1856365938173688,-0.21653042793611563
2021-06-14_CO,2022-10-10_CO,480,10,-0.20047956705093384,0.3173416554927826,100000.0,-0.19749758664077394,-0.20102970098978723,-0.192015853685447,-0.19788319679349736,-0.1989943636834143,-0.20033482042188566,-0.19071587632817988,-0.19436274446832458,-0.19896533558386054,-0.19929965372048636,-0.19263413486797676,-0.19537262836476238,-0.1974025353438634
2021-06-14_CO,2022-10-10_CO,480,20,-0.20047956705093384,0.3173416554927826,1.0,-1.8258085668219879,-0.45655450389022634,-0.14389437928399565,-0.34491976613782227,-0.4317662854785811,-0.5805346880279274,-0.15619044381905123,-0.2182228020981576,-0.49092326045547324,-0.6086545206114606,-0.2415524966980428,-0.2615118471246762,-0.55664897774197
2021-06-14_CO,2022-10-10_CO,480,20,-0.20047956705093384,0.3173416554927826,10.0,-1.3936120071877691,-0.4498924891724702,-0.1370326809755809,-0.3386068126905019,-0.4267104172894205,-0.5686895369428759,-0.14494724104421863,-0.208786888352052,-0.4836673501031639,-0.5886055425562364,-0.2171648080779927,-0.24401753037426366,-0.5426080417618366
2021-06-14_CO,2022-10-10_CO,480,20,-0.20047956705093384,0.3173416554927826,100.0,-0.4110392829632742,-0.40309305415357843,-0.08517554079421416,-0.2925578686189116,-0.38488392132373184,-0.48504651417702277,-0.06832645001053306,-0.14544039577145396,-0.4252041368350779,-0.4533341924159177,-0.07106538176149746,-0.13557796278131362,-0.4405911056075183
2021-06-14_CO,2022-10-10_CO,480,20,-0.20047956705093384,0.3173416554927826,1000.0,0.026427162781316682,-0.29735188507764154,0.0014099332507197526,-0.19052137608158376,-0.2542338336980101,-0.3044965742089108,0.020835726129119297,-0.05716250768369105,-0.262329066386701,-0.21743504933209767,0.06456117059173413,-0.006416433960853785,-0.2280870166089747
2021-06-14_CO,2022-10-10_CO,480,20,-0.20047956705093384,0.3173416554927826,10000.0,-0.09397300669816258,-0.2202927971359776,-0.11654052671881715,-0.17901703783905865,-0.1959620378495297,-0.2197702762930262,-0.11770518765579002,-0.15568849379487731,-0.20801017543587555,-0.20989416041502773,-0.10070074885296698,-0.13731878834087996,-0.2069946113059826
2021-06-14_CO,2022-10-10_CO,480,20,-0.20047956705093384,0.3173416554927826,100000.0,-0.1890955931350125,-0.20150245518748988,-0.18204668998861706,-0.19575954994302674,-0.19726949782287825,-0.19997618105461673,-0.18107841323066987,-0.19008298035132487,-0.19705088854611627,-0.1979889274989271,-0.1829251648038454,-0.19058335478496452,-0.19479897460687923
2021-06-14_CO,2022-10-10_CO,480,50,-0.20047956705093384,0.3173416554927826,1.0,-0.03537378903552585,-0.29577345767517016,0.05175050693162109,-0.1258961781611183,-0.2650974472738888,-0.3520592518694794,0.08680632118202891,-0.014978505654112018,-0.27147859300682536,-0.26223166285477056,0.1188088304962496,0.01753747175881662,-0.2563666850063974
2021-06-14_CO,2022-10-10_CO,480,50,-0.20047956705093384,0.3173416554927826,10.0,-0.029381032283733677,-0.29478716783857334,0.052373511105852005,-0.12509613937780983,-0.2642660007767313,-0.3503500366164815,0.08751546179920797,-0.01391197866034563,-0.2703331423830056,-0.2599718001048465,0.1201617599726135,0.01921264378593976,-0.2544066751771216
2021-06-14_CO,2022-10-10_CO,480,50,-0.20047956705093384,0.3173416554927826,100.0,0.01903389493411131,-0.286257685286346,0.05800775677776476,-0.11827336893664098,-0.2564796005553848,-0.33527865682153585,0.09382037540651347,-0.0049104820043383846,-0.2597015265455771,-0.23997933147164113,0.13186940348122034,0.033719575170857524,-0.23671327749944762
2021-06-14_CO,2022-10-10_CO,480,50,-0.20047956705093384,0.3173416554927826,1000.0,0.156148430957996,-0.2496000719409715,0.079769436790044,-0.09439356240850802,-0.2111879508405409,-0.26603807790804174,0.11418650506180619,0.021654991050599842,-0.20172689096938723,-0.1518077318122653,0.16836577276133213,0.08529649710043324,-0.15448720008544914
2021-06-14_CO,2022-10-10_CO,480,50,-0.20047956705093384,0.3173416554927826,10000.0,0.07090609210336177,-0.20969043462509557,-0.010459720126139854,-0.12393920787048313,-0.17444809852868248,-0.20331834498523732,0.003569273355778807,-0.06189509386901354,-0.16865163236858496,-0.13473804481151264,0.046533654184611084,-0.00048123787585596656,-0.13843131516693052
2021-06-14_CO,2022-10-10_CO,480,50,-0.20047956705093384,0.3173416554927826,100000.0,-0.13230446676703328,-0.20000918099816795,-0.15559125950703218,-0.183370822383282,-0.1924388654438868,-0.19683974614441774,-0.15071058475670296,-0.17154347595047026,-0.19000094312206653,-0.18365041759561734,-0.13896615990001826,-0.1558053683056551,-0.18186003675848905
2021-06-14_CO,2022-10-10_CO,480,100,-0.20047956705093384,0.3173416554927826,1.0,0.22618829222397513,-0.23851892128441798,0.11494814013635823,-0.06741856446950345,-0.18683231483411147,-0.2577152340951345,0.15910527199428087,0.0601234815816265,-0.17532909409242114,-0.14097761374150586,0.22821689464290518,0.13929670904559527,-0.11469900948554441
2021-06-14_CO,2022-10-10_CO,480,100,-0.20047956705093384,0.3173416554927826,10.0,0.22673881248151898,-0.23830645870549494,0.11503677013184149,-0.06724754135804495,-0.18668341273243505,-0.2573728254315153,0.1592321213171058,0.060315799144321364,-0.17510795283386807,-0.14056875674492675,0.22839035500800686,0.13957800117160302,-0.11439268094435295
2021-06-14_CO,2022-10-10_CO,480,100,-0.20047956705093384,0.3173416554927826,100.0,0.2317859717617214,-0.2363305590940299,0.1158429599188548,-0.0657051622915559,-0.18524379348329179,-0.25413980046046886,0.16038209932765127,0.06202796992672158,-0.17298063614387396,-0.13670406892084924,0.22993874316700216,0.14214117917394828,-0.11148783078154297
2021-06-14_CO,2022-10-10_CO,480,100,-0.20047956705093384,0.3173416554927826,1000.0,0.2549176779684963,-0.224417641454232,0.11810172993208243,-0.059345342646265564,-0.17467343050327885,-0.23293581091104143,0.1635310331603372,0.06727889943835424,-0.1580704194028285,-0.11231401836282201,0.23363231913864257,0.1527535851655988,-0.09339936228414751
2021-06-14_CO,2022-10-10_CO,480,100,-0.20047956705093384,0.3173416554927826,10000.0,0.16996713384462667,-0.20209876326856963,0.05009001796181253,-0.08990673023473528,-0.16127892431200144,-0.19465485468719612,0.07860673650962127,-0.0021185866978807866,-0.1467857143473261,-0.10405586596596555,0.13538428667355298,0.07724047906648354,-0.10031273416452002
2021-06-14_CO,2022-10-10_CO,480,100,-0.20047956705093384,0.3173416554927826,100000.0,-0.07928546497223549,-0.19761197590384932,-0.12531568123117548,-0.16963661041653966,-0.1864045313967274,-0.19262409856975304,-0.11654617235845127,-0.14881590766943498,-0.1814684411215641,-0.16894928315356827,-0.09288926191893415,-0.11885550746308043,-0.16783705047947403
2021-08-10_CO,2021-08-12_CO,1,10,0.20338937640190125,0.3156692683696747,1.0,-0.46222801486403015,0.08657607816497098,-0.16584520868513652,0.09220909169769534,-0.05072321330809767,-0.022867029880691753,-0.09645994249420228,-0.11399737336086743,-0.1776754159824027,-0.35659057246184844,-0.4032150239246415,-0.3888963993265604,-0.53305335179234
2021-08-10_CO,2021-08-12_CO,1,10,0.20338937640190125,0.3156692683696747,10.0,-0.3397168850645429,0.0953881568994294,-0.15062681738251793,0.10261413132096978,-0.03902536554802632,-0.003108232168788888,-0.06154382108100079,-0.08645234584471986,-0.1509319885047055,-0.24747711333544142,-0.29336149568486436,-0.2796632646868209,-0.42869245911783477
2021-08-10_CO,2021-08-12_CO,1,10,0.20338937640190125,0.3156692683696747,100.0,-0.04172335603816235,0.1376268611656721,-0.05031631497693001,0.14731034123917305,0.03719042386195242,0.09285563804876504,0.06432850213545122,0.04512573067453307,-0.008739085958503182,0.026839130229810715,0.002807897321677605,0.00978773278973255,-0.0924436507484855
2021-08-10_CO,2021-08-12_CO,1,10,0.20338937640190125,0.3156692683696747,1000.0,0.1487094087835163,0.1846805914100401,0.13601791429164578,0.1847053032731561,0.1678024763441626,0.18555786704294625,0.17567644888604084,0.17259130190740588,0.16252354728328813,0.1777051314098796,0.16237899807296463,0.16574464139826295,0.1495233213124514
2021-08-10_CO,2021-08-12_CO,1,10,0.20338937640190125,0.3156692683696747,10000.0,0.1975781746124024,0.2029933098831482,0.1966176184798076,0.20272531082976555,0.20117404792033575,0.20274565925860208,0.2027829979326714,0.20113183986790126,0.20136796920080294,0.2029137080762398,0.19945349188001266,0.2004768072350808,0.1997969699158033
2021-08-10_CO,2021-08-12_CO,1,10,0.20338937640190125,0.3156692683696747,100000.0,0.2036314687346815,0.2035602285264144,0.2028763700651175,0.20355717772622822,0.20323785642441697,0.2036219235260653,0.20370899984944876,0.20345819219809835,0.20334753913888026,0.20389935068573192,0.2034742901848182,0.2037011293936414,0.2033174422424537
2021-08-10_CO,2021-08-12_CO,1,20,0.20338937640190125,0.3156692683696747,1.0,-1.265073001207598,0.1463044734831316,0.06145875638530218,0.14508424617707216,0.09619737685170394,0.039778253851751905,0.05124214245653866,0.05964529106772551,0.054494936137556266,-0.08841649602818227,-0.0633478787648526,-0.04913075221905708,-0.13781696891438547
2021-08-10_CO,2021-08-12_CO,1,20,0.20338937640190125,0.3156692683696747,10.0,-0.9599572820695665,0.15096107822217356,0.06466169028658092,0.1494815494551696,0.0981800795947975,0.05094223429836603,0.0603604347714283,0.06944427929720393,0.05840641663294876,-0.07311900520065004,-0.047302142747642634,-0.0340440890794175,-0.12462796128094993
2021-08-10_CO,2021-08-12_CO,1,20,0.20338937640190125,0.3156692683696747,100.0,-0.234842409399356,0.18404762080052334,0.09094875234196251,0.18109506217461854,0.11493398510405617,0.12475968228892378,0.12410258534399846,0.1351313242473761,0.08949258032450659,0.031072936887867525,0.05865302022938265,0.0651013200643433,-0.03176281888653656
2021-08-10_CO,2021-08-12_CO,1,20,0.20338937640190125,0.3156692683696747,1000.0,0.17517343605540228,0.2380930202788648,0.17199694374460864,0.23619217568379436,0.17393978352005515,0.23485390822669466,0.23211227767261242,0.2342745406766993,0.17709435550164523,0.21379554199371337,0.22340454792018502,0.22417504255040333,0.16003980685949315
2021-08-10_CO,2021-08-12_CO,1,20,0.20338937640190125,0.3156692683696747,10000.0,0.22491881223592772,0.22199464693751358,0.20345050180364224,0.221915767472529,0.20238471936014593,0.2235493182581238,0.22385569892468982,0.2228829056409501,0.20610024040722483,0.225449367878334,0.22436066276982788,0.2251825350393404,0.2068823117723894
2021-08-10_CO,2021-08-12_CO,1,20,0.20338937640190125,0.3156692683696747,100000.0,0.20828067270758585,0.20641131330081028,0.2037875788427697,0.20642511958924323,0.20348918798092175,0.20659415822333074,0.20687997607683903,0.20666081263951933,0.20412387734847334,0.20756192776677823,0.20734267828516356,0.20737261252147632,0.20445330812519746
2021-08-10_CO,2021-08-12_CO,1,50,0.20338937640190125,0.3156692683696747,1.0,-0.10709180629869808,0.046689071188194514,0.0960623900174532,0.056688101875797425,0.12101751951401192,0.04000627077257232,0.03362884943046793,0.049179414179491815,0.11958746486944971,0.05183992863318815,0.026488274628623076,0.0571078236876523,0.05293854433157841
2021-08-10_CO,2021-08-12_CO,1,50,0.20338937640190125,0.3156692683696747,10.0,-0.09629204424970164,0.0504345756622713,0.09686085554052482,0.06015295063200338,0.12156386332352753,0.044540354845808955,0.03780446827178413,0.05332211102607079,0.12031751801693302,0.0563442147608266,0.03181633675314019,0.061768847507914504,0.05469293866237213
2021-08-10_CO,2021-08-12_CO,1,50,0.20338937640190125,0.3156692683696747,100.0,-0.012948162502958771,0.08286711924859777,0.10432351491466599,0.09022536995839261,0.12671111661629544,0.08300513603354923,0.07373650192421324,0.08862922513683413,0.12710697253696693,0.09434129496384414,0.07617300006790112,0.10082570239963623,0.07058122298875626
2021-08-10_CO,2021-08-12_CO,1,50,0.20338937640190125,0.3156692683696747,1000.0,0.19839971066453435,0.20034418613884716,0.14815570874680234,0.20080294142386917,0.1584220443977832,0.21030913969748524,0.2005071507147353,0.20784449371206887,0.16558678344360508,0.21866894571711198,0.2133857380786274,0.22387164269948986,0.14846579156561154
2021-08-10_CO,2021-08-12_CO,1,50,0.20338937640190125,0.3156692683696747,10000.0,0.24160066364868288,0.22822320271588406,0.1993221244021891,0.22825137246377813,0.19887495838657313,0.23303829574694146,0.2296955502442021,0.23075116093635653,0.20487935178491945,0.23811361469717232,0.23545747282921148,0.23753138114361888,0.20685280550520158
2021-08-10_CO,2021-08-12_CO,1,50,0.20338937640190125,0.3156692683696747,100000.0,0.21241182948232817,0.2087201961069351,0.20421235324525075,0.208801968215234,0.20354573221428385,0.2094969951534424,0.20958077347632798,0.20938625993695484,0.20492507793246806,0.21113618825159297,0.21075464967291846,0.21081464315084655,0.20548512594437318
2021-08-10_CO,2021-08-12_CO,1,100,0.20338937640190125,0.3156692683696747,1.0,0.15294872895159384,0.16785134441165725,0.18329286158446076,0.1668948678435079,0.1790084503647942,0.18946289227678,0.14729780016128913,0.1670461591847702,0.1845072977540864,0.20067960288680214,0.17422360483507293,0.19957962995608836,0.1784666508078787
2021-08-10_CO,2021-08-12_CO,1,100,0.20338937640190125,0.3156692683696747,10.0,0.1545323514992455,0.1685175471443068,0.18339628761272106,0.16756632396706406,0.17910537192615383,0.19014654997665684,0.14826723881606907,0.16787345627155334,0.18464696166441733,0.2014545628774928,0.17526156267223097,0.200456210836481,0.17871450513660123
2021-08-10_CO,2021-08-12_CO,1,100,0.20338937640190125,0.3156692683696747,100.0,0.1690896976791369,0.17480368706140556,0.18439549741128652,0.17390643040613724,0.18004524691898316,0.19656313584997623,0.15737807383601965,0.17562247417066473,0.18599278021547652,0.20869150676304157,0.18491484215295398,0.2086156624026475,0.18107990386076278
2021-08-10_CO,2021-08-12_CO,1,100,0.20338937640190125,0.3156692683696747,1000.0,0.24425972228347903,0.21297685846152634,0.19176514886204457,0.21263292225654942,0.18717423036288305,0.23395284797838925,0.2111132742023976,0.22028002554834628,0.19567943683742126,0.24931448593356176,0.23774858003112564,0.25323056064333366,0.19705517279301354
2021-08-10_CO,2021-08-12_CO,1,100,0.20338937640190125,0.3156692683696747,10000.0,0.2757610214861602,0.241299742973123,0.20607493069807103,0.24223569572244483,0.20259743057262444,0.2523420970357913,0.24773564151642166,0.24693195211890911,0.2115633165256964,0.2630554823311464,0.25941416406311785,0.26430143875521794,0.2174777125468388
2021-08-10_CO,2021-08-12_CO,1,100,0.20338937640190125,0.3156692683696747,100000.0,0.22345079702577297,0.21455529478232233,0.20550894003806872,0.21484897870631434,0.2043529472318292,0.21650437209852186,0.2162374341390946,0.21572323598190268,0.20696473673433466,0.21973243104314313,0.21851826367569005,0.21919229950241428,0.2083193874838517
2021-08-10_CO,2021-08-16_CO,7,10,0.07743962109088898,0.26940828561782837,1.0,-7.255156887835494,-0.05550497966821383,-0.0699421942092078,-0.0411573659138188,-0.09587379633366006,-0.17812019757360592,-0.14803884682885843,-0.16635337450783977,-0.20136563915238512,-0.6331769541488563,-0.41648484091393456,-0.479402236334837,-0.5596200009905498
2021-08-10_CO,2021-08-16_CO,7,10,0.07743962109088898,0.26940828561782837,10.0,-2.2099942820262317,-0.048372188097189656,-0.06229403661083899,-0.03288811385257068,-0.08947578639112778,-0.1601040715161593,-0.13156327338511337,-0.15142813144058048,-0.18647517255813428,-0.562849731024568,-0.3710537953498943,-0.4219202293693179,-0.5062473981589884
2021-08-10_CO,2021-08-16_CO,7,10,0.07743962109088898,0.26940828561782837,100.0,-0.42827209098715213,0.001990939402931685,-0.0071276512318178276,0.021692345871750174,-0.0431503002913473,-0.04609677264697448,-0.027870696509418452,-0.05342640427484646,-0.09237097751340158,-0.22091609749482416,-0.1402121189180447,-0.14389899752446317,-0.23989569522247303
2021-08-10_CO,2021-08-16_CO,7,10,0.07743962109088898,0.26940828561782837,1000.0,0.06200057927913491,0.0883789869825437,0.08869663685551823,0.09377970279980699,0.05359907760889999,0.10254188412699941,0.10250624056669641,0.08665065562605967,0.0528993797084571,0.08069594198906532,0.09046268009934533,0.1074998427376112,0.040645319435699344
2021-08-10_CO,2021-08-16_CO,7,10,0.07743962109088898,0.26940828561782837,10000.0,0.08917435525697018,0.08558062870001865,0.08144476643063855,0.08117730142830662,0.07713180004421204,0.0883476257087081,0.08435768111936298,0.08242697016892489,0.07678553715574844,0.08649003785849757,0.08636282595552805,0.09302477379435004,0.07703845884838718
2021-08-10_CO,2021-08-16_CO,7,10,0.07743962109088898,0.26940828561782837,100000.0,0.07841856245309087,0.07884268458732449,0.07793207601951652,0.07782381988002482,0.07779233326998362,0.07884914290214612,0.07817557776683301,0.07812539515472364,0.07773181098242976,0.07853252132365662,0.07835899755373074,0.07926822700583305,0.07777022984020346
2021-08-10_CO,2021-08-16_CO,7,20,0.07743962109088898,0.26940828561782837,1.0,-1.1368849749728276,0.005888560634139645,0.04786728480927152,0.04562816746233536,-0.03854264840417999,-0.015572921003087381,0.021257430633127045,-0.029827070911957437,-0.080326490529445,-0.1287102620930275,-0.10479039003393897,-0.05095169109242623,-0.21971958502434738
2021-08-10_CO,2021-08-16_CO,7,20,0.07743962109088898,0.26940828561782837,10.0,-0.9613680499814743,0.008338467737802724,0.04980511401854659,0.04753047502256863,-0.03621507998949813,-0.010440474752157758,0.02521656655008886,-0.02472976141267616,-0.07601445389097818,-0.11654370978309664,-0.09441949630989527,-0.04075042085342706,-0.2085908970833514
2021-08-10_CO,2021-08-16_CO,7,20,0.07743962109088898,0.26940828561782837,100.0,-0.3335691538113545,0.028715427478745476,0.065952900417513,0.06314277268836158,-0.016714080073293797,0.029836077854382498,0.056797023395477514,0.015104105482454305,-0.04208931161547779,-0.029366718116518614,-0.019722433601828432,0.03181129214565309,-0.1280666860654447
2021-08-10_CO,2021-08-16_CO,7,20,0.07743962109088898,0.26940828561782837,1000.0,0.1091069204621723,0.09041924790486536,0.11183658941840693,0.10406703516663912,0.05008272038626845,0.12157682188163235,0.13061454992023594,0.10657349010954922,0.052538614831218904,0.12482471431284775,0.12193048063301384,0.15614628708587486,0.04710100778922982
2021-08-10_CO,2021-08-16_CO,7,20,0.07743962109088898,0.26940828561782837,10000.0,0.11542398968178871,0.09339596466293368,0.09453672793553813,0.0906094534194814,0.07934815497212523,0.10196177770914613,0.10102848638076012,0.09578584900061252,0.08171975436769424,0.10660827172100987,0.10540846921624991,0.11521275822557922,0.0857795614851549
2021-08-10_CO,2021-08-16_CO,7,20,0.07743962109088898,0.26940828561782837,100000.0,0.08469136203808728,0.08063451612521805,0.08001388414570135,0.07943606078436105,0.07854405781537471,0.08169257611392633,0.0808988494239038,0.08080270501557599,0.07899675801392465,0.08285213454615126,0.08233157757092555,0.08387492318016238,0.07995004970621854
2021-08-10_CO,2021-08-16_CO,7,50,0.07743962109088898,0.26940828561782837,1.0,-0.061329164077116194,0.09661297334526836,0.11342315679955536,0.12243474309607022,0.024394030353267305,0.126483900413804,0.12714948985185548,0.11665144808418043,0.01101867736917068,0.1024582397219346,0.09657100656657605,0.15098858694214087,-0.027558888957362693
2021-08-10_CO,2021-08-16_CO,7,50,0.07743962109088898,0.26940828561782837,10.0,-0.05523233800953492,0.09706994713334438,0.1138327785299518,0.1227762096093587,0.0249437868206412,0.12719487985475628,0.12777610680711532,0.11730229014554719,0.011957549293474165,0.10377609229442064,0.0982075019577042,0.1522638691415627,-0.025692043094006523
2021-08-10_CO,2021-08-16_CO,7,50,0.07743962109088898,0.26940828561782837,100.0,-0.004616978826397,0.10125328107188417,0.11760798700978375,0.12587189987527558,0.030056661618161385,0.13362878945397733,0.13345431059410587,0.12318928948355296,0.020492981778242575,0.11552115271779839,0.11268152425805569,0.16348629363926515,-0.00902021111957869
2021-08-10_CO,2021-08-16_CO,7,50,0.07743962109088898,0.26940828561782837,1000.0,0.1573586600447444,0.12148576510348225,0.13652247998541017,0.13867861040169333,0.05904992701399637,0.16144093437277318,0.1583732068358888,0.14872139254348357,0.06359234926335884,0.1637411829437072,0.16942271097368317,0.20431946394624625,0.06630458709871638
2021-08-10_CO,2021-08-16_CO,7,50,0.07743962109088898,0.26940828561782837,10000.0,0.16313398331043835,0.1170426854284311,0.12453615515646291,0.11550647999118341,0.08705871613718445,0.13738834433238734,0.13494849814274987,0.12804802064433185,0.09416964134917867,0.1460463397551471,0.14612102386603204,0.1617685859094219,0.10489454811307763
2021-08-10_CO,2021-08-16_CO,7,50,0.07743962109088898,0.26940828561782837,100000.0,0.10090671991454819,0.0884924086719236,0.08797279319464718,0.08534851160596194,0.08193283953319792,0.09278138779667558,0.09040789728143359,0.08995571619259501,0.08434291333909011,0.09663801187405524,0.09503276402545185,0.09949340822715755,0.08788418053022136
2021-08-10_CO,2021-08-16_CO,7,100,0.07743962109088898,0.26940828561782837,1.0,0.16483599613816796,0.13160677315012187,0.14809777574303473,0.1526992503851662,0.06592782410188582,0.1694176272398108,0.17526032013472967,0.16317094351393618,0.06917632272307084,0.19062933684891673,0.1907096748858614,0.22877047791876548,0.06818476893353381
2021-08-10_CO,2021-08-16_CO,7,100,0.07743962109088898,0.26940828561782837,10.0,0.1657440893025852,0.13168787493260156,0.14819141778976952,0.15276494369944757,0.0660632682369856,0.16959363327796653,0.17538596375870635,0.16330854523595706,0.06942407686421785,0.19086850547874218,0.19101706508997526,0.22899417099524025,0.0686271000344308
2021-08-10_CO,2021-08-16_CO,7,100,0.07743962109088898,0.26940828561782837,100.0,0.17415095950511156,0.1324478548923379,0.14907491959425637,0.15337013356445056,0.06736196126761121,0.17124243534092762,0.17655816669404542,0.1645915357672577,0.07176577179073446,0.1930869273458325,0.19388004070829337,0.2310461234604539,0.07279535221498683
2021-08-10_CO,2021-08-16_CO,7,100,0.07743962109088898,0.26940828561782837,1000.0,0.21850792201958685,0.13651772303086718,0.15411675243329562,0.1557863337508037,0.07639086447425737,0.18001286552385823,0.1824431877431157,0.1710344097616281,0.08662908312989719,0.20400047690425344,0.20864021607392746,0.23971011405899154,0.09836021995745403
2021-08-10_CO,2021-08-16_CO,7,100,0.07743962109088898,0.26940828561782837,10000.0,0.2040421832346962,0.12600041531790485,0.13992388316006962,0.13206339236801282,0.09018590317953794,0.1565979228252684,0.15698272609069674,0.14737275591217647,0.10138797354779118,0.17329859845863316,0.17704108025811,0.1933766275015354,0.11804195063918677
2021-08-10_CO,2021-08-16_CO,7,100,0.07743962109088898,0.26940828561782837,100000.0,0.11501856778945835,0.09479514016705431,0.09495330905332974,0.09147893976667099,0.0843906281385463,0.10132670844711675,0.09902003161407494,0.09765411296825341,0.08805533614837369,0.10721715520509525,0.10524152175130097,0.1113266150552503,0.09362771496632542
2021-08-10_CO,2021-09-08_CO,30,10,0.018469154834747314,0.19992877542972565,1.0,-2.967502219782502,-0.2527480276591633,-0.18108217503152335,-0.24534869581502183,-0.2544965715218366,-0.5233902139047868,-0.4812561113839804,-0.48118171997450004,-0.6086591957314508,-1.6810356104210316,-1.2462739971471886,-1.2346644003506664,-1.2922360829639077
2021-08-10_CO,2021-09-08_CO,30,10,0.018469154834747314,0.19992877542972565,10.0,-2.2319325051447407,-0.2366017552722503,-0.16990767950832109,-0.23315298725347638,-0.24013888394234426,-0.47659773327591975,-0.4477670110191455,-0.44338144730672474,-0.5665043647073328,-1.4003182547017134,-1.0554438509007844,-1.0603312179522588,-1.1262742331560256
2021-08-10_CO,2021-09-08_CO,30,10,0.018469154834747314,0.19992877542972565,100.0,-0.7937620446316405,-0.1405316502773145,-0.09665051481134324,-0.152569560394821,-0.14554011334916073,-0.2594714864596933,-0.2665562938918512,-0.24629603132230998,-0.327991360674779,-0.5260776984172338,-0.46425946544079366,-0.4814158471140525,-0.5189455801273856
2021-08-10_CO,2021-09-08_CO,30,10,0.018469154834747314,0.19992877542972565,1000.0,-0.06624821402508313,0.0010562778114472926,0.015967802074590698,-0.012219535552851213,-0.00030327563638638905,-0.02793069520584962,-0.027884483689681022,-0.01425598503728398,-0.03040158841811567,-0.033270326264783934,-0.038413417329202504,-0.04318633094272881,-0.04847762177003465
2021-08-10_CO,2021-09-08_CO,30,10,0.018469154834747314,0.19992877542972565,10000.0,0.02394709467237624,0.020425480870196966,0.021412642959314332,0.01826408598558532,0.01881097591522125,0.016135864040629694,0.01785264723448632,0.018969704174318508,0.016488407181870873,0.01892288160227401,0.017850474594034077,0.017953795149011853,0.017868783975389258
2021-08-10_CO,2021-09-08_CO,30,10,0.018469154834747314,0.19992877542972565,100000.0,0.0190314157578603,0.018791018732058823,0.01898748925000973,0.018654017216421875,0.018645293769337556,0.018159345199173282,0.01879846225011908,0.01845373461779895,0.018403300617524338,0.018238979162412378,0.0181847404929443,0.01829318019870549,0.0186199673349141
2021-08-10_CO,2021-09-08_CO,30,20,0.018469154834747314,0.19992877542972565,1.0,-2.8736647635470463,-0.11545297885832512,-0.04095232294908327,-0.07408161707114028,-0.09144385098778218,-0.1538410514777091,-0.15154118777608594,-0.12936095069303116,-0.19232066047531993,-0.37365497341187554,-0.2915225716149398,-0.3490162582000146,-0.411289167877471
2021-08-10_CO,2021-09-08_CO,30,20,0.018469154834747314,0.19992877542972565,10.0,-2.321941604827348,-0.1105156358019202,-0.0385634114222263,-0.07162425147285503,-0.08847039535494233,-0.14776782080972473,-0.14581051339258183,-0.12381367019769346,-0.18675530976115415,-0.35564962301803654,-0.27879058650582955,-0.33306150936240936,-0.3945993722647106
2021-08-10_CO,2021-09-08_CO,30,20,0.018469154834747314,0.19992877542972565,100.0,-0.8552787000148778,-0.0733343935797971,-0.018912285862301814,-0.05134009628632785,-0.06397331660187026,-0.1014721349819559,-0.10132939058829565,-0.08047596658297365,-0.14183833228755557,-0.22989981007655935,-0.1884576418312538,-0.21981842540887508,-0.27458634849675834
2021-08-10_CO,2021-09-08_CO,30,20,0.018469154834747314,0.19992877542972565,1000.0,-0.02617135841480203,0.010346771454501497,0.03538967785339742,0.00942281620548499,0.008521490096200688,0.007113935425319684,0.009777294718070484,0.02388455128866046,-0.012880018232490362,0.009491217746676106,0.0007979763130929185,0.00825245428829538,-0.02052765893122781
2021-08-10_CO,2021-09-08_CO,30,20,0.018469154834747314,0.19992877542972565,10000.0,0.050976881044846545,0.02423024140787744,0.028426575041189034,0.02291021114853578,0.023043598629287388,0.025178859677198906,0.026457645176731798,0.029030367823587838,0.02214226778378181,0.03471317613986144,0.0322909992115169,0.03466761509772953,0.029328472812181733
2021-08-10_CO,2021-09-08_CO,30,20,0.018469154834747314,0.19992877542972565,100000.0,0.024202126183594325,0.0195000722077896,0.01993524207650274,0.01938002946333514,0.01935234965088185,0.0197728571633857,0.02009106182274853,0.01991871082958918,0.019361576753909204,0.021080024267218778,0.02123237580220827,0.021432161861647814,0.020568794013391678
2021-08-10_CO,2021-09-08_CO,30,50,0.018469154834747314,0.19992877542972565,1.0,-0.20537611761603725,-0.01068308125712672,0.025781984296221305,0.001651844352946824,-0.0148146615538823,-0.02063828465607684,-0.013964491388418876,0.022172882437944047,-0.05983352717326543,-0.00930671617583445,-0.050863332564853286,-0.0422499130412364,-0.08680280785346046
2021-08-10_CO,2021-09-08_CO,30,50,0.018469154834747314,0.19992877542972565,10.0,-0.1991039254829325,-0.010305706009242882,0.02618994311364259,0.0019710949173504244,-0.014453241401870737,-0.01994857353786947,-0.013106185038467583,0.022796087321026837,-0.05903362703308998,-0.007969323408904883,-0.0490531552867387,-0.04056222748964039,-0.08528501898475294
2021-08-10_CO,2021-09-08_CO,30,50,0.018469154834747314,0.19992877542972565,100.0,-0.14612069646355652,-0.006783344459892093,0.02994010362476973,0.0049331505778554,-0.011056439767539858,-0.013594695783041344,-0.0052200093363447275,0.02848688029363683,-0.05156757959237549,0.0038770149930328346,-0.0330378019921804,-0.025538053690650292,-0.07150373983693244
2021-08-10_CO,2021-09-08_CO,30,50,0.018469154834747314,0.19992877542972565,1000.0,0.04509012280650909,0.013217618887221838,0.048243208125191644,0.0209463768491695,0.009198019378268344,0.01922266246031737,0.034539350872804714,0.05525673052611971,-0.0088465027324132,0.05552679780018502,0.0374130420777358,0.042169574373061874,-0.0025904097069185486
2021-08-10_CO,2021-09-08_CO,30,50,0.018469154834747314,0.19992877542972565,10000.0,0.09715889856928944,0.027869143415998276,0.041522268061098516,0.029157105537086225,0.027041471581523025,0.034776442334749164,0.04466987251969684,0.04880412328026504,0.029120627155948663,0.06005729422060091,0.05875801726032481,0.06054883520211865,0.04257542309537068
2021-08-10_CO,2021-09-08_CO,30,50,0.018469154834747314,0.19992877542972565,100000.0,0.0393266061123792,0.020831432114080395,0.02261797073915764,0.021142869229368033,0.02085562016897402,0.022523989682013662,0.024156454513855008,0.024312871957538257,0.02215040903451505,0.02819824270761187,0.028769314189549755,0.02888325802859118,0.025939423669257333
2021-08-10_CO,2021-09-08_CO,30,100,0.018469154834747314,0.19992877542972565,1.0,0.06491913673567695,0.026059636675767744,0.06369151664852579,0.03448302987538321,0.013775445588714463,0.03143302281929827,0.06440208931688718,0.07424345509097932,0.002391115268588364,0.07877101326805219,0.06942630599050348,0.07511413783379683,0.007828854122113843
2021-08-10_CO,2021-09-08_CO,30,100,0.018469154834747314,0.19992877542972565,10.0,0.06599596108356803,0.02613265430909581,0.06378322467002437,0.03454885036984953,0.013862532548053077,0.03159356317054532,0.06453954333487377,0.07439323694127262,0.0025717752277255868,0.07904412296685542,0.06974374070244532,0.07539724381039897,0.008186677847585746
2021-08-10_CO,2021-09-08_CO,30,100,0.018469154834747314,0.19992877542972565,100.0,0.07596697751072012,0.026832920041018088,0.06464326424791866,0.035176019244891416,0.014704823341929888,0.03312434655126181,0.0658345636858875,0.07579871328322713,0.004313875228879077,0.08159856922850048,0.07270923263256768,0.07805164347710192,0.011577956111291208
2021-08-10_CO,2021-09-08_CO,30,100,0.018469154834747314,0.19992877542972565,1000.0,0.1304022268942894,0.03162083982137434,0.06920759797543977,0.039190948478634774,0.020921544197261666,0.04307347159326619,0.0731983779417113,0.08342850764490739,0.016878692765636572,0.09587396546590646,0.08943219737578786,0.0932231500395315,0.03351277067943301
2021-08-10_CO,2021-09-08_CO,30,100,0.018469154834747314,0.19992877542972565,10000.0,0.13798222709950408,0.03502410456827448,0.05497831866936104,0.03853825630693339,0.030564100857612093,0.04710270833415384,0.06141909322215536,0.06725302555532792,0.035898735994272894,0.08277454479951862,0.08112317952165049,0.08264723357382198,0.05549177370758999
2021-08-10_CO,2021-09-08_CO,30,100,0.018469154834747314,0.19992877542972565,100000.0,0.052803052335926276,0.02381667204609625,0.026315548301892866,0.02457639512856713,0.023014833830784714,0.027447383971824058,0.029096329568416568,0.0300144227772835,0.025682952781661512,0.03600911084992589,0.03595189743188548,0.036344596060338796,0.03167295753854444
2021-08-10_CO,2021-12-15_CO,120,10,0.0034065842628479004,0.19640228152275085,1.0,-6.124800789886433,-0.4568526679983227,-0.28429516802944993,-0.3929735916629916,-0.31952923838876207,-0.7095060605771798,-0.5596676441594344,-0.5873832225846136,-0.5555261668953522,-1.120307545322194,-1.10768418336012,-1.26824909155029,-1.0692147980990616
2021-08-10_CO,2021-12-15_CO,120,10,0.0034065842628479004,0.19640228152275085,10.0,-3.230484445198962,-0.4351857743472824,-0.2729654733814742,-0.37712930406942075,-0.3079219086655143,-0.6729954284614618,-0.5291650109232914,-0.5570509017588745,-0.5274832617988788,-1.0278621353597264,-1.016304158543576,-1.1504838696685622,-0.9776737913752941
2021-08-10_CO,2021-12-15_CO,120,10,0.0034065842628479004,0.19640228152275085,100.0,-0.9071359142482321,-0.29300790715815794,-0.1930015845915798,-0.26740542593612365,-0.22194217715691314,-0.4430885211453271,-0.3386170067501275,-0.3625566869626069,-0.34602259564854493,-0.5685333456941541,-0.5567700537901524,-0.6163136541416356,-0.5382531246692173
2021-08-10_CO,2021-12-15_CO,120,10,0.0034065842628479004,0.19640228152275085,1000.0,-0.09880215735885742,-0.047732803226961024,-0.03620851366727981,-0.053478742485989855,-0.037443464035322276,-0.07033754044202756,-0.049448577860960796,-0.051386366856431165,-0.05269190003147967,-0.06002407384467323,-0.06763476990210016,-0.07828469963286167,-0.06447014277730277
2021-08-10_CO,2021-12-15_CO,120,10,0.0034065842628479004,0.19640228152275085,10000.0,0.014911309997232502,0.006007721601705512,0.003881661390564284,0.005046989017195996,0.005805124950478191,0.00949804379343891,0.006503849352122615,0.00893596342736544,0.005903495354545272,0.013945962171330012,0.00907173320252383,0.011475120285376589,0.009994684901426252
2021-08-10_CO,2021-12-15_CO,120,10,0.0034065842628479004,0.19640228152275085,100000.0,0.008348467634687246,0.004867385320398626,0.004360691722082366,0.004813215342160615,0.00456678735282547,0.006362761738749695,0.005226890546507962,0.0060735856031882696,0.005108499717861287,0.007337726205844858,0.0066819247286802885,0.006953535056159199,0.006350112600914014
2021-08-10_CO,2021-12-15_CO,120,20,0.0034065842628479004,0.19640228152275085,1.0,-2.0299225487181887,-0.18506101338839848,-0.10422989797983098,-0.1991154757969819,-0.1529227873082852,-0.2303063042642139,-0.2403332652538001,-0.2017298067224979,-0.332207046248108,-0.35039205729906814,-0.39489956141985444,-0.3936376030610826,-0.5349703698633372
2021-08-10_CO,2021-12-15_CO,120,20,0.0034065842628479004,0.19640228152275085,10.0,-1.7953995523100277,-0.18057277770988361,-0.10153347110620331,-0.19456662540313235,-0.14964613031831878,-0.22448466190631194,-0.23370782133867102,-0.19594613867862054,-0.3230570799397547,-0.3384068734717897,-0.38232974240665424,-0.38061142416931654,-0.5160095300785581
2021-08-10_CO,2021-12-15_CO,120,20,0.0034065842628479004,0.19640228152275085,100.0,-0.9087744638222159,-0.14341127756146343,-0.07939396380032782,-0.1564220926442931,-0.12191569918751377,-0.17725897700852145,-0.18009849934071276,-0.14949590985690475,-0.2507230513802854,-0.248097928121142,-0.28567379909138985,-0.2831073842935516,-0.3788906440561351
2021-08-10_CO,2021-12-15_CO,120,20,0.0034065842628479004,0.19640228152275085,1000.0,-0.13021436157365324,-0.024204562344418118,-0.012197444871428237,-0.0318862720737875,-0.026836936919751964,-0.030924230342399467,-0.024785739176194144,-0.014417668314811172,-0.05252290828710778,-0.02273237857921001,-0.038296222066029645,-0.040093590231238235,-0.070026895725881
2021-08-10_CO,2021-12-15_CO,120,20,0.0034065842628479004,0.19640228152275085,10000.0,0.023091944155433752,0.012882518677180516,0.00795950507881063,0.009476802732012679,0.008062526500796604,0.01808583039235101,0.014456195209413686,0.018434839647788498,0.009163046922223398,0.027983423238137517,0.022628661809352052,0.025400566520081297,0.015454594829942603
2021-08-10_CO,2021-12-15_CO,120,20,0.0034065842628479004,0.19640228152275085,100000.0,0.009716148117601686,0.0053543906841468925,0.004536618075939303,0.005044788050184296,0.004582004262436749,0.006928218901530114,0.005754519143520237,0.006501573903568564,0.005096814154949114,0.008509517715081266,0.007898800421562158,0.008302612579383056,0.006548565581439625
2021-08-10_CO,2021-12-15_CO,120,50,0.0034065842628479004,0.19640228152275085,1.0,-0.3603925644154864,-0.06920674292641579,-0.020104523710331307,-0.072232675041526,-0.039017879806632426,-0.05608685255922266,-0.03883588345395095,-0.065152443846102,-0.11197309351532132,-0.04830634525297528,-0.04992681025472079,-0.03477373572348855,-0.1621361871677912
2021-08-10_CO,2021-12-15_CO,120,50,0.0034065842628479004,0.19640228152275085,10.0,-0.3537591706191487,-0.06853182735535487,-0.019676057900341992,-0.07159241114197185,-0.038623499692659484,-0.05534493921842046,-0.03800590451982849,-0.06415220005218406,-0.1108320600267955,-0.046993637069929595,-0.048534596248516915,-0.03347480304560449,-0.160107821218696
2021-08-10_CO,2021-12-15_CO,120,50,0.0034065842628479004,0.19640228152275085,100.0,-0.29592952635030223,-0.062151824679413964,-0.015657047972081062,-0.06552990015420565,-0.03489565730490377,-0.04837485230502819,-0.030272512694695553,-0.0548102286630906,-0.10024445256692667,-0.03494044367654117,-0.03575635414849321,-0.021637131595753534,-0.14151626938308234
2021-08-10_CO,2021-12-15_CO,120,50,0.0034065842628479004,0.19640228152275085,1000.0,-0.05916596401993571,-0.022154025596651472,0.00788631610675189,-0.02721153734696022,-0.011599733662706066,-0.006333483138818263,0.013194550049979659,-0.0011418330253497033,-0.04101510909999829,0.027877373446973275,0.029501999263207457,0.037342521961850283,-0.045190946611028245
2021-08-10_CO,2021-12-15_CO,120,50,0.0034065842628479004,0.19640228152275085,10000.0,0.06015810385432069,0.021596049698907688,0.02241906221117948,0.016785146669721862,0.013730727192054287,0.033541113102306036,0.037276773384293305,0.03816548071989301,0.015560061530329785,0.058062825878986674,0.05523151791219047,0.0600748579610903,0.029413754911433748
2021-08-10_CO,2021-12-15_CO,120,50,0.0034065842628479004,0.19640228152275085,100000.0,0.021083030548573328,0.008895764816293339,0.007723102892674666,0.008316273155598242,0.006700867513730641,0.01246572651080241,0.011152989656295076,0.012538069832905563,0.008184657050021896,0.017419002858147126,0.01615929009706757,0.017642845934324636,0.012318038287113234
2021-08-10_CO,2021-12-15_CO,120,100,0.0034065842628479004,0.19640228152275085,1.0,-0.022636743509369395,-0.010557104419171737,0.007577272271866248,-0.00832582355677744,-0.000955897667027028,0.014825545360186487,0.032662600748413706,0.019320806778122257,-0.025960396849154133,0.053861622737085,0.05801790819918268,0.06141937653052551,-0.019047418940783056
2021-08-10_CO,2021-12-15_CO,120,100,0.0034065842628479004,0.19640228152275085,10.0,-0.02158307107403379,-0.01040362237961781,0.007717683397288788,-0.008186736439746878,-0.0008590655803680051,0.015008390404403132,0.032833267202799804,0.01954658493151626,-0.025708140697190806,0.05418542206849736,0.05831461605943378,0.06172839434828803,-0.018630326106754524
2021-08-10_CO,2021-12-15_CO,120,100,0.0034065842628479004,0.19640228152275085,100.0,-0.01161826053325804,-0.008911598602144827,0.009075357786235305,-0.006837497378058555,7.948728659120292e-05,0.01677195214206506,0.034476181276892365,0.021723067445976824,-0.023276914753455013,0.05727637169445529,0.06115100557002115,0.06467301290216218,-0.0146344370779772
2021-08-10_CO,2021-12-15_CO,120,100,0.0034065842628479004,0.19640228152275085,1000.0,0.050994026361838696,0.0026110103881592794,0.01903881002032362,0.003394666638010607,0.007134356933109838,0.029500553173323202,0.04605000442088386,0.03730023502630714,-0.005735725228805287,0.077686417065705,0.07996036090805578,0.08382118275449499,0.012776969992246126
2021-08-10_CO,2021-12-15_CO,120,100,0.0034065842628479004,0.19640228152275085,10000.0,0.10390543037872893,0.025890628539317534,0.031108972358828674,0.022296811554709722,0.018921704215225755,0.04586241639582406,0.05367982940775262,0.053353781234567965,0.0231383416679547,0.08551822613247723,0.08451377079715827,0.08812248362339709,0.04611744143208782
2021-08-10_CO,2021-12-15_CO,120,100,0.0034065842628479004,0.19640228152275085,100000.0,0.03669000271789133,0.012808750105320732,0.011673733992187185,0.011689518496530882,0.009217359925633264,0.018974883479996568,0.018256674378992255,0.01907610744461752,0.011761452071311842,0.02820378900110615,0.026985866929686186,0.028946826388292685,0.018932274538766326
2021-08-10_CO,2022-12-09_CO,480,10,-0.142794668674469,0.26583996415138245,1.0,-1.1854517487210456,-0.2747206093176369,-0.09018907307282972,-0.14942118791859194,-0.21543767292914395,-0.3647431931267979,-0.08018504298892554,-0.12318394165934668,-0.36034233595369036,-0.6800128013574958,-0.24614759875215625,-0.3211169742052564,-0.6352756326775396
2021-08-10_CO,2022-12-09_CO,480,10,-0.142794668674469,0.26583996415138245,10.0,-0.7684204186780588,-0.26852582134265435,-0.08264780339163702,-0.1459187174901158,-0.20977971189126032,-0.34959994969247055,-0.068259976871206,-0.11382548452114455,-0.34499793062038614,-0.6187802913406989,-0.2027438271921378,-0.2715068943110026,-0.5738166008553253
2021-08-10_CO,2022-12-09_CO,480,10,-0.142794668674469,0.26583996415138245,100.0,-0.15315765072185145,-0.22666963599816387,-0.033157710444518845,-0.1223785922135339,-0.1712591653392421,-0.2567247117059009,0.0020199977763869226,-0.059647150621058354,-0.2471279664413274,-0.3601646854416566,-0.022367748877396565,-0.06402582724416966,-0.307555825407546
2021-08-10_CO,2022-12-09_CO,480,10,-0.142794668674469,0.26583996415138245,1000.0,0.045491336631327345,-0.15255470031017646,0.015974957485430236,-0.09650748552232766,-0.11102295128071264,-0.13636971564163672,0.04769064540919016,-0.02678424875193125,-0.10181443621806725,-0.13188554382874074,0.06388661388869968,0.031546678039320625,-0.08503240837716548
2021-08-10_CO,2022-12-09_CO,480,10,-0.142794668674469,0.26583996415138245,10000.0,-0.0438514346800907,-0.14083777278333534,-0.08501681427585694,-0.12328958695543943,-0.12556987181014923,-0.13548668651547077,-0.07067273505352381,-0.10417447854745399,-0.11476674094631578,-0.12476236352106485,-0.05475899671933579,-0.07544948491786127,-0.1029252728586804
2021-08-10_CO,2022-12-09_CO,480,10,-0.142794668674469,0.26583996415138245,100000.0,-0.12193944248323027,-0.1424786827524026,-0.1347749279036008,-0.1398164166586266,-0.14029686702884958,-0.1417250334750158,-0.1318528963460381,-0.13704318990937348,-0.13839190695941797,-0.13990474260212374,-0.12715239549987567,-0.13187450485511384,-0.13564734264138653
2021-08-10_CO,2022-12-09_CO,480,20,-0.142794668674469,0.26583996415138245,1.0,-0.6708010311394775,-0.21376287214221207,-0.016804091645396813,-0.13722384350581568,-0.14028513466888068,-0.24079907198258305,0.03448984178146319,-0.041801898367165496,-0.1839105212331058,-0.3077196194858875,0.008363542354226372,-0.06166871064636767,-0.27130786323012157
2021-08-10_CO,2022-12-09_CO,480,20,-0.142794668674469,0.26583996415138245,10.0,-0.5275265553963795,-0.2122422930102228,-0.014931804489581757,-0.13610274549493478,-0.1392285004330046,-0.23736307821414593,0.03676890231467819,-0.0400228254393071,-0.18094877088338537,-0.3004539732910312,0.014081479577201822,-0.05487765430540553,-0.2631403687283662
2021-08-10_CO,2022-12-09_CO,480,20,-0.142794668674469,0.26583996415138245,100.0,-0.12466381642952346,-0.1994724710133663,-0.0001206776365710871,-0.12686048035365552,-0.1303508662682552,-0.20991341087622595,0.05373728102091074,-0.026643757996369366,-0.15692509486389677,-0.2472269552496063,0.053236832045816446,-0.007538564828918154,-0.20327287192417587
2021-08-10_CO,2022-12-09_CO,480,20,-0.142794668674469,0.26583996415138245,1000.0,0.08170156878127705,-0.15597593345936012,0.02482266531434385,-0.10229904616781413,-0.10361608500111719,-0.13647955843719878,0.06862552577068162,-0.014189643627047055,-0.08927772520657752,-0.13025869409046356,0.09441695884335025,0.05221964486502187,-0.07535891869779124
2021-08-10_CO,2022-12-09_CO,480,20,-0.142794668674469,0.26583996415138245,10000.0,-0.0100055795298718,-0.1403371626502518,-0.06482996312333525,-0.11820151237571452,-0.11755696582180768,-0.13075173256673614,-0.04618594746799817,-0.09014359188667845,-0.10227748756078947,-0.11836908900948329,-0.02632284751083916,-0.05231191744024408,-0.08659641976742834
2021-08-10_CO,2022-12-09_CO,480,20,-0.142794668674469,0.26583996415138245,100000.0,-0.11165101238347466,-0.1423110189866505,-0.1300821413741027,-0.13822242557154235,-0.13844069163612807,-0.14076875384188436,-0.12568011607213128,-0.13371239084726155,-0.13519103611668565,-0.13813721758580436,-0.11920989121605224,-0.1261337467925707,-0.13099385750258394
2021-08-10_CO,2022-12-09_CO,480,50,-0.142794668674469,0.26583996415138245,1.0,0.04031087416862375,-0.1903502857778247,-0.007498035605354392,-0.08930293238953704,-0.1333325137147682,-0.1705850574540113,0.048634097703781104,-0.028970980190688195,-0.13113660620014997,-0.1569553738309345,0.07954192280727079,0.04979325416530267,-0.11155794085908906
2021-08-10_CO,2022-12-09_CO,480,50,-0.142794668674469,0.26583996415138245,10.0,0.04406441593046739,-0.18985499692776076,-0.006816240904973431,-0.08905369357586795,-0.132910386381502,-0.16999943612573432,0.0494209768511496,-0.028396982501633222,-0.1303718147545225,-0.15584240729477533,0.08063308415806855,0.050869245777316746,-0.11043865936514281
2021-08-10_CO,2022-12-09_CO,480,50,-0.142794668674469,0.26583996415138245,100.0,0.07476641118309232,-0.18519784913333037,-0.0005766899980686191,-0.08675275040645417,-0.12895460177290177,-0.16454137204629038,0.05652209551423351,-0.023163516829913328,-0.12328300489905437,-0.14572806656386522,0.09030850323992104,0.06046923240777083,-0.10026616805343742
2021-08-10_CO,2022-12-09_CO,480,50,-0.142794668674469,0.26583996415138245,1000.0,0.15951859210178984,-0.15722704116878872,0.027763399453584803,-0.07555498412982034,-0.10616372966388332,-0.1340179090474663,0.08494566031416173,-0.00014540740630833437,-0.08483322112350572,-0.0972140471077454,0.12591105211945297,0.09680533534322258,-0.05126389414240967
2021-08-10_CO,2022-12-09_CO,480,50,-0.142794668674469,0.26583996415138245,10000.0,0.07860062872425641,-0.1316598566453958,-0.020761344461524278,-0.0922399328288046,-0.09924026599646428,-0.11744241558611179,0.013150226229404927,-0.04459624852789884,-0.07405323344237844,-0.08939409700541831,0.04478884330202074,0.017139861450050836,-0.04612957351975857
2021-08-10_CO,2022-12-09_CO,480,50,-0.142794668674469,0.26583996415138245,100000.0,-0.07560488826030301,-0.13996726361633233,-0.11393374154674471,-0.13034404954228931,-0.13137656844868342,-0.1360746256195199,-0.10414672441056094,-0.11988383430429389,-0.12374881216071983,-0.12921620463131495,-0.09143505288536755,-0.10326876187500358,-0.11328272360371643
2021-08-10_CO,2022-12-09_CO,480,100,-0.142794668674469,0.26583996415138245,1.0,0.18927478849069174,-0.14790733281367047,0.024662237770209594,-0.06521959373651767,-0.09961263363755535,-0.12584501770507073,0.10353949620231775,0.02666780756157852,-0.07309453927777361,-0.07389434758661306,0.15206147953407426,0.11648242319833202,-0.032872688061826444
2021-08-10_CO,2022-12-09_CO,480,100,-0.142794668674469,0.26583996415138245,10.0,0.1898638292890895,-0.14780837664779212,0.024815661723775667,-0.0651270939104133,-0.09950963466011244,-0.12571936578255533,0.10368876913089137,0.026772639654774583,-0.07291829862137868,-0.07367768511750494,0.15226185357711466,0.11669900800274063,-0.03262130180310994
2021-08-10_CO,2022-12-09_CO,480,100,-0.142794668674469,0.26583996415138245,100.0,0.1952537849838923,-0.14685460744043255,0.026261369441765492,-0.06424943965519012,-0.09851865978492048,-0.12451255086768015,0.10507379608047424,0.027747720272886578,-0.07123083795580266,-0.07162239820042934,0.1541099776043452,0.11870975360092834,-0.0302348325530383
2021-08-10_CO,2022-12-09_CO,480,100,-0.142794668674469,0.26583996415138245,1000.0,0.219430781971567,-0.13998631988633586,0.03421595787097789,-0.05899356815247614,-0.09159899885039806,-0.11616552767860705,0.11118814633217769,0.03215404877493999,-0.05987542952283808,-0.05890949929716527,0.16190901736602537,0.12796050909514997,-0.0153159374490515
2021-08-10_CO,2022-12-09_CO,480,100,-0.142794668674469,0.26583996415138245,10000.0,0.14604021350604096,-0.13013272570463935,0.0009463664177213338,-0.07193519534499498,-0.08988876573134631,-0.11059931502300982,0.054170647726651644,-0.009229533253293343,-0.058102451983405905,-0.06512819366475367,0.09338028306814958,0.064036978155397,-0.02054773017299838
2021-08-10_CO,2022-12-09_CO,480,100,-0.142794668674469,0.26583996415138245,100000.0,-0.04240884328540129,-0.1387357218826164,-0.09863341369028575,-0.12160575051603664,-0.12501885293571513,-0.13196912737148966,-0.08216780555513703,-0.10547681038154097,-0.11295448137277984,-0.11817241101311357,-0.06533105508963716,-0.0808826205422514,-0.097042180869843
2021-10-08_CO,2021-10-15_CO,7,10,0.19667872786521912,0.3550468683242798,1.0,-2.309221946082331,0.11500504031311465,0.09493648495647086,0.08402241779752681,0.02378155514362859,-0.07935400086755676,-0.07378242830987286,-0.08304468610987989,-0.1205609515113173,-0.6321702589793984,-1.2885711077865003,-0.802572090404577,-0.49965392558994814
2021-10-08_CO,2021-10-15_CO,7,10,0.19667872786521912,0.3550468683242798,10.0,-1.3277382210364805,0.12220882613362907,0.10791799126217777,0.09395934604316267,0.034240386320779755,-0.052408336271626305,-0.046338856213179735,-0.05383643860128032,-0.09695551737325496,-0.5014384492356847,-0.8307153418644107,-0.6096099903413983,-0.40472266968442333
2021-10-08_CO,2021-10-15_CO,7,10,0.19667872786521912,0.3550468683242798,100.0,-0.20268273077414237,0.16811632189369272,0.16756779792758036,0.15345068514581237,0.09910056352775713,0.08419075312310847,0.08096910248664363,0.0819787310950072,0.036702509552678175,-0.061166904737584155,-0.05281132702605157,-0.06497242764576897,-0.05080276993663226
2021-10-08_CO,2021-10-15_CO,7,10,0.19667872786521912,0.3550468683242798,1000.0,0.21511688112369165,0.225857078299034,0.21627436948199594,0.22195749926618777,0.19123593652999973,0.2231459422738703,0.21598195103989473,0.21925104646111057,0.19536140818059944,0.22205561903961749,0.21894557480576002,0.22174214769700965,0.2021959334017982
2021-10-08_CO,2021-10-15_CO,7,10,0.19667872786521912,0.3550468683242798,10000.0,0.22946408578145677,0.2124512059463092,0.20936581830865378,0.2109878028951725,0.2005931845068832,0.2174210120930854,0.21570521155185227,0.21881672269441604,0.20604634385416684,0.22485331413739637,0.22347993577753553,0.22556233302578715,0.2125910954006056
2021-10-08_CO,2021-10-15_CO,7,10,0.19667872786521912,0.3550468683242798,100000.0,0.20683712456478848,0.19946738086076912,0.19931136638675903,0.19924260580018682,0.19738344848807252,0.2014064939696918,0.20146758903766052,0.20224279153883115,0.19858855122990135,0.20453545339253146,0.20477630930596605,0.2053669082582357,0.2006279564088614
2021-10-08_CO,2021-10-15_CO,7,20,0.19667872786521912,0.3550468683242798,1.0,-1.2158030002122913,0.13442129845399,0.1710196038256767,0.1495804995993327,0.09520160289437046,0.11211585268358393,0.12995722180474223,0.12412110581153754,0.05739522629296743,-0.022260103839002093,0.023423496388299853,0.01868020575864554,-0.03255592753712335
2021-10-08_CO,2021-10-15_CO,7,20,0.19667872786521912,0.3550468683242798,10.0,-0.9395957304688649,0.13672279699046683,0.17287722980168346,0.15187807930949998,0.09819702363868343,0.11636343549696077,0.13356292768664046,0.12793790577957498,0.06265239081487119,-0.00997942942061808,0.03748318900444372,0.03053365538842079,-0.021589587940006733
2021-10-08_CO,2021-10-15_CO,7,20,0.19667872786521912,0.3550468683242798,100.0,-0.20937012295409252,0.15534157315624128,0.18721457198290167,0.16986140749287587,0.12190851664535444,0.14893026441691148,0.16202906269137313,0.15731100975977458,0.10257947806430873,0.0747609093117039,0.12334078837243664,0.10995105500428942,0.05547811411126152
2021-10-08_CO,2021-10-15_CO,7,20,0.19667872786521912,0.3550468683242798,1000.0,0.2277620052074339,0.20720858595260574,0.22063393507213272,0.21341642842346584,0.1854339662592601,0.2257547546783667,0.23384707636224267,0.2264544153436049,0.19652020348135144,0.23329517072099434,0.251605771574057,0.24572753864955232,0.20521556211483252
2021-10-08_CO,2021-10-15_CO,7,20,0.19667872786521912,0.3550468683242798,10000.0,0.24997206402035285,0.21699422366403404,0.21717697826721266,0.2157683401832577,0.20399720787787382,0.2263807827234326,0.22791990231244844,0.2274132628804549,0.21274905678168352,0.23657846980329453,0.23915994170202787,0.23899534775068507,0.2210691479000798
2021-10-08_CO,2021-10-15_CO,7,20,0.19667872786521912,0.3550468683242798,100000.0,0.2161858854168532,0.20303379818372164,0.20350075444524343,0.20247679239337474,0.19896337180144988,0.20751017966461296,0.20808630473389378,0.20902336411018088,0.20210911638350137,0.21303699889546585,0.21329212556846922,0.21424904203916706,0.2065364465954569
2021-10-08_CO,2021-10-15_CO,7,50,0.19667872786521912,0.3550468683242798,1.0,0.09935619697217635,0.23334382472897625,0.2324857341947029,0.23378089263375265,0.20679788065387703,0.23315657298161804,0.23213609295170887,0.23588939151835997,0.20348990390459423,0.22936513507977357,0.23741986211462168,0.22535653576873926,0.185885151496801
2021-10-08_CO,2021-10-15_CO,7,50,0.19667872786521912,0.3550468683242798,10.0,0.10474165609422367,0.23361816646457934,0.2327118595851252,0.2340456042590219,0.2070448618233054,0.2337750953012795,0.23259612434046328,0.23642576243239352,0.2039798515596772,0.23050174432874107,0.2387123783387679,0.22665878208513315,0.187037784140028
2021-10-08_CO,2021-10-15_CO,7,50,0.19667872786521912,0.3550468683242798,100.0,0.14829322855358856,0.23607969520586253,0.23474611618348626,0.2364390259319255,0.2092794227450564,0.2393284166463445,0.23676018341864224,0.2412694127156064,0.20841081573424744,0.24058432025862847,0.24971147423944884,0.23820297270139282,0.1973267447831157
2021-10-08_CO,2021-10-15_CO,7,50,0.19667872786521912,0.3550468683242798,1000.0,0.28135969565618457,0.24587773789927506,0.24284419183327463,0.24632417776728197,0.21922190123116211,0.2624599057855071,0.2552116910415836,0.2622378059397652,0.22843258023031746,0.28092379308197,0.2879711970909057,0.28392649126415975,0.24115518928482002
2021-10-08_CO,2021-10-15_CO,7,50,0.19667872786521912,0.3550468683242798,10000.0,0.284777805083103,0.2316686793498944,0.22969058809484533,0.23113855896979377,0.21498223826309681,0.24650914632905838,0.2439201019790663,0.24814887721688872,0.22612499783411896,0.2641980506636048,0.26576161638782647,0.266150079142049,0.24129595038424098
2021-10-08_CO,2021-10-15_CO,7,50,0.19667872786521912,0.3550468683242798,100000.0,0.22615508406910217,0.20648883169416885,0.20655184725230707,0.20587045196589027,0.20108190010230756,0.2121058822831979,0.2124647078149266,0.21406089986405236,0.20533946729538224,0.2196064695527715,0.22060974415723106,0.2207896422796089,0.21145800573758203
2021-10-08_CO,2021-10-15_CO,7,100,0.19667872786521912,0.3550468683242798,1.0,0.26084104951543563,0.2494153171459061,0.24464967194177029,0.2488378117229172,0.22350372710411703,0.2620277440459361,0.25180282180884456,0.2636934748131826,0.23264527205730548,0.28157883902714276,0.2820839170198275,0.28740907229174717,0.24155731501755787
2021-10-08_CO,2021-10-15_CO,7,100,0.19667872786521912,0.3550468683242798,10.0,0.2617018117061931,0.24946731465685032,0.24470958276792487,0.2488973836452447,0.22355622506640893,0.26215925737806656,0.2519351446841339,0.26383507299769826,0.2327520318379702,0.28179706668960847,0.2823811938791478,0.2876643550825799,0.24179914797186317
2021-10-08_CO,2021-10-15_CO,7,100,0.19667872786521912,0.3550468683242798,100.0,0.2695632812763648,0.24995139861288135,0.24527487728926992,0.24945530447950875,0.22405244996387522,0.2633981460830168,0.25319207935995125,0.2651714878531234,0.2337619311962137,0.28385177497591585,0.28511961461318003,0.2900548724862221,0.24408159638141072
2021-10-08_CO,2021-10-15_CO,7,100,0.19667872786521912,0.3550468683242798,1000.0,0.3096000860387058,0.25229858572496733,0.24848795748830385,0.25234916685068515,0.22697546971188162,0.2704782723529403,0.26100772124053695,0.2729651835546403,0.23983976185711797,0.2956447349052138,0.2993614152255498,0.3031258979791228,0.2577251704706954
2021-10-08_CO,2021-10-15_CO,7,100,0.19667872786521912,0.3550468683242798,10000.0,0.30760177906410857,0.2407212522116875,0.24031817996602797,0.24084566373530478,0.2227276497710413,0.2594101171874052,0.2566672295687194,0.2629722915312625,0.2361984921687953,0.28219568548379437,0.28458872071111907,0.28586846138854904,0.2554692953932023
2021-10-08_CO,2021-10-15_CO,7,100,0.19667872786521912,0.3550468683242798,100000.0,0.23935987558834787,0.2125985440880937,0.21301022694751373,0.21184831232215984,0.20483265285969873,0.2205425866041134,0.221633256147287,0.22349115173937775,0.21137212290136256,0.2304478198083475,0.23209556027343142,0.23203464554226494,0.21990517894754705
2021-10-08_CO,2021-11-02_CO,30,10,-0.004256024956703186,0.22005625069141388,1.0,-4.378463072084273,-0.05492965466840083,-0.0598546619623109,-0.05547061625197011,-0.04686593463529778,-0.16670208781987433,-0.22632739090331827,-0.17583041239530173,-0.15403719215273223,-0.5118682061396271,-0.4343205560997057,-0.4243609519591116,-0.5700324831608109
2021-10-08_CO,2021-11-02_CO,30,10,-0.004256024956703186,0.22005625069141388,10.0,-2.370070048331041,-0.05127585813873761,-0.05259728594816934,-0.05075145231327377,-0.04374224931147929,-0.15616675712720474,-0.2073144472464296,-0.16034861404803824,-0.14324269875445583,-0.4623560349416078,-0.3788077453533202,-0.3726138497289,-0.5169135616078613
2021-10-08_CO,2021-11-02_CO,30,10,-0.004256024956703186,0.22005625069141388,100.0,-0.6082020922525808,-0.02830026587762699,-0.008487563734959042,-0.020937563463480607,-0.021644662836525247,-0.08844492739665805,-0.09387042476434065,-0.07324772915871539,-0.07347636550201085,-0.21658814204807936,-0.13423005119876147,-0.13778729131392048,-0.2504297700325427
2021-10-08_CO,2021-11-02_CO,30,10,-0.004256024956703186,0.22005625069141388,1000.0,0.006974893817760119,0.0026769011063094705,0.025827129427363843,0.012226796297023806,0.01313476606428001,0.004820875064544539,0.025228555347253018,0.015492197726185902,0.02133828817962082,0.02141363832113688,0.043139221926823984,0.04169993199449232,0.014583825304836281
2021-10-08_CO,2021-11-02_CO,30,10,-0.004256024956703186,0.22005625069141388,10000.0,0.0244850633666355,0.0006766051052036204,0.006736473679577248,0.004720038594799136,0.004728650791405424,0.003825391199238387,0.009226881492602979,0.004914441721749624,0.009874304575258045,0.014222487677636703,0.015026887537693406,0.01341470176117257,0.01289835638433611
2021-10-08_CO,2021-11-02_CO,30,10,-0.004256024956703186,0.22005625069141388,100000.0,0.0038045699822210344,-0.0032231861388311855,-0.002233981291652698,-0.0025433913878104286,-0.0027077436828041035,-0.002252089657284684,-0.000556972947971357,-0.0021081917196869304,-0.0013854082069126954,-0.00016613901416379084,0.0008182992878240924,0.0003123591305458917,-3.5643664326512337e-05
2021-10-08_CO,2021-11-02_CO,30,20,-0.004256024956703186,0.22005625069141388,1.0,-1.1313248115155399,-0.017663310348657008,0.02001786782210735,0.02539307494372739,-0.010214827233879306,-0.029000746508874825,0.00712633419092823,-0.0031295643638502013,-0.04256769512122794,-0.1178298079287147,-0.048789284973560415,-0.06124122459573203,-0.13929948998845176
2021-10-08_CO,2021-11-02_CO,30,20,-0.004256024956703186,0.22005625069141388,10.0,-1.019266369222156,-0.01536096609516513,0.021345549957924675,0.026560949770487396,-0.008959819285352055,-0.02581565750911094,0.009779886860746462,2.182853225840553e-06,-0.039560559885459284,-0.11050636774200595,-0.04064796802457363,-0.053283531716195626,-0.13144434879376668
2021-10-08_CO,2021-11-02_CO,30,20,-0.004256024956703186,0.22005625069141388,100.0,-0.4754824539326459,0.002487561768818647,0.03211989671257881,0.03591073471473685,0.0016817248471449793,-0.000922746685378506,0.030890863146018244,0.023990574068282727,-0.01522574623152953,-0.05433103561419325,0.0185200722866794,0.004705133010081408,-0.07224658777902626
2021-10-08_CO,2021-11-02_CO,30,20,-0.004256024956703186,0.22005625069141388,1000.0,0.05365466176797912,0.03358054382653264,0.05256359101115429,0.05084107677220848,0.03254503914591564,0.04813575837651485,0.07203135595265941,0.06189422902323599,0.04480272258973683,0.0637643883578298,0.11404565504257647,0.10296688982522725,0.05480118023686866
2021-10-08_CO,2021-11-02_CO,30,20,-0.004256024956703186,0.22005625069141388,10000.0,0.05125427500264168,0.008805179852931,0.018153395671355765,0.016928497297825834,0.014755246326688306,0.016310590952908904,0.02464130291148184,0.017073481325721646,0.021135266424631777,0.03126691792769057,0.041725062569507115,0.036847466869970036,0.0296847275342453
2021-10-08_CO,2021-11-02_CO,30,20,-0.004256024956703186,0.22005625069141388,100000.0,0.008851311656081162,-0.0020061680206427124,-5.879833317645744e-05,-0.00042896686337942636,-0.0008492194879791137,-0.00013120482481862594,0.002327471716010804,-9.827454324837226e-05,0.001044075336057983,0.0032387255304837104,0.0050915771885113315,0.004091003456531267,0.0033483498557647187
2021-10-08_CO,2021-11-02_CO,30,50,-0.004256024956703186,0.22005625069141388,1.0,-0.13294105152875146,0.026184231248085416,0.052972678172476056,0.04102879125567643,0.023980934771824475,0.03777196158379312,0.06466252477366224,0.04552302400202038,0.038919760847953566,0.0220756434101102,0.09408883729199805,0.08463114854764064,0.029324184508540158
2021-10-08_CO,2021-11-02_CO,30,50,-0.004256024956703186,0.22005625069141388,10.0,-0.12790916975820754,0.026448871450068745,0.053118257538276537,0.041209015763170376,0.024173799054762135,0.038231490086203884,0.0649897384389688,0.04601633442439801,0.03923421399194286,0.023000528468266335,0.09489683916849526,0.08542902243406245,0.030143845766978084
2021-10-08_CO,2021-11-02_CO,30,50,-0.004256024956703186,0.22005625069141388,100.0,-0.08493240200956603,0.02881166634788901,0.054432861133079324,0.04285367433361259,0.025952546318314156,0.04235467737953988,0.06796169877322206,0.050418135051286755,0.042081033622048486,0.03136506329628022,0.10207608423302747,0.09250676800634497,0.03746802598423471
2021-10-08_CO,2021-11-02_CO,30,50,-0.004256024956703186,0.22005625069141388,1000.0,0.06994583899733989,0.03739052986125119,0.058976458507405655,0.04969956498039163,0.03443248596888607,0.05857140858693216,0.08015073802916078,0.06668479648211961,0.05381509137856441,0.06856918649038168,0.1280667689521512,0.11838756747637083,0.06764639711476068
2021-10-08_CO,2021-11-02_CO,30,50,-0.004256024956703186,0.22005625069141388,10000.0,0.0822885521939174,0.01954660500799421,0.03251464447369734,0.029741771112560184,0.022228508259433528,0.03437053672783791,0.04730242570286755,0.03672951808913352,0.03240287585825266,0.05215727995725683,0.07288888267580429,0.0689257157607342,0.04600438392003082
2021-10-08_CO,2021-11-02_CO,30,50,-0.004256024956703186,0.22005625069141388,100000.0,0.01767908470513735,0.0007363753069057621,0.0038424591219609894,0.0035055652826769257,0.001873332337485036,0.004672505404055588,0.007799182640505414,0.004573328620701894,0.004994932824996782,0.009586368739753659,0.01253430417928375,0.011605795086489484,0.00871344591259926
2021-10-08_CO,2021-11-02_CO,30,100,-0.004256024956703186,0.22005625069141388,1.0,0.0827386760018263,0.05647018010725552,0.07452080281659437,0.05900671361978441,0.04546337427898899,0.07626235082203109,0.10215112526469217,0.07731841786266211,0.06312419530907197,0.07887193838183346,0.1437847120822483,0.12753792875161163,0.07428685354109879
2021-10-08_CO,2021-11-02_CO,30,100,-0.004256024956703186,0.22005625069141388,10.0,0.08357959261893216,0.056493180540107185,0.07454647572187142,0.05903117486930928,0.04549117986013909,0.0763240524247756,0.10222699257341492,0.07741693492171717,0.06320137181071141,0.07909094817752205,0.1439955970492605,0.12776801647916558,0.07447677434299482
2021-10-08_CO,2021-11-02_CO,30,100,-0.004256024956703186,0.22005625069141388,100.0,0.09141557804267983,0.05669393087059679,0.07478002742376058,0.0592558366188467,0.045748899302488655,0.07689184907897287,0.10293313909518731,0.07833392074246706,0.06392472650406071,0.08116217978732687,0.1459600834360961,0.12991835863897533,0.07626217296459387
2021-10-08_CO,2021-11-02_CO,30,100,-0.004256024956703186,0.22005625069141388,1000.0,0.1346188242157983,0.05668642722315148,0.0753625211523524,0.06000276817603534,0.04680348670310313,0.0791257530143184,0.10613180857592522,0.08273667146580657,0.06764076460989275,0.09347101465373672,0.15560573187332355,0.1410770218442322,0.08625471143327275
2021-10-08_CO,2021-11-02_CO,30,100,-0.004256024956703186,0.22005625069141388,10000.0,0.12650075211777237,0.03565500149156031,0.052785740285959226,0.043035423885685764,0.03266365654846235,0.055195908987438175,0.0761216872801469,0.059229464259157955,0.04912768708952502,0.07818970015093943,0.111913570427642,0.10502963959737033,0.0677445711428279
2021-10-08_CO,2021-11-02_CO,30,100,-0.004256024956703186,0.22005625069141388,100000.0,0.03247538145980758,0.00494081011001371,0.00968914974419216,0.008408932584186624,0.005153598600039962,0.010649416067545686,0.015522626681842261,0.011256392773873969,0.009897115066558798,0.017767857705838885,0.023879717531039096,0.022499346971652096,0.015415609737637661
2021-10-08_CO,2022-02-07_CO,120,10,-0.006989315152168274,0.24917973577976227,1.0,-4.491617601131427,-0.04117173466547505,-0.07745830419501207,-0.06181357706894933,-0.07487006493881544,-0.14570970142279366,-0.2407150222127869,-0.19162318808917367,-0.194652293815516,-0.6472921196878829,-0.4053248360458159,-0.3952666908908751,-0.5696478005289162
2021-10-08_CO,2022-02-07_CO,120,10,-0.006989315152168274,0.24917973577976227,10.0,-2.2901103497144053,-0.03547982379028489,-0.0719857410288608,-0.05724057867271862,-0.07027984902550914,-0.13659381175337315,-0.22078809789973247,-0.17634696542976053,-0.18404393412242329,-0.5951379530994517,-0.3605147954322528,-0.34410210133811797,-0.5248875770388971
2021-10-08_CO,2022-02-07_CO,120,10,-0.006989315152168274,0.24917973577976227,100.0,-0.5562139131335966,0.001467552209381634,-0.033003416950949965,-0.027068489942648155,-0.03757931173508657,-0.07548460499578447,-0.10399217803421784,-0.08443324996411919,-0.11140519957775857,-0.3110891226133477,-0.15342798049995404,-0.11816480042714034,-0.29021593109874305
2021-10-08_CO,2022-02-07_CO,120,10,-0.006989315152168274,0.24917973577976227,1000.0,0.0036041367858444806,0.04276317381231201,0.02969124454900099,0.015368712926689121,0.017094201847091067,0.022628291435634995,0.03488678276051754,0.040186707089813895,0.011143914047378791,0.011638119373905215,0.04984361799327394,0.0653860869672829,-0.013525530209361739
2021-10-08_CO,2022-02-07_CO,120,10,-0.006989315152168274,0.24917973577976227,10000.0,0.03549257425245783,0.014606894375944951,0.009347459471241798,0.004931294425236321,0.007218075521668181,0.01356961084833741,0.019198112676533985,0.021884351616128755,0.01207213331183149,0.020917657563206266,0.030034246879504456,0.03412320729011509,0.012978235929905537
2021-10-08_CO,2022-02-07_CO,120,10,-0.006989315152168274,0.24917973577976227,100000.0,0.005873312077981918,-0.003382649657246467,-0.004390364174808564,-0.005122779956001938,-0.004304788733484749,-0.002947034661639203,-0.0007247411087796252,-0.001025839032665704,-0.0024689295047366686,-0.001159745110648508,0.0026283146067483942,0.0030057504727640794,-0.0011806271145963128
2021-10-08_CO,2022-02-07_CO,120,20,-0.006989315152168274,0.24917973577976227,1.0,-0.7739149976026867,0.0313355809513865,0.022481702425401706,-0.0024131904622167466,-0.01441312461503802,-0.022716231714336454,-0.022556793876356174,0.01209101554675926,-0.05707809509568737,-0.08767089949732326,-0.060980415158401136,0.010602692786602003,-0.14175671554110067
2021-10-08_CO,2022-02-07_CO,120,20,-0.006989315152168274,0.24917973577976227,10.0,-0.6874888850386788,0.032258131326968004,0.02363110466180182,-0.001516598912325029,-0.013277340666884177,-0.020842801758629265,-0.019353112724544902,0.014325361263848702,-0.05470502500955993,-0.0829821869306954,-0.054193530778691656,0.015170806255302705,-0.13610119499993936
2021-10-08_CO,2022-02-07_CO,120,20,-0.006989315152168274,0.24917973577976227,100.0,-0.28996505867576633,0.0396321027578703,0.03320161868281388,0.005747322485255696,-0.003675119950779765,-0.005254953112349886,0.006655300426656019,0.03191570858696055,-0.03490976694430251,-0.04547897254588745,-0.0037668371495392095,0.0495315253247344,-0.09214330618979856
2021-10-08_CO,2022-02-07_CO,120,20,-0.006989315152168274,0.24917973577976227,1000.0,0.0770262012803109,0.05582814516947107,0.05610147202029239,0.02591963996238983,0.02557069846338622,0.042542058623146084,0.07067286143358689,0.07426935868795076,0.02522741599551337,0.05391730902471317,0.09582160092044226,0.11646059979604931,0.020969100483896237
2021-10-08_CO,2022-02-07_CO,120,20,-0.006989315152168274,0.24917973577976227,10000.0,0.06798069788345742,0.027306075137648073,0.022726285879983238,0.014445541322062744,0.014698124687746275,0.027751905960695017,0.03698451523044491,0.04000224686868781,0.021759094767145316,0.038278787584216184,0.05396304951105352,0.058624540031713274,0.0279863600472683
2021-10-08_CO,2022-02-07_CO,120,20,-0.006989315152168274,0.24917973577976227,100000.0,0.014509108907374363,-0.0003588343962548646,-0.0015805329664421164,-0.003118488954964971,-0.002200495302630473,0.0007798180629308149,0.004280922242741486,0.0037499377281682844,0.0008515559205586979,0.0034491512083487663,0.009551757418963441,0.009921722130653288,0.003349982273946691
2021-10-08_CO,2022-02-07_CO,120,50,-0.006989315152168274,0.24917973577976227,1.0,0.06461515633749385,0.05841547296128535,0.07079690924361215,0.03095450323283952,0.025162280555316302,0.04306326477088418,0.07330554901221092,0.07581278809901312,0.02496824164393686,0.07359738936755009,0.11362582364371487,0.14543916549973268,0.03263435476633217
2021-10-08_CO,2022-02-07_CO,120,50,-0.006989315152168274,0.24917973577976227,10.0,0.06697699397893936,0.058553579839179914,0.07094020737805073,0.03111084567690406,0.02533486407908513,0.043348317499679406,0.07383607318949306,0.07622231891054987,0.025307522259755678,0.0740518893146574,0.114312817874471,0.14599673985077513,0.033180182505035155
2021-10-08_CO,2022-02-07_CO,120,50,-0.006989315152168274,0.24917973577976227,100.0,0.0874408148229261,0.05978075625179091,0.07221509843040089,0.03251549508650517,0.026928349850658045,0.04595482646169735,0.07866864588471584,0.07991231925403042,0.02844245440839525,0.0781694416424657,0.12042749232929448,0.15087191958869964,0.03816464454794639
2021-10-08_CO,2022-02-07_CO,120,50,-0.006989315152168274,0.24917973577976227,1000.0,0.16226653343175126,0.06400684937694776,0.07561440145202009,0.03842257192925125,0.03471643895591358,0.05848433062536196,0.09972022110507225,0.09546173881680789,0.044299998613229224,0.0962377123424639,0.14395735702683365,0.1660245460594241,0.06214622283714106
2021-10-08_CO,2022-02-07_CO,120,50,-0.006989315152168274,0.24917973577976227,10000.0,0.12397919829408541,0.042161375918227134,0.041430541438787466,0.026710395308466583,0.024281631902035933,0.04485931565650608,0.06665221539638547,0.06565458387734277,0.035675969912680065,0.06783367304448304,0.09699897807242353,0.1041135823609601,0.0514546785863819
2021-10-08_CO,2022-02-07_CO,120,50,-0.006989315152168274,0.24917973577976227,100000.0,0.029977819374123638,0.005205679725944795,0.003568547293156976,0.000916568101355486,0.0014597247752515345,0.007207526748707838,0.013742931436754896,0.012599088592329694,0.00629120742645516,0.012786014102625531,0.022255474590806373,0.023290538701408264,0.010683335098252802
2021-10-08_CO,2022-02-07_CO,120,100,-0.006989315152168274,0.24917973577976227,1.0,0.17511005781645828,0.056905192461246784,0.0784543557173965,0.03461196443172426,0.03689446708074257,0.05893301756444558,0.10460488308799523,0.10358688225079238,0.047273465625552465,0.11329307463670765,0.16473087066414854,0.18047642896345983,0.06441227503647899
2021-10-08_CO,2022-02-07_CO,120,100,-0.006989315152168274,0.24917973577976227,10.0,0.17547693966205338,0.05691740768460046,0.07843915108421207,0.03462915494077026,0.036912592062798094,0.05897019351901331,0.10466375587956994,0.10361017666096256,0.04732791075223943,0.11334711164533434,0.1648496265526233,0.1805313704441385,0.0645150641038953
2021-10-08_CO,2022-02-07_CO,120,100,-0.006989315152168274,0.24917973577976227,100.0,0.17893182523335274,0.05702782664867345,0.07827710859763412,0.034790509522384216,0.03708148207940339,0.05932263600069898,0.10521091766972934,0.10381814102822387,0.047845682891150175,0.1138490506367349,0.1659569783775706,0.18102420517700565,0.0654937483576559
2021-10-08_CO,2022-02-07_CO,120,100,-0.006989315152168274,0.24917973577976227,1000.0,0.19875584184297387,0.057240731619434826,0.07594720682220177,0.03560179010723033,0.03783686761313699,0.06134292581512002,0.10760698413368289,0.10404010103066269,0.0510052316869796,0.11598338652189219,0.17124364698235606,0.1818768156311459,0.07163995700819496
2021-10-08_CO,2022-02-07_CO,120,100,-0.006989315152168274,0.24917973577976227,10000.0,0.16610158389031116,0.04362728152705614,0.05011192614701174,0.027718944611586194,0.028684701257886108,0.04975340854720628,0.0811990451193283,0.0770149656416125,0.04272744260915301,0.08742405895918931,0.13110887120773956,0.1329161114551531,0.06255311516217905
2021-10-08_CO,2022-02-07_CO,120,100,-0.006989315152168274,0.24917973577976227,100000.0,0.047383259130927446,0.009280317458691956,0.009162094511651508,0.0037001523827249194,0.004912248368164535,0.012130685943065822,0.02192640428268275,0.019689227129484427,0.011334289091615777,0.021596860019167746,0.03610448912524028,0.03596555414680244,0.017728780618863006
2021-10-08_CO,2022-12-09_CO,480,10,-0.055179014801979065,0.26583996415138245,1.0,-1.1897356830621375,-0.10745093969858444,-0.08140723041753217,-0.06267707425897717,-0.14012214664153086,-0.16164917044963878,-0.18806502854759993,-0.10204739677336022,-0.21876943288491912,-0.44202711393801236,-0.2265233028067875,-0.2800378018068182,-0.5433784355169956
2021-10-08_CO,2022-12-09_CO,480,10,-0.055179014801979065,0.26583996415138245,10.0,-0.7733690413988965,-0.1014620971210684,-0.07637383667492165,-0.058706987368424335,-0.1343617669131807,-0.147862664525514,-0.17439027409410002,-0.0908953659509684,-0.206484996880809,-0.3890773224575062,-0.18368734551013238,-0.2336634907184078,-0.4841137399632891
2021-10-08_CO,2022-12-09_CO,480,10,-0.055179014801979065,0.26583996415138245,100.0,-0.15849885912862816,-0.06112344508608131,-0.04017466451124965,-0.0305136993882259,-0.09557573701197498,-0.06597503109831448,-0.08856462801226533,-0.023872551437044476,-0.130419655339969,-0.16427823112704087,-0.01447179447523228,-0.04182733601836128,-0.232085014986232
2021-10-08_CO,2022-12-09_CO,480,10,-0.055179014801979065,0.26583996415138245,1000.0,0.054830970026835096,-0.010354635635641568,0.022405348896517407,0.009109408356033105,-0.03157940787995384,0.014821313498898675,0.02625202851342781,0.04370198376772488,-0.021989270093904945,0.00221632823991727,0.08140923590480123,0.06790256688715302,-0.02194583124119977
2021-10-08_CO,2022-12-09_CO,480,10,-0.055179014801979065,0.26583996415138245,10000.0,0.01743441781761121,-0.03755699298544615,-0.018728421032525477,-0.027464006019899012,-0.03968856738829884,-0.0271054172338894,-0.006361529739696253,-0.012855788762379555,-0.030897329395206192,-0.025356033969467673,0.01472820034092906,0.002537958909208743,-0.023405752176603484
2021-10-08_CO,2022-12-09_CO,480,10,-0.055179014801979065,0.26583996415138245,100000.0,-0.03609886341890872,-0.052517725317872244,-0.04974169039108842,-0.05103759072983341,-0.05256520563973976,-0.05063304226066473,-0.04599191077080686,-0.04797254377321947,-0.05073446463663924,-0.04956984225438682,-0.04049609518645564,-0.044007784507141934,-0.04812610670048215
2021-10-08_CO,2022-12-09_CO,480,20,-0.055179014801979065,0.26583996415138245,1.0,-0.671498018020773,-0.04872244962297384,0.011690367754891046,-0.0026225652559298818,-0.061227772710178534,-0.030530931109401027,-0.011050996151302422,0.0033231289620432314,-0.09174364012757115,-0.12908712009887013,0.0032218313961520084,-0.0012577561764779144,-0.18681794688165887
2021-10-08_CO,2022-12-09_CO,480,20,-0.055179014801979065,0.26583996415138245,10.0,-0.5328280573394324,-0.047030267550898064,0.013123273845331851,-0.0013631956250713673,-0.05964016447353534,-0.02815755803099751,-0.008382781841435955,0.006079129374234826,-0.08904241680185836,-0.12262369545540311,0.010114636943110933,0.0038275070395307476,-0.17968832479195404
2021-10-08_CO,2022-12-09_CO,480,20,-0.055179014801979065,0.26583996415138245,100.0,-0.1384735162972513,-0.033289426903418046,0.024834925085267467,0.009048617276306792,-0.04693617241623204,-0.009551471605896783,0.012518755073836513,0.02787088192006132,-0.0673681988881367,-0.07432012570120056,0.057261576476194426,0.04105026433782438,-0.12695513435997552
2021-10-08_CO,2022-12-09_CO,480,20,-0.055179014801979065,0.26583996415138245,1000.0,0.08741928762414991,-0.001519803470288933,0.05057354756554061,0.03368461994293914,-0.01520557055773584,0.02841107459852199,0.05770085364057054,0.07285409693960176,-0.008327247800195817,0.025992601072292065,0.11753180613712519,0.10155677794610454,-0.009802170388590927
2021-10-08_CO,2022-12-09_CO,480,20,-0.055179014801979065,0.26583996415138245,10000.0,0.04575193747256401,-0.03068669899733459,-0.0015039494089815475,-0.010777965111727544,-0.031249270996695732,-0.015117471627969087,0.012068268641209468,0.007931397812749097,-0.02052875292945668,-0.008229199340321208,0.04019918302818634,0.027703873682348196,-0.010669058132291742
2021-10-08_CO,2022-12-09_CO,480,20,-0.055179014801979065,0.26583996415138245,100000.0,-0.027017695067731023,-0.05107201577446566,-0.04570902345930927,-0.04778276113866098,-0.050450164187795084,-0.04782763399897583,-0.04052898203410216,-0.04307340044627353,-0.04777543201728247,-0.04576906465675573,-0.032747117908872525,-0.03754964883782086,-0.04395326818923698
2021-10-08_CO,2022-12-09_CO,480,50,-0.055179014801979065,0.26583996415138245,1.0,0.040285636941091746,-0.0244847343598516,0.07078079257815015,0.029907450723816675,-0.028189332711644394,0.011594158794147824,0.08377942155778137,0.07461233954286103,-0.04010729213591687,0.012228603236615121,0.14267850984764485,0.11156105078224568,-0.039734360337492336
2021-10-08_CO,2022-12-09_CO,480,50,-0.055179014801979065,0.26583996415138245,10.0,0.043822827187989244,-0.02402034159790359,0.07110265723581138,0.030261180093850565,-0.02784985488870782,0.012090514165962352,0.08437945174743736,0.07515132314292866,-0.0395163747184622,0.013038282264883433,0.14340633880036432,0.11224343729076253,-0.03861930152316299
2021-10-08_CO,2022-12-09_CO,480,50,-0.055179014801979065,0.26583996415138245,100.0,0.07319517550674262,-0.019704919520079717,0.07404671441169006,0.03355354959001311,-0.024713462345682047,0.016666125626465744,0.08984164571758807,0.08009333534249782,-0.034034485785909147,0.020403068551455683,0.14985832280724792,0.11835270621687916,-0.028516039290000055
2021-10-08_CO,2022-12-09_CO,480,50,-0.055179014801979065,0.26583996415138245,1000.0,0.1639675874802221,0.003112072436408597,0.08688809138440545,0.05084886367022984,-0.008625011779878214,0.03952785946443099,0.11387647149356436,0.10338691798848115,-0.004017195598655311,0.05488856056775526,0.1729969598242786,0.14242932658787677,0.01963584441322508
2021-10-08_CO,2022-12-09_CO,480,50,-0.055179014801979065,0.26583996415138245,10000.0,0.12384730597383167,-0.007013191402566732,0.046277019596771746,0.0288908274563153,-0.014628329908128743,0.01924583535014321,0.07192520735737826,0.06421211900929494,0.002817563306527345,0.033588837858742754,0.11153785409913258,0.09211342413715315,0.025569349429843697
2021-10-08_CO,2022-12-09_CO,480,50,-0.055179014801979065,0.26583996415138245,100000.0,0.005259985918734111,-0.04428410668747765,-0.029940012329133847,-0.035167167463239474,-0.044196014038698585,-0.036946138187798405,-0.018853095118470053,-0.02460444285636898,-0.038238999065549284,-0.032459233819351785,-0.004173101586393085,-0.013533120737033055,-0.029676542081097296
2021-10-08_CO,2022-12-09_CO,480,100,-0.055179014801979065,0.26583996415138245,1.0,0.18927503916163196,0.003463321261144736,0.08520605432213596,0.05958248221664811,-0.01927867281753611,0.04898038400748733,0.12036109394617023,0.11841996572870814,-0.0024228052658467336,0.07197722269142615,0.19775800504157798,0.1680263441430659,0.020465265322517783
2021-10-08_CO,2022-12-09_CO,480,100,-0.055179014801979065,0.26583996415138245,10.0,0.18986687761186913,0.003560725347653365,0.08528280761118456,0.0596585900212028,-0.01919000064034691,0.049085798653095536,0.12050182287743164,0.11853034327045608,-0.002272184349472193,0.07215117377161542,0.19793585565763067,0.16818194120847194,0.020740999040027002
2021-10-08_CO,2022-12-09_CO,480,100,-0.055179014801979065,0.26583996415138245,100.0,0.1953341299581601,0.004489027395024631,0.08600582454255942,0.06038109875342737,-0.018343578100985424,0.05007959725460326,0.12183089477099238,0.11956573360285602,-0.0008321318453152482,0.07378375249195879,0.19958706954835262,0.16962285372036198,0.023361820511519176
2021-10-08_CO,2022-12-09_CO,480,100,-0.055179014801979065,0.26583996415138245,1000.0,0.22274203665190867,0.0103278947494643,0.08988615665048078,0.06464564091087568,-0.012782546667430608,0.05563413627731412,0.12937922520798245,0.12492370598500177,0.008796951952472922,0.08271078768112386,0.20731054242612532,0.17608807303592755,0.04007574309085613
2021-10-08_CO,2022-12-09_CO,480,100,-0.055179014801979065,0.26583996415138245,10000.0,0.17976040649150282,0.0009594635807190499,0.06486278070729823,0.04578409642690534,-0.01315294701877423,0.03505995827629327,0.10158796784200458,0.09111288635853004,0.010737715575760151,0.05674244922312732,0.15722396495846738,0.12921050226297018,0.04234518432608044
2021-10-08_CO,2022-12-09_CO,480,100,-0.055179014801979065,0.26583996415138245,100000.0,0.03373713393347849,-0.038928873415686016,-0.01570113053922184,-0.024590979075532177,-0.03921479244604358,-0.027778234975059907,0.0013721985940145232,-0.00863421703326972,-0.030414532125870374,-0.02066873532274488,0.02112690922244395,0.006984887557714398,-0.017385965892854193
2021-10-19_CO,2021-10-26_CO,7,10,0.1041952520608902,0.27315080165863037,1.0,-4.046167326636649,-0.10807331680811746,-0.046449932670493826,-0.09190886437601312,-0.04670264777956423,-0.28247416158478184,-0.22813841005614083,-0.269146120438538,-0.27617606579205173,-0.871996659905223,-0.7727836764731053,-0.7367222659699151,-1.0114342786933508
2021-10-19_CO,2021-10-26_CO,7,10,0.1041952520608902,0.27315080165863037,10.0,-2.6952387734874312,-0.09727825722698494,-0.036140358511738774,-0.08062356090538741,-0.04084067190637498,-0.25854610607167194,-0.2016989590459315,-0.24060123198536804,-0.2553694736889276,-0.769671677286014,-0.6572584581251705,-0.6313088865131138,-0.891201327476946
2021-10-19_CO,2021-10-26_CO,7,10,0.1041952520608902,0.27315080165863037,100.0,-0.8156861578066058,-0.02220791692079596,0.03081973879329003,-0.003954667419593272,0.0020200840139450913,-0.10722822218443828,-0.05121827876647711,-0.07097348654823699,-0.12429880501822693,-0.30262891271605813,-0.198404237139024,-0.20883783380830528,-0.3853781227744184
2021-10-19_CO,2021-10-26_CO,7,10,0.1041952520608902,0.27315080165863037,1000.0,-0.010754548420122828,0.10126139786586474,0.1184232349808639,0.11132019388071437,0.09219301605318038,0.09328989203863808,0.11596782743846568,0.11310054137421435,0.07564636946184233,0.08512519956285694,0.11276693483318273,0.09967814452714527,0.04552643247098578
2021-10-19_CO,2021-10-26_CO,7,10,0.1041952520608902,0.27315080165863037,10000.0,0.10208701768623832,0.11149737913591365,0.11798608754243309,0.11466431747857966,0.10977540899423287,0.11256881357704199,0.11828170276472105,0.11512839511831935,0.10989773862648185,0.11193134365486929,0.1159950351771272,0.11372036907113414,0.10727880319141625
2021-10-19_CO,2021-10-26_CO,7,10,0.1041952520608902,0.27315080165863037,100000.0,0.11073052244388684,0.10551045858775637,0.10785040920764646,0.10629936141310309,0.1053003842466958,0.10713477419878115,0.10925319859706267,0.1083987489796791,0.10653422034004582,0.109470914820021,0.1109275270083096,0.1103715611162703,0.1079653468418449
2021-10-19_CO,2021-10-26_CO,7,20,0.1041952520608902,0.27315080165863037,1.0,-1.2676103318728957,0.10654085618112577,0.08752848231476379,0.08789553155649252,0.08299328638699378,0.05412849126893793,0.051969636687183185,0.066041211997548,0.03547763315788932,-0.042424805856931536,-0.0021425706399597344,-0.0230847887722134,-0.09769949561069684
2021-10-19_CO,2021-10-26_CO,7,20,0.1041952520608902,0.27315080165863037,10.0,-1.083156134920455,0.10744645959498297,0.0888063579030692,0.08909139226351184,0.08381687680551615,0.05681562837497142,0.05482592413048745,0.06874817376913106,0.038139080728747395,-0.03510924313435321,0.005467263216634433,-0.015741811906159947,-0.08790655859158014
2021-10-19_CO,2021-10-26_CO,7,20,0.1041952520608902,0.27315080165863037,100.0,-0.3934579359798303,0.11502865140564375,0.09946450843435567,0.09917966200623987,0.09090733614731163,0.07857398684548117,0.07767292703900383,0.09044761357231937,0.05933354824961737,0.018931965759878933,0.059384653401293674,0.03710866814360303,-0.01860160330083833
2021-10-19_CO,2021-10-26_CO,7,20,0.1041952520608902,0.27315080165863037,1000.0,0.0985145607624332,0.1366567814142682,0.13294573114883296,0.13092572385886028,0.11565469359948492,0.13608256822806997,0.1387097603484578,0.14600016852247302,0.11749423991443787,0.13453596758067723,0.16024579395899355,0.144473559519027,0.12071818896749764
2021-10-19_CO,2021-10-26_CO,7,20,0.1041952520608902,0.27315080165863037,10000.0,0.14452156159500723,0.12364584589736854,0.12950275636348174,0.12476532864515646,0.11497636180431133,0.1282801268185878,0.1346384598942262,0.13286464747209545,0.1205299569449652,0.13448114338553796,0.14402801836324125,0.1392798426229321,0.13004604738456216
2021-10-19_CO,2021-10-26_CO,7,20,0.1041952520608902,0.27315080165863037,100000.0,0.11861852626184899,0.10771166228516676,0.11046380657309157,0.10837687513272443,0.10612919230241698,0.1102320725479082,0.11344317655586042,0.11177241412775776,0.10821151308974426,0.11369880093463566,0.11661166613949808,0.11562007258822654,0.11154925648577625
2021-10-19_CO,2021-10-26_CO,7,50,0.1041952520608902,0.27315080165863037,1.0,-0.03945893869258163,0.11850119496241904,0.1049595563536744,0.12541539584637035,0.08631567514956014,0.12106029883163591,0.11980869182638981,0.13144894713787053,0.07990212541354962,0.07723789618084131,0.12475205181121596,0.09079283976810437,0.09825015753590276
2021-10-19_CO,2021-10-26_CO,7,50,0.1041952520608902,0.27315080165863037,10.0,-0.035310246726628775,0.11869818234513907,0.10530126171555712,0.12559461949159803,0.08655261789389479,0.12141464337861493,0.12029758535384943,0.1318962852227021,0.08035591207825069,0.07832257885404312,0.12571010603053334,0.09181613883755993,0.09911633815321237
2021-10-19_CO,2021-10-26_CO,7,50,0.1041952520608902,0.27315080165863037,100.0,0.00013356768279132458,0.12053835048757575,0.10848084141535902,0.12726034745881742,0.08879831351730745,0.12467982234848829,0.12476573495175061,0.13597439368801442,0.0845713795980791,0.08813784712145906,0.13433861354449295,0.10108333375478512,0.10683207075609731
2021-10-19_CO,2021-10-26_CO,7,50,0.1041952520608902,0.27315080165863037,1000.0,0.13168393166120926,0.1308036207305454,0.12629735694440922,0.136173277495599,0.10299397078514118,0.14119262857024453,0.1465997806943584,0.15485997363205437,0.10834024109836182,0.1342382608026545,0.1723874025807315,0.14463023515022064,0.14120371377721022
2021-10-19_CO,2021-10-26_CO,7,50,0.1041952520608902,0.27315080165863037,10000.0,0.17166460121648625,0.13013790839435438,0.13594407372652878,0.132984576102169,0.11651466993235697,0.13797803807687098,0.14584919417571796,0.14499115864743198,0.12504244448753446,0.14528221150591136,0.16256888816984313,0.15145846801440718,0.1460128636061084
2021-10-19_CO,2021-10-26_CO,7,50,0.1041952520608902,0.27315080165863037,100000.0,0.12732498101022108,0.11087890326378566,0.11576685585574265,0.11240123584434772,0.10782868852718469,0.11477515513462977,0.11891050365876271,0.11710739953733784,0.11162053766517112,0.11870361711401853,0.12299413770396342,0.12097893008580349,0.11745942788530839
2021-10-19_CO,2021-10-26_CO,7,100,0.1041952520608902,0.27315080165863037,1.0,0.16075256524193224,0.1513505324351711,0.14598062044794877,0.1594039076783755,0.12469670726216049,0.1697622059987288,0.17705131866765378,0.18462783003036362,0.13544232512546717,0.16433737921741076,0.20518721603931023,0.17889355412729127,0.1711092947202316
2021-10-19_CO,2021-10-26_CO,7,100,0.1041952520608902,0.27315080165863037,10.0,0.16141828896471327,0.15139049969810134,0.14607011112432494,0.15943989866715014,0.12474316631179205,0.16983317460016353,0.1771460961430845,0.18470345687819242,0.1355328510587188,0.16455700312375846,0.20539235796011937,0.1790990229819815,0.17127215891618955
2021-10-19_CO,2021-10-26_CO,7,100,0.1041952520608902,0.27315080165863037,100.0,0.16761835426734498,0.15176939304221185,0.14692757148550473,0.15977721565381164,0.12519036372343328,0.17049979327947276,0.1780397132422048,0.18540842375883257,0.1363969223808282,0.16663304395280482,0.20731751874960644,0.181037146268248,0.17279765694966062
2021-10-19_CO,2021-10-26_CO,7,100,0.1041952520608902,0.27315080165863037,1000.0,0.20256333936822093,0.1539910442101342,0.1526941746143226,0.1614864735333768,0.12830804478173977,0.17407329721001916,0.18311994377755678,0.18882483445821285,0.1420780311879347,0.17917120456207455,0.2179436744615269,0.19245673397258636,0.18142333471682634
2021-10-19_CO,2021-10-26_CO,7,100,0.1041952520608902,0.27315080165863037,10000.0,0.208787561808187,0.14586270937509474,0.15167338662414429,0.15020233000874056,0.1281034525652657,0.15996431715873324,0.16998049645023294,0.16886316094850432,0.14154968191196127,0.17262920002971582,0.1964528002042189,0.1812460286716986,0.17125256998779628
2021-10-19_CO,2021-10-26_CO,7,100,0.1041952520608902,0.27315080165863037,100000.0,0.1409104366996385,0.11698033144000525,0.1217484879588592,0.11894920191623315,0.11142261246731024,0.12204368020950712,0.12680955155279633,0.1245261113184957,0.11679942288739975,0.12714109331287243,0.13330762839815216,0.1302179839121402,0.1256402888848325
2021-10-19_CO,2021-11-16_CO,30,10,0.026822954416275024,0.22020511329174042,1.0,-1.2069616326588215,-0.0815688218804119,-0.16048988519377572,-0.06951382907117415,-0.12809048289674582,-0.16490833817235379,-0.20005430101990243,-0.15589589764410394,-0.21192991085093782,-0.47031513237107514,-0.37507494204404,-0.40198512819567894,-0.4827463579920301
2021-10-19_CO,2021-11-16_CO,30,10,0.026822954416275024,0.22020511329174042,10.0,-0.8521569362204655,-0.07430404068377522,-0.14879496132472186,-0.05742058094436675,-0.11926783343577065,-0.14325083893696816,-0.18019421290262225,-0.14043903835545068,-0.19492932387153003,-0.3929050348622784,-0.31578670367478523,-0.33992958730475265,-0.42803667896195957
2021-10-19_CO,2021-11-16_CO,30,10,0.026822954416275024,0.22020511329174042,100.0,-0.2267123355469039,-0.029564380270059698,-0.07171069173580977,0.003554683175079315,-0.06019423190380383,-0.038906763454795934,-0.07035547950521115,-0.055741185243530694,-0.09744387243806196,-0.13341070979402092,-0.08425190096687257,-0.1043409133207675,-0.1910570441993267
2021-10-19_CO,2021-11-16_CO,30,10,0.026822954416275024,0.22020511329174042,1000.0,0.04651867990998662,0.041413354934510094,0.04088500025418046,0.06616379045027981,0.038503852804132176,0.06330092468836862,0.04993145336788091,0.0512446335641456,0.0364471900915456,0.05388448114533409,0.06469661618845862,0.057661282932557234,0.03047404992834853
2021-10-19_CO,2021-11-16_CO,30,10,0.026822954416275024,0.22020511329174042,10000.0,0.06606013049197354,0.046208480025993315,0.04944679213139122,0.05387218099613103,0.04328090946312144,0.05922471957465844,0.0574835963006472,0.060380857127931786,0.04847481780962565,0.06145287492188961,0.06318096889070268,0.06106956032409128,0.05632024679273448
2021-10-19_CO,2021-11-16_CO,30,10,0.026822954416275024,0.22020511329174042,100000.0,0.046337969812194596,0.030411929883495392,0.03190486982213275,0.03186003914924282,0.02975877015033665,0.0343652952981674,0.03575111503110828,0.03660982006830449,0.0314122042102161,0.03831252772674057,0.04187363063086788,0.04038858779850668,0.03535361022059199
2021-10-19_CO,2021-11-16_CO,30,20,0.026822954416275024,0.22020511329174042,1.0,-0.5756579783325007,-0.010203097692426638,-0.07103282139461067,0.00043648420582739766,-0.06109148015439433,-0.025474142573957442,-0.062005872751586255,-0.03672555796042051,-0.06275616006362131,-0.1065074302511245,-0.039795153677813916,-0.0455870792322568,-0.11843085813703792
2021-10-19_CO,2021-11-16_CO,30,20,0.026822954416275024,0.22020511329174042,10.0,-0.5156571451065437,-0.007810499625719558,-0.06788762005568769,0.004397118264358679,-0.0586078357716354,-0.02137418578301184,-0.05729415509339769,-0.03167329500475333,-0.05951188180706504,-0.0989191355405604,-0.03143327310569652,-0.03889077971395491,-0.11292438228875755
2021-10-19_CO,2021-11-16_CO,30,20,0.026822954416275024,0.22020511329174042,100.0,-0.22588546043632723,0.010727717348595567,-0.04150575656520267,0.03352996744137329,-0.037925824381020906,0.009483447652443244,-0.020604884194313444,0.005383345104328141,-0.03418631450769969,-0.045284323383496666,0.025270883019742008,0.00891820650704836,-0.0702868881239512
2021-10-19_CO,2021-11-16_CO,30,20,0.026822954416275024,0.22020511329174042,1000.0,0.0760583539598611,0.05507229136804362,0.04116324059159002,0.08598039042651678,0.029016385679080308,0.07612820900788056,0.06596403123250441,0.07851854086168936,0.034397919842402404,0.0668744277386977,0.11587447017246191,0.09671710447384477,0.040635622172544766
2021-10-19_CO,2021-11-16_CO,30,20,0.026822954416275024,0.22020511329174042,10000.0,0.08397766396280282,0.055496355989442636,0.054619091591090324,0.06777795509719084,0.047682468833225834,0.0696254168470852,0.06672326031760276,0.07125190359888472,0.052285670836504254,0.07186553849057123,0.08299554429903852,0.0760605087039658,0.06320503123536049
2021-10-19_CO,2021-11-16_CO,30,20,0.026822954416275024,0.22020511329174042,100000.0,0.05332148301799536,0.03391136437359238,0.0358038477537794,0.03708421978265994,0.032354860844888096,0.040500139307400096,0.04231050781664247,0.04364840290227262,0.034935319838358465,0.04535289790834804,0.049866702274370095,0.047822039034510766,0.0410107319199379
2021-10-19_CO,2021-11-16_CO,30,50,0.026822954416275024,0.22020511329174042,1.0,-0.0054526576296841656,0.05643107524025465,0.021772749260861507,0.09858512226482777,0.011994947152103669,0.07623047609656106,0.05354748470847512,0.08816261454560781,0.010314744179392127,0.06182458071448954,0.10317422093581166,0.09454724356183133,0.021108390596995374
2021-10-19_CO,2021-11-16_CO,30,50,0.026822954416275024,0.22020511329174042,10.0,-0.002109743602002334,0.05679115973408502,0.02250702238394439,0.09905202207146815,0.012453012585558245,0.07694732829390385,0.054422933536824175,0.08890179994365527,0.010885044952697931,0.06306616866587267,0.10462826780904438,0.09565669314740696,0.02202386567499462
2021-10-19_CO,2021-11-16_CO,30,50,0.026822954416275024,0.22020511329174042,100.0,0.026654648776378437,0.06005676497028353,0.029318860287955523,0.10317008017063059,0.016719538298443082,0.08337023233873381,0.062363325243020684,0.09548207783669566,0.016149326608581944,0.07411087481381054,0.11736121302192112,0.10554182445544141,0.030424446979830506
2021-10-19_CO,2021-11-16_CO,30,50,0.026822954416275024,0.22020511329174042,1000.0,0.13630475608808956,0.07526496980879827,0.06583198485399722,0.1182302053433584,0.040885007619345264,0.11095387124274586,0.09909975702072282,0.1225265359640064,0.04473277347868582,0.12215818385006655,0.16570528848366378,0.1466934235182096,0.07377350234702158
2021-10-19_CO,2021-11-16_CO,30,50,0.026822954416275024,0.22020511329174042,10000.0,0.14665709758676632,0.07215219682957955,0.07919835343026538,0.09536698154829806,0.05938402006346976,0.09852671184952971,0.09689172942653945,0.10671210035009981,0.06594719057217695,0.11669501609793467,0.13634166229629308,0.12479270398466993,0.09015843938822492
2021-10-19_CO,2021-11-16_CO,30,50,0.026822954416275024,0.22020511329174042,100000.0,0.07280053956868046,0.042524678551607104,0.04877071239647707,0.04878195171371644,0.04004872806799434,0.05327907313078778,0.057566159499341296,0.05974398644351925,0.04492058739235547,0.06187636192997514,0.0678479934925213,0.06512300112161384,0.05438005905970985
2021-10-19_CO,2021-11-16_CO,30,100,0.026822954416275024,0.22020511329174042,1.0,0.13540312150074607,0.09390377206107095,0.08980429177560617,0.13989879047443582,0.06573061097174741,0.13522993742802444,0.11652523465619774,0.1424132445115166,0.06863355232090533,0.14006618110976107,0.1745555951298676,0.15282592920880148,0.09393319034939861
2021-10-19_CO,2021-11-16_CO,30,100,0.026822954416275024,0.22020511329174042,10.0,0.1360048065367115,0.09395885561276723,0.08989050338497784,0.13994533701460912,0.06578542379904088,0.1353267296329889,0.11667038489774054,0.14254572836354865,0.06872823482508364,0.14032640682663725,0.17482075868048524,0.15310315996568405,0.09410379267322179
2021-10-19_CO,2021-11-16_CO,30,100,0.026822954416275024,0.22020511329174042,100.0,0.14169477536762987,0.09447815177577856,0.09071690075883301,0.1403730379318773,0.06631301225378201,0.13623823439335828,0.118048810138043,0.14379558250387287,0.0696394427069873,0.14279152276115684,0.17732143348236168,0.15572822878615153,0.09573994493357968
2021-10-19_CO,2021-11-16_CO,30,100,0.026822954416275024,0.22020511329174042,1000.0,0.17674189910957333,0.09737489159988552,0.09623100005705504,0.141932926662897,0.06999962070646572,0.14123664204521338,0.12652168242831396,0.15088698842271916,0.07603604397560296,0.157735350619231,0.19175936715553055,0.17149026007233548,0.10684252252960014
2021-10-19_CO,2021-11-16_CO,30,100,0.026822954416275024,0.22020511329174042,10000.0,0.18072264282889927,0.08721260100211908,0.09231952575118282,0.11742614571621818,0.07048888125858899,0.12144128447930819,0.11634568792346714,0.13130477991774406,0.07957564467260671,0.14377136000900273,0.1666956973533177,0.15328330159895948,0.10759638715237736
2021-10-19_CO,2021-11-16_CO,30,100,0.026822954416275024,0.22020511329174042,100000.0,0.08768033337345707,0.05125782023121597,0.05707800722512141,0.06017482217518719,0.04716077826563247,0.06519041110383703,0.06755670401684671,0.07147958399243484,0.05347553419080012,0.07373920445019586,0.08061204136094341,0.07722716785694883,0.06391152087069155
2021-10-19_CO,2022-02-07_CO,120,10,0.035172879695892334,0.24917973577976227,1.0,-4.463091173662387,-0.00032393743875161474,-0.08127214069691346,0.02807763156180354,-0.10109009535698225,-0.10624330473534288,-0.17895605700113276,-0.1474413314765366,-0.25167453049661886,-0.4040933767982969,-0.33804165575680084,-0.3735922925917202,-0.6134147902180472
2021-10-19_CO,2022-02-07_CO,120,10,0.035172879695892334,0.24917973577976227,10.0,-2.2589822627488125,0.0034213732953587983,-0.06837312255992734,0.031211219327845208,-0.09532897716233353,-0.09192165494831289,-0.1589318408292379,-0.12688480784606826,-0.23392386111155825,-0.36212405453875063,-0.2837083837928831,-0.32348408398306755,-0.5608167169998121
2021-10-19_CO,2022-02-07_CO,120,10,0.035172879695892334,0.24917973577976227,100.0,-0.5346920344707373,0.03109888525185206,0.007236343570843573,0.05360003054749557,-0.05424755640783397,-0.004915405923420407,-0.04430416313948091,-0.015050608462748305,-0.12373320441184411,-0.14403343516434242,-0.06375617856060334,-0.09535011510962627,-0.28228418834588626
2021-10-19_CO,2022-02-07_CO,120,10,0.035172879695892334,0.24917973577976227,1000.0,0.03719245652114278,0.0775481466927404,0.08035640941099101,0.08179961861753746,0.02807808754869809,0.10011350107274566,0.08303029546424498,0.0972751457279579,0.03368234552509058,0.09053582163397461,0.1109013222550358,0.1081032289464314,0.032757125217253845
2021-10-19_CO,2022-02-07_CO,120,10,0.035172879695892334,0.24917973577976227,10000.0,0.07257703423172868,0.05082617635031242,0.055027997403246875,0.049449900584773304,0.04104305416927415,0.062025148962593896,0.058053721875670566,0.0618217850881973,0.046622424646303645,0.06959485662643325,0.07285053813108816,0.0737940636788322,0.0536835971637882
2021-10-19_CO,2022-02-07_CO,120,10,0.035172879695892334,0.24917973577976227,100000.0,0.046158387836932574,0.0372530939604373,0.03895132500288598,0.03703008624006329,0.03631105799682008,0.03953209572666608,0.0398783102690177,0.0401378432390094,0.03759122392330173,0.042751870420824095,0.04435228393911231,0.04400269643332502,0.03966074566521365
2021-10-19_CO,2022-02-07_CO,120,20,0.035172879695892334,0.24917973577976227,1.0,-0.7740249106514305,0.06172112747800129,0.03147152475032122,0.07331833695859716,-0.013452881303989092,0.05776685765867212,0.03515768348381726,0.06434219908253289,-0.031202825796452078,0.03114663211688562,-0.010479981364918123,0.023607081567873445,-0.12924868120442143
2021-10-19_CO,2022-02-07_CO,120,20,0.035172879695892334,0.24917973577976227,10.0,-0.6883079411868722,0.06272422825934362,0.033469156184445154,0.07410786372246353,-0.012097204184750817,0.06001567168705277,0.03758895044133764,0.0665367445379603,-0.028835880972243173,0.035397684590943945,-0.0036838778796667027,0.029246360592729587,-0.12318647149577504
2021-10-19_CO,2022-02-07_CO,120,20,0.035172879695892334,0.24917973577976227,100.0,-0.2891776179066044,0.071208481107356,0.04978350476697782,0.08075920619167459,-0.0006726257745821677,0.07795606217232581,0.057387798623728836,0.08377657104746572,-0.009281213923068188,0.06819711284245394,0.04748300301645364,0.0720178768241814,-0.07531826441756577
2021-10-19_CO,2022-02-07_CO,120,20,0.035172879695892334,0.24917973577976227,1000.0,0.09571198157355487,0.09461767505243104,0.09052999024349007,0.09722657119832376,0.03773246870540995,0.12207605354169695,0.10720315193611057,0.12250812539581915,0.04995587641023145,0.14196697466164315,0.15022294081657314,0.1575826883322462,0.05244015512512055
2021-10-19_CO,2022-02-07_CO,120,20,0.035172879695892334,0.24917973577976227,10000.0,0.09932639321363548,0.06294038568950247,0.06571376657465033,0.06232594444969036,0.04605923029794464,0.0809633935842593,0.07314066235740663,0.07986140487546994,0.05408592541181923,0.09241053609228286,0.0960618752899931,0.0980104679288413,0.06397001889152348
2021-10-19_CO,2022-02-07_CO,120,20,0.035172879695892334,0.24917973577976227,100000.0,0.05365686116545709,0.03931032187889327,0.04203486800918946,0.03919335752023784,0.03768305865626925,0.044029936099715034,0.043909561637814704,0.04454623879447783,0.03997277285516724,0.049020919057585544,0.05098985008702747,0.05067551887835431,0.043310609624429404
2021-10-19_CO,2022-02-07_CO,120,50,0.035172879695892334,0.24917973577976227,1.0,0.06462501417991753,0.10074783842891602,0.08582369844518464,0.11211983748159726,0.04917080968727569,0.13423555434887574,0.11293804762768839,0.13638181693591767,0.06257383740838941,0.15573312190111874,0.1632421169171339,0.16098764225197792,0.05999082936728581
2021-10-19_CO,2022-02-07_CO,120,50,0.035172879695892334,0.24917973577976227,10.0,0.06707581897211876,0.10093493262120296,0.08615559270694384,0.11222738240143501,0.049315370575218405,0.13454557877903778,0.11336036315004927,0.13667441075165052,0.06282567094846224,0.1562581719781885,0.16391236058752975,0.1616604761853894,0.06061735623179305
2021-10-19_CO,2022-02-07_CO,120,50,0.035172879695892334,0.24917973577976227,100.0,0.08843983507216535,0.1026502056455516,0.08918767139666653,0.11319344386277164,0.050648282881231715,0.1373468695646468,0.11719206050500322,0.1392893451216412,0.06513970225610198,0.1609790158578329,0.16990657956001465,0.16771256059942136,0.06635361596276045
2021-10-19_CO,2022-02-07_CO,120,50,0.035172879695892334,0.24917973577976227,1000.0,0.17053072327437574,0.10991068826353403,0.10305430052313588,0.11600322441080421,0.05741410533401617,0.1486670754115851,0.1334540211757913,0.1487909768924475,0.07640900307854435,0.17999589360648408,0.1931069272157093,0.1922766265697388,0.094261005334849
2021-10-19_CO,2022-02-07_CO,120,50,0.035172879695892334,0.24917973577976227,10000.0,0.1489396458956253,0.08163564730754508,0.0842697805812101,0.0840362890015948,0.05407005533717304,0.1112243215563554,0.10055163299419179,0.1092711053818681,0.06757557021366163,0.13227228027634727,0.13887395504740874,0.14074515314485414,0.08533994091179058
2021-10-19_CO,2022-02-07_CO,120,50,0.035172879695892334,0.24917973577976227,100000.0,0.06667631627501255,0.04386560451581348,0.04736418523834485,0.04461271708197412,0.04001152581878833,0.05310766200807315,0.05095214217674818,0.05268407523528079,0.04401796914510731,0.06005317091704207,0.06188121910550398,0.06215561193608149,0.04920788877714422
2021-10-19_CO,2022-02-07_CO,120,100,0.035172879695892334,0.24917973577976227,1.0,0.17512128813190841,0.09814720050634831,0.09577501725083223,0.10954222474739667,0.054294641992391,0.14205887683400775,0.12772115735251616,0.1454297358292908,0.07614673975230658,0.1828133722983395,0.19118723486168918,0.19074186564869908,0.09716820990899366
2021-10-19_CO,2022-02-07_CO,120,100,0.035172879695892334,0.24917973577976227,10.0,0.1755888621208837,0.09821522225076362,0.09584842565133378,0.10958188389190693,0.05432319487500248,0.14213394540479776,0.12784439695274072,0.14550143933863915,0.07619879138778769,0.18293209502046684,0.19137230485626724,0.1908899107555713,0.09729654669406877
2021-10-19_CO,2022-02-07_CO,120,100,0.035172879695892334,0.24917973577976227,100.0,0.18001473143452676,0.09886286223084081,0.09654344047919985,0.10995279570112995,0.054596330569033534,0.1428425260203115,0.12900829598755817,0.14617322352344375,0.0766953686115429,0.18404741213818349,0.19311739210403286,0.19228830908462685,0.0985205629049777
2021-10-19_CO,2022-02-07_CO,120,100,0.035172879695892334,0.24917973577976227,1000.0,0.20708672616845908,0.10280885088540523,0.10063791263213528,0.11170483076679372,0.05639913967769888,0.14673311452105184,0.13566997458502367,0.149534642564637,0.07985124329416811,0.18998030614490466,0.20299379923669175,0.20022493269020325,0.10635076541975785
2021-10-19_CO,2022-02-07_CO,120,100,0.035172879695892334,0.24917973577976227,10000.0,0.19317028478958628,0.08994205566672264,0.09004397513128024,0.09371983884212823,0.055043251553726184,0.12465523530712042,0.11593461242580441,0.12434413420321003,0.07440831126628841,0.15829379538246618,0.17125498282498874,0.16916077296309262,0.09839463683341494
2021-10-19_CO,2022-02-07_CO,120,100,0.035172879695892334,0.24917973577976227,100000.0,0.08298110549306542,0.049344433312467934,0.05317211906054456,0.050431514809210154,0.04251032447602294,0.062464252700284995,0.05896511144704725,0.06172661456710074,0.0490385556191907,0.07255385414857338,0.0753233798540057,0.07569188141891628,0.05611732540751866
2021-10-19_CO,2022-12-09_CO,480,10,0.03626960515975952,0.26583996415138245,1.0,-1.1561462884425495,0.016003226845691665,0.01142130571539629,0.06857922133046451,-0.03284127039692835,-0.06246882700694176,0.01955541506644945,-0.005182540319437018,-0.1389600568672719,-0.3773322884250277,-0.18904997631525544,-0.2562899236840546,-0.5225775421228427
2021-10-19_CO,2022-12-09_CO,480,10,0.03626960515975952,0.26583996415138245,10.0,-0.7325815726704411,0.01982961230468916,0.015636320537626536,0.0717211413049014,-0.0284199833368516,-0.05007362296595161,0.02861004213880375,0.005652151755240087,-0.12666234120768846,-0.32559568587089677,-0.14086282468922146,-0.20081433825707984,-0.45788894452103923
2021-10-19_CO,2022-12-09_CO,480,10,0.03626960515975952,0.26583996415138245,100.0,-0.1060540135756956,0.047063144619719666,0.0441624032752477,0.09218458919503422,0.0025024608439547604,0.020538735099692257,0.07948166373665913,0.06740416172913322,-0.051545481756367854,-0.09813638892273666,0.04696047978451748,0.021852609720967198,-0.18394050764698852
2021-10-19_CO,2022-12-09_CO,480,10,0.03626960515975952,0.26583996415138245,1000.0,0.11882354858395977,0.09154386411466695,0.0880942982973825,0.11280658158513471,0.06029101320273392,0.09648618862236166,0.11981148892733404,0.12045896461855832,0.055994631795290684,0.08384717088368401,0.1488867142704311,0.13997858828185875,0.044233563893793106
2021-10-19_CO,2022-12-09_CO,480,10,0.03626960515975952,0.26583996415138245,10000.0,0.0999875574427557,0.06744353889564397,0.07033993564037241,0.0762609474040522,0.05923146539389324,0.07173964944139277,0.08582014942929356,0.08516775424165893,0.06662318087495046,0.07823342071853862,0.10118515885377713,0.0974665170608448,0.07064886381434136
2021-10-19_CO,2022-12-09_CO,480,10,0.03626960515975952,0.26583996415138245,100000.0,0.06342061845728394,0.04118552479857343,0.04280030191374293,0.04300054239504622,0.040276247105817294,0.04251156912840551,0.048457233088368246,0.046889666822060805,0.04317740699437043,0.04824233758688509,0.056361699838983426,0.05441850273416207,0.04718208234284591
2021-10-19_CO,2022-12-09_CO,480,20,0.03626960515975952,0.26583996415138245,1.0,-0.6710593145987725,0.052639984929939154,0.04768779886765398,0.0973729120904025,0.034069705731729565,0.038105718288036494,0.06629297923544444,0.06605091222814213,-0.012544175474890914,-0.02790023837291042,0.04594954226473402,0.03695551000803696,-0.11855319293902489
2021-10-19_CO,2022-12-09_CO,480,20,0.03626960515975952,0.26583996415138245,10.0,-0.5285031366509152,0.05380813039690446,0.04897570239427679,0.09826200349608927,0.03513757226607784,0.04013432602006914,0.06871459297059115,0.0683876566290508,-0.010103019760234524,-0.021762697765337957,0.05213028998548372,0.042559769347051885,-0.11176779161612375
2021-10-19_CO,2022-12-09_CO,480,20,0.03626960515975952,0.26583996415138245,100.0,-0.114289190546984,0.0636761300230479,0.05974403198235251,0.10546230600023779,0.0439379911521211,0.05647317380839953,0.08751296133049921,0.08669161638723216,0.009423127826298236,0.02205585698919907,0.09601486479788782,0.08309681612687436,-0.06153428949682139
2021-10-19_CO,2022-12-09_CO,480,20,0.03626960515975952,0.26583996415138245,1000.0,0.13614212769507655,0.09335434611601204,0.09270656658062265,0.1216070121931438,0.06983944279897521,0.09922940204662153,0.12710453961338689,0.12679446573561876,0.06372697910689058,0.10666954317359098,0.1653341308275385,0.15138814885498145,0.05374145558441249
2021-10-19_CO,2022-12-09_CO,480,20,0.03626960515975952,0.26583996415138245,10000.0,0.11973653241582322,0.07499244529471419,0.0814791608766201,0.08979297989725185,0.06575939201433338,0.0797998412845827,0.09730890478771756,0.09744808066057081,0.07233799657013935,0.09036737352416618,0.1174899603157514,0.11153608533563511,0.07669698489663992
2021-10-19_CO,2022-12-09_CO,480,20,0.03626960515975952,0.26583996415138245,100000.0,0.07192260756985339,0.043666564766738636,0.04758468722371098,0.04737000947011227,0.042777571481400385,0.045623843816594734,0.05531405176076029,0.05299687849791854,0.04705354949616008,0.05434438972892941,0.06526150914609971,0.06269345336975807,0.05233291599029349
2021-10-19_CO,2022-12-09_CO,480,50,0.03626960515975952,0.26583996415138245,1.0,0.04031409366390404,0.058984569826148,0.08470363916905424,0.09944177238290494,0.03495040393727097,0.04541950479129869,0.10557373897238584,0.10676098956202715,0.024141511416036165,0.059310702673968346,0.148886508186282,0.14513218791071222,0.008407792635244419
2021-10-19_CO,2022-12-09_CO,480,50,0.03626960515975952,0.26583996415138245,10.0,0.04410568688645111,0.05941899449008109,0.08513259661592457,0.09988627366342734,0.035332211911824195,0.04609488125913441,0.10620199937902614,0.10740513905670002,0.02472890045733799,0.06034466160628671,0.14973550725675824,0.145870762492828,0.009419960580205694
2021-10-19_CO,2022-12-09_CO,480,50,0.03626960515975952,0.26583996415138245,100.0,0.07585282041018529,0.06348738523638228,0.08908541297381917,0.10398583743110953,0.03890159567563039,0.05236105588942469,0.1119663950278943,0.11330876342716675,0.03017835850903978,0.06973110234837054,0.15735869380081516,0.15252558388054482,0.018673939993448175
2021-10-19_CO,2022-12-09_CO,480,50,0.03626960515975952,0.26583996415138245,1000.0,0.18057172679630007,0.08678618629864271,0.10902238935514261,0.12486136887807642,0.0594892169794051,0.08661008368908257,0.14015177063590703,0.14194441809734523,0.06016397949083629,0.11477541459956891,0.18950554577310075,0.18127581184768424,0.06573893330454063
2021-10-19_CO,2022-12-09_CO,480,50,0.03626960515975952,0.26583996415138245,10000.0,0.17324147792551903,0.09221743504763158,0.10278012878181442,0.11683130381189483,0.0732966301737406,0.09834375629239733,0.12826806415366315,0.1286282877631138,0.08082492180082208,0.1200821294109812,0.16123440144111192,0.15522757305032592,0.0929917402996621
2021-10-19_CO,2022-12-09_CO,480,50,0.03626960515975952,0.26583996415138245,100000.0,0.0931430229112574,0.052355453892874465,0.05946703988107094,0.06093001117215799,0.04915744084462367,0.055694156620656354,0.07235990819285526,0.06912792603295972,0.056384279655098825,0.06888096484000708,0.08648627818329777,0.0826168838859748,0.06443713871919514
2021-10-19_CO,2022-12-09_CO,480,100,0.03626960515975952,0.26583996415138245,1.0,0.18928020197679424,0.0991775719277608,0.11257281146905601,0.1316501566004894,0.06327256145097564,0.10604530547392876,0.16016828294524563,0.15841013689013483,0.0666966926148942,0.1368730595879207,0.21432318156672492,0.20558167859907306,0.07367822047082491
2021-10-19_CO,2022-12-09_CO,480,100,0.03626960515975952,0.26583996415138245,10.0,0.18991854763587457,0.09927668153762503,0.11270376909885682,0.1317651489560354,0.06336576261163206,0.10616852269534596,0.16031415956050904,0.15856511568637885,0.06683862309877465,0.1370658389971128,0.21450481768050358,0.20575020175621409,0.07391844757790188
2021-10-19_CO,2022-12-09_CO,480,100,0.03626960515975952,0.26583996415138245,100.0,0.19585429174923277,0.10022804618276326,0.11395400968995484,0.13286364325851835,0.06426378559679884,0.10734803033721088,0.16169343584634885,0.16003278447660418,0.0682017114088332,0.13889145592694496,0.2162010763971845,0.20733195924282222,0.07621618050057495
2021-10-19_CO,2022-12-09_CO,480,100,0.03626960515975952,0.26583996415138245,1000.0,0.22795926495807858,0.10668493889850622,0.12206540402018146,0.13998631235908285,0.07067417760831875,0.11519559439904598,0.16976756002581772,0.16876070304989468,0.07769282883735763,0.1499981218697121,0.22499581572229277,0.21593188583789483,0.09172673729765797
2021-10-19_CO,2022-12-09_CO,480,100,0.03626960515975952,0.26583996415138245,10000.0,0.21365716562281054,0.10375710825660653,0.11796598450557272,0.13277306531427766,0.07737448790896448,0.11201621746897261,0.15242660916490633,0.15204241364562399,0.08739116011351467,0.14000094180299644,0.19472722406043322,0.1886799425358681,0.10526033433224134
2021-10-19_CO,2022-12-09_CO,480,100,0.03626960515975952,0.26583996415138245,100000.0,0.11161579752828213,0.06026000423980066,0.07177130813303861,0.07340071459789865,0.05537141616908104,0.0651905538973579,0.08680607161369194,0.08363582787099114,0.06390742568214151,0.08030092657021026,0.10362761226196104,0.0996362678155239,0.07372440021522937
2022-01-17_CO,2022-01-24_CO,7,10,0.1467186063528061,0.2566363215446472,1.0,-4.515264569322295,0.05883404066940057,0.07522817432618098,0.12270714872025579,0.05688177191026294,-0.09600151008474098,-0.008935024716210521,-0.0031481952881854403,-0.05095634662641311,-0.3127702682970255,-0.1683561422016061,-0.4275110791732914,-0.28626319445495724
2022-01-17_CO,2022-01-24_CO,7,10,0.1467186063528061,0.2566363215446472,10.0,-1.790389271863552,0.06290731830085369,0.07909881689831894,0.12517773023387954,0.06059483133079855,-0.08508223715246549,-8.807146850195458e-05,0.005714998913973812,-0.041790539320111175,-0.279564493621229,-0.14142323642136084,-0.38082502504208304,-0.25271747004565354
2022-01-17_CO,2022-01-24_CO,7,10,0.1467186063528061,0.2566363215446472,100.0,-0.4158529686298811,0.09093985628104348,0.10702562077851366,0.14319157509240324,0.08767798644090423,-0.012762388252827661,0.05798251611387936,0.06374409364962733,0.02037940846279197,-0.09963873593170974,-0.005351998315841711,-0.14439085031213636,-0.07597363863477186
2022-01-17_CO,2022-01-24_CO,7,10,0.1467186063528061,0.2566363215446472,1000.0,0.07031102744657627,0.14618838061730252,0.15670782858722154,0.1723735016121442,0.14450715195365596,0.12239849188357549,0.15133122623012688,0.15716762024568892,0.13441314550349945,0.12206095668555922,0.14148307574740915,0.11328842876440001,0.12618450466209874
2022-01-17_CO,2022-01-24_CO,7,10,0.1467186063528061,0.2566363215446472,10000.0,0.14955640137475515,0.15223458869937606,0.1524620450931147,0.15592710309143654,0.15060196727517824,0.15120642546993496,0.1551232260370174,0.15648613483936638,0.15177870945126493,0.15488744232249274,0.15663491550156206,0.15309287467274205,0.1538605327790773
2022-01-17_CO,2022-01-24_CO,7,10,0.1467186063528061,0.2566363215446472,100000.0,0.14950921231239234,0.14766796338278837,0.1475451107250464,0.147925390924745,0.14731571241697547,0.1478454276422211,0.14827057777365957,0.14835758125822382,0.1476099476928228,0.14869843632365717,0.14918970980780424,0.14857237524828978,0.14839036529414992
2022-01-17_CO,2022-01-24_CO,7,20,0.1467186063528061,0.2566363215446472,1.0,-0.6607599262076471,0.12291097098202375,0.1403415730756245,0.1655196607834532,0.1160208597216658,0.09750378201883059,0.12696833482737466,0.12096324182890539,0.09172081702807855,0.035322858779124056,0.07343558697028982,0.02943728053937744,0.028556926603124488
2022-01-17_CO,2022-01-24_CO,7,20,0.1467186063528061,0.2566363215446472,10.0,-0.5889651777448099,0.12370789419310993,0.141084350264187,0.1658660316822688,0.11674461366098605,0.09885267227779956,0.12823912529759351,0.12259117604330488,0.09299944829959846,0.03894101701305383,0.07831421806006034,0.033808754317257855,0.032189642771772865
2022-01-17_CO,2022-01-24_CO,7,20,0.1467186063528061,0.2566363215446472,100.0,-0.24014873874618076,0.1303382085534292,0.1473329384064216,0.1687192564604758,0.12289125212578583,0.10992674832178495,0.13861363090172682,0.13569565593532296,0.10387735127022753,0.0678282224992818,0.11457186824233467,0.06780598205050209,0.061223763414453646
2022-01-17_CO,2022-01-24_CO,7,20,0.1467186063528061,0.2566363215446472,1000.0,0.12263868963485891,0.15193537979889413,0.16514654910786886,0.17429457378579957,0.14503254730585524,0.14474214314594697,0.16687358569542834,0.1697511662046301,0.14244131719439934,0.1472900166332689,0.18332983697275884,0.15188623658756373,0.14180702932074202
2022-01-17_CO,2022-01-24_CO,7,20,0.1467186063528061,0.2566363215446472,10000.0,0.16274638570229993,0.15442480380857593,0.1558907401664242,0.15783756736868218,0.15151200800373724,0.1541114844497355,0.1582183264452063,0.160423705571018,0.15329944580415508,0.15978002609963837,0.16581921877150219,0.1598359986970054,0.1576983076950508
2022-01-17_CO,2022-01-24_CO,7,20,0.1467186063528061,0.2566363215446472,100000.0,0.1520551253750589,0.14824625889982435,0.14853798119327502,0.1485319792849663,0.14769171639392273,0.14888556861022964,0.149426493258859,0.14964707641509206,0.1482267815684741,0.1502642988704405,0.15137641154697565,0.15043195871425008,0.14967564228349273
2022-01-17_CO,2022-01-24_CO,7,50,0.1467186063528061,0.2566363215446472,1.0,0.09309143420907956,0.1585997916205406,0.1840079955708306,0.18134947325636813,0.14994063228822663,0.14715443040967616,0.185914502155075,0.19025310835478423,0.14890454270758177,0.15708753025942138,0.2008413041587603,0.18173664813530657,0.1376809979622007
2022-01-17_CO,2022-01-24_CO,7,50,0.1467186063528061,0.2566363215446472,10.0,0.09492604457598819,0.1586748349297914,0.18404935800256633,0.18138979866632274,0.1500278659216023,0.1473656019148392,0.18608385716613254,0.19039972746347875,0.14905990346233083,0.15751490315386246,0.20121087496895415,0.18210216978530125,0.13803080564472234
2022-01-17_CO,2022-01-24_CO,7,50,0.1467186063528061,0.2566363215446472,100.0,0.11121657550746597,0.15936118441262553,0.1844173296485261,0.18175417033512706,0.15084391670919833,0.1493318783065033,0.1876145825573044,0.1917255243849049,0.15051944304799283,0.1614565716937711,0.20452228995935579,0.18543168564539314,0.14130145251520662
2022-01-17_CO,2022-01-24_CO,7,50,0.1467186063528061,0.2566363215446472,1000.0,0.1813794743984808,0.16265505325331012,0.18535315349666157,0.18291535469179376,0.15547074134727956,0.1602617172168316,0.1938479826949961,0.19714446699057409,0.15907736472252776,0.1817328375301354,0.21768199476016795,0.2006865085380632,0.16009025989075723
2022-01-17_CO,2022-01-24_CO,7,50,0.1467186063528061,0.2566363215446472,10000.0,0.19668646551145288,0.15995647200760396,0.17142817609713576,0.1701975530475636,0.1559612347282444,0.1638173432544092,0.17833725476417592,0.18147717761144858,0.16180483380631638,0.18070809534924517,0.1942544718289433,0.1869755740494895,0.1702044408727644
2022-01-17_CO,2022-01-24_CO,7,50,0.1467186063528061,0.2566363215446472,100000.0,0.16157590292604793,0.15039467817029453,0.1527520535037569,0.15186764763059293,0.14892453493088445,0.15245829898905738,0.15488034496638037,0.15574639614352367,0.15080787613222515,0.1563651603793051,0.15916785672900594,0.15784500646452657,0.15430252817124782
2022-01-17_CO,2022-01-24_CO,7,100,0.1467186063528061,0.2566363215446472,1.0,0.20174281065789149,0.1664060290567198,0.19624276322082893,0.18757519725174218,0.15518253251377956,0.17563651114063233,0.20567992060501572,0.21531460012588396,0.15940287683108995,0.19352521841131373,0.240395263380528,0.2195123586132116,0.17269549473495005
2022-01-17_CO,2022-01-24_CO,7,100,0.1467186063528061,0.2566363215446472,10.0,0.2020822797186649,0.16642719678358278,0.19623315854610274,0.1875935140874297,0.15519937800185363,0.17568677173769545,0.20569910868973085,0.21532882710642612,0.15944394507112206,0.19362945843808435,0.24045646592410863,0.2195930238048945,0.17278335130394828
2022-01-17_CO,2022-01-24_CO,7,100,0.1467186063528061,0.2566363215446472,100.0,0.20530543784741712,0.166628957876856,0.1961330978089775,0.18776688542372558,0.155362632679896,0.1761675900017202,0.2058738625392315,0.2154548445450486,0.15984206352220678,0.19462721707517325,0.2410216554575094,0.22035356313559126,0.1736311374281437
2022-01-17_CO,2022-01-24_CO,7,100,0.1467186063528061,0.2566363215446472,1000.0,0.2257687685226771,0.1679190662767567,0.1948561379614335,0.1887292383293783,0.15657389799393748,0.1793447539831088,0.20640922049530158,0.21555848240049574,0.1628119302049376,0.2012762415205161,0.2434154567082966,0.224638541547588,0.1797075078219839
2022-01-17_CO,2022-01-24_CO,7,100,0.1467186063528061,0.2566363215446472,10000.0,0.23046529218444284,0.16632123560695913,0.18164503190434964,0.18139120081543794,0.1572755941200168,0.17730499886893342,0.1935399212710933,0.2000932682914077,0.1655441636841397,0.1991171493538492,0.22092415606582713,0.21076600340573476,0.18322731570346676
2022-01-17_CO,2022-01-24_CO,7,100,0.1467186063528061,0.2566363215446472,100000.0,0.1747284009985252,0.15436597688700254,0.15771585058342466,0.15710990335667785,0.15047909661381428,0.15829109628958454,0.16194084216711566,0.1640773615371257,0.15398726458620796,0.16496571818342914,0.16977529427143612,0.16758944038563278,0.16057471423517689
2022-01-17_CO,2022-05-13_CO,120,10,0.09380213916301727,0.2827601432800293,1.0,-1.0906618171938007,-0.03685936715183899,0.07197228444868428,0.05908138843127278,0.015023594270748064,-0.08066059039218942,-0.05891115735285213,-0.07569805428530951,-0.13015641567253403,-0.3976063353450108,-0.35846615481101085,-0.427383914105202,-0.43073835796667637
2022-01-17_CO,2022-05-13_CO,120,10,0.09380213916301727,0.2827601432800293,10.0,-0.6457016778659159,-0.026235499015581476,0.07703129103094872,0.0646738581430745,0.02222108279679504,-0.060671599288222494,-0.03879869924174237,-0.05601609841121663,-0.10847651069594394,-0.3086822349799813,-0.2813512565944254,-0.32995228042969327,-0.3395141527006584
2022-01-17_CO,2022-05-13_CO,120,10,0.09380213916301727,0.2827601432800293,100.0,-0.06393003989786245,0.03274490405085731,0.11080477882317283,0.10256812016036304,0.0658359126439733,0.042241983829607976,0.07027236018018088,0.05400439535219581,0.003152522002910709,-0.02140028416045245,-0.006454913146273833,-0.02330880446022518,-0.046357493282566796
2022-01-17_CO,2022-05-13_CO,120,10,0.09380213916301727,0.2827601432800293,1000.0,0.17088361225701743,0.09847435310454469,0.1605123733739741,0.16385420233480916,0.11953692000191625,0.14413817549777713,0.17646587266241007,0.1721669654769577,0.1190251995851801,0.15397071056493558,0.1752220612754304,0.1679932172891675,0.1369464659688829
2022-01-17_CO,2022-05-13_CO,120,10,0.09380213916301727,0.2827601432800293,10000.0,0.14693521692964193,0.09936473234532245,0.1259696096357252,0.12667774953106786,0.106760323211415,0.11821505579697816,0.13657551610043786,0.1349864256379321,0.11391638945190836,0.12551083790767406,0.14194401782399851,0.1389194219658328,0.12461709253402009
2022-01-17_CO,2022-05-13_CO,120,10,0.09380213916301727,0.2827601432800293,100000.0,0.10736610457729012,0.09465992660881231,0.09867281051040189,0.09840773949395373,0.09577017603364152,0.097339317741649,0.10194722902419254,0.10086611606891507,0.09777733124661263,0.09898621628691887,0.10490916320690155,0.10289529787608823,0.10035628553546909
2022-01-17_CO,2022-05-13_CO,120,20,0.09380213916301727,0.2827601432800293,1.0,-0.9526717455199598,0.06055733460472168,0.1386596383786742,0.12356418245410136,0.09737676655515304,0.06928122758808264,0.11070556111938742,0.11985173656942405,0.046686016717787125,-0.0343098164662001,-0.010896470516706336,0.007633721467478899,-0.03347388138296537
2022-01-17_CO,2022-05-13_CO,120,20,0.09380213916301727,0.2827601432800293,10.0,-0.7501911563406147,0.06241322232382762,0.13980285153484975,0.12480887696955548,0.09888723484344485,0.07303583192231794,0.1147465728656159,0.12274817030711593,0.050413011637087134,-0.02379374107024787,0.0017102159493423974,0.016938462828315515,-0.023468363093085465
2022-01-17_CO,2022-05-13_CO,120,20,0.09380213916301727,0.2827601432800293,100.0,-0.1673081172774447,0.07592064918053493,0.14899666376341644,0.135324209635015,0.11072813394057297,0.10064600139779423,0.14488348131784728,0.1452816966828485,0.07826420121395676,0.047536493562142346,0.0849063125065252,0.0807893436648868,0.04400253495012213
2022-01-17_CO,2022-05-13_CO,120,20,0.09380213916301727,0.2827601432800293,1000.0,0.1909447086589844,0.10377874432757933,0.1708257786932722,0.16832929528929855,0.13751187272466023,0.15647921061710873,0.19937399858800695,0.1946433414569685,0.1388542197259627,0.17043509787220418,0.21170849358835253,0.1925219684490771,0.1609218370773088
2022-01-17_CO,2022-05-13_CO,120,20,0.09380213916301727,0.2827601432800293,10000.0,0.17821736044449038,0.10400624139648831,0.13920798089686476,0.1405518212136108,0.1188261300154504,0.1305864429452662,0.15542572817768954,0.15523624225884125,0.12822252943242235,0.1449200522436019,0.16852907903119185,0.16130457841453053,0.14453350956928807
2022-01-17_CO,2022-05-13_CO,120,20,0.09380213916301727,0.2827601432800293,100000.0,0.11827014859320414,0.0958620698675379,0.10256671056465408,0.10186987714036436,0.09850126951260303,0.10047723871713049,0.10904412770453042,0.10774770759932109,0.10248102592927695,0.1042511326848341,0.1147609362122596,0.11079291262221527,0.10676061962129868
2022-01-17_CO,2022-05-13_CO,120,50,0.09380213916301727,0.2827601432800293,1.0,0.037718989996562396,0.09444181128288914,0.16273505595680432,0.1427052043620912,0.12817831640745614,0.12759454200749795,0.1740694831910166,0.17190119683641258,0.1199756929889707,0.11951735805871963,0.17501828178453638,0.15172442656869484,0.12674521081327858
2022-01-17_CO,2022-05-13_CO,120,50,0.09380213916301727,0.2827601432800293,10.0,0.04356683981588225,0.0946803008719854,0.16295784743192895,0.1430597086415312,0.12846829688241002,0.12814799861818643,0.17464021460154366,0.172393253091895,0.12056611129289545,0.12071129210657872,0.17630056020031226,0.15282787927374328,0.12795066219885531
2022-01-17_CO,2022-05-13_CO,120,50,0.09380213916301727,0.2827601432800293,100.0,0.08979925629685415,0.09678965455612631,0.16502758294297132,0.14638580058619016,0.13110266936166642,0.13311456482053285,0.17974579707218422,0.17688451634621025,0.12585047306540575,0.13123139331071856,0.18752835389287834,0.16258220502214937,0.13845783608976767
2022-01-17_CO,2022-05-13_CO,120,50,0.09380213916301727,0.2827601432800293,1000.0,0.21845088891017855,0.10587597599443099,0.17633336545338638,0.1659878586128103,0.1430897353793072,0.15623315866407908,0.2014991906322238,0.19858958051274322,0.1490551579500836,0.17530903042506724,0.23093217036869554,0.20304744817202675,0.17914503039691235
2022-01-17_CO,2022-05-13_CO,120,50,0.09380213916301727,0.2827601432800293,10000.0,0.22197598834027316,0.10661739426879382,0.16696327663419624,0.16807811302026335,0.130780601439529,0.15206001634322625,0.18565763728078188,0.18669188499059397,0.14358306228364712,0.171554052184663,0.21078171672428056,0.19640880825418794,0.17238983968914315
2022-01-17_CO,2022-05-13_CO,120,50,0.09380213916301727,0.2827601432800293,100000.0,0.1377369841403534,0.09695257496961879,0.11349521705520882,0.11278944068002747,0.1021819847645082,0.10758006558276073,0.12258358728778707,0.12078687029767884,0.10827755315722791,0.11315063747606391,0.13024687757974795,0.12524545900620557,0.1169382604520333
2022-01-17_CO,2022-05-13_CO,120,100,0.09380213916301727,0.2827601432800293,1.0,0.20043842002178508,0.10681503630403522,0.17189975030193969,0.15990197825004274,0.14465311794320748,0.15527999093987707,0.1953842494602648,0.19553764448474242,0.15231649595528585,0.17106765169729074,0.24066232482812186,0.2037452697154606,0.1800017639985295
2022-01-17_CO,2022-05-13_CO,120,100,0.09380213916301727,0.2827601432800293,10.0,0.20136245481779919,0.10687328573225449,0.1719771126008279,0.16005201190632362,0.14471552082184988,0.1554276346616642,0.19557134236920193,0.19570914086146235,0.15243849159359277,0.17134651820575125,0.2409286327848049,0.20402510394237836,0.18025469529102156
2022-01-17_CO,2022-05-13_CO,120,100,0.09380213916301727,0.2827601432800293,100.0,0.20982870850984733,0.1074205470540445,0.1727214915590363,0.1615009529329576,0.14530525384020565,0.15683556630970463,0.19733732635346113,0.19734045179649262,0.15358988751639127,0.1739836179425338,0.2434091331394923,0.20666139608534256,0.18262070723346466
2022-01-17_CO,2022-05-13_CO,120,100,0.09380213916301727,0.2827601432800293,1000.0,0.25268459327659065,0.11066886781033883,0.17796033443425185,0.1720509683667479,0.14877659831744047,0.16615932476344453,0.20796427736028014,0.20775004070432684,0.16050391289926494,0.19038883842103113,0.2567532227769245,0.22240004142149508,0.19607109674190815
2022-01-17_CO,2022-05-13_CO,120,100,0.09380213916301727,0.2827601432800293,10000.0,0.2549223030372134,0.11089131154514273,0.1780347627835936,0.18238396078740648,0.14083847086480097,0.1679938742511164,0.2029206095280988,0.20489407167544602,0.1559031088925545,0.19285282688880878,0.2400614648358847,0.2197244944544986,0.19127614071421775
2022-01-17_CO,2022-05-13_CO,120,100,0.09380213916301727,0.2827601432800293,100000.0,0.16104560596509968,0.09950332363893802,0.1272792492839719,0.12717908674713604,0.10829573616245514,0.11789417383686698,0.13902953858640604,0.13766754982334586,0.11685026125573611,0.12665528147957236,0.15005554984651284,0.14380224541564762,0.13045190083458444
2022-01-28_CO,2022-02-28_CO,30,10,-0.03606140613555908,0.16247089207172394,1.0,-10.363105656360297,-0.2057782634169091,-0.3055452836673766,-0.2523903812022611,-0.32214991763617506,-0.3939368479317124,-0.36139963868708863,-0.526841670543867,-0.4878637091628666,-0.9138907440813949,-1.141479642822586,-1.0476678969918218,-0.9739408695757467
2022-01-28_CO,2022-02-28_CO,30,10,-0.03606140613555908,0.16247089207172394,10.0,-3.7273517787533867,-0.19767996010647912,-0.2920290747399899,-0.24060134589467758,-0.3132946023508353,-0.3749842512543999,-0.3421478879350665,-0.48899343313974103,-0.47201195682252556,-0.852365550089867,-1.042617563542989,-0.9445168641580941,-0.9155973422000865
2022-01-28_CO,2022-02-28_CO,30,10,-0.03606140613555908,0.16247089207172394,100.0,-1.0509465346951525,-0.1390845593267049,-0.19844966618671273,-0.15957545320090796,-0.24855483126188305,-0.24646655133271778,-0.2183634058126696,-0.2668678403414097,-0.36184757222309055,-0.4972794357473931,-0.5558945074780375,-0.46017168930821134,-0.5886324424300821
2022-01-28_CO,2022-02-28_CO,30,10,-0.03606140613555908,0.16247089207172394,1000.0,-0.10115109651082912,-0.02901587630737823,-0.03140897049030622,-0.021916828166825997,-0.09942616408306792,-0.03164131314025556,-0.02372269443184144,-0.009720280986992458,-0.1286815295316519,-0.05275024628804334,-0.05908996354914178,-0.02378097554230718,-0.1370486714981161
2022-01-28_CO,2022-02-28_CO,30,10,-0.03606140613555908,0.16247089207172394,10000.0,-0.015400992850199746,-0.02077683503971625,-0.015047230672438128,-0.013954757922867073,-0.04091895203829274,-0.017522157461007493,-0.018258884342846893,-0.01662830167647525,-0.043554010299020514,-0.02078930476596752,-0.021126194310471913,-0.016312793439432205,-0.04094071292383795
2022-01-28_CO,2022-02-28_CO,30,10,-0.03606140613555908,0.16247089207172394,100000.0,-0.02860303605352782,-0.03181971541359835,-0.030412781087262475,-0.030383389961970098,-0.03566092507001903,-0.031196683186725527,-0.030159082397968107,-0.03048623600399497,-0.03506624728920519,-0.03095135301467336,-0.02984830508640615,-0.030364579993108348,-0.033185385209971136
2022-01-28_CO,2022-02-28_CO,30,20,-0.03606140613555908,0.16247089207172394,1.0,-1.0883012803773335,0.039646087653328776,0.008175859594017287,0.05282124123764495,-0.08585346581566404,-0.008373210300519518,-0.03828079324823977,-0.026815263561143582,-0.15580715725943414,-0.20567031760836318,-0.25895274416071823,-0.20241122960508856,-0.2910609120329422
2022-01-28_CO,2022-02-28_CO,30,20,-0.03606140613555908,0.16247089207172394,10.0,-1.021563444613599,0.040650712738185685,0.009423587007874906,0.05401107598220087,-0.0846126779829373,-0.006168358834284127,-0.03559245434871583,-0.023409101349721545,-0.15351681170904938,-0.19912289556038165,-0.25004321387529804,-0.19592949872159277,-0.28516254147866665
2022-01-28_CO,2022-02-28_CO,30,20,-0.03606140613555908,0.16247089207172394,100.0,-0.6366054913361101,0.04907096623003879,0.020198742150420806,0.0637440381346997,-0.07400997286881467,0.01254752355640773,-0.013851397419715916,0.00365296328496742,-0.13396647447905322,-0.14645343938020325,-0.18019123640998275,-0.14350548638379848,-0.2365655048248451
2022-01-28_CO,2022-02-28_CO,30,20,-0.03606140613555908,0.16247089207172394,1000.0,-0.0735036268084393,0.06818226260981602,0.057921883346670006,0.08448528231677593,-0.03604582554448746,0.07212318375291504,0.05058734903538986,0.07328217684859947,-0.06086407780256683,0.007661415747470424,0.009215335373191275,0.01576492029872767,-0.0766080626956466
2022-01-28_CO,2022-02-28_CO,30,20,-0.03606140613555908,0.16247089207172394,10000.0,0.020436887400719972,0.011735220985988642,0.03012710715927039,0.028004552758435414,-0.026058387523132887,0.030007817598546316,0.026457546794803694,0.031081059274511713,-0.027306501355331775,0.02045461736807222,0.0257999317917057,0.028609193175089337,-0.017915414693930376
2022-01-28_CO,2022-02-28_CO,30,20,-0.03606140613555908,0.16247089207172394,100000.0,-0.020764716756432655,-0.026555938559605002,-0.021877442256112073,-0.02247431299158814,-0.03346892390359211,-0.023367655004663618,-0.02201646569998711,-0.02240059018881274,-0.03253201352581744,-0.023474966387807356,-0.021426170019023694,-0.021838133937930243,-0.029355829158079428
2022-01-28_CO,2022-02-28_CO,30,50,-0.03606140613555908,0.16247089207172394,1.0,-0.13260372965174838,0.07950028300891074,0.07158442481749394,0.09824231895958901,-0.033626726531183704,0.07931432898265522,0.07766123148901033,0.09944373791778552,-0.051365768201642126,0.0402199091647194,-0.018124085269639073,0.0472286022293677,-0.0671288985913394
2022-01-28_CO,2022-02-28_CO,30,50,-0.03606140613555908,0.16247089207172394,10.0,-0.12954265619269542,0.07966005294118741,0.07173001052474806,0.09835802255788959,-0.03347346963377775,0.07962266956612904,0.07791178718081232,0.09969851767782498,-0.051063943954339136,0.04083668855207909,-0.016873751528658665,0.04783939962444064,-0.06634292939955984
2022-01-28_CO,2022-02-28_CO,30,50,-0.03606140613555908,0.16247089207172394,100.0,-0.10219043662135438,0.08109614348734248,0.07307646060989664,0.09939917305196166,-0.03203039021083445,0.08246293976390281,0.08020179326765503,0.10200734941201464,-0.04821550712305223,0.04653984376263623,-0.005401274631816638,0.05348455589933554,-0.059020748699176
2022-01-28_CO,2022-02-28_CO,30,50,-0.03606140613555908,0.16247089207172394,1000.0,0.02241796074658911,0.08563668658842943,0.07972380529564882,0.10271776063897795,-0.02344659420871977,0.09626975080045594,0.09066338290067871,0.11145808656622475,-0.03078585344863798,0.07646618806020267,0.05365635998112234,0.08298590236787357,-0.017773078054274666
2022-01-28_CO,2022-02-28_CO,30,50,-0.03606140613555908,0.16247089207172394,10000.0,0.07897270222276884,0.04085969550407351,0.06127153743927233,0.06620374377452443,-0.020661102463201613,0.06894962175637706,0.06631742112475858,0.07502018695634774,-0.01745561109130393,0.06738673423695712,0.07170921538786143,0.0732929170457039,0.0063590680078349044
2022-01-28_CO,2022-02-28_CO,30,50,-0.03606140613555908,0.16247089207172394,100000.0,-0.0004549748068392312,-0.01923061542441884,-0.007080768545196264,-0.008331295856372795,-0.03210737204857984,-0.00950420947468178,-0.006673088502832575,-0.007361709069915207,-0.03036276867596588,-0.008840781759400729,-0.00423551277354875,-0.00546669484337442,-0.02375031995800418
2022-01-28_CO,2022-02-28_CO,30,100,-0.03606140613555908,0.16247089207172394,1.0,0.0488856688671602,0.09109001917719409,0.09297041681830559,0.11369744921848898,-0.004876521889986052,0.1042470477099599,0.11534402628525164,0.11715377284876885,-0.0045460347115368616,0.0853650751490648,0.08833423582358021,0.10770850729910042,0.020372805120577413
2022-01-28_CO,2022-02-28_CO,30,100,-0.03606140613555908,0.16247089207172394,10.0,0.04948856722342648,0.09115049495952796,0.09302099847907727,0.11374337282056457,-0.004842381058513173,0.1043623145535969,0.1154168316700667,0.1172828542410641,-0.004477338958038525,0.08555997275059432,0.0885783332728706,0.10788840249992887,0.020538959824508724
2022-01-28_CO,2022-02-28_CO,30,100,-0.03606140613555908,0.16247089207172394,100.0,0.05521304132271071,0.09171135937858979,0.09349765629668674,0.11416967101972875,-0.004517626287749987,0.10545559613436956,0.11609646861496972,0.11850389729653127,-0.003819055158373182,0.08742252471736839,0.09090870454145517,0.10959133770445798,0.02212944402390109
2022-01-28_CO,2022-02-28_CO,30,100,-0.03606140613555908,0.16247089207172394,1000.0,0.0917449987746907,0.09403355626386373,0.09605317648833173,0.11593023782210748,-0.002548800545216473,0.111926284516945,0.11935397309394244,0.12553450417692127,0.000564601205774636,0.09957627490954563,0.10611472131234961,0.11970390323063826,0.032698463993597986
2022-01-28_CO,2022-02-28_CO,30,100,-0.03606140613555908,0.16247089207172394,10000.0,0.10998551629243572,0.061490774869814,0.07826056521817457,0.08736707541845257,-0.008725162619772242,0.08973938089952463,0.09255292432744633,0.1001073084221501,-0.00244764837721236,0.0897186077174047,0.10046647349364224,0.10028900096841933,0.03010743303001733
2022-01-28_CO,2022-02-28_CO,30,100,-0.03606140613555908,0.16247089207172394,100000.0,0.014829940839106825,-0.010425612946406287,0.0049478537291441915,0.0036085101963377886,-0.02884824679782382,0.0017079666406221994,0.006549947603440243,0.005206092728554962,-0.026363006570510373,0.0029945325735501183,0.010501112551177888,0.008397223817295352,-0.01668463272166699
2022-01-28_CO,2022-06-08_CO,120,10,-0.01003025472164154,0.33122342824935913,1.0,-1.6680013984063489,-0.04688929221354751,-0.061654001312369866,-0.0003823430303829256,-0.10568843181779651,-0.17137965703036803,-0.13461039286884408,-0.09171072941000052,-0.20958830238641032,-0.5611050598556296,-0.3449520036424798,-0.38922987452980723,-0.6844705705545796
2022-01-28_CO,2022-06-08_CO,120,10,-0.01003025472164154,0.33122342824935913,10.0,-1.1820435005910235,-0.03405652118420066,-0.05201396674261077,0.0058318723285454566,-0.09757923920327922,-0.15003336079764082,-0.11142183343156331,-0.07390165181723013,-0.1914063916142453,-0.4855792058460126,-0.278710457670728,-0.315544612279952,-0.5925447470352366
2022-01-28_CO,2022-06-08_CO,120,10,-0.01003025472164154,0.33122342824935913,100.0,-0.34154228355323635,0.016561438907995912,0.0005567327739535444,0.037886505561758155,-0.04075099949412165,-0.051100541186539616,-0.0036218874136711987,0.008465126468315431,-0.07918404842482087,-0.18530255845911914,-0.03127027334655169,-0.05998537328433923,-0.21159786172143394
2022-01-28_CO,2022-06-08_CO,120,10,-0.01003025472164154,0.33122342824935913,1000.0,0.08448745631266796,0.07069069554553833,0.07708274373464627,0.087233346467574,0.053237092494353065,0.06920983080014989,0.11295006617796016,0.0999410076786647,0.07159699367165112,0.08304803886999287,0.1501747986110212,0.13309068449076095,0.08580002769883348
2022-01-28_CO,2022-06-08_CO,120,10,-0.01003025472164154,0.33122342824935913,10000.0,0.09207545677996928,0.03301453126478865,0.04703346051404941,0.04546543287324126,0.03633726188046856,0.03932780647714634,0.06901608020293187,0.05993994554426263,0.055074211535134136,0.060600311472697316,0.09434017919003615,0.08312941166019225,0.06787055537965735
2022-01-28_CO,2022-06-08_CO,120,10,-0.01003025472164154,0.33122342824935913,100000.0,0.03256845164964031,-0.0029578563356384424,0.0004914322784792535,-0.0005264901005131717,-0.0011646166131679403,-9.10870219197335e-05,0.00925017187947888,0.004856614118606717,0.006460966638519018,0.006597139894153364,0.02366467788879409,0.015414069923490564,0.014110763329744766
2022-01-28_CO,2022-06-08_CO,120,20,-0.01003025472164154,0.33122342824935913,1.0,-1.432315820037151,0.03263105635096278,0.07321472171018312,0.05547015813305087,-0.00890326727889527,-0.031603532626964664,0.07086529229282032,0.06919376543041039,-0.020052992790490404,-0.18355039950702273,0.020509663038662945,0.002151487129136126,-0.14242612668217128
2022-01-28_CO,2022-06-08_CO,120,20,-0.01003025472164154,0.33122342824935913,10.0,-1.1953129533772193,0.03578219511192571,0.07525644433140599,0.05867207837185104,-0.006614642282197454,-0.026042681538479218,0.07513217623523863,0.07317495836178506,-0.016210968035920825,-0.17109895493799226,0.029591467973864638,0.012768498040244103,-0.13220382959761431
2022-01-28_CO,2022-06-08_CO,120,20,-0.01003025472164154,0.33122342824935913,100.0,-0.43236881724647164,0.05511273191918695,0.09042343740087366,0.07967281199209933,0.012552348010159059,0.01110370131238661,0.10434742253864532,0.09809224746091286,0.014953117385542744,-0.08686611609105604,0.09090080757632457,0.07790928596708316,-0.05488481338960995
2022-01-28_CO,2022-06-08_CO,120,20,-0.01003025472164154,0.33122342824935913,1000.0,0.12675461667882384,0.09386435372851393,0.12540134697437083,0.12291587127944703,0.07022333524628874,0.09206895960753778,0.16575598116595477,0.14566427569057738,0.09901853921741062,0.09611820459483475,0.2083449589904063,0.19069955669413075,0.11885503212108169
2022-01-28_CO,2022-06-08_CO,120,20,-0.01003025472164154,0.33122342824935913,10000.0,0.13990006160360888,0.056134168248869215,0.07419232028226716,0.0705812409961323,0.05670058328431802,0.06121582922432514,0.10477071708279306,0.0892466034290986,0.07989096894001779,0.08809251552468478,0.13910091719407877,0.12501137118690248,0.09979340362468814
2022-01-28_CO,2022-06-08_CO,120,20,-0.01003025472164154,0.33122342824935913,100000.0,0.054136994831845614,0.003345210404508664,0.008203620223516617,0.006133535491696429,0.006255629329566664,0.008077377284050113,0.024144244372100304,0.015687399341969943,0.01935431671979625,0.01876015319942237,0.0452392383851086,0.03348609341014741,0.030674881725839636
2022-01-28_CO,2022-06-08_CO,120,50,-0.01003025472164154,0.33122342824935913,1.0,-0.013024321892047247,0.07572271311670076,0.10464007354694771,0.09470457225844195,0.04128028707746186,0.06843441169520031,0.16193370729270065,0.13468332243747771,0.06718840711814461,0.06013482106718074,0.1991226160875265,0.17313682809169254,0.06434994883045748
2022-01-28_CO,2022-06-08_CO,120,50,-0.01003025472164154,0.33122342824935913,10.0,-0.007780499440416505,0.07623793806923637,0.10508535194525248,0.09523084078410535,0.041711800846564846,0.06925996691087136,0.16257211839636224,0.1351990217952608,0.06787895246858372,0.061362406360839394,0.20030720130132906,0.17445183217049287,0.06575714663036673
2022-01-28_CO,2022-06-08_CO,120,50,-0.01003025472164154,0.33122342824935913,100.0,0.03544935282820855,0.08050938884513664,0.10894507707446383,0.09969245944709557,0.04573580423049269,0.07625843843242744,0.16800856268169898,0.13948196219127368,0.07423025759108381,0.07208380455916394,0.2101814645218939,0.1852317581290908,0.07853079313737926
2022-01-28_CO,2022-06-08_CO,120,50,-0.01003025472164154,0.33122342824935913,1000.0,0.18615059853139337,0.09739508861227314,0.12531704866985316,0.11830320041152023,0.06786544086233441,0.10462902681293457,0.1886557657763096,0.15522829786026618,0.10604877792640259,0.12100128057872164,0.24462197958218151,0.22215866424168793,0.13846099786194976
2022-01-28_CO,2022-06-08_CO,120,50,-0.01003025472164154,0.33122342824935913,10000.0,0.1983476928647264,0.07714660858336239,0.09650634438273165,0.09557298479652601,0.06680090856985237,0.08388377774977127,0.14352636979500524,0.11906838342522053,0.09673852592289463,0.11708336168394501,0.18999748585848814,0.1733969835432616,0.13046556722444136
2022-01-28_CO,2022-06-08_CO,120,50,-0.01003025472164154,0.33122342824935913,100000.0,0.07661946860388513,0.013267953786761794,0.019881072961688284,0.017877680319927397,0.01564787084836931,0.018928014698451262,0.04197744292619651,0.03056669794788472,0.031646042465331425,0.03339327441450082,0.06755959052552327,0.05507896637588833,0.045665971628427754
2022-01-28_CO,2022-06-08_CO,120,100,-0.01003025472164154,0.33122342824935913,1.0,0.16229087386230256,0.08590280055820446,0.11190256798130771,0.1000436457720936,0.04960483216892562,0.1002205430354606,0.18718052520186954,0.14755503312477816,0.08545256348681396,0.10753614326904923,0.24620173096469905,0.2144167771649556,0.12255024469902442
2022-01-28_CO,2022-06-08_CO,120,100,-0.01003025472164154,0.33122342824935913,10.0,0.16320096381135465,0.08610230842345837,0.11205300725246362,0.10025956401930525,0.049785249071328225,0.10045067495644364,0.18737239393570987,0.14774433227536435,0.08572688898574203,0.10788228993467311,0.24645784543465882,0.21476790134669077,0.12297794864527145
2022-01-28_CO,2022-06-08_CO,120,100,-0.01003025472164154,0.33122342824935913,100.0,0.17166128264514996,0.08791397380468499,0.1134890733185491,0.1022598286894009,0.05152562555304028,0.10255633147552382,0.18913129163423298,0.1494678725654429,0.08835666234809984,0.11111375336302745,0.248817414643692,0.21796051863560859,0.12705001252314194
2022-01-28_CO,2022-06-08_CO,120,100,-0.01003025472164154,0.33122342824935913,1000.0,0.2206008001435207,0.09791805840447276,0.12323601560707498,0.11439795709035108,0.06400693106950268,0.114175873864413,0.19855825814802128,0.15857216320031772,0.10620746025250559,0.13128920515705086,0.26127680603805414,0.23408824795509475,0.15325420440332868
2022-01-28_CO,2022-06-08_CO,120,100,-0.01003025472164154,0.33122342824935913,10000.0,0.2347043705997352,0.09196123669061912,0.11576885158702102,0.1132451310628905,0.07465969547091177,0.10296847886916097,0.1730660036781463,0.14180596711179075,0.11226276743451713,0.13904915561710732,0.22579118356703384,0.2070035090669354,0.15605340508005291
2022-01-28_CO,2022-06-08_CO,120,100,-0.01003025472164154,0.33122342824935913,100000.0,0.10527808537225422,0.02513259274576682,0.03696728457751314,0.034182298482053564,0.027108538453752485,0.032049630670392903,0.06523165422275368,0.05010218491810517,0.046679203250839296,0.053060084223180815,0.09493187891312357,0.08190816876040924,0.06472541297818336
2022-02-03_RD,2022-02-10_RD,7,10,0.18198086321353912,0.2501699924468994,1.0,-12.23028997877455,0.08986762652298583,0.0606558581474794,0.046009093149728425,0.05590674799792569,-0.06436087890358508,-0.20905608660896302,-0.10378352253394268,-0.041316689199328606,-0.46295424197720814,-0.5740899134387768,-0.5238917644850183,-0.4215087728957599
2022-02-03_RD,2022-02-10_RD,7,10,0.18198086321353912,0.2501699924468994,10.0,-3.7088174522283333,0.09279089086468983,0.0646434926925967,0.051376039990426337,0.060099567241991086,-0.048230834062328365,-0.17581977923126815,-0.0823290688786914,-0.030610136855240288,-0.3891616769702369,-0.503179772130563,-0.4405972298092509,-0.37251906563822706
2022-02-03_RD,2022-02-10_RD,7,10,0.18198086321353912,0.2501699924468994,100.0,-0.6147872363951792,0.11550170541985927,0.09373553200488935,0.08897260122091832,0.09135799705787429,0.04268496093391089,-0.010395448209729707,0.030814783219960395,0.04056221664421473,-0.101607492270742,-0.17567612747434277,-0.11808014831779978,-0.12641677344654698
2022-02-03_RD,2022-02-10_RD,7,10,0.18198086321353912,0.2501699924468994,1000.0,0.0940034271971936,0.17095928775417185,0.1571698148830164,0.16151219071626546,0.16102357410257964,0.16572219571588376,0.15247443750883707,0.16219789725820136,0.1605881556110122,0.14356059113474148,0.13186647145667435,0.14031958015190574,0.14020812868605795
2022-02-03_RD,2022-02-10_RD,7,10,0.18198086321353912,0.2501699924468994,10000.0,0.18285936296914687,0.18413847667753716,0.17956113014092553,0.18105760900440193,0.18134427210303158,0.184547345594962,0.180220868831006,0.18213214735590838,0.18294132986335102,0.18277626119579438,0.1816622525101649,0.18169162148942017,0.18260248211684302
2022-02-03_RD,2022-02-10_RD,7,10,0.18198086321353912,0.2501699924468994,100000.0,0.18404476443250464,0.18273849293652641,0.18209107056795723,0.18228067101133014,0.1821635037400363,0.18308998892456382,0.18263780237936936,0.1828053057461587,0.18256485056790916,0.18341968884922452,0.18320172343442037,0.18326569782353352,0.18293777255618873
2022-02-03_RD,2022-02-10_RD,7,20,0.18198086321353912,0.2501699924468994,1.0,-0.8999671679967935,0.07196423604495761,0.09868330690081761,0.10759938300552188,0.06688302581535206,0.09065794565622104,0.07095001734940204,0.08825419935787249,0.028080558428345153,-0.031651645265028366,-0.032928123306399604,-0.03513438591519358,-0.0720021726290921
2022-02-03_RD,2022-02-10_RD,7,20,0.18198086321353912,0.2501699924468994,10.0,-0.82036591254145,0.07367660537591011,0.09963844663714255,0.10844406602015988,0.06834176333727503,0.09255414249917238,0.0734533743619882,0.09045656958353682,0.031033032997647925,-0.025222827865343855,-0.02654344883302326,-0.028564649078853727,-0.06548112687239542
2022-02-03_RD,2022-02-10_RD,7,20,0.18198086321353912,0.2501699924468994,100.0,-0.4117122135602483,0.0885930893826759,0.10812318449714245,0.11592769612783893,0.08122330315007162,0.10835673665733905,0.09317779982007204,0.10811260870073158,0.055586092204536364,0.022902577676447572,0.021183592929616274,0.0202777301213396,-0.014418089436745793
2022-02-03_RD,2022-02-10_RD,7,20,0.18198086321353912,0.2501699924468994,1000.0,0.07468129312902524,0.14755570429876205,0.14666993882541285,0.14975274901315397,0.13683935714832307,0.16142740148355303,0.15123718696629398,0.1608811100974186,0.13773575984464784,0.14147505385861034,0.13880507415319115,0.13789716803021623,0.12541063605139965
2022-02-03_RD,2022-02-10_RD,7,20,0.18198086321353912,0.2501699924468994,10000.0,0.1838523187002696,0.18129637001540835,0.17874461539479888,0.17861877724278907,0.17754166399351345,0.18458734907447896,0.18114216966849855,0.1832671668705471,0.17959421289138192,0.18375578622917554,0.1838457352391292,0.1820487820573726,0.18116428875162685
2022-02-03_RD,2022-02-10_RD,7,20,0.18198086321353912,0.2501699924468994,100000.0,0.18630603062524878,0.1828435256727125,0.1826163557794738,0.1824496167844578,0.1820808779779953,0.1837341746011496,0.18361866680924782,0.18371626431289126,0.18269943630879074,0.1846213852010618,0.18471484008722835,0.18435785475282648,0.18356490041700216
2022-02-03_RD,2022-02-10_RD,7,50,0.18198086321353912,0.2501699924468994,1.0,0.034195004295842435,0.13905685984717786,0.14571301379290316,0.14431840445713787,0.1347388004591795,0.1511473754938127,0.14939593643856977,0.15428642222691988,0.133668939900369,0.13662699284800717,0.13132854104959849,0.12926371873779854,0.121671277527352
2022-02-03_RD,2022-02-10_RD,7,50,0.18198086321353912,0.2501699924468994,10.0,0.03651924475744611,0.13927216233339204,0.14589273145824322,0.14448629438768532,0.13495049057483421,0.15140419277617598,0.14968147691395953,0.1545888947390702,0.1339742482979587,0.13720238152665096,0.13195486395084968,0.12987048637404977,0.12221828738458489
2022-02-03_RD,2022-02-10_RD,7,50,0.18198086321353912,0.2501699924468994,100.0,0.05713918351823419,0.14133537166910776,0.14760585086905115,0.14609078262517197,0.13697793823983653,0.1538364825240133,0.15234266326419202,0.157406283574039,0.1368634310636916,0.14248873538700138,0.13768500565150862,0.13545383815198786,0.12732558396033264
2022-02-03_RD,2022-02-10_RD,7,50,0.18198086321353912,0.2501699924468994,1000.0,0.1484902545629526,0.1556507853093613,0.15918191575749355,0.15715259609714285,0.15104606734355738,0.16928141658390408,0.16765012199924115,0.17342498626613934,0.1552443043382007,0.17083675166269882,0.1676716494730016,0.16577980059618996,0.15684661866311125
2022-02-03_RD,2022-02-10_RD,7,50,0.18198086321353912,0.2501699924468994,10000.0,0.20257615589179148,0.18019223566619555,0.18001626669875562,0.17841514014687082,0.17676403638686686,0.18774543310869807,0.1849838404341206,0.18833440156272047,0.18114187660798117,0.19357953904358666,0.19181483735713117,0.19217453352999783,0.1869236980531194
2022-02-03_RD,2022-02-10_RD,7,50,0.18198086321353912,0.2501699924468994,100000.0,0.19049241781795445,0.18310705765944202,0.1835972328280027,0.1829703558175299,0.18225355557975595,0.18492815551541714,0.1851678199463661,0.1854196563296375,0.18341458713546346,0.187201647047388,0.18697916188458047,0.18702456559493055,0.18513476518673333
2022-02-03_RD,2022-02-10_RD,7,100,0.18198086321353912,0.2501699924468994,1.0,0.17411549825080758,0.1737745196073474,0.18117347609775417,0.18066771811013166,0.17246773066232265,0.18967738887047378,0.19310402450836056,0.19577972242677316,0.17739827867104765,0.18894549416457884,0.19292302617558246,0.18513010416217554,0.17859977046626985
2022-02-03_RD,2022-02-10_RD,7,100,0.18198086321353912,0.2501699924468994,10.0,0.17452057130128004,0.17382215982246554,0.18121452848278236,0.18070366988892997,0.17250426632020097,0.18973739378377846,0.19315773016164023,0.19585054870749352,0.1774522375572836,0.18910125069034922,0.1930508617978107,0.18529880351820005,0.17870866681114758
2022-02-03_RD,2022-02-10_RD,7,100,0.18198086321353912,0.2501699924468994,100.0,0.17836260555476238,0.17428708536919968,0.1816125507738679,0.18105202082855684,0.17286084777707952,0.19031589881775793,0.19367183558362003,0.19652771240261263,0.17797531263209776,0.1905864983694767,0.19426422678067234,0.18690851997896546,0.17975840182023306
2022-02-03_RD,2022-02-10_RD,7,100,0.18198086321353912,0.2501699924468994,1000.0,0.2029593438919933,0.17799618170966053,0.1846115893688723,0.183667093018856,0.17571410233801202,0.19444277377958608,0.197125965061662,0.20101149421527814,0.18191772530407027,0.2005002483311862,0.20206954561200446,0.19771889497629463,0.18728934193493207
2022-02-03_RD,2022-02-10_RD,7,100,0.18198086321353912,0.2501699924468994,10000.0,0.22454338906669763,0.1868845328413819,0.18976594210834152,0.18830571776254473,0.18322679109141546,0.1979938074717411,0.1984942134094761,0.20184631386743543,0.18912641308361788,0.20927743550820774,0.20702885502784843,0.20845698107956226,0.19721624960739828
2022-02-03_RD,2022-02-10_RD,7,100,0.18198086321353912,0.2501699924468994,100000.0,0.19728870766990608,0.18515298449115375,0.18623369229499767,0.1853803115467858,0.18392379437445072,0.18798861029489383,0.18874536227496022,0.18911296396852834,0.1856787721802309,0.19224507943327862,0.19157838077809067,0.1921527160547001,0.18822395100481637
2022-02-03_RD,2022-06-02_RD,120,10,-0.041715219616889954,0.3214764893054962,1.0,-1.6997589618557796,-0.11645959116883114,-0.018196471186119223,0.015540815740262726,-0.12578937152257513,-0.11575953449951493,-0.11635598856025131,-0.038330887755088805,-0.17141084219046251,-0.3336008695816111,-0.3948088197105933,-0.3696047408755368,-0.4560064057510262
2022-02-03_RD,2022-06-02_RD,120,10,-0.041715219616889954,0.3214764893054962,10.0,-1.0273339135841746,-0.10737894952136823,-0.0085312663043986,0.023901263508249643,-0.11646916469228659,-0.09703619704652941,-0.09035572969764691,-0.021541424294884398,-0.15824973521439983,-0.268427625494329,-0.32371850851142453,-0.2980713127860788,-0.39340458734993194
2022-02-03_RD,2022-06-02_RD,120,10,-0.041715219616889954,0.3214764893054962,100.0,-0.16204813861320932,-0.0547217651550542,0.04462005629062149,0.0688739473093734,-0.06244351720773091,0.0014458356580063225,0.031143365337082146,0.06163577674661663,-0.08209522666090206,-0.018515910915117145,-0.04662138515143463,-0.024685273185086676,-0.14543074555266922
2022-02-03_RD,2022-06-02_RD,120,10,-0.041715219616889954,0.3214764893054962,1000.0,0.1238733815789218,0.008901533963471181,0.08106602381051839,0.09114843881641788,-0.002491156473164844,0.07735318430575339,0.1117136760430946,0.11466048681117497,0.00983536697004811,0.12096788477012596,0.12910968946319695,0.13744295713855464,0.04297647644699284
2022-02-03_RD,2022-06-02_RD,120,10,-0.041715219616889954,0.3214764893054962,10000.0,0.05744296329426338,-0.01107510655496971,0.020379905093584005,0.007829590474167175,-0.02142891148827496,0.011247549296887982,0.03516516432453615,0.030967247508399243,-0.009193035319840401,0.034158063683538464,0.04876522681416359,0.04826015386455909,0.012668608004544188
2022-02-03_RD,2022-06-02_RD,120,10,-0.041715219616889954,0.3214764893054962,100000.0,-0.012248751589884588,-0.035592343101213814,-0.029217355218176477,-0.03421227548864217,-0.03837746717506899,-0.029625361085315716,-0.02464742984534457,-0.02617914726673176,-0.035110736920875414,-0.023870846865734263,-0.01893354039736292,-0.01967154113637723,-0.02835205778188572
2022-02-03_RD,2022-06-02_RD,120,20,-0.041715219616889954,0.3214764893054962,1.0,-0.6353474013919213,-0.02361702622863912,0.0633547386398875,0.08247172415065074,-0.029206503176705284,0.0632735654528424,0.0795277454444652,0.060524764146776905,-0.040607332225829906,0.04343724263318169,0.08142188113563592,0.0920699410187833,-0.10105245605161021
2022-02-03_RD,2022-06-02_RD,120,20,-0.041715219616889954,0.3214764893054962,10.0,-0.5231507181669717,-0.02165428597932459,0.06542552124384007,0.08430513341896206,-0.028073338520093628,0.06638478608960963,0.08258898287552852,0.06413847798210681,-0.03853625545443256,0.050561935371001204,0.08805185432961879,0.09849455224649303,-0.09362478228070208
2022-02-03_RD,2022-06-02_RD,120,20,-0.041715219616889954,0.3214764893054962,100.0,-0.10483392287902224,-0.005817265315372744,0.08110766716237061,0.09807167027878247,-0.018700091592972663,0.08847604822748048,0.1052090244528035,0.09101159028760705,-0.021936097312650883,0.09972207642716224,0.133682574210502,0.14225586882332,-0.040427978068224374
2022-02-03_RD,2022-06-02_RD,120,20,-0.041715219616889954,0.3214764893054962,1000.0,0.1833042076253591,0.036142985101130065,0.10387060040112314,0.11810027163549813,0.008519392295641396,0.11386596889855027,0.13563480483046722,0.13497937912511318,0.02332945919515798,0.163743759987609,0.19047046149511243,0.1926964086859243,0.0637719063749787
2022-02-03_RD,2022-06-02_RD,120,20,-0.041715219616889954,0.3214764893054962,10000.0,0.10339864349966707,0.016074093392515226,0.045915376732236474,0.04234674981119693,-0.004650810884392231,0.04280557433245458,0.0612768363174328,0.06255174394667296,0.011334116087121251,0.07199293159363038,0.08839014443760107,0.08575860015194689,0.039180208128546036
2022-02-03_RD,2022-06-02_RD,120,20,-0.041715219616889954,0.3214764893054962,100000.0,0.0115836357008329,-0.02601663869531745,-0.01801662715609495,-0.025323436231624752,-0.033395500634933274,-0.015867715239931163,-0.011110060575069775,-0.012001122073612508,-0.026572613586950938,-0.005985372030119229,-0.00016422032168872391,-0.0010221220503374984,-0.013713164640726591
2022-02-03_RD,2022-06-02_RD,120,50,-0.041715219616889954,0.3214764893054962,1.0,0.05076624916421088,0.01842917096832347,0.1268050115601443,0.1335929115487257,0.0046167422881819116,0.11031938785863318,0.15436760800837251,0.14907062970042506,0.0028599436667384737,0.14144596176798893,0.17745194426337224,0.18317694112258187,0.00012696499635074984
2022-02-03_RD,2022-06-02_RD,120,50,-0.041715219616889954,0.3214764893054962,10.0,0.05420749930503754,0.018901269452711367,0.12709275159123443,0.1338314167070163,0.004874852028973725,0.11087483749270735,0.1550006048651829,0.14966443314187428,0.0033423901370880915,0.14259783009464722,0.17847276417360108,0.18431305542846968,0.0012922925877388396
2022-02-03_RD,2022-06-02_RD,120,50,-0.041715219616889954,0.3214764893054962,100.0,0.08420201311968054,0.023252271097422783,0.1297197760874186,0.13597023500022498,0.007283273377813075,0.11588117442825527,0.16071830881123378,0.15493339244124027,0.007810043972977243,0.15272363214250612,0.1876320036051297,0.194355575766342,0.011963397084289859
2022-02-03_RD,2022-06-02_RD,120,50,-0.041715219616889954,0.3214764893054962,1000.0,0.2029625191909158,0.046409350380918785,0.14109591002973076,0.14447481041121765,0.020707642483830575,0.13794967389699447,0.18495614969968543,0.17564730842332235,0.03233393759251587,0.19136284812793225,0.22617593428535646,0.23319632335492277,0.06710996086702993
2022-02-03_RD,2022-06-02_RD,120,50,-0.041715219616889954,0.3214764893054962,10000.0,0.19926862852584523,0.04554826577483234,0.10385740205826968,0.10399374246536552,0.01892820115569834,0.10548857623135433,0.14229881858282079,0.13339332121723266,0.0397207600186719,0.14757964237127508,0.181687939519281,0.18026690131867573,0.09038806592802316
2022-02-03_RD,2022-06-02_RD,120,50,-0.041715219616889954,0.3214764893054962,100000.0,0.05900064739320715,-0.007922068615154265,0.011420677490282916,0.00018096624085020552,-0.021319657234348716,0.012611475835317465,0.028033575484573275,0.023505907177707508,-0.00858091391113965,0.03041709087917488,0.044992258580671324,0.044221875219415924,0.015847914445537764
2022-02-03_RD,2022-06-02_RD,120,100,-0.041715219616889954,0.3214764893054962,1.0,0.18070631818434088,0.03663662241421334,0.13200820787355486,0.14287053381210355,0.008612676097023542,0.12391176238645821,0.1837735570074714,0.17102860474914905,0.02340924043820114,0.18177313333174908,0.2049937401139465,0.20776449877110653,0.052865872971025164
2022-02-03_RD,2022-06-02_RD,120,100,-0.041715219616889954,0.3214764893054962,10.0,0.18152796983106673,0.03683509468447985,0.13212218201794812,0.1429625222135803,0.008724922930520731,0.12416280879312239,0.18393805451442813,0.1712277154369845,0.023588156919406994,0.18209665512821938,0.20537538351669385,0.2082060527352373,0.05324808233681144
2022-02-03_RD,2022-06-02_RD,120,100,-0.041715219616889954,0.3214764893054962,100.0,0.1892652556392949,0.03873840222343472,0.1332114518220378,0.143829131182278,0.009810415427181566,0.12655201291681992,0.18549632845913414,0.17309278264095185,0.02531089689528161,0.1851437511292002,0.20899207136533118,0.21236074911241684,0.05689675103527614
2022-02-03_RD,2022-06-02_RD,120,100,-0.041715219616889954,0.3214764893054962,1000.0,0.23600955727158818,0.05199737273266489,0.14026265762839818,0.14887606994826225,0.017811871474366515,0.14195762476070986,0.19480554370869727,0.1836834586337947,0.03766935986182498,0.20313226904523818,0.23137393773823847,0.23675077343548998,0.08153411369797035
2022-02-03_RD,2022-06-02_RD,120,100,-0.041715219616889954,0.3214764893054962,10000.0,0.2481158852731146,0.06302636886019192,0.1281665447344523,0.13205089559484118,0.027665820873648838,0.1375072987526593,0.17461350912948073,0.16558797438104636,0.05291939281234844,0.18636761037753563,0.22121932800485852,0.22054645647927407,0.1094674711222859
2022-02-03_RD,2022-06-02_RD,120,100,-0.041715219616889954,0.3214764893054962,100000.0,0.10112543862087894,0.010735558791049371,0.03889983257473209,0.029009866659788053,-0.008398330990164118,0.03990893794902997,0.06153128269224303,0.05564174810748751,0.00840793115498257,0.06467990470507887,0.08466389972860691,0.08387854641658776,0.04088632028417374
2022-02-03_RD,2023-06-06_RD,480,10,-0.010995149612426758,0.2755134105682373,1.0,-6.176112737669245,-0.05429724814867015,-0.000670025245658179,-0.08498326653866528,-0.10071604863035784,-0.14407693245810402,-0.12054776222777075,-0.18599721367859648,-0.2209125734357921,-0.509826129424582,-0.4697313203584166,-0.5087710328960211,-0.5614372913516631
2022-02-03_RD,2023-06-06_RD,480,10,-0.010995149612426758,0.2755134105682373,10.0,-1.8266570715631676,-0.043679978538637504,0.004255599626609957,-0.07790394347501187,-0.09504195940740719,-0.12694506460528446,-0.10480291508171893,-0.16109936556802265,-0.20230480827135758,-0.43927582875607235,-0.41101903114290284,-0.42321023480471204,-0.49392039591284537
2022-02-03_RD,2023-06-06_RD,480,10,-0.010995149612426758,0.2755134105682373,100.0,-0.3554464983272082,0.0019360548938797961,0.04053983024481109,-0.026169702451239424,-0.05712016124771083,-0.050827859050137814,-0.0028130460088645615,-0.019345193102429104,-0.12417738710142993,-0.18506563705730583,-0.13126759958018278,-0.14401279179072285,-0.23598916958621738
2022-02-03_RD,2023-06-06_RD,480,10,-0.010995149612426758,0.2755134105682373,1000.0,0.09683834395618146,0.067556078515217,0.09732868881622328,0.06391189592392982,0.013215775078001313,0.06311800059946898,0.1259980281760576,0.11435040296154483,-0.0028962507223318965,0.09162510510587116,0.11242336075261242,0.12841996983684184,0.009342944667491646
2022-02-03_RD,2023-06-06_RD,480,10,-0.010995149612426758,0.2755134105682373,10000.0,0.060355560813185716,0.022305866755682968,0.02835645816558513,0.020972018162771666,0.0054397492705037616,0.02659880372055476,0.04689295679823152,0.034127907909281247,0.006474781498769668,0.04552699089272866,0.05324073898621287,0.056776657625787014,0.014218985989564495
2022-02-03_RD,2023-06-06_RD,480,10,-0.010995149612426758,0.2755134105682373,100000.0,0.0051473356042399665,-0.006393796827162929,-0.005436353010798561,-0.006364746570875657,-0.008335459557301167,-0.004736016589434455,-0.002192166359829828,-0.004350295936834392,-0.007408038445683274,-0.0015521815300680308,0.00010712940614107658,-9.591341560452604e-05,-0.004816849370041528
2022-02-03_RD,2023-06-06_RD,480,20,-0.010995149612426758,0.2755134105682373,1.0,-0.7077907428439214,0.03236101979706582,0.06233430537899895,-0.023000120776331817,-0.025544016851479084,-0.01903984723696059,0.025192298484628534,-0.0021368623158885547,-0.06629184093491912,-0.12315321874841861,-0.12826253291061207,-0.062348712421003066,-0.2057664782721275
2022-02-03_RD,2023-06-06_RD,480,20,-0.010995149612426758,0.2755134105682373,10.0,-0.6068463988425039,0.03417498674452002,0.06415067600353971,-0.020123600674156694,-0.024257420508940253,-0.015491317640091207,0.02933629366787907,0.0030848391183458113,-0.06360393287608924,-0.1128282019028844,-0.11926577910844835,-0.05349616429457685,-0.19510640913538002
2022-02-03_RD,2023-06-06_RD,480,20,-0.010995149612426758,0.2755134105682373,100.0,-0.24991679998236815,0.0476828163432024,0.07939756377374993,0.003942985960816797,-0.013225425589435624,0.011488591339914977,0.06309492300310932,0.04460738302643111,-0.04237699401829032,-0.04436883302256994,-0.050154334092975095,0.0069200522063983805,-0.124359818531991
2022-02-03_RD,2023-06-06_RD,480,20,-0.010995149612426758,0.2755134105682373,1000.0,0.13021722771307104,0.08268402812035808,0.12098888816049935,0.07411220871708468,0.023990700938617087,0.08166669321841918,0.1527144646255638,0.14077541947565295,0.01883353175617376,0.11219898194160824,0.120326994927509,0.14728510207061232,0.03303450252613063
2022-02-03_RD,2023-06-06_RD,480,20,-0.010995149612426758,0.2755134105682373,10000.0,0.10678311297842105,0.03845693556961699,0.053232532892925344,0.0375974854498331,0.01397986715812253,0.04409491167355353,0.08081522280398959,0.06472887555222279,0.01584583142000594,0.0743567238742309,0.08931604833898107,0.0932695915133685,0.029901024667163063
2022-02-03_RD,2023-06-06_RD,480,20,-0.010995149612426758,0.2755134105682373,100000.0,0.014239630635777156,-0.003372577222285872,-0.0012371471767210762,-0.0032405102575614186,-0.0065394634763484465,-0.0012533345287575048,0.0038068647056571647,0.0007041074406451409,-0.005269947126883723,0.00410240100210596,0.007245418612719601,0.006960936600049816,-0.0014860640953295312
2022-02-03_RD,2023-06-06_RD,480,50,-0.010995149612426758,0.2755134105682373,1.0,0.05620475851762749,0.09321666908871468,0.10812812156883744,0.06164676366397273,0.02414537544024729,0.07220955551999289,0.1469706687347504,0.12771334498354422,0.012295379429656195,0.0974512442960867,0.12685530870549255,0.16528260653153512,0.0036211788288905236
2022-02-03_RD,2023-06-06_RD,480,50,-0.010995149612426758,0.2755134105682373,10.0,0.060999373563911136,0.09342208767288526,0.10840665726469453,0.06200227003847253,0.024334388339980233,0.0727564610617876,0.1473898485214657,0.1281920669724707,0.012699408272983706,0.09898534024411387,0.12768960733664936,0.1662531953007007,0.004844865865804182
2022-02-03_RD,2023-06-06_RD,480,50,-0.010995149612426758,0.2755134105682373,100.0,0.09390068880912425,0.09511810799103745,0.11099789017446995,0.06530078800648503,0.02608836563729494,0.07750317630798598,0.15122946029928472,0.13257082274536117,0.016372633710442657,0.11108957688887147,0.13519990250815844,0.17434180807917285,0.015073989145566957
2022-02-03_RD,2023-06-06_RD,480,50,-0.010995149612426758,0.2755134105682373,1000.0,0.19492308401962663,0.10056114405138564,0.12441914860805531,0.08272655785687458,0.03522920442639183,0.09821463573301656,0.16946837929336195,0.15305440272217635,0.03475064953542765,0.1521531295371343,0.16845057730602572,0.20270788793194228,0.05951358220224742
2022-02-03_RD,2023-06-06_RD,480,50,-0.010995149612426758,0.2755134105682373,10000.0,0.18143410393497197,0.06972643577430301,0.09205738191528601,0.0675026573451831,0.026815375455957097,0.07853253928955939,0.13135507275150787,0.11219775860267517,0.03157057375618492,0.12960616647910433,0.1429466505142955,0.1557060399751006,0.05727818816592806
2022-02-03_RD,2023-06-06_RD,480,50,-0.010995149612426758,0.2755134105682373,100000.0,0.04144495834514611,0.006179006516240398,0.010913307653984211,0.006270200314368923,-0.0025669534709768884,0.009438540001102363,0.02307768265341026,0.01567745470721016,-0.0006001262756603712,0.023920988112881514,0.028913395646872314,0.03004162788992712,0.0060532591427282885
2022-02-03_RD,2023-06-06_RD,480,100,-0.010995149612426758,0.2755134105682373,1.0,0.18740144864522262,0.08490944634280642,0.12155873839086939,0.07111831235024166,0.028808214521293007,0.07951364471412167,0.1750432232453364,0.1546773822810009,0.026729835784372203,0.15774478264547367,0.1728532603079932,0.2139225547366505,0.048795002327372015
2022-02-03_RD,2023-06-06_RD,480,100,-0.010995149612426758,0.2755134105682373,10.0,0.18825773143559718,0.08503929060026796,0.12166307817386207,0.07125294407356392,0.02889849670670987,0.07974227103875467,0.17517269477166464,0.1548453139625514,0.026872153555690254,0.15804352752416123,0.17308638790019854,0.2141494884250741,0.049118535182512774
2022-02-03_RD,2023-06-06_RD,480,100,-0.010995149612426758,0.2755134105682373,100.0,0.19526134931119601,0.08624955824720085,0.12266792504474858,0.07255578006774602,0.029772243818618455,0.08188698683608761,0.17640863122316905,0.15644851111390817,0.028229536143646112,0.1606853841482274,0.17529738974459666,0.21620506969854195,0.05207796948994307
2022-02-03_RD,2023-06-06_RD,480,100,-0.010995149612426758,0.2755134105682373,1000.0,0.2272617194304372,0.09392343712357834,0.1296864719135363,0.08216314645585757,0.03620320984585996,0.09569306167118616,0.18440611232791254,0.16681687660503958,0.037632717204185075,0.17351575765679142,0.18903173865763223,0.22626604408108364,0.07062582890067093
2022-02-03_RD,2023-06-06_RD,480,100,-0.010995149612426758,0.2755134105682373,10000.0,0.22457930566581683,0.0930933437527893,0.121507306824723,0.08818066043714903,0.04049398799435918,0.10291015263294515,0.17034531829437555,0.15180405496287983,0.04582406897814809,0.16539805298270702,0.18085631339807393,0.200542203590561,0.08239461282664713
2022-02-03_RD,2023-06-06_RD,480,100,-0.010995149612426758,0.2755134105682373,100000.0,0.08124222209850437,0.022661460093923003,0.03117253690311031,0.02215455727047369,0.005835445398803457,0.02752056904966882,0.05286997997261084,0.0400079784995189,0.008801799461051743,0.053406294485857486,0.061926732645582655,0.06475647409145188,0.0208550875832814
2022-02-28_CO,2022-03-07_CO,7,10,0.12503810226917267,0.3191588222980499,1.0,-1.4626255858274262,-0.01172771952861118,-0.01044181028224278,0.004418389313480459,-0.007868367520258879,-0.11425853034189404,-0.04519369500855988,-0.08114331045952242,-0.10402464379598712,-0.31000225830719186,-0.25298146235155516,-0.2792724427393631,-0.3737554965121162
2022-02-28_CO,2022-03-07_CO,7,10,0.12503810226917267,0.3191588222980499,10.0,-0.8987570142911938,-0.004509895226453342,-0.004268906076513257,0.0107711394140807,-0.0029069568366894374,-0.09861351493352621,-0.03483282241011548,-0.06711763493770445,-0.09128071282167616,-0.2571191449409392,-0.21050877564974504,-0.23473179709050557,-0.32238167769121673
2022-02-28_CO,2022-03-07_CO,7,10,0.12503810226917267,0.3191588222980499,100.0,-0.14530933262412293,0.04208133833950031,0.0392654401811382,0.05381093905990755,0.034284138968440965,-0.009613916810089718,0.028732179857507006,0.014444282527247304,-0.009832802723300366,-0.043296128403277595,-0.02511882464871973,-0.04489228136175222,-0.09183811727790264
2022-02-28_CO,2022-03-07_CO,7,10,0.12503810226917267,0.3191588222980499,1000.0,0.13236431888907502,0.11553373449297455,0.11869215884177076,0.12335257921645937,0.11771727656884955,0.10692835254134644,0.1248269159420275,0.12196625788423957,0.11847522897561118,0.11974423871226159,0.13283873229207424,0.1194015441991313,0.1205971700497709
2022-02-28_CO,2022-03-07_CO,7,10,0.12503810226917267,0.3191588222980499,10000.0,0.14551689681527222,0.13132342112011158,0.1353648804945425,0.1329561044407743,0.13019794996698916,0.13209123252836666,0.13789325266557925,0.13582795143945317,0.1346836740235521,0.13673960655485778,0.14231795456512336,0.13860601068154454,0.13956498160263434
2022-02-28_CO,2022-03-07_CO,7,10,0.12503810226917267,0.3191588222980499,100000.0,0.13295385391089004,0.12648278295114343,0.12745214536088645,0.126628876601856,0.12579916831349408,0.12701694550106699,0.12843519096148934,0.12760716896744997,0.1268497591740854,0.12881733484630814,0.1302681203679494,0.12978676287732907,0.12845490491677744
2022-02-28_CO,2022-03-07_CO,7,20,0.12503810226917267,0.3191588222980499,1.0,-0.7549834032470327,0.076527123967422,0.07602987286509838,0.11082194636580067,0.03791457526311673,0.04304188236823869,0.03433354027926863,0.062013268440044816,0.027307616928226863,-0.06775143631089339,0.042423838975823164,0.012403625335309143,-0.04042739434411092
2022-02-28_CO,2022-03-07_CO,7,20,0.12503810226917267,0.3191588222980499,10.0,-0.6273639789338292,0.07851784065480363,0.07749505695166439,0.11222741757294297,0.03940473419793627,0.046339068314578735,0.037517798336224456,0.06479459915014521,0.029791036962783225,-0.056414490934375144,0.047956440238722364,0.018713302499749868,-0.034145359741699
2022-02-28_CO,2022-03-07_CO,7,20,0.12503810226917267,0.3191588222980499,100.0,-0.16830451275273003,0.09425916498412842,0.08985749862232184,0.1234393750849612,0.052477175104773184,0.07157439631596765,0.06272836547016125,0.08666582575923384,0.05052961799638877,0.018839379788146676,0.08828195119878479,0.0635491809585717,0.014071897329070854
2022-02-28_CO,2022-03-07_CO,7,20,0.12503810226917267,0.3191588222980499,1000.0,0.16289342751793248,0.1329812384699796,0.13029843841302624,0.14829343992345775,0.10566827558295895,0.13089323037207945,0.13380124417751824,0.14353127716437625,0.11842354232542833,0.14690468428592854,0.16975766571059986,0.15164641483857758,0.13097379212078186
2022-02-28_CO,2022-03-07_CO,7,20,0.12503810226917267,0.3191588222980499,10000.0,0.1692708300884107,0.13488297411415404,0.13833428276104162,0.1375656095307264,0.13002549510539946,0.1376625986030339,0.1462929716475541,0.1441199895560633,0.1371264070419851,0.15074469732994764,0.15823725698078306,0.15107810990621334,0.14670463811569043
2022-02-28_CO,2022-03-07_CO,7,20,0.12503810226917267,0.3191588222980499,100000.0,0.13756892999069886,0.12734953959320394,0.12838179216566334,0.12749373737997077,0.12606224809035374,0.12836732105847312,0.1305101024965068,0.12943272275220305,0.1277669272140509,0.1317466679770839,0.13346691845792347,0.13250460816290566,0.13049937360408045
2022-02-28_CO,2022-03-07_CO,7,50,0.12503810226917267,0.3191588222980499,1.0,0.07057817181933776,0.14263384227221995,0.13391877868559618,0.15088834584950023,0.1062231422037783,0.14247293890819543,0.1633045468169599,0.1738045972624076,0.11639625249887985,0.1359353365109244,0.21401336851602162,0.18063083848737335,0.11028143411386722
2022-02-28_CO,2022-03-07_CO,7,50,0.12503810226917267,0.3191588222980499,10.0,0.07429750727428275,0.1428974408941319,0.13413200078956172,0.1511802855319663,0.10644174580347343,0.14284583759610947,0.16363140237039073,0.17410166296670712,0.11669259478582135,0.13710823978993344,0.21452601018684236,0.18119324659830804,0.11087089414258071
2022-02-28_CO,2022-03-07_CO,7,50,0.12503810226917267,0.3191588222980499,100.0,0.1054462711108366,0.14527595364405949,0.1361200100196258,0.15380873857194508,0.1085220867766397,0.14622282977595924,0.16659941816529686,0.17677075784891472,0.11947642209449193,0.1474108044522995,0.2189897177545915,0.18620006802571776,0.11634252437222552
2022-02-28_CO,2022-03-07_CO,7,50,0.12503810226917267,0.3191588222980499,1000.0,0.20884102802839627,0.15512089062383785,0.14703970763837995,0.16444131527161326,0.12209576525080885,0.16130348723381766,0.17995261793023423,0.18731182842029326,0.13596569787613152,0.18712052326770398,0.23247301793633332,0.20542091701528412,0.14616535517746646
2022-02-28_CO,2022-03-07_CO,7,50,0.12503810226917267,0.3191588222980499,10000.0,0.20578759395394683,0.14555353176486582,0.1482951220297799,0.15078103011283708,0.13725202239605938,0.15393692898047323,0.1672670683027785,0.1664426312896533,0.14681577079572972,0.17390597445640799,0.1900593843416906,0.17886890536095906,0.15929354772529444
2022-02-28_CO,2022-03-07_CO,7,50,0.12503810226917267,0.3191588222980499,100000.0,0.14866276283528246,0.1313057851563746,0.1334833525341045,0.1315286749737301,0.12876831857496848,0.13403681297689582,0.13801188616227694,0.13651645839574658,0.13253433143342727,0.13939990130517557,0.14346725573412436,0.14134304226131186,0.13737134624026015
2022-02-28_CO,2022-03-07_CO,7,100,0.12503810226917267,0.3191588222980499,1.0,0.23327925806592575,0.16409710201395755,0.1560930216373017,0.17622499386444113,0.1318717248818029,0.17629289749054258,0.19570576835467143,0.19623483665966127,0.15115499254460443,0.19421703114718292,0.26245412324917705,0.22798603329778955,0.17033053207806667
2022-02-28_CO,2022-03-07_CO,7,100,0.12503810226917267,0.3191588222980499,10.0,0.2337543167493048,0.16416301788682525,0.15614317792331062,0.17629004355522845,0.13192434642517403,0.17637634844874747,0.19576849867553373,0.19630768145545952,0.15122176762694092,0.1944942571839291,0.2625127570511113,0.2281172679630813,0.17044645059609342
2022-02-28_CO,2022-03-07_CO,7,100,0.12503810226917267,0.3191588222980499,100.0,0.2381633490627887,0.16478287880168135,0.1566224170224127,0.17689824852693278,0.13243527347150338,0.1771629821932071,0.19635553403677147,0.19698908943481758,0.15186408122836914,0.1970828704189565,0.26302837360967346,0.22933529459667643,0.17155553899449735
2022-02-28_CO,2022-03-07_CO,7,100,0.12503810226917267,0.3191588222980499,1000.0,0.26131692614736846,0.16816288898890253,0.159717855673401,0.1799598864810644,0.1363121567006532,0.18160736701410463,0.19938431169143958,0.20046604336125295,0.15632604505344566,0.21109088324370465,0.26352466885794507,0.23511294795043658,0.17889457484894003
2022-02-28_CO,2022-03-07_CO,7,100,0.12503810226917267,0.3191588222980499,10000.0,0.24093766255470292,0.15798615054544624,0.15615877662324296,0.16530163978080967,0.141566890785806,0.17065223158065934,0.18510842222008522,0.1840044655178176,0.15669645401784776,0.19663765335964978,0.2221093214373945,0.20798771321102338,0.17654410162073997
2022-02-28_CO,2022-03-07_CO,7,100,0.12503810226917267,0.3191588222980499,100000.0,0.1609961732357694,0.13394303953659628,0.13606675775517893,0.13496646020208156,0.13052155531411394,0.13827902078522808,0.144699877671598,0.14200809314348764,0.13565124468359893,0.14618338445632814,0.1533069696645155,0.14967833070590741,0.1424414621555324
2022-02-28_CO,2022-03-28_CO,30,10,0.10229474306106567,0.2163131684064865,1.0,-1.518089104924952,-0.10460238343292627,-0.19747969888357653,-0.09369752332746084,-0.17100417695775785,-0.8715690895115893,-0.36590622541859014,-0.6205304533453788,-0.5176146399343928,-1.323251305587017,-0.7997738212171386,-1.3525918951202498,-0.8043474323445322
2022-02-28_CO,2022-03-28_CO,30,10,0.10229474306106567,0.2163131684064865,10.0,-1.0255414252118573,-0.09264987828864854,-0.18467201798283805,-0.0834563696798104,-0.16192074809127754,-0.546911751735667,-0.33894009903158645,-0.3819968086416501,-0.4206026102779628,-0.875392546610148,-0.5443805496765,-0.8857488077041338,-0.6981332289620937
2022-02-28_CO,2022-03-28_CO,30,10,0.10229474306106567,0.2163131684064865,100.0,-0.2869951304219622,-0.013101281331045878,-0.09404012461521949,-0.01226465038855018,-0.09504029955053268,-0.027007302502216057,-0.16795699442970746,-0.006900530388642717,-0.18035787896780953,-0.19200242016983798,-0.1039907511642102,-0.2042216107808404,-0.33240138749740766
2022-02-28_CO,2022-03-28_CO,30,10,0.10229474306106567,0.2163131684064865,1000.0,0.0954410615295713,0.1130249288219908,0.07652065086920465,0.11024295291570263,0.05394054020240754,0.14082497361733684,0.08624291787130245,0.14387555244322794,0.06616838671043836,0.1174935529985415,0.1476982126686684,0.11369387959937863,0.047179393999481505
2022-02-28_CO,2022-03-28_CO,30,10,0.10229474306106567,0.2163131684064865,10000.0,0.13349152463231373,0.11339408614811586,0.10909728108277009,0.11357196239992337,0.1004528229966856,0.12281806185391947,0.11314957516690807,0.12538556979577453,0.10719479522590614,0.12484727470492946,0.13347564145535412,0.12502831721751256,0.10928201683210248
2022-02-28_CO,2022-03-28_CO,30,10,0.10229474306106567,0.2163131684064865,100000.0,0.10981501614471018,0.10384464247938321,0.10411772758669846,0.10402298268591892,0.1023775815184671,0.10645734590777864,0.10530849409067419,0.10690172097708767,0.10362265034622335,0.10741616196603415,0.10870227359286164,0.1077641723611418,0.10471646379102116
2022-02-28_CO,2022-03-28_CO,30,20,0.10229474306106567,0.2163131684064865,1.0,-0.8323844861008012,-0.023093760680230474,-0.1010236959783899,-0.05334070665335949,-0.1266192623164452,-0.10710060931359502,-0.1685646832391894,-0.05993221167219301,-0.24576131357580042,-0.21510040588601717,-0.23007220624826072,-0.3882082801755228,-0.3159183645756173
2022-02-28_CO,2022-03-28_CO,30,20,0.10229474306106567,0.2163131684064865,10.0,-0.676203200917517,-0.01960641732030663,-0.09709386338271547,-0.04961142956085099,-0.12327534649639293,-0.06759169621189426,-0.16036005368498196,-0.029222309452730355,-0.2208647601712209,-0.16695275393438344,-0.1574732001502929,-0.2924084165732856,-0.29250022338433995
2022-02-28_CO,2022-03-28_CO,30,20,0.10229474306106567,0.2163131684064865,100.0,-0.22837925548993276,0.009274767316795413,-0.06389992810563314,-0.018502904031967526,-0.0943432183665539,0.06040114747452266,-0.09556007618914772,0.07275850869020523,-0.11748018441414698,-0.010151692043180116,0.037612012967830594,-0.036143032324061214,-0.180554222289132
2022-02-28_CO,2022-03-28_CO,30,20,0.10229474306106567,0.2163131684064865,1000.0,0.11524719153749918,0.0991877516698143,0.052127060523034396,0.0825857035127561,0.02003081735687161,0.14691559839335555,0.07283371717481985,0.14914248598703905,0.04263786894140409,0.13633112684563775,0.16937652353274713,0.13491922005161375,0.035157921426331264
2022-02-28_CO,2022-03-28_CO,30,20,0.10229474306106567,0.2163131684064865,10000.0,0.14184137426710364,0.11512088857779693,0.10590307658334325,0.1127177517580242,0.09447187827613386,0.1272172508235871,0.10875504120419088,0.12903691024935998,0.10137361050711767,0.13096561671701173,0.14083452764389218,0.1307700668141748,0.1062221647256137
2022-02-28_CO,2022-03-28_CO,30,20,0.10229474306106567,0.2163131684064865,100000.0,0.11077973332799218,0.10450191156566571,0.10440245308951693,0.10450308348208379,0.10205886084221638,0.10829333737969468,0.10498265136380933,0.10862079365231916,0.10347092913120585,0.10932474563022265,0.11045680296705837,0.10936154551219512,0.10500040606443406
2022-02-28_CO,2022-03-28_CO,30,50,0.10229474306106567,0.2163131684064865,1.0,-0.02209354323806026,0.12227647166790734,0.08292446150892163,0.11688284852852132,0.03038488941482877,0.09145568221832523,0.08809948749000326,0.08855609932544767,0.009133688945181925,0.08483040189402785,0.09641516617690221,0.07945813583251865,-0.013356625201067793
2022-02-28_CO,2022-03-28_CO,30,50,0.10229474306106567,0.2163131684064865,10.0,-0.016830106388076777,0.1226958522933107,0.08332737530590156,0.11736772196067757,0.030839537315525172,0.09346949939213711,0.08891563175393422,0.09059385806898057,0.010527261085393433,0.08715235132582294,0.09857255937365608,0.08214997742504435,-0.011330787025671455
2022-02-28_CO,2022-03-28_CO,30,50,0.10229474306106567,0.2163131684064865,100.0,0.02656908645793707,0.12656901578841734,0.08708760488039757,0.12182934845396282,0.03513801129284256,0.11055123110642684,0.09634524664447408,0.10789064317393077,0.022732393340159817,0.10679757336358112,0.11706757619271285,0.10479017643068653,0.006391678493355192
2022-02-28_CO,2022-03-28_CO,30,50,0.10229474306106567,0.2163131684064865,1000.0,0.17031574892398027,0.1464149998194063,0.10842281280546687,0.14420348067654598,0.06225485182244894,0.1684505883574111,0.13172570655644017,0.16721084860706956,0.07515349517676734,0.17540183987324448,0.18544437612560022,0.18132767806053246,0.08237213504595041
2022-02-28_CO,2022-03-28_CO,30,50,0.10229474306106567,0.2163131684064865,10000.0,0.19600117429958339,0.141130161208948,0.1220005793619682,0.13888821036424165,0.09895031359474236,0.15933473814971424,0.1338146854860977,0.1616171232736156,0.11076272395869342,0.17293749331777472,0.17849490339700996,0.17750894070660314,0.12587471798164987
2022-02-28_CO,2022-03-28_CO,30,50,0.10229474306106567,0.2163131684064865,100000.0,0.12779240823948526,0.11030885989406289,0.1086043496986889,0.11008857033843958,0.10267567835827529,0.11610787533720382,0.11056643005816369,0.11735047551677835,0.10547807656679925,0.1212111375264355,0.12116447407516823,0.12223615873241259,0.10986845240236298
2022-02-28_CO,2022-03-28_CO,30,100,0.10229474306106567,0.2163131684064865,1.0,0.17363363555443553,0.15437523032886774,0.11406178609532519,0.14847387635938109,0.06970397277223774,0.14451593395836348,0.1456194447050863,0.13964743712850713,0.06724707812843021,0.1580141936791438,0.1776353577274292,0.1701965805048852,0.08007275869003284
2022-02-28_CO,2022-03-28_CO,30,100,0.10229474306106567,0.2163131684064865,10.0,0.1744414567176272,0.15446192740519551,0.11415361461591184,0.1486196374454826,0.06981387746492647,0.14483614480868567,0.14578905974002954,0.13999269668128753,0.06750198805064604,0.15844481701741917,0.17805386175768875,0.17060114200318804,0.08042668078019098
2022-02-28_CO,2022-03-28_CO,30,100,0.10229474306106567,0.2163131684064865,100.0,0.18199157426081022,0.15528799463901383,0.11503964592337693,0.15001565625320276,0.07088359966335432,0.14789228332239235,0.14740040867057397,0.1432902659488961,0.0699516784959423,0.16252723033673705,0.18201592321134072,0.17443361269592889,0.08381726979210657
2022-02-28_CO,2022-03-28_CO,30,100,0.10229474306106567,0.2163131684064865,1000.0,0.22527020491706504,0.16054639602972365,0.12141132147453221,0.15942622949647722,0.07925494584390783,0.1681273989780457,0.1575454562432179,0.16526940579682445,0.08730944330861218,0.18829302710523588,0.20674392551459234,0.19844774414781416,0.10718625111714623
2022-02-28_CO,2022-03-28_CO,30,100,0.10229474306106567,0.2163131684064865,10000.0,0.23783844640879387,0.15568289303438063,0.12759460127572983,0.1598027345042687,0.09972584306155337,0.18009640292838083,0.1540550520005891,0.18075063068307815,0.1155481015858792,0.19966327209357382,0.21264203933005807,0.20551464132637162,0.13745763662409274
2022-02-28_CO,2022-03-28_CO,30,100,0.10229474306106567,0.2163131684064865,100000.0,0.14879964020859726,0.11824287692960869,0.11192317025546583,0.11884442856439675,0.10309469975817065,0.12751551461639976,0.1175262031242438,0.1285668219900223,0.10782909761456864,0.13595203546290802,0.13781194596551327,0.13768711036739997,0.11539516859512566
2022-02-28_CO,2022-06-13_CO,120,10,0.11526183784008026,0.40180009603500366,1.0,-0.31134804689485257,0.04520027912876806,-0.03136065775700961,0.012271063376542435,0.001565616091676732,-0.03247238701571134,-0.04160805839235729,-0.0846646884959957,-0.12054424574300576,-0.3786267932936872,-0.2416652667017981,-0.28799971049303885,-0.34430487645651425
2022-02-28_CO,2022-06-13_CO,120,10,0.11526183784008026,0.40180009603500366,10.0,-0.20425885131049143,0.05022308143896029,-0.019119721181928034,0.020199182391242576,0.007119576431031348,-0.017842790980930473,-0.02137560837065222,-0.0617309487840918,-0.10200434829200623,-0.30438404535106195,-0.16767185925338046,-0.2210714852896388,-0.26745920227824865
2022-02-28_CO,2022-06-13_CO,120,10,0.11526183784008026,0.40180009603500366,100.0,0.05809695735801057,0.08381202946173544,0.05313448227281631,0.07000102818712281,0.0447968441648918,0.06640385398740759,0.07821273607560114,0.05939032219909526,0.0031796679870969013,-0.027846561189526498,0.07225994997898111,0.019949909130042798,-0.012980839065970104
2022-02-28_CO,2022-06-13_CO,120,10,0.11526183784008026,0.40180009603500366,1000.0,0.19709923906522075,0.13093743859283166,0.13562407684429284,0.1331405615108135,0.10936801003919605,0.1534553977409313,0.16002095490011792,0.16545832337989613,0.12317969754747125,0.15055137543017186,0.20114368373613872,0.1729017128949345,0.15006132157422028
2022-02-28_CO,2022-06-13_CO,120,10,0.11526183784008026,0.40180009603500366,10000.0,0.16267508954551457,0.12202508408883478,0.12834727329105936,0.12357767872703487,0.11786469266729911,0.12872688145913755,0.13434275688562347,0.13317359168077705,0.12374221102951592,0.1314066365027131,0.15143519799008157,0.14174713984354315,0.13498868706355635
2022-02-28_CO,2022-06-13_CO,120,10,0.11526183784008026,0.40180009603500366,100000.0,0.12462912012527799,0.1161545112127019,0.11736369791946269,0.11641332542415117,0.11571221523765196,0.11700460041945135,0.11860851682945625,0.11764871819876116,0.11660071383613128,0.11748556036095531,0.12109982858486182,0.11977093754557938,0.11855115559878464
2022-02-28_CO,2022-06-13_CO,120,20,0.11526183784008026,0.40180009603500366,1.0,-0.7200987534872234,0.09734768902155302,0.1255052329741558,0.1321790557085754,0.07855949630216259,0.11616512851652541,0.16024800500060551,0.13806498050900726,0.057669542003812795,0.04342677822523783,0.1322102855417597,0.10625118732006161,0.013140720876774684
2022-02-28_CO,2022-06-13_CO,120,20,0.11526183784008026,0.40180009603500366,10.0,-0.5063870325679496,0.09857403736161074,0.1263320681803988,0.13300400342256488,0.07970590922751758,0.11806036396284397,0.16248506914822017,0.13987509848630655,0.06014364968962232,0.047904804319453154,0.1385009369037851,0.11141247820231392,0.019854040705111903
2022-02-28_CO,2022-06-13_CO,120,20,0.11526183784008026,0.40180009603500366,100.0,-0.007080611122340763,0.1085701321791051,0.13308838756553698,0.13959782213066793,0.08930930950342199,0.13283416916125682,0.17925883265172857,0.15387231309781313,0.07999134636184761,0.08149849366113443,0.1811954119113832,0.14823590518295515,0.06844908939109114
2022-02-28_CO,2022-06-13_CO,120,20,0.11526183784008026,0.40180009603500366,1000.0,0.2331978846596912,0.13556496057030232,0.15120592576380457,0.1542603232768694,0.12003190856878761,0.1658580110148354,0.2064634479554859,0.1829807436881901,0.1332105125650229,0.1570327811287262,0.24375955962759405,0.21289879785243487,0.1635676757039007
2022-02-28_CO,2022-06-13_CO,120,20,0.11526183784008026,0.40180009603500366,10000.0,0.1978289644726991,0.12946252925061366,0.1397844287629315,0.13646829629041637,0.12468802551108478,0.14198917690580826,0.16209794654967746,0.15184166971915913,0.13342050653344859,0.14579172309901772,0.18727505104237913,0.17197884465358232,0.14981829884901496
2022-02-28_CO,2022-06-13_CO,120,20,0.11526183784008026,0.40180009603500366,100000.0,0.1368247982747903,0.11790140980064909,0.12077736463130681,0.11926411254206548,0.11732561226092876,0.11984805944812399,0.12592635453233428,0.12209595956588373,0.1195756598032106,0.12126357442134936,0.13133332652204702,0.12838911571215092,0.12371654525365237
2022-02-28_CO,2022-06-13_CO,120,50,0.11526183784008026,0.40180009603500366,1.0,0.1842585951451249,0.1579762282374288,0.19485444968149518,0.1871364830456001,0.1329759799900939,0.20615359420731552,0.25572370969028335,0.24135978943796907,0.1522324312106489,0.18734115725282904,0.3069785387741396,0.2714259265647424,0.1871782904560515
2022-02-28_CO,2022-06-13_CO,120,50,0.11526183784008026,0.40180009603500366,10.0,0.18828202382852594,0.15819392614567626,0.19493628554576659,0.18722554431723942,0.13314978191390417,0.20639976022365936,0.25614391825395877,0.24155536607658776,0.1525377948161428,0.18787855529509745,0.30764012377503847,0.27198626475439563,0.1879006609021091
2022-02-28_CO,2022-06-13_CO,120,50,0.11526183784008026,0.40180009603500366,100.0,0.22133578717446387,0.16018349994824024,0.19563727495651545,0.1879811102371514,0.134754290782599,0.20861878194731098,0.25976532532969066,0.24326978192663223,0.15532380322013825,0.19276562271263056,0.3133370094853254,0.2768880914521415,0.1943667701683052
2022-02-28_CO,2022-06-13_CO,120,50,0.11526183784008026,0.40180009603500366,1000.0,0.31979357826202914,0.16930660724371246,0.1965443155672395,0.18853108187598097,0.14282864049974328,0.2170364596993246,0.2683200638105188,0.2474601466097004,0.16822366922991613,0.21488240037817027,0.32876949117085064,0.2926135307270178,0.2209230111756373
2022-02-28_CO,2022-06-13_CO,120,50,0.11526183784008026,0.40180009603500366,10000.0,0.28153479471376774,0.15752312706280436,0.17061614683656057,0.16056234087785232,0.13863408161340998,0.1825992090110708,0.21173752163415005,0.20160549046211623,0.1571462630573818,0.1903101077323001,0.25923811910204636,0.23607694939255186,0.19397293887905176
2022-02-28_CO,2022-06-13_CO,120,50,0.11526183784008026,0.40180009603500366,100000.0,0.16832541258017772,0.12734103007747993,0.131447467509749,0.1266048671165103,0.12162624566039837,0.13115513285568747,0.14274003907283844,0.13746420830866357,0.12778692121287913,0.1348177735105978,0.15632962770616063,0.15021311513990282,0.1386998228889725
2022-02-28_CO,2022-06-13_CO,120,100,0.11526183784008026,0.40180009603500366,1.0,0.3256269752515047,0.17644185752846694,0.19985312889783366,0.1917476077926735,0.1485127251121705,0.2260876108433587,0.27958173648877777,0.25407284027170074,0.17441390753780806,0.22696091137235727,0.3344599774583833,0.3046931458827773,0.22699491272460282
2022-02-28_CO,2022-06-13_CO,120,100,0.11526183784008026,0.40180009603500366,10.0,0.3261068898140092,0.17647367082407195,0.19986304562048332,0.19174163895957627,0.1485538481158028,0.22612158346617123,0.279627103047683,0.25410153888776266,0.17448706382952275,0.22705869761185996,0.33459290701184663,0.30479346187429396,0.22715420874378886
2022-02-28_CO,2022-06-13_CO,120,100,0.11526183784008026,0.40180009603500366,100.0,0.3305484865709095,0.17677000010900315,0.19994462035425972,0.1916680524718653,0.14894373606961486,0.2264288539544379,0.2800073351139105,0.2543495486894906,0.17517856976465832,0.22797801396802514,0.3358027213976454,0.3057063332208633,0.22864862110124365
2022-02-28_CO,2022-06-13_CO,120,100,0.11526183784008026,0.40180009603500366,1000.0,0.35331014212630774,0.17814155884868133,0.19953178106681982,0.1900010978755854,0.1512682787390889,0.22714569145201943,0.2791219524655897,0.2541161061942333,0.17918838066789297,0.2329172478552322,0.3400818809156866,0.30879131222582135,0.23676791587559945
2022-02-28_CO,2022-06-13_CO,120,100,0.11526183784008026,0.40180009603500366,10000.0,0.3196377284548808,0.1660495058624618,0.18067824644505695,0.16868202292037132,0.14608074816116778,0.1994149195753307,0.23184012266562143,0.21907092109876694,0.1691926346408408,0.21004487847837297,0.2898921695285583,0.26369992832912925,0.21470037909038453
2022-02-28_CO,2022-06-13_CO,120,100,0.11526183784008026,0.40180009603500366,100000.0,0.19076068054397646,0.13322512801437722,0.13853731209852513,0.13229672940149897,0.12592505884182834,0.13995571987727717,0.15378388195815004,0.14777387630183147,0.1348283331394787,0.14512008421398473,0.17461000840613217,0.1651532727829779,0.14958543443003935
2022-03-07_CO,2022-03-14_CO,7,10,0.1261424571275711,0.2235727608203888,1.0,-3.0492150146695844,0.04184261627009861,0.09842970427154771,0.06394693801504855,0.03897275616102031,0.005679817273216536,-0.02024303126236207,0.04783787022331798,-0.048067634223062185,-0.12209902177171406,-0.1295714625912418,-0.16398940571928042,-0.2237763812553145
2022-03-07_CO,2022-03-14_CO,7,10,0.1261424571275711,0.2235727608203888,10.0,-1.2910190728911164,0.04561506433568935,0.10066680655470098,0.06673244069800077,0.04235989472414442,0.013130597676880351,-0.011202733304127438,0.05393682673257133,-0.04078073144376449,-0.10308392254714377,-0.10626216192561161,-0.13888377179288494,-0.19965353155106583
2022-03-07_CO,2022-03-14_CO,7,10,0.1261424571275711,0.2235727608203888,100.0,-0.2234868011296261,0.07415455334145524,0.11761955562677798,0.08850669181661747,0.06814955642379222,0.06376266815320814,0.05038617483460356,0.0950709688209316,0.01225162017570903,0.00843340507024945,0.022813066011471178,-0.000239443277853163,-0.06143520886164885
2022-03-07_CO,2022-03-14_CO,7,10,0.1261424571275711,0.2235727608203888,1000.0,0.13472301561032987,0.14190931830319978,0.15531904490991286,0.14483417327504966,0.12925944988867002,0.15225866839394647,0.1556369459823864,0.1645104046237619,0.12269655791534316,0.15833073882032417,0.17243733558017776,0.16429610398599773,0.12439056653988678
2022-03-07_CO,2022-03-14_CO,7,10,0.1261424571275711,0.2235727608203888,10000.0,0.16647702253288396,0.15169860654832643,0.15061150320255343,0.15247302221007153,0.13981261047728386,0.1580723446899687,0.1594214867738495,0.16180612964155772,0.14219263711041422,0.1653477860288229,0.16842149206935397,0.1675090323853573,0.14867398485271263
2022-03-07_CO,2022-03-14_CO,7,10,0.1261424571275711,0.2235727608203888,100000.0,0.1438437434937059,0.1320900736454237,0.13153016913768886,0.13256353635485943,0.12904067856075152,0.13615046172007633,0.135318048473315,0.13702918790048327,0.1300858595714802,0.14014793428442726,0.1408500966518868,0.14145488027259404,0.1330062546984281
2022-03-07_CO,2022-03-14_CO,7,20,0.1261424571275711,0.2235727608203888,1.0,-0.6652928142572526,0.12032710178603884,0.16074318467986015,0.12899124607087564,0.10951555300200662,0.10413525423598624,0.1294049223958534,0.11470837115800767,0.07788700119179569,0.0617387351492997,0.08170138901698734,0.07119046244788349,-0.001784411522971809
2022-03-07_CO,2022-03-14_CO,7,20,0.1261424571275711,0.2235727608203888,10.0,-0.5890545392495541,0.12117562494868525,0.16116922278947673,0.12971430875492893,0.11035164946534066,0.10588326731042227,0.13093553620127177,0.11656430962148259,0.07937920801938957,0.06565520707668968,0.08521060328781657,0.07496416839745904,0.00237761651463698
2022-03-07_CO,2022-03-14_CO,7,20,0.1261424571275711,0.2235727608203888,100.0,-0.2383775397370847,0.12844585075849943,0.16479369526311502,0.13599906220184835,0.11752992269468321,0.12045715457471301,0.14347230371019146,0.13169522069854456,0.09210179101739091,0.09651150698971667,0.11321485069974643,0.104729908144644,0.03587873818742953
2022-03-07_CO,2022-03-14_CO,7,20,0.1261424571275711,0.2235727608203888,1000.0,0.12377026872810878,0.15452806566619645,0.17525875218374687,0.15931056719834044,0.1428566200460181,0.16644760640413728,0.17900128835838552,0.175102670281036,0.13678125449359355,0.17733080933227116,0.18850142032834516,0.18320551919324704,0.13352002491561663
2022-03-07_CO,2022-03-14_CO,7,20,0.1261424571275711,0.2235727608203888,10000.0,0.1794103131567493,0.15499387971512288,0.15749807214122752,0.15658809060771034,0.14380463322994685,0.1650033932717608,0.16674262684163813,0.16857234707746524,0.14599718321843677,0.17665538918827353,0.17994869390109577,0.18066800454385054,0.15474036107334357
2022-03-07_CO,2022-03-14_CO,7,20,0.1261424571275711,0.2235727608203888,100000.0,0.14713728528800543,0.1335768918130683,0.1332534890903996,0.13399514003995408,0.13013941271108878,0.13845804243150858,0.13725035793518758,0.13932837787749672,0.13131777525964905,0.1431246116597482,0.1436146540763694,0.14468997372192438,0.13490986375459277
2022-03-07_CO,2022-03-14_CO,7,50,0.1261424571275711,0.2235727608203888,1.0,-0.001641859122388456,0.13983056957706702,0.17679497585616016,0.15370014798165513,0.133937591660107,0.1493674287102066,0.1673747441328398,0.15122108668300077,0.12189460322708807,0.1572653464886288,0.14686191873003965,0.16613235269619903,0.09162730068039848
2022-03-07_CO,2022-03-14_CO,7,50,0.1261424571275711,0.2235727608203888,10.0,0.0011185988334818653,0.14004204063381642,0.17690156099472443,0.15386119897764927,0.13408014768301868,0.14974224420311755,0.1676799799819614,0.15161324394226258,0.12216235476101532,0.1577819323981997,0.14760460491545577,0.16670755750896257,0.09228328475914145
2022-03-07_CO,2022-03-14_CO,7,50,0.1261424571275711,0.2235727608203888,100.0,0.025712020285516307,0.14203620587654614,0.17789134206099547,0.1553763567299752,0.13542724587079705,0.15324427513635516,0.1705279442641161,0.15525721372793647,0.12469209761945972,0.1625871994591283,0.1544869858344272,0.17204187602990434,0.09842816481332371
2022-03-07_CO,2022-03-14_CO,7,50,0.1261424571275711,0.2235727608203888,1000.0,0.1372251735142894,0.15412241740029942,0.18280630399463238,0.1642322002794903,0.14367634987105424,0.17299481841247233,0.1862314338261873,0.17508511409832905,0.14026780779139836,0.1889342701621491,0.1913908750002898,0.20063827059574726,0.13445455330006115
2022-03-07_CO,2022-03-14_CO,7,50,0.1261424571275711,0.2235727608203888,10000.0,0.20243983927940556,0.1609740802516849,0.1701371489763598,0.16403541517831144,0.14785986891775613,0.1772219578517294,0.1829795774437641,0.17878088769395456,0.1519971598576415,0.19351314567360817,0.20082283712134244,0.203305947399892,0.16348798247066848
2022-03-07_CO,2022-03-14_CO,7,50,0.1261424571275711,0.2235727608203888,100000.0,0.15977958200581768,0.13952012490610582,0.13877962629545973,0.13934622302473618,0.13354124361328815,0.14683715521904728,0.14556754193647017,0.14774045005032488,0.13589353466562346,0.15361978675336088,0.15523911853495648,0.15664426502087306,0.14167371902965148
2022-03-07_CO,2022-03-14_CO,7,100,0.1261424571275711,0.2235727608203888,1.0,0.12631468139846008,0.16337491519289712,0.1836635590102122,0.1736011751121859,0.15448035147737324,0.18498478491525455,0.1851704728796578,0.18231608856431197,0.15222429386022043,0.18731720961012352,0.1948628121306543,0.19593840892309594,0.14840290764199515
2022-03-07_CO,2022-03-14_CO,7,100,0.1261424571275711,0.2235727608203888,10.0,0.12685620036148196,0.16341141716910226,0.18368753175502783,0.17364418992530245,0.1545125831365676,0.18506246361155063,0.18526283335755794,0.1824008199520238,0.15229543843643578,0.18746433009713687,0.19503529794720434,0.1961142616062178,0.14855284862965437
2022-03-07_CO,2022-03-14_CO,7,100,0.1261424571275711,0.2235727608203888,100.0,0.13203637320704048,0.16376267020634813,0.1839133897250234,0.17405497799166625,0.15482244068495235,0.18580802841490804,0.1861499106930085,0.18321388943328393,0.1529827540791048,0.18887774908115842,0.19669347209160717,0.19780098807147925,0.15000334356789613
2022-03-07_CO,2022-03-14_CO,7,100,0.1261424571275711,0.2235727608203888,1000.0,0.1673933332590614,0.16619585381299212,0.18509094486699018,0.17666533995072364,0.15693897449797298,0.19084444644421952,0.19220260080419363,0.1887254741943058,0.15795101956476157,0.19865987589098957,0.2082123589925784,0.2093202771015809,0.16069435294351506
2022-03-07_CO,2022-03-14_CO,7,100,0.1261424571275711,0.2235727608203888,10000.0,0.21287653871781304,0.1649912048897922,0.17453660386435077,0.17097232796648706,0.1550210866263679,0.1870705952950785,0.18950119768382379,0.18677727365305954,0.16094401038875347,0.20226694093535252,0.21254890126262405,0.21333031042273312,0.17418113325285398
2022-03-07_CO,2022-03-14_CO,7,100,0.1261424571275711,0.2235727608203888,100000.0,0.16952755733304378,0.1436730049134216,0.14192598256490743,0.14308921240817302,0.1372454811271673,0.15247984909044582,0.15036939193318477,0.15312139614732115,0.14059043930294843,0.16060854396217536,0.16344173508521292,0.1651592944289449,0.14799752843001499
2022-03-07_CO,2022-04-04_CO,30,10,3.378093242645264e-05,0.21184951066970825,1.0,-2.260317339096317,-0.08410963144435915,-0.10222611766267892,-0.06791436312831339,-0.13251531102610556,-0.14866270362912395,-0.15767667619494394,-0.14415963574189694,-0.20618503854497716,-0.4669319282866485,-0.3666300902314156,-0.33316504989075796,-0.4695641099976157
2022-03-07_CO,2022-04-04_CO,30,10,3.378093242645264e-05,0.21184951066970825,10.0,-1.2193335091570772,-0.07886433163408135,-0.09740224163292538,-0.0631084073218299,-0.1277268676253128,-0.13853202995636976,-0.14856999923697142,-0.13436121364391507,-0.1963067542802767,-0.42358950988301525,-0.3331796768361126,-0.30163368716554384,-0.4292327768111108
2022-03-07_CO,2022-04-04_CO,30,10,3.378093242645264e-05,0.21184951066970825,100.0,-0.28663620903479736,-0.041530246786037894,-0.061395630022258035,-0.029211854034630974,-0.09216491823898647,-0.07212099413019607,-0.08541350330741126,-0.06926477811345438,-0.13014544731994873,-0.21114295822941734,-0.15687077622458676,-0.13590485854756365,-0.22226166676615197
2022-03-07_CO,2022-04-04_CO,30,10,3.378093242645264e-05,0.21184951066970825,1000.0,0.028140637545607056,0.02347706575581912,0.01063111494326649,0.02840869281365868,-0.013150211793313021,0.02766230008420431,0.02048007065707705,0.032658290442760335,-0.013905059847847567,0.018973760132114353,0.029523563124451285,0.043261625314369306,-0.0010411128198129875
2022-03-07_CO,2022-04-04_CO,30,10,3.378093242645264e-05,0.21184951066970825,10000.0,0.03208581396635743,0.013157642865947783,0.00856602011444374,0.016850556287525215,0.003412506899552914,0.02059467909849233,0.01490465639370156,0.022787118032449122,0.005862167339286989,0.026089997476883703,0.023775971625699333,0.02779875209862659,0.014234389122373644
2022-03-07_CO,2022-04-04_CO,30,10,3.378093242645264e-05,0.21184951066970825,100000.0,0.008307628808396972,0.0020311975228312906,0.0013348379160366408,0.0027976880708582563,0.00089415337100938,0.004438125262210879,0.0026383435654272203,0.004497742476494843,0.001526077727956034,0.006516207742610247,0.0053221184338570204,0.006223388970592325,0.0035883926034034528
2022-03-07_CO,2022-04-04_CO,30,20,3.378093242645264e-05,0.21184951066970825,1.0,-0.9497756265941789,0.017793917817685523,0.03207363163497762,0.048983735747565704,-0.025080843925429596,0.023673920662973996,0.0015011400782487527,0.03188738134164612,-0.05157515935749512,-0.11838539305436219,-0.06794376390481402,-0.08973953697276224,-0.11071070290440677
2022-03-07_CO,2022-04-04_CO,30,20,3.378093242645264e-05,0.21184951066970825,10.0,-0.8003121500054053,0.018925938099586787,0.03280109294315023,0.049812498890207335,-0.02417772629965635,0.025641476604931712,0.003786234160739449,0.03427247542734696,-0.049615290184111316,-0.1102344871636402,-0.06163825100963918,-0.08219135331801194,-0.10553590745284702
2022-03-07_CO,2022-04-04_CO,30,20,3.378093242645264e-05,0.21184951066970825,100.0,-0.2856940042547637,0.0281842111552795,0.0387715498405716,0.05637672121611581,-0.016548547265092833,0.041179448316603445,0.022051263104906627,0.05307027989795782,-0.03360136388310906,-0.049320475095776084,-0.01462877780582686,-0.025357771512809935,-0.06566427490867663
2022-03-07_CO,2022-04-04_CO,30,20,3.378093242645264e-05,0.21184951066970825,1000.0,0.06282143314155395,0.049653646118203526,0.05115336878504301,0.0661337456237929,0.0083099914534428,0.07221718411875344,0.06277573518497656,0.08888144486790672,0.01249501658427544,0.07570752242527146,0.07690114216745153,0.08911404798825659,0.029233459514551807
2022-03-07_CO,2022-04-04_CO,30,20,3.378093242645264e-05,0.21184951066970825,10000.0,0.05600218139226951,0.024940704257167656,0.022874548262166255,0.03215281301220849,0.010165176525026623,0.03684340515969092,0.031400321847104895,0.042420297769586,0.015279417028663367,0.04622849468022747,0.04339791908939622,0.04886930280236271,0.027075546903261766
2022-03-07_CO,2022-04-04_CO,30,20,3.378093242645264e-05,0.21184951066970825,100000.0,0.015595026836874248,0.004516059080904494,0.004014308600064215,0.0063663800021648564,0.00262643443590993,0.009341585786127482,0.006401938228267456,0.009628680538957823,0.004145130054820136,0.012512967850325935,0.010973441135634782,0.012148918449205848,0.007651129036971127
2022-03-07_CO,2022-04-04_CO,30,50,3.378093242645264e-05,0.21184951066970825,1.0,0.00495430802280894,0.06985530032533055,0.08494142500099527,0.10082698193547285,0.01916453673585175,0.10299217810573766,0.1033941952528954,0.12152471434715559,0.020891203230551898,0.09850948204770557,0.11519534297012121,0.1276532353075479,0.02522747967998401
2022-03-07_CO,2022-04-04_CO,30,50,3.378093242645264e-05,0.21184951066970825,10.0,0.00807984280102153,0.06997475343506632,0.08502367178106568,0.10088138629618143,0.01930427409407323,0.10325711966297976,0.10358445121105628,0.12186004360929747,0.021162993685986082,0.09930027237052327,0.11575308813622584,0.12832118522144437,0.02588249079645581
2022-03-07_CO,2022-04-04_CO,30,50,3.378093242645264e-05,0.21184951066970825,100.0,0.03457252012258638,0.07101146305246506,0.08571952024839946,0.10128035224041312,0.020578992681918106,0.10554802937013136,0.10523767342910817,0.12478303543957989,0.02364312673134596,0.10631694560541699,0.12070520701540863,0.13420752204950834,0.031814701526884044
2022-03-07_CO,2022-04-04_CO,30,50,3.378093242645264e-05,0.21184951066970825,1000.0,0.12423623421296343,0.07273480487968176,0.08547900554587817,0.09791844584787149,0.02636888070894604,0.11004134791392653,0.10820166188015082,0.13143339058341333,0.03519674967779255,0.13178702839125686,0.13757066111735708,0.15336033801286791,0.05836804424508551
2022-03-07_CO,2022-04-04_CO,30,50,3.378093242645264e-05,0.21184951066970825,10000.0,0.0990094879134227,0.042098341108566834,0.047634901443866506,0.054669975587863434,0.020057165913670082,0.06223705241271227,0.06141464150689993,0.0741158613431645,0.028185286782467688,0.08230862487210389,0.08377830827507765,0.09161811229944383,0.04622106928453995
2022-03-07_CO,2022-04-04_CO,30,50,3.378093242645264e-05,0.21184951066970825,100000.0,0.027584486479049458,0.009428679994091693,0.01015116498985727,0.013545199727924007,0.006000994882777814,0.01790584411700616,0.01471953254096156,0.019269633595243224,0.008802936301098685,0.022830332959637795,0.02186824423456879,0.023442100317942693,0.014158008898150562
2022-03-07_CO,2022-04-04_CO,30,100,3.378093242645264e-05,0.21184951066970825,1.0,0.15995348433758202,0.06392968870442678,0.08996612054040931,0.09003367584019409,0.02367972675874297,0.09826454963938358,0.11222606832958429,0.12541211461451657,0.041514867256331356,0.13226800368089608,0.1525765729350265,0.1668209247646082,0.07522861638492329
2022-03-07_CO,2022-04-04_CO,30,100,3.378093242645264e-05,0.21184951066970825,10.0,0.16035951665199294,0.06396707672151006,0.08996378286951223,0.09004069428641104,0.02372000402911172,0.09834676523502256,0.11225080775771387,0.12546431153042137,0.04156652602494792,0.13242350738669217,0.152652124046075,0.16692670903366924,0.07534804314866586
2022-03-07_CO,2022-04-04_CO,30,100,3.378093242645264e-05,0.21184951066970825,100.0,0.16411270693545094,0.06431315974436691,0.08992491374570555,0.09008750450248054,0.024103273193397584,0.09910521476647965,0.11246347898761358,0.12593084465829074,0.04205428802628128,0.13386858788000527,0.15333068917443313,0.16789019512904224,0.07647358456714344
2022-03-07_CO,2022-04-04_CO,30,100,3.378093242645264e-05,0.21184951066970825,1000.0,0.18261615673892273,0.06575884869335441,0.088418074440061,0.08894209162654737,0.02651457526460867,0.10224965653660598,0.11213249119181098,0.12673453735505785,0.04485414506172602,0.14077119695125964,0.154895898215344,0.1710616785833569,0.08284177833380103
2022-03-07_CO,2022-04-04_CO,30,100,3.378093242645264e-05,0.21184951066970825,10000.0,0.14412197385433775,0.05010617310627527,0.06232051955980841,0.06367605065581264,0.024132982542687625,0.07508171506049849,0.07987984717124069,0.08950494106146076,0.03741238094239768,0.10603392543904552,0.1105727733720829,0.1229576555116991,0.06723131356371832
2022-03-07_CO,2022-04-04_CO,30,100,3.378093242645264e-05,0.21184951066970825,100000.0,0.043840855106050625,0.015592668541213606,0.01724087341679681,0.02143577337042854,0.00941463352223231,0.02602512742029922,0.023771872662574245,0.028421097540309304,0.013767615247190381,0.03348594996338025,0.03323112595574529,0.0361191615580051,0.022234216610025236
2022-03-07_CO,2022-07-18_CO,120,10,0.038616687059402466,0.32139837741851807,1.0,-4.738932933558577,-0.17987011320811128,0.033923093153799044,-0.021615156044297118,-0.10780021935533073,-0.23169456360013926,-0.1482167948321266,-0.14578980579521475,-0.1741019459257933,-0.5963622599002525,-0.3680675338065334,-0.44305415042726426,-0.4664632626600287
2022-03-07_CO,2022-07-18_CO,120,10,0.038616687059402466,0.32139837741851807,10.0,-1.936174336695537,-0.12553850426091956,0.03903145480351555,-0.012074728195029083,-0.10116391561125515,-0.16650527214867306,-0.1311203422343042,-0.12625987198959354,-0.16032177425255062,-0.3859375818407103,-0.3085932770458547,-0.31936761740944586,-0.38743515703873527
2022-03-07_CO,2022-07-18_CO,120,10,0.038616687059402466,0.32139837741851807,100.0,-0.3280007546718566,-0.02512979110501326,0.07465097607400431,0.026834822822835946,-0.05322046765437293,-0.0362561648533426,-0.018616609926843303,-0.03070444291502525,-0.07310867683927642,-0.06063088895252308,-0.04912373126274505,-0.025895212808467988,-0.1208518849503946
2022-03-07_CO,2022-07-18_CO,120,10,0.038616687059402466,0.32139837741851807,1000.0,0.13121166445115168,0.04715978530221568,0.12210581580838814,0.09628179156837574,0.04124821001160187,0.0685530786819139,0.13831300742267996,0.11592885531230451,0.05708684022213542,0.11822449918998626,0.1635786884127005,0.17358984916047082,0.09879069666421902
2022-03-07_CO,2022-07-18_CO,120,10,0.038616687059402466,0.32139837741851807,10000.0,0.11511169887426881,0.05456522918243242,0.06984031461816351,0.07090215226373647,0.05010681533115422,0.06801373207974282,0.08516420473274519,0.0812778590315753,0.05891802056992132,0.08349988668269512,0.1071267883987222,0.10659834775324825,0.07824559275325439
2022-03-07_CO,2022-07-18_CO,120,10,0.038616687059402466,0.32139837741851807,100000.0,0.058747989705450004,0.04142509471261613,0.04315963289772057,0.04344061597958318,0.040602281417144594,0.044624528389181656,0.04614012377735888,0.04621662896984882,0.042538715325444454,0.04860447866733092,0.052036859765881016,0.05203156583399021,0.04689455590933996
2022-03-07_CO,2022-07-18_CO,120,20,0.038616687059402466,0.32139837741851807,1.0,-0.9166474316334916,-0.07246422433300664,0.11118812368769432,0.04387674554940427,-0.050079143596764436,-0.055115962213344416,0.09375641184060476,0.04031230827397789,-0.053913800975296605,-0.07624624314643458,0.07082039432239687,0.03205232739654945,-0.07004795657078235
2022-03-07_CO,2022-07-18_CO,120,20,0.038616687059402466,0.32139837741851807,10.0,-0.6942329472345199,-0.05617266437056209,0.11192691737482499,0.04866810350401096,-0.04808837699775414,-0.038369795466792755,0.09601199846133776,0.045076342986299006,-0.050572148228381845,-0.05026817989005211,0.07940239219309375,0.055165510776252646,-0.056874724936219916
2022-03-07_CO,2022-07-18_CO,120,20,0.038616687059402466,0.32139837741851807,100.0,-0.14720204394661246,-0.0054123042439850055,0.11795871983591416,0.06719177397507534,-0.031023113821765775,0.015227470563142942,0.11415760575960238,0.07298889839257075,-0.02406934729735129,0.032444270923281865,0.13784042101265323,0.1396508525597093,0.008926905974478344
2022-03-07_CO,2022-07-18_CO,120,20,0.038616687059402466,0.32139837741851807,1000.0,0.19008606376711765,0.04812820618516736,0.12898081408194506,0.10428154690030741,0.03112753046962725,0.07995289656230414,0.15650017756517878,0.1370125572606917,0.0513174367228266,0.12886791599178807,0.2178492724146609,0.21662168006236313,0.11324599044746042
2022-03-07_CO,2022-07-18_CO,120,20,0.038616687059402466,0.32139837741851807,10000.0,0.1448837989673059,0.0604116523758047,0.08288292810934156,0.08469043354369182,0.05217720765693961,0.07780456755080009,0.1032517886584246,0.09838522220851986,0.0628892265143563,0.09920488339505398,0.1321799283699143,0.13168138837704865,0.09117918542121746
2022-03-07_CO,2022-07-18_CO,120,20,0.038616687059402466,0.32139837741851807,100000.0,0.06825232643041518,0.043452235340495,0.04677086816196846,0.04698979854673638,0.041786817471333816,0.04859018015389516,0.0516167588756275,0.051370010738511135,0.04476538746118212,0.054783278515475015,0.059826811961857324,0.060179447419581256,0.051906359392507685
2022-03-07_CO,2022-07-18_CO,120,50,0.038616687059402466,0.32139837741851807,1.0,0.11204449717904319,0.025549203104216378,0.14508963755701554,0.0931481420803478,0.008619225212188775,0.044266033761669765,0.17809582880703437,0.09505443581853168,0.016741840976284783,0.05738173508343203,0.21358513431184584,0.2016695433676813,0.07501587965060606
2022-03-07_CO,2022-07-18_CO,120,50,0.038616687059402466,0.32139837741851807,10.0,0.11991035470389455,0.027524420873348443,0.14524579475747426,0.09438188390485974,0.008983181745671642,0.04701114526123823,0.178341621377684,0.09643110823862361,0.01734047575242063,0.06198466843611969,0.21473023802918279,0.20495591982375777,0.07686510352632285
2022-03-07_CO,2022-07-18_CO,120,50,0.038616687059402466,0.32139837741851807,100.0,0.1630799485093897,0.037708659679927814,0.14661232746725106,0.10103213486859541,0.012395934491971294,0.0597961447185302,0.1805108610494013,0.1054221721709421,0.022843334411850342,0.08420383050541863,0.22451356941360298,0.22267435505035593,0.08973016728558354
2022-03-07_CO,2022-07-18_CO,120,50,0.038616687059402466,0.32139837741851807,1000.0,0.2550721862172878,0.058927636144397166,0.14957306269509546,0.11744369081360928,0.03269698312986021,0.08625599398507974,0.18659950918084875,0.13851767275378898,0.051899254124328255,0.13674105721698962,0.25272939075523126,0.25420632208745836,0.1298845240315578
2022-03-07_CO,2022-07-18_CO,120,50,0.038616687059402466,0.32139837741851807,10000.0,0.2016449223343244,0.06878968045300712,0.10806514153359048,0.10741716576923377,0.0528010776053316,0.08935651088995822,0.13721523304782746,0.12647656083389186,0.06874321838873393,0.12798033333875822,0.1808226443030359,0.18289242182861026,0.11390142743974226
2022-03-07_CO,2022-07-18_CO,120,50,0.038616687059402466,0.32139837741851807,100000.0,0.08895353222017,0.048141030374668436,0.05448446232703896,0.05592201691961568,0.04412536918551593,0.05653026448190371,0.06347838309698994,0.06276929438737863,0.049360344320721165,0.06756171127113064,0.07706457873177411,0.07839824675044557,0.06146687259831054
2022-03-07_CO,2022-07-18_CO,120,100,0.038616687059402466,0.32139837741851807,1.0,0.19481033868577957,0.060166468064631023,0.15845396283005878,0.10855383523880036,0.03199555965496583,0.08389640910547352,0.19610191041456446,0.11003384900119237,0.04740917885147893,0.0935273866658067,0.2315729624288034,0.23005403627458643,0.1165364123993251
2022-03-07_CO,2022-07-18_CO,120,100,0.038616687059402466,0.32139837741851807,10.0,0.1966514682146742,0.060561896249609865,0.15852050747653526,0.10936705357458446,0.03211682607993302,0.08456328827666768,0.19621384576807493,0.11073986726706633,0.04759314687567396,0.09452960862611717,0.23199315266404602,0.23096126820753093,0.11703751085845798
2022-03-07_CO,2022-07-18_CO,120,100,0.038616687059402466,0.32139837741851807,100.0,0.20998349623436416,0.06306867624605109,0.1591416628861268,0.1139992159142853,0.0332882125611344,0.08863438377269461,0.19725978815619197,0.11566968992881899,0.04936130092596757,0.10145883407798356,0.23594562953718276,0.23761179010954311,0.1211998352889561
2022-03-07_CO,2022-07-18_CO,120,100,0.038616687059402466,0.32139837741851807,1000.0,0.26190449744922734,0.07039148086009847,0.16213544399073918,0.12361581083693024,0.04188816919874681,0.09956472367109975,0.2025100401530576,0.1364583051233052,0.06185547261526117,0.12993394177222345,0.2585570190327243,0.2609268616485062,0.14180802972770412
2022-03-07_CO,2022-07-18_CO,120,100,0.038616687059402466,0.32139837741851807,10000.0,0.2554769683490606,0.07728614363317804,0.13753455817606847,0.1245204486062566,0.05675169261641028,0.10136298367181643,0.1730700569264954,0.14933083058808883,0.07860093314314487,0.14956738712043455,0.23156102386943966,0.23119496672938752,0.14105878757613757
2022-03-07_CO,2022-07-18_CO,120,100,0.038616687059402466,0.32139837741851807,100000.0,0.12164596191984661,0.05632637732768997,0.06787685628711329,0.07182447722016833,0.048106653497940466,0.06784722848643993,0.08278640734743578,0.08162503741401878,0.05679728147551641,0.0860543721994127,0.10613826328763398,0.10686151683601891,0.07633471063256435
2022-04-04_CO,2022-04-11_CO,7,10,0.09340251982212067,0.252816379070282,1.0,-3.1425673908873923,0.07686776214626923,0.10669146621378686,0.12208361602606518,0.0647332850870116,-0.016165937554954823,0.04501549611982908,0.05005768131982355,-0.013635354382280649,-0.15573996269176077,-0.16016599833817563,-0.1150849800493472,-0.2305430260810503
2022-04-04_CO,2022-04-11_CO,7,10,0.09340251982212067,0.252816379070282,10.0,-1.323289968026561,0.07950243080652897,0.10931384376714565,0.12375226101529649,0.06688338898770942,-0.010536395054079106,0.05296661037599293,0.05733664676751879,-0.007602979112252921,-0.133734543959914,-0.13118782635258874,-0.09360350039460419,-0.2027640951892331
2022-04-04_CO,2022-04-11_CO,7,10,0.09340251982212067,0.252816379070282,100.0,-0.24772086017683814,0.09756454050201305,0.12734998691876906,0.1349925553052472,0.08288455509776436,0.03062005411265606,0.10208352883770411,0.10386024611221742,0.03439919298662316,-0.011942768737154719,0.013926558721587434,0.018237540780057016,-0.05624896469896254
2022-04-04_CO,2022-04-11_CO,7,10,0.09340251982212067,0.252816379070282,1000.0,0.09420770450002891,0.11948977172129763,0.14509665426161944,0.13861478697308843,0.11114439513861991,0.11097932601780358,0.1522258114928775,0.15077685402619298,0.1067864271194261,0.12818419611839624,0.144609543898598,0.13543703995172446,0.10220329785174448
2022-04-04_CO,2022-04-11_CO,7,10,0.09340251982212067,0.252816379070282,10000.0,0.11476585641663645,0.1013148562786344,0.10860262190549952,0.10502185561726624,0.1002771146658387,0.10357234338994856,0.11385101255735211,0.11032684709628002,0.10238557251144824,0.1109801951186242,0.11815157708986987,0.11384509605789644,0.10493451993459683
2022-04-04_CO,2022-04-11_CO,7,10,0.09340251982212067,0.252816379070282,100000.0,0.09776937850743889,0.09435056968463643,0.09527548380978737,0.09477277132439837,0.09428374074752177,0.09468881685151159,0.09628449933055272,0.0954775021771565,0.09471997557879575,0.09585115424130869,0.09749133555892942,0.09630826550800459,0.09542425997502729
2022-04-04_CO,2022-04-11_CO,7,20,0.09340251982212067,0.252816379070282,1.0,-0.941051755939132,0.012405007959319342,0.04350159185977462,0.05369725400668904,0.052820299533403996,-0.1061958487491379,-0.06427905188636143,0.017696315582199196,-0.03349879475176131,-0.2259360915997906,-0.15601300663510037,-0.17883333940948848,-0.12337048773068593
2022-04-04_CO,2022-04-11_CO,7,20,0.09340251982212067,0.252816379070282,10.0,-0.8598315682852309,0.013988185657177493,0.04496899706113294,0.05460790291739945,0.05359694788837557,-0.1017212216576101,-0.05995611970469872,0.019656256956649215,-0.03126019912333091,-0.2166233866785647,-0.14881834372764732,-0.17031340066795816,-0.1188349757146361
2022-04-04_CO,2022-04-11_CO,7,20,0.09340251982212067,0.252816379070282,100.0,-0.45860428198781755,0.027640345244599407,0.0573970809174256,0.06261010269080639,0.060452712814982025,-0.06424612470193194,-0.02488130467798566,0.036545581685171746,-0.011817283689364874,-0.1443525492008035,-0.09243111728432554,-0.10540655284451458,-0.08113821968858191
2022-04-04_CO,2022-04-11_CO,7,20,0.09340251982212067,0.252816379070282,1000.0,-0.0032441477611167557,0.07919773982157,0.09893649975822752,0.09434113493101548,0.08873031950795011,0.06180543587950496,0.07810578711551464,0.09852348938999361,0.06448267045384003,0.04896886946242035,0.059634576575299636,0.062039311612380604,0.04541746951989569
2022-04-04_CO,2022-04-11_CO,7,20,0.09340251982212067,0.252816379070282,10000.0,0.10726158644268782,0.09959906632768706,0.10505639594499497,0.10128000957445171,0.1000212681131104,0.10589172846699188,0.10749510766911843,0.11090783385892161,0.10128650276214916,0.1096022799199981,0.10965096029658036,0.11191261234485153,0.10255188284405832
2022-04-04_CO,2022-04-11_CO,7,20,0.09340251982212067,0.252816379070282,100000.0,0.10223809974223966,0.09477513957307121,0.09573753480379249,0.09478833451933594,0.09492594196630359,0.09630565842729397,0.09771485996380616,0.0971499856126263,0.09603858776091696,0.09857143644301086,0.0998413299796905,0.09928612409586696,0.09800613009237984
2022-04-04_CO,2022-04-11_CO,7,50,0.09340251982212067,0.252816379070282,1.0,-0.03591611306180628,0.07282368398552241,0.10840071491389916,0.09337510685849598,0.09174428506626382,0.0558291745521495,0.08281652861482355,0.09213651159598074,0.06844046312100148,0.05199690271482363,0.06871128537369553,0.06516368621592872,0.042502211261238175
2022-04-04_CO,2022-04-11_CO,7,50,0.09340251982212067,0.252816379070282,10.0,-0.03348021265305759,0.07308674068501589,0.10860020029841297,0.09354306286401537,0.09186963539812805,0.056316785552325194,0.08334315741761647,0.09248914717345252,0.06877559998059588,0.052763035244347584,0.0695370400332938,0.06594622984056495,0.0431110381351642
2022-04-04_CO,2022-04-11_CO,7,50,0.09340251982212067,0.252816379070282,100.0,-0.011885876241630317,0.0755670720146554,0.11045847319840194,0.09512872435538555,0.09305187252917906,0.06089890277889404,0.08822534855720782,0.09579959295244547,0.07193018857033893,0.059883412911287515,0.07713259899013253,0.07317669906593074,0.04880566676328632
2022-04-04_CO,2022-04-11_CO,7,50,0.09340251982212067,0.252816379070282,1000.0,0.08296202512492121,0.0907158081566862,0.12046171541242623,0.10471279700274358,0.10017600614923401,0.08830631944953199,0.11458002700365388,0.11505406885065517,0.09094524499916705,0.09991690882022769,0.11653494714854251,0.11207291924409155,0.0819373906701668
2022-04-04_CO,2022-04-11_CO,7,50,0.09340251982212067,0.252816379070282,10000.0,0.133181089060637,0.10359880877842204,0.11630964901043694,0.10771725352350403,0.10370591134143402,0.11088128891463381,0.1231836023160933,0.12054829166846384,0.10704348623668254,0.1255353761669853,0.13203653925699058,0.13026390459086246,0.1109791603483787
2022-04-04_CO,2022-04-11_CO,7,50,0.09340251982212067,0.252816379070282,100000.0,0.10752827553606847,0.0959695180211251,0.09833210599461453,0.09637258811733554,0.09605509979721553,0.09809284154682227,0.10134976164374926,0.09977215431304329,0.0978908798456245,0.10255274477058599,0.1047437279739783,0.1036890582634244,0.10060230034019457
2022-04-04_CO,2022-04-11_CO,7,100,0.09340251982212067,0.252816379070282,1.0,0.14293426771046375,0.13107581264833928,0.158604444821272,0.14463147808513008,0.12206251691508835,0.14876406821820468,0.15518036494832238,0.16823914993362887,0.12394153699087516,0.16262988981599583,0.16564973585317458,0.1774601622545794,0.11906550011780781
2022-04-04_CO,2022-04-11_CO,7,100,0.09340251982212067,0.252816379070282,10.0,0.14335250877486852,0.131082224520952,0.1586092951749535,0.14462605886497282,0.12207630320320699,0.14878165757555278,0.15525387268566082,0.16826055189221523,0.12398792582506057,0.1627314608119262,0.16578957328451968,0.1775632987865715,0.11917551780706666
2022-04-04_CO,2022-04-11_CO,7,100,0.09340251982212067,0.252816379070282,100.0,0.1473151201822141,0.13113870120285956,0.15864450428606308,0.1445646416498508,0.1222050827029329,0.14894392570325082,0.1559527127859855,0.16845437397546567,0.1244312406862517,0.16369623596933675,0.1671171692122528,0.17853586612280334,0.12023194940386776
2022-04-04_CO,2022-04-11_CO,7,100,0.09340251982212067,0.252816379070282,1000.0,0.17197569933301984,0.13112529673835677,0.1580236444441189,0.14342579601876163,0.1228018054428232,0.14952981736657367,0.16021804994705757,0.16888911728815487,0.12729342118919498,0.16962030813006856,0.17524857591527576,0.18403794319793385,0.12749460030638782
2022-04-04_CO,2022-04-11_CO,7,100,0.09340251982212067,0.252816379070282,10000.0,0.17776071201137067,0.12147267933916248,0.1393369553946464,0.12760546978353254,0.11621979338938626,0.13666415140746083,0.1495568860285055,0.14927732342136862,0.1233737698918399,0.15841104070448406,0.16423104029181046,0.1669118698644477,0.13030104598672054
2022-04-04_CO,2022-04-11_CO,7,100,0.09340251982212067,0.252816379070282,100000.0,0.12120949383297197,0.10036923482324231,0.10454020010602585,0.1011853149454702,0.0997014740392896,0.10524477667153764,0.10959054573437357,0.10786557030974617,0.10293362320581327,0.11243941860091272,0.11493932752527339,0.11472354226967185,0.10705042908031832
2022-04-04_CO,2022-04-29_CO,30,10,0.05230945348739624,0.21057669818401337,1.0,-4.083165663760415,-0.2096481383059281,-0.18548988338727712,-0.19106715727494114,-0.13269567052569065,-0.2932522693103382,-0.306836377464981,-0.35938351094491927,-0.2532640513969053,-0.790936765475948,-0.6308882867818584,-0.7014184067612643,-0.6778579111319628
2022-04-04_CO,2022-04-29_CO,30,10,0.05230945348739624,0.21057669818401337,10.0,-2.247467809918244,-0.20124977974641203,-0.17944519488619512,-0.1839855463498714,-0.1261662840195891,-0.27876258599218945,-0.2906759167822863,-0.34501959579960456,-0.2419262633679642,-0.7246844392979317,-0.5610235270762307,-0.6472620359738445,-0.6129386899436041
2022-04-04_CO,2022-04-29_CO,30,10,0.05230945348739624,0.21057669818401337,100.0,-0.632251619777666,-0.14196351298902493,-0.13512679636780692,-0.13660810126115683,-0.07974946083090063,-0.1817186356189544,-0.1888491673986969,-0.249173167700956,-0.16814841983665763,-0.39702511268521934,-0.27354132994901864,-0.3644262169652384,-0.3161823727673319
2022-04-04_CO,2022-04-29_CO,30,10,0.05230945348739624,0.21057669818401337,1000.0,-0.047599466335166735,-0.012653817308031917,-0.021403589154772945,-0.029026647054104904,0.01548131027800051,-0.005080477975097419,-0.018053841951385707,-0.05263877063383429,-0.025524200151864868,-0.029458158388803057,-0.01010959474508799,-0.028158829179590172,-0.02303848235053325
2022-04-04_CO,2022-04-29_CO,30,10,0.05230945348739624,0.21057669818401337,10000.0,0.04572227454525413,0.047484222411345034,0.04711799951625956,0.04799976277972931,0.05194139226610996,0.049773726302201005,0.04623814961737785,0.04111964689583483,0.04380764294589587,0.04299381077017142,0.049429555530668495,0.042452876067964246,0.04336165886838478
2022-04-04_CO,2022-04-29_CO,30,10,0.05230945348739624,0.21057669818401337,100000.0,0.05316193430733235,0.052510563864670456,0.05300347599578456,0.053939990180481096,0.05319480668355711,0.053643431036048045,0.0539741837051482,0.05376509381148392,0.05283067029026375,0.05271064617436433,0.05544200384206974,0.05307394268937882,0.05335296155896312
2022-04-04_CO,2022-04-29_CO,30,20,0.05230945348739624,0.21057669818401337,1.0,-1.0303915286853569,-0.0916111092833091,-0.020200281280878557,-0.0397297893236051,-0.030182634890153243,-0.1287402388771388,-0.002830675962936874,-0.13089856039943076,-0.06965717952549617,-0.27812994726313967,-0.14821610928381515,-0.18995347722702557,-0.21321149925438124
2022-04-04_CO,2022-04-29_CO,30,20,0.05230945348739624,0.21057669818401337,10.0,-0.9071565305535922,-0.0890148121629695,-0.018700292366104154,-0.037911164218347476,-0.028160025464372396,-0.12464505975639115,-0.00039035175470880645,-0.12686644162618574,-0.06653259896330539,-0.2686270025256319,-0.13849435652285935,-0.18077406644536473,-0.20339966007938948
2022-04-04_CO,2022-04-29_CO,30,20,0.05230945348739624,0.21057669818401337,100.0,-0.42439190339458416,-0.06696608746540145,-0.005915814430264066,-0.022795038451745547,-0.011239400181056949,-0.09050668591432035,0.01889453094603566,-0.09332611649744868,-0.04134660433230939,-0.19443638931256596,-0.06830686246571063,-0.11128215746897885,-0.13066687463726484
2022-04-04_CO,2022-04-29_CO,30,20,0.05230945348739624,0.21057669818401337,1000.0,0.02383045222352745,0.013694937535536411,0.04060782782696934,0.027888337743217223,0.04460115425801393,0.023167500902309318,0.06873090890912062,0.017944710189786106,0.035346276114009194,0.0074353402131989155,0.07495370077928623,0.0554018747461833,0.03593643614060559
2022-04-04_CO,2022-04-29_CO,30,20,0.05230945348739624,0.21057669818401337,10000.0,0.09348449863649566,0.05414355554870817,0.05997065967520768,0.05527094480895933,0.06343695875406434,0.06654626882291917,0.07048057204044772,0.06094017194847465,0.06586016062482296,0.07318989317794863,0.08755227469297061,0.0806178913764779,0.07584418775293704
2022-04-04_CO,2022-04-29_CO,30,20,0.05230945348739624,0.21057669818401337,100000.0,0.06938941191401538,0.05321611797188075,0.05413976225564615,0.05402259895259595,0.05518104657552655,0.055890445734099486,0.056444316671235534,0.05510112385284227,0.05644342545217559,0.05845363410508583,0.06164657756456968,0.058573900616179786,0.06009855363172593
2022-04-04_CO,2022-04-29_CO,30,50,0.05230945348739624,0.21057669818401337,1.0,-0.09093438293557149,-0.008816699736014177,0.062463248548213474,0.04031254141462301,0.019579685552026743,0.002857342941693236,0.09838313998872844,0.046981958539519114,0.024058950454384786,-0.024470550044134953,0.10658449023823219,0.08810899113895385,0.011202840362769464
2022-04-04_CO,2022-04-29_CO,30,50,0.05230945348739624,0.21057669818401337,10.0,-0.0858869904656255,-0.008327195043576374,0.0627943899950481,0.04078450307182466,0.020027520912918734,0.0034482022482366925,0.0988776597627741,0.04757144038334171,0.0248456628294141,-0.0233416579463277,0.10740887153752535,0.0891255957194956,0.01244961307509975
2022-04-04_CO,2022-04-29_CO,30,50,0.05230945348739624,0.21057669818401337,100.0,-0.04333505036417787,-0.003714642397507545,0.06586958603947626,0.045141199238195984,0.024196814509442378,0.008958511009045655,0.10330468136467089,0.052974645874128534,0.03204388917084045,-0.012948772719996254,0.11471394086659356,0.09823422163291787,0.023750595071213493
2022-04-04_CO,2022-04-29_CO,30,50,0.05230945348739624,0.21057669818401337,1000.0,0.10290109284336782,0.024649550733992914,0.08253551607295909,0.06813390264679722,0.04776483359679309,0.0406694574790957,0.12146479217421244,0.08026794554063993,0.0680133340147468,0.04206170138887311,0.14375689973379852,0.137342078844354,0.07782718234172267
2022-04-04_CO,2022-04-29_CO,30,50,0.05230945348739624,0.21057669818401337,10000.0,0.13530225309648872,0.05810848021736817,0.08465752842970356,0.07923164575098415,0.0681472245467604,0.07234721700990582,0.1053000314980454,0.0890739575091449,0.08445946806511491,0.0853435508887038,0.1254133997899421,0.1244651525844856,0.10005521680578067
2022-04-04_CO,2022-04-29_CO,30,50,0.05230945348739624,0.21057669818401337,100000.0,0.08394616466268226,0.05609102129507387,0.060719994814562556,0.061435625773968744,0.05858276305028886,0.06079339214199478,0.06688719053937478,0.06406505551662059,0.06351183331917903,0.06553278627910872,0.07424157209358201,0.07122686091236272,0.06934774592093122
2022-04-04_CO,2022-04-29_CO,30,100,0.05230945348739624,0.21057669818401337,1.0,0.04999162533906859,0.013171103720956062,0.0793346414476015,0.06483525919626287,0.03516317363398522,0.02151706356951613,0.12703096447077633,0.07223796075683822,0.05722011412943706,0.02771695455716125,0.12527800005560652,0.1331040291406646,0.06350075632251112
2022-04-04_CO,2022-04-29_CO,30,100,0.05230945348739624,0.21057669818401337,10.0,0.051168425103532506,0.013367385073816546,0.07947264604506496,0.06500982439433897,0.035339698531012244,0.0217584411610863,0.1272291923809499,0.07247087327509075,0.05747299176625643,0.028101969351793293,0.12563099675040246,0.13345456902675715,0.06391422783632147
2022-04-04_CO,2022-04-29_CO,30,100,0.05230945348739624,0.21057669818401337,100.0,0.062186918544062664,0.015276669234507906,0.08080344799365119,0.06669244331180024,0.037045891160948134,0.024099244983476487,0.1291094334680351,0.07471366985836594,0.0599009150698916,0.03179826893305521,0.12897314781519895,0.1367796374572498,0.06785691224921973
2022-04-04_CO,2022-04-29_CO,30,100,0.05230945348739624,0.21057669818401337,1000.0,0.1263473152524273,0.030109733562428853,0.09032202759562133,0.07871567067286703,0.04962979509372185,0.04185738894291957,0.14061352109253913,0.09063704354062493,0.07680058618593719,0.05766582884472485,0.1495257664675955,0.1574300517111437,0.09391105395507494
2022-04-04_CO,2022-04-29_CO,30,100,0.05230945348739624,0.21057669818401337,10000.0,0.16602394773909177,0.06292665274580334,0.09808567529903356,0.09201856000164294,0.07214543333491531,0.07855341226341994,0.13116851057822454,0.10761225145682865,0.09694149984450022,0.09691022418454678,0.14933852511151316,0.15501000606348725,0.11809529479652144
2022-04-04_CO,2022-04-29_CO,30,100,0.05230945348739624,0.21057669818401337,100000.0,0.10074728437596392,0.05948453635107781,0.06758180865900473,0.06759256630569835,0.06302347791269544,0.06742906166132598,0.07701406247492953,0.07263961060787891,0.07169999171599657,0.0758259419235136,0.0868967682725946,0.08549981727771902,0.08049665989139711
2022-04-04_CO,2022-08-01_CO,120,10,-0.02441081404685974,0.28954166173934937,1.0,-1.7915633916832294,-0.09266691047784803,-0.17627053308573531,-0.06352586862743076,-0.17098756916102623,-0.192537636805961,-0.14626033086400556,-0.1639446319539476,-0.2520992436752128,-0.592165397723927,-0.39214355820840274,-0.3919736994408757,-0.5561284703961338
2022-04-04_CO,2022-08-01_CO,120,10,-0.02441081404685974,0.28954166173934937,10.0,-1.1768017075802637,-0.06666677418849262,-0.1638370636586236,-0.05503617904808547,-0.16314147990241115,-0.15358082604106332,-0.12990725883510057,-0.1418192098709627,-0.23629742113676125,-0.49519956577644336,-0.3213288663670544,-0.29445888981829194,-0.49209039446242525
2022-04-04_CO,2022-08-01_CO,120,10,-0.02441081404685974,0.28954166173934937,100.0,-0.26344327361957487,-0.008701328428143945,-0.0824334756392886,-0.008105676006727014,-0.10753276542611807,-0.037280138357233816,-0.029041838896070427,-0.0350514193980454,-0.13609699179904547,-0.18277267880543435,-0.06715556688226323,-0.05161468992973839,-0.2173186779517601
2022-04-04_CO,2022-08-01_CO,120,10,-0.02441081404685974,0.28954166173934937,1000.0,0.0743564361544391,0.04513930727078003,0.024663628594240955,0.03705184971450018,-0.01020158687938974,0.059072878415754176,0.07833915892765508,0.062076592934534325,0.002200675419114719,0.056849989441072946,0.08729414957791501,0.08399801717111655,0.007766568588998907
2022-04-04_CO,2022-08-01_CO,120,10,-0.02441081404685974,0.28954166173934937,10000.0,0.0373351103573098,0.00099910558008659,-0.005273669043666773,-0.004487852481337817,-0.01342618421181315,0.011892197544692673,0.010852880175243634,0.011484988142608288,-0.006768062085369102,0.018298005871026896,0.020968641738829452,0.022042053669965506,0.001594569429162825
2022-04-04_CO,2022-08-01_CO,120,10,-0.02441081404685974,0.28954166173934937,100000.0,-0.01097564661177497,-0.021097890474038344,-0.021923747196584603,-0.02198813045237355,-0.02276790416190282,-0.019145288212780387,-0.019513370964142768,-0.019316661041899552,-0.021462393356988296,-0.017107991898558883,-0.01715711348267468,-0.01636113381636478,-0.01911056167420035
2022-04-04_CO,2022-08-01_CO,120,20,-0.02441081404685974,0.28954166173934937,1.0,-1.3384791581908428,-0.1651326833613121,-0.2390205999392941,-0.1248893747071371,-0.1788031478282274,-0.20615361322559828,-0.20682470079937584,-0.19093762352238197,-0.22753435474817926,-0.32827977899060323,-0.2448232763849832,-0.21467080032125777,-0.292014947206696
2022-04-04_CO,2022-08-01_CO,120,20,-0.02441081404685974,0.28954166173934937,10.0,-1.0988645186197619,-0.1553510655481279,-0.2301633024792261,-0.11819768715733822,-0.1747899496829969,-0.18978040406755806,-0.19699831582172542,-0.17987047797695685,-0.22091537857231636,-0.30326276735902996,-0.2255667903081978,-0.18708094920580962,-0.28001924171613246
2022-04-04_CO,2022-08-01_CO,120,20,-0.02441081404685974,0.28954166173934937,100.0,-0.4067737179770422,-0.10246666403693741,-0.15926358148087086,-0.06969823082752369,-0.14074750376541714,-0.10128459482625995,-0.11916650950421917,-0.10058797996463018,-0.16698640612198057,-0.1680115879913001,-0.09684245364691857,-0.05424596324220826,-0.19157270442332433
2022-04-04_CO,2022-08-01_CO,120,20,-0.02441081404685974,0.28954166173934937,1000.0,0.07332785647577417,0.032046503960728334,0.02341652792200069,0.02687764950424154,-0.02671671243813431,0.051902177017386086,0.07286815796591628,0.05043261979004149,-0.011645160044752292,0.05361693175105517,0.10125203934115568,0.10768257212690921,0.0046600562895864435
2022-04-04_CO,2022-08-01_CO,120,20,-0.02441081404685974,0.28954166173934937,10000.0,0.07437346099461631,0.01743931002155133,0.016601603807994192,0.009545804236509442,-0.006110740132603691,0.028777722585624832,0.03809429177760393,0.027668991125165188,0.004416749833138898,0.04228465114224478,0.05205897097407777,0.049626954121632955,0.016484902422093894
2022-04-04_CO,2022-08-01_CO,120,20,-0.02441081404685974,0.28954166173934937,100000.0,-0.0004345346309043985,-0.01808863151978482,-0.018084594335400828,-0.019443977900058862,-0.021166490428621242,-0.015239433539845831,-0.014147991675167143,-0.01570317340706459,-0.018760246027384585,-0.01108699782169889,-0.01019116320767885,-0.009953062288997866,-0.014981290055135979
2022-04-04_CO,2022-08-01_CO,120,50,-0.02441081404685974,0.28954166173934937,1.0,-0.07696560967360747,-0.02061581432237325,-0.020030028105288367,-0.0012863691480845263,-0.08322335241962854,-0.010267844430092321,0.034430110937761244,0.003916453222980398,-0.05900775503385838,-0.021024182877795478,0.03709593358425381,0.037388355122684236,-0.04473590277644981
2022-04-04_CO,2022-08-01_CO,120,50,-0.02441081404685974,0.28954166173934937,10.0,-0.06869985313630006,-0.018116403139092102,-0.01853266213866181,-0.00014229331424375768,-0.08233393523207068,-0.007351349390843531,0.03608596745637052,0.005456628071197928,-0.05791084219571296,-0.017664515839475675,0.0398285209485017,0.0414819881401052,-0.04317093734988714
2022-04-04_CO,2022-08-01_CO,120,50,-0.02441081404685974,0.28954166173934937,100.0,-0.01238147350643018,-0.0037547506268434394,-0.0047713917555817775,0.009955918897656263,-0.07401674733608204,0.01084440125047098,0.051199013986689995,0.019054504500910563,-0.04776403668318782,0.00618953027289082,0.06354702503424439,0.06795599755328194,-0.029087842024904276
2022-04-04_CO,2022-08-01_CO,120,50,-0.02441081404685974,0.28954166173934937,1000.0,0.1504200314361317,0.0465661018506518,0.06388590185363241,0.05335227675781451,-0.026419404461127876,0.07316048502443545,0.12203325459804085,0.07853300405399394,0.005950056456991222,0.09142473030881978,0.15300751907156335,0.15070720181236405,0.035724831283923064
2022-04-04_CO,2022-08-01_CO,120,50,-0.02441081404685974,0.28954166173934937,10000.0,0.14328711188895807,0.0517117720930238,0.06595029169984398,0.04381005796623813,0.00514950788246446,0.07217316638805393,0.09665919683525681,0.07357525733019102,0.02548182000543117,0.08695472250490696,0.11864406294080132,0.11227877453439106,0.04489675223062315
2022-04-04_CO,2022-08-01_CO,120,50,-0.02441081404685974,0.28954166173934937,100000.0,0.027715014174755026,-0.007771047300429046,-0.0026611466746276624,-0.011053888241222554,-0.01616807960465626,0.00038453095458085285,0.00537404925456908,-0.0004251365793582762,-0.009529493981260314,0.007811873946002357,0.013667428067159232,0.012337565659562927,-0.0018628085342146568
2022-04-04_CO,2022-08-01_CO,120,100,-0.02441081404685974,0.28954166173934937,1.0,0.12915185687564792,0.02369942386047133,0.06173049490874996,0.022882304599656095,-0.04648288917877592,0.045546794330550866,0.12334035868372598,0.05416306197354334,-0.011610368081715708,0.058628129857402234,0.14306464131226151,0.13376015114397927,0.02026925979687692
2022-04-04_CO,2022-08-01_CO,120,100,-0.02441081404685974,0.28954166173934937,10.0,0.13068832654259155,0.024329594618154565,0.06205073986664153,0.02332081961074728,-0.046192698179527925,0.04627181958919174,0.1236731214745945,0.05466796471227292,-0.011292715457539432,0.059501964341971914,0.14364072059362615,0.1345603188056031,0.020703260052317245
2022-04-04_CO,2022-08-01_CO,120,100,-0.02441081404685974,0.28954166173934937,100.0,0.1438337813414974,0.02937216231599324,0.06511238886963247,0.02744421864492827,-0.0433864346823836,0.05226656963079504,0.12683812193363259,0.05941799553348562,-0.008236053652762717,0.06706339306306494,0.14901768615006944,0.14122866226340167,0.024818605193066168
2022-04-04_CO,2022-08-01_CO,120,100,-0.02441081404685974,0.28954166173934937,1000.0,0.2078973277370207,0.05466111932065021,0.08531260138559857,0.05273381552185444,-0.022740386397496693,0.08343484569078816,0.1465898671401867,0.08853292734997045,0.013284896038605026,0.10824943733649278,0.17921830827939575,0.174085159511202,0.051030825163902234
2022-04-04_CO,2022-08-01_CO,120,100,-0.02441081404685974,0.28954166173934937,10000.0,0.19938168230132816,0.06928276733112493,0.08564204936641828,0.06358080712922667,0.008288503563937214,0.09589691687666815,0.12749116455108342,0.09822163066557052,0.03463518154980679,0.11935611260736154,0.15711872646715563,0.15293992120417083,0.06254923108865189
2022-04-04_CO,2022-08-01_CO,120,100,-0.02441081404685974,0.28954166173934937,100000.0,0.05368836241782807,0.004876043009998471,0.011299221590790887,-0.00017844511845013789,-0.011466719970320024,0.017519260437010548,0.02336950453285394,0.016437332920736764,-0.0011640184169894225,0.02672669141257933,0.03403375295607533,0.033096652942136595,0.008762124082858888
2022-04-05_RD,2022-04-06_RD,1,10,0.10042467713356018,0.24433721601963043,1.0,-5.292935766709114,-0.11595298613120253,-0.11439456650734375,-0.11756315098216227,-0.17879482714879105,-0.23594876852443375,-0.1593980808665267,-0.22015038685382188,-0.24164003184469077,-0.5238773087144705,-0.4164050196569316,-0.46644261951591154,-0.5334675557420426
2022-04-05_RD,2022-04-06_RD,1,10,0.10042467713356018,0.24433721601963043,10.0,-2.0125985411361382,-0.10257574704573089,-0.10072466317031017,-0.10322727426602299,-0.16785960594269098,-0.2068800257154269,-0.14314599299410902,-0.19495145001922107,-0.22437274008879485,-0.4283523812353786,-0.3634683548589742,-0.3926652178678097,-0.4821433197035407
2022-04-05_RD,2022-04-06_RD,1,10,0.10042467713356018,0.24433721601963043,100.0,-0.3426371190121576,-0.014471386457721558,-0.010572737741353394,-0.010969695623857745,-0.09031633814837214,-0.056004588102859604,-0.038179972392028194,-0.05733547942730399,-0.11552872483878514,-0.09858174679886583,-0.10632295246966766,-0.10333097053064441,-0.22481144517299131
2022-04-05_RD,2022-04-06_RD,1,10,0.10042467713356018,0.24433721601963043,1000.0,0.103068069148647,0.10383311494297323,0.10787071805840434,0.1063970625866334,0.059375047257890314,0.10628789975971742,0.10948948544768294,0.10785633592720803,0.060551903387178675,0.12065391869603631,0.12318762034257039,0.11275577560477187,0.057524785707623795
2022-04-05_RD,2022-04-06_RD,1,10,0.10042467713356018,0.24433721601963043,10000.0,0.11727951933221314,0.09907807106189387,0.09806014582582692,0.09917331862215376,0.09792068125726587,0.09946130743826309,0.10088997264276814,0.0980545403933458,0.09737488807591066,0.10673382385449542,0.10804898041984495,0.10369559096971409,0.09959459879993478
2022-04-05_RD,2022-04-06_RD,1,10,0.10042467713356018,0.24433721601963043,100000.0,0.10252530118601882,0.10070383436916175,0.10032123540759,0.10061834466841874,0.10079110846064343,0.10092922993651024,0.10090431969228722,0.10069483766108822,0.10115990071868862,0.10215133423285028,0.10150378689934986,0.10093394289177748,0.10160824804047175
2022-04-05_RD,2022-04-06_RD,1,20,0.10042467713356018,0.24433721601963043,1.0,-1.1885339605449943,0.02360667342746786,0.025796685693017657,0.01789543114586578,-0.057638443502427854,-0.028186347237722564,0.0006292566264296806,-0.03288991799495855,-0.08979879167743791,-0.08554998435619152,-0.035718962196535975,-0.09529434929366459,-0.17014334530403472
2022-04-05_RD,2022-04-06_RD,1,20,0.10042467713356018,0.24433721601963043,10.0,-0.9892165668078419,0.027360057444233588,0.02965390598572873,0.022479942111854112,-0.05454538462816517,-0.019990787311490177,0.005647140158770575,-0.025405370017569623,-0.08506328258134928,-0.06951591262564902,-0.02653547993694863,-0.07974660839834546,-0.16025478981055735
2022-04-05_RD,2022-04-06_RD,1,20,0.10042467713356018,0.24433721601963043,100.0,-0.3288456713151119,0.05685226511554198,0.05978346283557667,0.05779812674324686,-0.028718406439496146,0.03247403594253606,0.04451521661933863,0.024795099374769536,-0.047729412445965215,0.020481064974488594,0.037779465402051765,0.008181885744205086,-0.0897740522333863
2022-04-05_RD,2022-04-06_RD,1,20,0.10042467713356018,0.24433721601963043,1000.0,0.1257274613092352,0.1252590857332514,0.12679853610861977,0.13207685660633373,0.05730781443049152,0.1299546665412006,0.13129954667131374,0.12831137255625888,0.05884678465323115,0.14505448301317103,0.15130053060792564,0.13577920589460216,0.06474480406102066
2022-04-05_RD,2022-04-06_RD,1,20,0.10042467713356018,0.24433721601963043,10000.0,0.13873651304980925,0.11279710916089908,0.11317053259428037,0.11457131678025662,0.09832382865846571,0.11711913193498766,0.11726747313560737,0.11732747359944104,0.09999888113982984,0.1273756404481182,0.12736540621501566,0.12351398723778051,0.1047193769017473
2022-04-05_RD,2022-04-06_RD,1,20,0.10042467713356018,0.24433721601963043,100000.0,0.1077546550508581,0.10265690376708214,0.102641497481434,0.10278441324209087,0.10082796304423496,0.10320244982928897,0.10362930755126726,0.1035427495452412,0.10141510784643777,0.10539673839185248,0.10532955911793357,0.10450105814850719,0.10243061503408431
2022-04-05_RD,2022-04-06_RD,1,50,0.10042467713356018,0.24433721601963043,1.0,-0.05588841707942033,0.11427648477847174,0.14267610108472395,0.12293536091204832,0.040314483404593544,0.11124210519169062,0.12867930840937472,0.11677935503898829,0.022455727789947727,0.10737976380900313,0.11568565031344619,0.0887996556505792,-0.002097372125523911
2022-04-05_RD,2022-04-06_RD,1,50,0.10042467713356018,0.24433721601963043,10.0,-0.05033101255956121,0.11485796319727792,0.1432100994253701,0.12347003532350234,0.04069003772703985,0.11213612051307867,0.129445371476871,0.11767971534332758,0.023224774883136495,0.10901748985573684,0.11681429180565017,0.09054465033878034,-0.0007767840435490373
2022-04-05_RD,2022-04-06_RD,1,50,0.10042467713356018,0.24433721601963043,100.0,-0.005081873357165534,0.12025932935287256,0.14808323186662856,0.12840771741192047,0.04425705921571641,0.11988437113740577,0.13641266829788565,0.1253943275230614,0.03033919871897493,0.1226867640431045,0.12700067242094285,0.10511752112081779,0.011287098653662925
2022-04-05_RD,2022-04-06_RD,1,50,0.10042467713356018,0.24433721601963043,1000.0,0.14766925392723856,0.14890761884478915,0.17011908690059188,0.1532911043582437,0.06747063164957388,0.1562480847693207,0.16849614341304991,0.16128026732773684,0.06978788431293349,0.1771327107067274,0.17303231035685204,0.16320222914496005,0.07292653138882393
2022-04-05_RD,2022-04-06_RD,1,50,0.10042467713356018,0.24433721601963043,10000.0,0.1828998866342567,0.14407301817959697,0.14778597788637707,0.14295328250566564,0.10068931261105181,0.15174595222261597,0.15415470448369623,0.15473776525267138,0.10862465576043044,0.1698515446500548,0.16566869941856743,0.16508465193574545,0.1194347925170497
2022-04-05_RD,2022-04-06_RD,1,50,0.10042467713356018,0.24433721601963043,100000.0,0.12481212999588262,0.10994438157012679,0.11085981293768105,0.10975944628108922,0.10233210848887231,0.11186725011550666,0.11341300827483192,0.11285081372025382,0.10491029030238926,0.11765056671628282,0.11681730100391333,0.11753710223516334,0.10811957500076246
2022-04-05_RD,2022-04-06_RD,1,100,0.10042467713356018,0.24433721601963043,1.0,0.09790477655597363,0.12003044500705745,0.14184904797368758,0.12064591475970374,0.07221658857061698,0.11496655024180216,0.13553757563008345,0.13643843403806366,0.0740119780904432,0.14214512332063198,0.1359210979094305,0.1267421163908329,0.06435755352971863
2022-04-05_RD,2022-04-06_RD,1,100,0.10042467713356018,0.24433721601963043,10.0,0.09888840602775775,0.1203059502554352,0.14211470493937856,0.12093006977680945,0.07233613267430807,0.11534016279205142,0.13588724639245228,0.13674646564599,0.07419615222289204,0.14259621246672333,0.1363654188474893,0.1272423655854366,0.06467754585502523
2022-04-05_RD,2022-04-06_RD,1,100,0.10042467713356018,0.24433721601963043,100.0,0.10816461465790844,0.12297625220620742,0.1446725972235698,0.123679093330098,0.07349972348829296,0.1189000984068806,0.1392445880706237,0.13964440921913496,0.0759792263515078,0.14683648222738568,0.14061847498837607,0.13194280575334588,0.06775729759913329
2022-04-05_RD,2022-04-06_RD,1,100,0.10042467713356018,0.24433721601963043,1000.0,0.16566261626808695,0.1429112571511501,0.16263382212247005,0.14386117814903654,0.08259805428179529,0.14423879609664508,0.16241671315300307,0.15969246748551985,0.08932650657160879,0.17468161929705137,0.16933416069953333,0.16257845960829126,0.08976284295594439
2022-04-05_RD,2022-04-06_RD,1,100,0.10042467713356018,0.24433721601963043,10000.0,0.21161836872302536,0.16635131795347394,0.17163210320563763,0.16490390285965717,0.10411192841335055,0.17417975038093403,0.17873521587317928,0.1790701244004615,0.1155430918748881,0.19642813352287256,0.1907504802798281,0.19007014824614468,0.12630615860628386
2022-04-05_RD,2022-04-06_RD,1,100,0.10042467713356018,0.24433721601963043,100000.0,0.14399039913649672,0.12115140266210012,0.1221166760879229,0.1205561063405938,0.10447063863322122,0.12411507031333568,0.12584820565627394,0.12610683028998848,0.10918846242979252,0.13178377708904584,0.13117517249066804,0.1328107940111671,0.11396614809439265
2022-04-05_RD,2022-04-13_RD,7,10,0.15704567730426788,0.36477646231651306,1.0,-2.232701369845305,0.03664773704087562,0.07948599827016117,0.02964506826519825,0.03883834605286016,-0.00186206439099329,-0.055388727106765234,0.008058462248886289,-0.09888180549442016,-0.23869764157550494,-0.2803457318726049,-0.2530651780025971,-0.40478883700947943
2022-04-05_RD,2022-04-13_RD,7,10,0.15704567730426788,0.36477646231651306,10.0,-1.228097614660298,0.04283498018788967,0.08665236130354581,0.03699902078024139,0.044560679588438346,0.014590044977311312,-0.03926476302417406,0.022265114184576384,-0.08390827545840342,-0.19438112695097415,-0.23066800442082386,-0.206762736786267,-0.3496597395462653
2022-04-05_RD,2022-04-13_RD,7,10,0.15704567730426788,0.36477646231651306,100.0,-0.20745325912066928,0.08205309594455126,0.12994864518367563,0.08342969806524936,0.08431339224007404,0.09783821394349285,0.05237008564011533,0.09999990981920345,0.008953961203859134,-0.0020071414649769914,-0.01640423097299143,0.001285109300548759,-0.10244833049698232
2022-04-05_RD,2022-04-13_RD,7,10,0.15704567730426788,0.36477646231651306,1000.0,0.15269532223317225,0.14454039783134554,0.1745046606733873,0.15136369684863718,0.1556459204636553,0.1730767132820777,0.15503954498417885,0.17352187279615225,0.14363243316157756,0.16216585370175807,0.16241440506949562,0.17369194134907587,0.13483748632760068
2022-04-05_RD,2022-04-13_RD,7,10,0.15704567730426788,0.36477646231651306,10000.0,0.1778516766262144,0.15941546482142574,0.16591549054503624,0.16288084463056662,0.16796092030720924,0.16876060263171275,0.16529950230167478,0.16714638882165972,0.16878561099416356,0.16861018417414608,0.17261185518816996,0.17094794491233306,0.1713225346598658
2022-04-05_RD,2022-04-13_RD,7,10,0.15704567730426788,0.36477646231651306,100000.0,0.168156963392926,0.15842852883781136,0.1593918329108546,0.15893008365388325,0.15953396530870587,0.16088544402645327,0.16176245877269124,0.16086295772232223,0.16111771099556255,0.16309614049955373,0.16474474879725903,0.1638562153267396,0.16360746674799984
2022-04-05_RD,2022-04-13_RD,7,20,0.15704567730426788,0.36477646231651306,1.0,-0.5735862790966466,0.17593911745119273,0.21229321945543894,0.18337985615529515,0.12578467660793902,0.18129966555342825,0.18518498497616384,0.216106110810913,0.07539908434814363,0.12191401587750803,0.13532294023168576,0.13365666253822928,0.020486029609109096
2022-04-05_RD,2022-04-13_RD,7,20,0.15704567730426788,0.36477646231651306,10.0,-0.4758890098213828,0.17708660698196196,0.21340620347031342,0.18440344251307045,0.12687726294744123,0.1836362273902702,0.18748571894556787,0.21800993451237657,0.0776287683962064,0.12783956197117227,0.14066733409021803,0.13923514997246061,0.025744977461864466
2022-04-05_RD,2022-04-13_RD,7,20,0.15704567730426788,0.36477646231651306,100.0,-0.08309102181622471,0.18605443457461013,0.2219165078391074,0.1923843130156635,0.13610704100620252,0.20130660800269198,0.20515481916596026,0.23253807028688978,0.09623502775552062,0.1701721409744841,0.1800002242572051,0.17990979659578238,0.06632979833276673
2022-04-05_RD,2022-04-13_RD,7,20,0.15704567730426788,0.36477646231651306,1000.0,0.22404426430377136,0.20197122052266514,0.2281641485844648,0.20543995200471615,0.16631061530692817,0.22994746894447532,0.23105602458028077,0.25044351758687333,0.1562354528603245,0.24324704283582715,0.24757122911954155,0.25187601230070855,0.1676527841931207
2022-04-05_RD,2022-04-13_RD,7,20,0.15704567730426788,0.36477646231651306,10000.0,0.2113258615415025,0.17587961672202768,0.1805329448881428,0.17816509493805593,0.17023370620574993,0.18817490679148957,0.1849901772994421,0.19142310770702387,0.1725549843957189,0.1991644792831017,0.2018253810495908,0.20183109633960664,0.18258491129740193
2022-04-05_RD,2022-04-13_RD,7,20,0.15704567730426788,0.36477646231651306,100000.0,0.173389135420667,0.16046039219524993,0.1611713051364771,0.16093024119215898,0.16019950901996177,0.16343650137319,0.16418083574577458,0.16385230170735984,0.16210607365294688,0.16715736478258336,0.16879254727562074,0.16782606426060914,0.16578149411276788
2022-04-05_RD,2022-04-13_RD,7,50,0.15704567730426788,0.36477646231651306,1.0,0.18942076535777402,0.2203083056891515,0.25731546386640525,0.2288329611747449,0.1703806062253116,0.2626610141404031,0.2704389032938943,0.29165537001692593,0.17071577299812354,0.28447223093724466,0.2729856455421408,0.3036425495879822,0.17058510940635144
2022-04-05_RD,2022-04-13_RD,7,50,0.15704567730426788,0.36477646231651306,10.0,0.19231208664617214,0.22050813522020504,0.257477006124625,0.22900670730516828,0.1704978707382491,0.2629360044201542,0.27075059465680296,0.2919303247025973,0.17094644016602878,0.2849920506642699,0.2736667660804978,0.3041209758801276,0.17121204868685155
2022-04-05_RD,2022-04-13_RD,7,50,0.15704567730426788,0.36477646231651306,100.0,0.21717081255132303,0.22229931369032913,0.25887786782297934,0.2305642960459693,0.171592920422068,0.2653922323376384,0.27351230876587607,0.2943464019675711,0.1730792612954143,0.2895955353687554,0.27976050017583876,0.30834270526193464,0.17694010954839537
2022-04-05_RD,2022-04-13_RD,7,50,0.15704567730426788,0.36477646231651306,1000.0,0.30533589403087014,0.22845827464329554,0.26068994833976045,0.23569301976128862,0.17769845884492574,0.2734231479290754,0.2816824677546521,0.2999591967683275,0.1841260752230056,0.3057506652711611,0.30336170847380733,0.32167401360596815,0.20463401927088498
2022-04-05_RD,2022-04-13_RD,7,50,0.15704567730426788,0.36477646231651306,10000.0,0.2786579871067756,0.19844752662437376,0.2103363566474387,0.20323323743565738,0.17835920057894686,0.22756339073747273,0.22948967614606144,0.23613991237155618,0.18386040012002555,0.25388173319707574,0.2562969977808439,0.2592653176544979,0.2039502754999906
2022-04-05_RD,2022-04-13_RD,7,50,0.15704567730426788,0.36477646231651306,100000.0,0.19376389637515878,0.16501401147215816,0.16728578604792943,0.1661411343583523,0.16509935731230177,0.17285929919565962,0.1745864893336835,0.17344223936628916,0.16844559062097172,0.18165490926409905,0.18383450715205277,0.181966409725444,0.175283333397
2022-04-05_RD,2022-04-13_RD,7,100,0.15704567730426788,0.36477646231651306,1.0,0.301729412458044,0.2380645410473594,0.26777596125864156,0.2393010280989157,0.18072709740260273,0.28409455068260525,0.2891189553285932,0.31172091795137,0.18821220106485828,0.31652059596865745,0.3050194386445074,0.3331116643813792,0.20972659430444743
2022-04-05_RD,2022-04-13_RD,7,100,0.15704567730426788,0.36477646231651306,10.0,0.30229825305863745,0.238111914199072,0.2678376320221899,0.23935980864709913,0.18075648319278823,0.2841728988322305,0.28921059863058357,0.3118053427425681,0.18827230166358563,0.3166676110898753,0.3052247035280914,0.33326668692041483,0.20988172191724827
2022-04-05_RD,2022-04-13_RD,7,100,0.15704567730426788,0.36477646231651306,100.0,0.30761604217029054,0.23855283188775836,0.26840755309929143,0.2399120987568932,0.1810381186119335,0.2849033757554312,0.2900662839222844,0.31258770604488795,0.18884602267689146,0.31804234381166485,0.3071562769199794,0.3347106006092062,0.2113590996290746
2022-04-05_RD,2022-04-13_RD,7,100,0.15704567730426788,0.36477646231651306,1000.0,0.3373803356413813,0.24054786234162354,0.2706474688169601,0.2428045340148292,0.18292499261333095,0.28833734848507264,0.2941936441320936,0.3158602143026243,0.1925601497441312,0.32514733499744974,0.3180344113983319,0.34174522194253587,0.22081933034403645
2022-04-05_RD,2022-04-13_RD,7,100,0.15704567730426788,0.36477646231651306,10000.0,0.32233583529924437,0.2200909853907207,0.23849533907582549,0.22439752487277997,0.18220295440943599,0.2587318180133683,0.2625085086053065,0.27492040548176505,0.19079146633258745,0.2927163880891538,0.2926216217765857,0.30169495744936814,0.21932838467629945
2022-04-05_RD,2022-04-13_RD,7,100,0.15704567730426788,0.36477646231651306,100000.0,0.2167139934261562,0.1729209658262123,0.17626778626425554,0.17455363624869802,0.16909832299729358,0.18540955337825696,0.1868470062085048,0.1870818637168555,0.17299259304241696,0.1994658303460852,0.20197767064734481,0.19984504805559608,0.18324922427177218
2022-04-05_RD,2022-05-10_RD,30,10,0.14100505411624908,0.3610684871673584,1.0,-3.006671622122158,0.010695555881683999,0.08845128572659766,0.10338095341694786,0.03993413194695502,-0.03074402873742249,-0.017872315766228886,-0.03608696316058735,-0.044770467880852094,-0.13988704000433502,-0.12626740469670425,-0.17021537294043457,-0.2162466655491981
2022-04-05_RD,2022-05-10_RD,30,10,0.14100505411624908,0.3610684871673584,10.0,-1.1042043283930663,0.0205455618333604,0.0969227993881761,0.11144847327261675,0.04473881147872217,-0.007923057872793265,0.000988435066132165,-0.01784472430850212,-0.03173149810803879,-0.09562654420144379,-0.09489769047849922,-0.12778027165824693,-0.1742494988736619
2022-04-05_RD,2022-05-10_RD,30,10,0.14100505411624908,0.3610684871673584,100.0,-0.08674276406460571,0.08251355217778056,0.14540553200885248,0.1568498520966598,0.07629066079368722,0.10703195077407648,0.09222650715110264,0.08580805001062222,0.043527526489785584,0.09567543635090661,0.05707071463297056,0.05992530230823159,0.009309530040158711
2022-04-05_RD,2022-05-10_RD,30,10,0.14100505411624908,0.3610684871673584,1000.0,0.2135885972398504,0.17531585292480495,0.21261644765954865,0.21324832303086422,0.13186275915486956,0.2253989677781341,0.19449487875721633,0.2166219886158456,0.144804539715057,0.24757023348390877,0.21366294897306318,0.22815565200372287,0.17959339112618755
2022-04-05_RD,2022-05-10_RD,30,10,0.14100505411624908,0.3610684871673584,10000.0,0.1867285066322475,0.15842519525434415,0.17414837378396783,0.1747444393179512,0.14275684240659603,0.18026300107525117,0.17207687276131808,0.17840785089221942,0.14972649878419145,0.18659288156037565,0.18024972132140915,0.18387273154167186,0.16663906148155636
2022-04-05_RD,2022-05-10_RD,30,10,0.14100505411624908,0.3610684871673584,100000.0,0.14852733634405232,0.14352086114642856,0.14571913084783383,0.14596151057537235,0.14131642603422365,0.14664056523116223,0.14610127671952577,0.14642095651454226,0.14232802198754435,0.14754729500010846,0.14712426127945363,0.14768565041461348,0.14474700041044108
2022-04-05_RD,2022-05-10_RD,30,20,0.14100505411624908,0.3610684871673584,1.0,-0.4520379609963967,0.13248071842480938,0.16327028654037118,0.17602513121869848,0.0784385047067458,0.17090287230479576,0.1455290789508054,0.14980550648698912,0.04663902308356834,0.09138271048694441,0.09041103439851,0.09723190073109778,0.028460418659710874
2022-04-05_RD,2022-05-10_RD,30,20,0.14100505411624908,0.3610684871673584,10.0,-0.39795847686691543,0.13394181202454714,0.16535872644020333,0.1779850439254816,0.0800118351177781,0.1734349509075527,0.1481807533572665,0.15244197317743888,0.04973812956603448,0.09777190953518888,0.09679971044797012,0.10332232619035325,0.034023974982794254
2022-04-05_RD,2022-05-10_RD,30,20,0.14100505411624908,0.3610684871673584,100.0,-0.11855014528850316,0.14609464220175405,0.18182506407567461,0.19319045650147504,0.09299966465920471,0.1932219896029647,0.1688457948041116,0.17383282039075648,0.07494591912887592,0.1457222811839365,0.14390818902505467,0.14813207112006127,0.07744619712022131
2022-04-05_RD,2022-05-10_RD,30,20,0.14100505411624908,0.3610684871673584,1000.0,0.22020684185473663,0.18491023597380554,0.22174676314063568,0.22674978582743466,0.13414411866419543,0.2437569441064067,0.22170120554861203,0.23735483719805517,0.14880730209018175,0.25714444082561727,0.24522850136286467,0.2503330217598394,0.19123339678465567
2022-04-05_RD,2022-05-10_RD,30,20,0.14100505411624908,0.3610684871673584,10000.0,0.2177458093828226,0.17038068406540963,0.19298390979463217,0.19495907109367486,0.1479824690891062,0.20263366543751593,0.19516180243973455,0.2027192950902509,0.16078956979846784,0.21471249388792726,0.20806060442370336,0.2121571826951587,0.18771644341446492
2022-04-05_RD,2022-05-10_RD,30,20,0.14100505411624908,0.3610684871673584,100000.0,0.15765784796656876,0.14766256145224937,0.15184122206142833,0.1529953978634295,0.1429158235422235,0.15379804280948167,0.15384958575652066,0.15389369112750928,0.14569778303759542,0.1559879928704295,0.15558389299529712,0.15671924802971285,0.1509268419990527
2022-04-05_RD,2022-05-10_RD,30,50,0.14100505411624908,0.3610684871673584,1.0,0.1400798050925964,0.18712766255893745,0.22864136770782392,0.24863483851951984,0.13881228410367605,0.2391087528070761,0.257256048753398,0.24315105672608656,0.15165874052428596,0.24974128197286077,0.2599936531437891,0.25349641741041923,0.1858129658032364
2022-04-05_RD,2022-05-10_RD,30,50,0.14100505411624908,0.3610684871673584,10.0,0.1435126958199128,0.18752371827981779,0.22889019003037622,0.24883681081051415,0.13900680867546758,0.23965156935254742,0.2575266348168358,0.24368253303288212,0.15198769990205083,0.25064792257841584,0.2606713370360384,0.25428852146808945,0.18648268994154937
2022-04-05_RD,2022-05-10_RD,30,50,0.14100505411624908,0.3610684871673584,100.0,0.1725235619637429,0.19098471703032147,0.2311767871521686,0.25064321221240116,0.14082206709778525,0.24436841886132826,0.259945663245272,0.24835109371410163,0.15504001136120038,0.2585780749623843,0.2666956079881917,0.26121956426104975,0.1926137812260146
2022-04-05_RD,2022-05-10_RD,30,50,0.14100505411624908,0.3610684871673584,1000.0,0.2707064275110843,0.20352247022606693,0.24184316928064925,0.2568073642387345,0.15097876150195674,0.2605088948705445,0.26855426359481316,0.2651731161270289,0.17137246104300652,0.2873699892162701,0.289532177944698,0.286017761435984,0.22244920917305003
2022-04-05_RD,2022-05-10_RD,30,50,0.14100505411624908,0.3610684871673584,10000.0,0.25030118265000345,0.18176965567412542,0.21743471548613655,0.22212051664605076,0.1548745684196998,0.22343632489546347,0.2292822990041137,0.22589269147294885,0.17262607876896416,0.24203433888730813,0.2449534947612926,0.23985787966466507,0.21227458392349488
2022-04-05_RD,2022-05-10_RD,30,50,0.14100505411624908,0.3610684871673584,100000.0,0.16757105857843796,0.15087049709597905,0.1608676234300005,0.16308528394831143,0.14530444380303095,0.16084918119190025,0.16438407950753534,0.1608645874277682,0.14998535383573308,0.1642843128852921,0.1670310372441383,0.16496504115920546,0.1593783527437525
2022-04-05_RD,2022-05-10_RD,30,100,0.14100505411624908,0.3610684871673584,1.0,0.2776004882107119,0.21861383134695542,0.2491823078870566,0.26830553681566344,0.15212805392092424,0.27925358873997175,0.2832525511650099,0.2843576785694813,0.17202085021098687,0.3090132043091802,0.30647061125704433,0.30398198384556735,0.22501127246285224
2022-04-05_RD,2022-05-10_RD,30,100,0.14100505411624908,0.3610684871673584,10.0,0.27812650374376513,0.21867298548499087,0.24924675376568373,0.2683580001874382,0.15218880625667427,0.279326847998816,0.2833197158985484,0.28443978059854125,0.17211240096642624,0.30914734976329333,0.30663930872355544,0.3041287683395143,0.22518137976919284
2022-04-05_RD,2022-05-10_RD,30,100,0.14100505411624908,0.3610684871673584,100.0,0.2830223606768058,0.2192296300610822,0.2498590114908967,0.2688410597487433,0.15277407974401158,0.28000354486066215,0.28393830822772337,0.28520134850734713,0.17298962247419758,0.3103948143832932,0.3082043482782868,0.3054907213776169,0.22680424400083032
2022-04-05_RD,2022-05-10_RD,30,100,0.14100505411624908,0.3610684871673584,1000.0,0.309590202026226,0.22219908523780943,0.2535403871717652,0.27075620967392433,0.15691763425706975,0.28289161128996887,0.28643353666478466,0.2886418107471841,0.1789089783569022,0.31637447931465124,0.315693756490243,0.3119496913029767,0.2372965098563642
2022-04-05_RD,2022-05-10_RD,30,100,0.14100505411624908,0.3610684871673584,10000.0,0.29176813107418526,0.20530798136490774,0.23917139760188516,0.2465207935111262,0.15995505703220012,0.2548221317006622,0.2574855007492381,0.25909113421331076,0.18004554117153185,0.2804359184735056,0.280531048148288,0.2768011236729495,0.23185460056994545
2022-04-05_RD,2022-05-10_RD,30,100,0.14100505411624908,0.3610684871673584,100000.0,0.18917563098191167,0.16259621955949966,0.1742162968970657,0.17712079377171758,0.148529957732809,0.1773535311267087,0.17885796563172698,0.17741329415886797,0.15531422922090446,0.1828611519872376,0.18431913748198098,0.18330465011164632,0.17109904290878708
2022-04-05_RD,2022-08-05_RD,120,10,0.15239262580871582,0.3604070544242859,1.0,-2.3404350110959413,0.069991463934121,0.09710735709429857,0.06508335744470409,0.06911636938704747,-0.0013197479296638004,0.0743803431068937,0.008683198682978122,-0.0734706513641235,-0.26938725891653853,-0.18533888201658782,-0.18595926765036896,-0.27632661143205806
2022-04-05_RD,2022-08-05_RD,120,10,0.15239262580871582,0.3604070544242859,10.0,-1.121942955789553,0.0773846776140241,0.10196462927796751,0.07285454579106179,0.07343882241148224,0.015267803386188938,0.08605187788168092,0.027760970238410954,-0.05457827257974518,-0.21192761856756426,-0.1347126710784376,-0.12761147727058839,-0.2272884314754111
2022-04-05_RD,2022-08-05_RD,120,10,0.15239262580871582,0.3604070544242859,100.0,-0.08183373147730066,0.12707447218490592,0.1356327492836094,0.12469606208009484,0.10445848499056638,0.11287460027379698,0.15072882427992595,0.12743077075565912,0.05500613444807743,0.029604606405741973,0.07934177226782099,0.08930598807634596,-0.004499392744537765
2022-04-05_RD,2022-08-05_RD,120,10,0.15239262580871582,0.3604070544242859,1000.0,0.21186208558647576,0.19941282991188802,0.18539768895617795,0.19849413732819973,0.16112598259330474,0.21654035188267823,0.209984561753754,0.2137434430916118,0.17955074685428807,0.21350785172929176,0.22320190814897461,0.22919248339133197,0.1853230301670377
2022-04-05_RD,2022-08-05_RD,120,10,0.15239262580871582,0.3604070544242859,10000.0,0.19536871233828026,0.17419050460820013,0.1689829911912859,0.17422826992187435,0.16179229478723162,0.1826914835760577,0.17885644301633186,0.1819334290311399,0.17180439580445525,0.19053717598763714,0.18827902783742106,0.19178085762471644,0.1775468460023922
2022-04-05_RD,2022-08-05_RD,120,10,0.15239262580871582,0.3604070544242859,100000.0,0.16610031415598475,0.1554986840951694,0.1551205035101908,0.15549997106771823,0.15397381142724276,0.1577187671499659,0.15780986312067027,0.15772373825886082,0.15625314121971765,0.16126753919840603,0.161115287843131,0.16145149176530552,0.15876828891565326
2022-04-05_RD,2022-08-05_RD,120,20,0.15239262580871582,0.3604070544242859,1.0,-0.5176117749879532,0.1800359317131466,0.18302419846776344,0.1713117730141966,0.12366858291019887,0.1656920234973217,0.1830257904189499,0.1568577279625308,0.11413721967554658,0.06116220508811915,0.12855364216142434,0.1172479030569393,0.057816126541373046
2022-04-05_RD,2022-08-05_RD,120,20,0.15239262580871582,0.3604070544242859,10.0,-0.41945051051274124,0.1812349074551523,0.18368027676632223,0.17275237125925458,0.12469890327297523,0.1688245423802497,0.18494710968346786,0.1593413621098737,0.11657890260266958,0.07026363199705768,0.13409781229803255,0.1250090963357109,0.06336656720187298
2022-04-05_RD,2022-08-05_RD,120,20,0.15239262580871582,0.3604070544242859,100.0,-0.03435449427055917,0.190718730260772,0.18892827813216123,0.18403374144143703,0.13333645557820314,0.19192525598303722,0.19973581085544215,0.1782128419150757,0.13590437276746714,0.1311349414795083,0.17247691998344725,0.17631611764663557,0.10466693168790503
2022-04-05_RD,2022-08-05_RD,120,20,0.15239262580871582,0.3604070544242859,1000.0,0.2397795484505503,0.21214181459302905,0.19895068223314688,0.2095959677136574,0.16101724613041138,0.23169302302537298,0.2253193159868787,0.21797285853196774,0.18484440614430597,0.22597671213819198,0.2366936404053947,0.24909356174890288,0.1939500198610501
2022-04-05_RD,2022-08-05_RD,120,20,0.15239262580871582,0.3604070544242859,10000.0,0.21398040289389858,0.18531911972601042,0.176564387923633,0.18452953243248993,0.16468899780765134,0.19492861225191851,0.18732199154436807,0.1912759438554908,0.17737538400713027,0.2010704274666587,0.20074740676230338,0.20490467690378072,0.1850974505345764
2022-04-05_RD,2022-08-05_RD,120,20,0.15239262580871582,0.3604070544242859,100000.0,0.17085905303982546,0.15810825199971293,0.15702875482305922,0.15793108401947156,0.1551715555902343,0.16145636232225727,0.16048244287252994,0.16111065818714426,0.15870600596419973,0.1654612441412526,0.1650864576371519,0.16570136270661823,0.16180682223466936
2022-04-05_RD,2022-08-05_RD,120,50,0.15239262580871582,0.3604070544242859,1.0,0.16792671727460412,0.24421661632897748,0.21212749417007842,0.23894591153653533,0.16385897098823285,0.25405993387965764,0.24195345252314804,0.24849724612149926,0.1958348192640763,0.23559663142428316,0.2577005422640207,0.2657393153054811,0.18584659234936066
2022-04-05_RD,2022-08-05_RD,120,50,0.15239262580871582,0.3604070544242859,10.0,0.17102278093197182,0.24426905109342886,0.2122663935867398,0.23902788586784438,0.16402607220618928,0.25431939586030927,0.24227873930390817,0.24881277489503956,0.1961157286610523,0.2364116710393334,0.25848341085688253,0.26650753682014805,0.18659343867124792
2022-04-05_RD,2022-08-05_RD,120,50,0.15239262580871582,0.3604070544242859,100.0,0.1972341279466584,0.24468780425918155,0.21350163906279118,0.2397228904548436,0.16557928561002902,0.25659748105094526,0.24517840815858646,0.25158926756915,0.19866888082422252,0.2436281982974701,0.2653577226455259,0.2732511156974863,0.19331351971773583
2022-04-05_RD,2022-08-05_RD,120,50,0.15239262580871582,0.3604070544242859,1000.0,0.2851772970337495,0.24345665506822742,0.21714789970289436,0.24023253557303353,0.17390557087668554,0.2631968658963787,0.2547165830842303,0.26033310864006964,0.20995531693315897,0.2711856904220935,0.2893025254201601,0.29632781813393816,0.222383782547706
2022-04-05_RD,2022-08-05_RD,120,50,0.15239262580871582,0.3604070544242859,10000.0,0.2604188406381864,0.20833605979931225,0.1922028408991822,0.207911286551608,0.1728206598104878,0.2236617861165158,0.21261321282925844,0.22239979603658172,0.19478192365157768,0.23764255196822365,0.24325605732645647,0.24662023902923,0.2078071076660255
2022-04-05_RD,2022-08-05_RD,120,50,0.15239262580871582,0.3604070544242859,100000.0,0.18433331770277747,0.16421765785660278,0.16181619613276815,0.16413985022704264,0.15789698546624312,0.16998871983139455,0.16691047601829143,0.1694879919830932,0.1640936428324885,0.1760659169477451,0.1761897647970451,0.17688424070138353,0.16873136517625065
2022-04-05_RD,2022-08-05_RD,120,100,0.15239262580871582,0.3604070544242859,1.0,0.29754293689917555,0.252986376546567,0.2282269941796786,0.24781272409198943,0.18480943341626366,0.2712717889313807,0.2697168734563915,0.26700416492191853,0.21901397355445576,0.2787905891776882,0.30209968590873193,0.30357241435054094,0.2358107423179144
2022-04-05_RD,2022-08-05_RD,120,100,0.15239262580871582,0.3604070544242859,10.0,0.29800512822649117,0.2530010485565658,0.22826688432616038,0.24783550818044772,0.18484453350818966,0.2713263563976973,0.26979476944865055,0.2670750606269227,0.21907845951157476,0.2789533593459623,0.3022582044783223,0.30375758021117877,0.23595429231064938
2022-04-05_RD,2022-08-05_RD,120,100,0.15239262580871582,0.3604070544242859,100.0,0.30231775565379154,0.25312752210471945,0.22863825264662244,0.24804222577068613,0.1851790005390629,0.27183178626844307,0.27051488454316325,0.267734048492767,0.21968935771792716,0.2804791065939363,0.30373239170548944,0.3054852201627759,0.23731214362464667
2022-04-05_RD,2022-08-05_RD,120,100,0.15239262580871582,0.3604070544242859,1000.0,0.3258862050205584,0.2529883416657303,0.23032037701573863,0.2486213582797504,0.18727375164991597,0.274040614633404,0.27355098562851365,0.2708509517077512,0.2232886461645157,0.28881231864875545,0.31097430586227215,0.31439922697337264,0.24538626956939416
2022-04-05_RD,2022-08-05_RD,120,100,0.15239262580871582,0.3604070544242859,10000.0,0.305534792377498,0.23222186393002653,0.2134572117775524,0.23086202233256228,0.18328546733070447,0.25160816427327715,0.24358829063507387,0.2491540453983215,0.21279039261422275,0.2691095879143927,0.2795812329647165,0.2851321099418217,0.23336489884455014
2022-04-05_RD,2022-08-05_RD,120,100,0.15239262580871582,0.3604070544242859,100000.0,0.20741905175470324,0.17709953276249324,0.17206804812662074,0.17710954119930644,0.16351093538584868,0.18631105991289815,0.1802137544884248,0.1847170500175996,0.1741987813287289,0.19493714368933332,0.19503181260826213,0.19735297468928875,0.18178404475036722
2022-04-05_RD,2023-06-22_RD,480,10,-0.03339537978172302,0.3046796917915344,1.0,-5.589351016817948,-0.10313306130584202,-0.12894209657247188,-0.1982696051413185,-0.1396433870804371,-0.2702071744325266,-0.1825264047955299,-0.23715362812935814,-0.36096846592278453,-0.7421052786269701,-0.37670467982564804,-0.5126426554357331,-0.7127200422342703
2022-04-05_RD,2023-06-22_RD,480,10,-0.03339537978172302,0.3046796917915344,10.0,-2.0311496719418476,-0.09866128725443163,-0.12061098163903947,-0.18870840207896292,-0.1343787954285578,-0.2548258385709711,-0.16657665646848227,-0.22156034758252718,-0.34198611592846606,-0.6395342148947905,-0.3269100684622798,-0.43866463478781437,-0.6395868695407035
2022-04-05_RD,2023-06-22_RD,480,10,-0.03339537978172302,0.3046796917915344,100.0,-0.3354743934059661,-0.06546626839131553,-0.06234437876515153,-0.12303372653854924,-0.09661242158522466,-0.15575324394533913,-0.06741096962054877,-0.12327223601349299,-0.2191871656279465,-0.25392912891816616,-0.0967230715339299,-0.14204666824651072,-0.3105807865285118
2022-04-05_RD,2023-06-22_RD,480,10,-0.03339537978172302,0.3046796917915344,1000.0,0.06960952485649102,0.002524357834071872,0.02177552279799777,-0.011121661382129944,-0.024135554483988336,-0.005650751955287636,0.05164755320437686,0.013080812395132091,-0.02767140149753705,0.006733080201346359,0.08022092893405702,0.05413102919852644,-0.009399059879197555
2022-04-05_RD,2023-06-22_RD,480,10,-0.03339537978172302,0.3046796917915344,10000.0,0.03458371307894603,-0.010297749838373171,-0.009070148397286842,-0.013371207019752002,-0.019312288869180155,-0.007692465855879682,0.007721281853037054,-0.000880881259332833,-0.012488509265410628,0.0033486204318187718,0.022264554818103577,0.014322699628221497,-0.002136793149592799
2022-04-05_RD,2023-06-22_RD,480,10,-0.03339537978172302,0.3046796917915344,100000.0,-0.014000666977575765,-0.0298118140392655,-0.029343787473204375,-0.03003888307893915,-0.03069192494392123,-0.02841438783788075,-0.025353013588749113,-0.026695631271933945,-0.028538841472870464,-0.02452114331300323,-0.021454954738155063,-0.02350548236801875,-0.025191800319174135
2022-04-05_RD,2023-06-22_RD,480,20,-0.03339537978172302,0.3046796917915344,1.0,-1.0133432035426997,-0.06023480110647045,-0.03085353620300521,-0.07704241639055054,-0.055498464519924066,-0.07943287876900229,-0.04126714569270512,-0.052792249804653024,-0.1381875532075961,-0.17964790366449424,-0.013382217686900066,-0.12410356244247644,-0.2848294556731593
2022-04-05_RD,2023-06-22_RD,480,20,-0.03339537978172302,0.3046796917915344,10.0,-0.8769465018046021,-0.05875127968926311,-0.02845667621760775,-0.074890824880323,-0.054377525951036315,-0.07648154506439386,-0.03666159156631918,-0.05010127544737519,-0.13484325070253986,-0.16789919174848736,-0.0065954927689715614,-0.11258290774692062,-0.2722125949243967
2022-04-05_RD,2023-06-22_RD,480,20,-0.03339537978172302,0.3046796917915344,100.0,-0.3168569409149073,-0.04590600000647649,-0.008664913662503326,-0.056718553703756364,-0.04486414829889842,-0.05230020959976042,-0.0004797061999430863,-0.028005541597088207,-0.10723197266961364,-0.09082620401944225,0.04319612411552623,-0.03378430733561455,-0.1819141894790545
2022-04-05_RD,2023-06-22_RD,480,20,-0.03339537978172302,0.3046796917915344,1000.0,0.10553255270889939,0.0009529825291333394,0.04298894842182355,0.002437631967582593,-0.012808745163610477,0.017424036609868188,0.08097296132355097,0.03510784847379944,-0.020648193810305044,0.035970984668450834,0.12922687914815903,0.09310101964247769,0.00219500773422134
2022-04-05_RD,2023-06-22_RD,480,20,-0.03339537978172302,0.3046796917915344,10000.0,0.06838302993467557,0.0005267476710796026,0.008256196438847119,0.0002916392094220177,-0.012331783953006067,0.00811862454297202,0.03094166442107829,0.016180257770188944,-0.00409776062927783,0.020663913098349918,0.051740887333387386,0.03893034108571558,0.012635239349255098
2022-04-05_RD,2023-06-22_RD,480,20,-0.03339537978172302,0.3046796917915344,100000.0,-0.004100980346740057,-0.026430419543876565,-0.025590653144756892,-0.0261776883388678,-0.02865882227121938,-0.023446136745779028,-0.01939380734841481,-0.02119715320452875,-0.025241573812324048,-0.018535898580395338,-0.013561254401386669,-0.016470673201102626,-0.020074580468071496
2022-04-05_RD,2023-06-22_RD,480,50,-0.03339537978172302,0.3046796917915344,1.0,0.0833526596647555,0.04670624823384065,0.10976803588548775,0.05993266288176377,0.012261603738396623,0.07632910747269156,0.1548698149880916,0.09686785338040085,-0.0007046466589637849,-0.09328013776911656,0.19744072547823652,0.10199020277344545,-0.031716532470414775
2022-04-05_RD,2023-06-22_RD,480,50,-0.03339537978172302,0.3046796917915344,10.0,0.08570487058598444,0.04686043576241866,0.1098729942142693,0.06013198281753024,0.012386362689209979,0.07664385217421898,0.15509077214453482,0.097154391232145,-0.00031099676298055695,-0.0907061432944942,0.19806034080434645,0.10325000257123293,-0.030233127003501902
2022-04-05_RD,2023-06-22_RD,480,50,-0.03339537978172302,0.3046796917915344,100.0,0.10551076156415537,0.04826701659409455,0.11077097450727849,0.06194483187474242,0.013532672675104634,0.07948317185765072,0.15699982004069377,0.09972595974513193,0.003312219238252432,-0.06823246857812051,0.20350050029316144,0.11415783679025038,-0.017288109568158128
2022-04-05_RD,2023-06-22_RD,480,50,-0.03339537978172302,0.3046796917915344,1000.0,0.1676965131300852,0.05404982753881993,0.1108471966983419,0.06913734833891022,0.01878088325368507,0.09019850536603599,0.15966750720434816,0.10880205029092874,0.021532047113926405,0.021266208969344585,0.21894844331192206,0.15130732081909595,0.03409227339433606
2022-04-05_RD,2023-06-22_RD,480,50,-0.03339537978172302,0.3046796917915344,10000.0,0.11703716241891929,0.030755565067625695,0.05513208014347054,0.03839944607537163,0.006114496362127075,0.05027054914929613,0.08838704684760607,0.06430126771068137,0.016937295980821932,0.044629528012352954,0.12611362169380066,0.0970444623942395,0.037193790386677396
2022-04-05_RD,2023-06-22_RD,480,50,-0.03339537978172302,0.3046796917915344,100000.0,0.018225022910097227,-0.015538694716099755,-0.012128043790378101,-0.013322988040505718,-0.02175502035077116,-0.009427730835207149,-0.0007372144072406994,-0.004295189091598511,-0.016093990858012264,-0.003429755719878025,0.01006877044964366,0.004198781210356772,-0.008406055136242069
2022-04-05_RD,2023-06-22_RD,480,100,-0.03339537978172302,0.3046796917915344,1.0,0.21683899478291427,0.058502481041827425,0.12498982284779386,0.07879484259618161,0.019952935428862145,0.10539992882837018,0.17101624686868017,0.12077154571614776,0.029602957505040578,0.09995542047941833,0.22924598039508157,0.18544233362671023,0.05782562632565711
2022-04-05_RD,2023-06-22_RD,480,100,-0.03339537978172302,0.3046796917915344,10.0,0.21735383352980703,0.05853254851902301,0.1250128414891314,0.07883382017547122,0.01998531474740368,0.10545287413377102,0.17109439083148476,0.12086194249779006,0.029691357774052157,0.10015874399232444,0.229410484417655,0.18559610521944536,0.05803585438229628
2022-04-05_RD,2023-06-22_RD,480,100,-0.03339537978172302,0.3046796917915344,100.0,0.22212611213132183,0.05881448278930915,0.1252140027264453,0.07919795827614276,0.020293746780364292,0.10594127362593833,0.17181316441899794,0.12170877329630209,0.030534234749853617,0.10206186470741291,0.23093760623701265,0.1870166747473069,0.060033124500583485
2022-04-05_RD,2023-06-22_RD,480,100,-0.03339537978172302,0.3046796917915344,1000.0,0.24622677894910838,0.060190121644475014,0.12503784263524365,0.08087947269621895,0.022187892292615818,0.10781666741764567,0.17450620453109883,0.12598291124934644,0.035933129813393104,0.11231688066152423,0.23788283068205568,0.193208224130768,0.07251806396953363
2022-04-05_RD,2023-06-22_RD,480,100,-0.03339537978172302,0.3046796917915344,10000.0,0.1964275898607511,0.045255128100862185,0.08763547712546785,0.06017669491147393,0.01551139569177106,0.07811030667465033,0.13085441951132132,0.09678640621633802,0.031132454253516018,0.09007965725735181,0.18074474394007856,0.14589127846360306,0.06634060665131876
2022-04-05_RD,2023-06-22_RD,480,100,-0.03339537978172302,0.3046796917915344,100000.0,0.051816406983105745,-0.0045066877741050115,0.0032452203948206415,-0.0002323644184288043,-0.014083093906872938,0.005027111961236952,0.020678465869056084,0.013105868132706255,-0.006337761183121886,0.016716300192023748,0.037536784537966994,0.02882385578085736,0.006591849807466799
2022-04-25_CO,2022-04-27_CO,1,10,0.08879779279232025,0.206690713763237,1.0,-4.502596227161783,-0.49150647073735054,-0.4025300057638199,-0.4449364841107799,-0.3515904483893961,-0.5459945073423249,-0.584432202189322,-0.5004332039546902,-0.48219410476031693,-0.9108302838558732,-0.7912988636688937,-0.9269961311409871,-0.9791794069351546
2022-04-25_CO,2022-04-27_CO,1,10,0.08879779279232025,0.206690713763237,10.0,-2.5748549385878627,-0.4703925998574317,-0.3849174120291057,-0.4199393651856203,-0.337858931418126,-0.5171940909650932,-0.5475291986190667,-0.46872908291375626,-0.45649043925463667,-0.829450030687961,-0.7135362594956737,-0.8347859302515306,-0.8778026002221159
2022-04-25_CO,2022-04-27_CO,1,10,0.08879779279232025,0.206690713763237,100.0,-0.688566955279364,-0.31821950693766365,-0.25959892588476297,-0.2547315231565741,-0.23516312147118593,-0.32784983608184437,-0.32438659459974317,-0.2682493290230088,-0.28636225494340173,-0.44243507752846284,-0.3475923555221212,-0.4132345113810659,-0.4223271200207395
2022-04-25_CO,2022-04-27_CO,1,10,0.08879779279232025,0.206690713763237,1000.0,0.01068485982094941,-0.008389863717859908,-0.0036334667242851892,0.007949122723488383,0.00833158951175523,-0.0012379339650115673,0.005628288526888459,0.03198863214220232,0.018099213496421185,-0.0067921152367275694,0.02251363794504968,0.003900819407952033,0.022728402499826234
2022-04-25_CO,2022-04-27_CO,1,10,0.08879779279232025,0.206690713763237,10000.0,0.11161866854173558,0.08098484768850822,0.08289550257074821,0.07862392490897296,0.08675103357726083,0.08295726894467587,0.09167664859028679,0.09235173437773639,0.09047641538818228,0.08466677058754968,0.09723579204990881,0.09260231450299111,0.09642752896075757
2022-04-25_CO,2022-04-27_CO,1,10,0.08879779279232025,0.206690713763237,100000.0,0.09748775942015372,0.08883342045561698,0.08905382504663084,0.08820630680964245,0.08922139368088522,0.08934379805085818,0.09160157070131345,0.09169045816401838,0.09006407806460959,0.08978586494497484,0.09466873615120744,0.09366566169145568,0.09176094463561929
2022-04-25_CO,2022-04-27_CO,1,20,0.08879779279232025,0.206690713763237,1.0,-1.9581354708222551,-0.18304860896314704,-0.11130580430292836,-0.14370840566851412,-0.12819070212945705,-0.22722789668387933,-0.15610855132455023,-0.17903241797976313,-0.151828602247257,-0.3314670691744868,-0.2429800350740982,-0.2832158814271079,-0.2831430634725962
2022-04-25_CO,2022-04-27_CO,1,20,0.08879779279232025,0.206690713763237,10.0,-1.6317310536760052,-0.17865508201613373,-0.10746252302483708,-0.1391448164467807,-0.12500266975043522,-0.2207248948210813,-0.1495089629812806,-0.17249009892208042,-0.1466568509865932,-0.3197450118055305,-0.23075059334252437,-0.27240436064234,-0.2712299057143148
2022-04-25_CO,2022-04-27_CO,1,20,0.08879779279232025,0.206690713763237,100.0,-0.6282820855149767,-0.14118239409271702,-0.07555640544250972,-0.10151649022179926,-0.09700772951784853,-0.1673076333018153,-0.09736161601775373,-0.11955300791170215,-0.10375145828091585,-0.2316312401935037,-0.14111514073342282,-0.19016366781674457,-0.18121185491234745
2022-04-25_CO,2022-04-27_CO,1,20,0.08879779279232025,0.206690713763237,1000.0,0.02802888569112169,-0.0016544701695187791,0.030319955316862685,0.01839341483213347,0.019708484512264802,0.0036793889224383536,0.0465162112898701,0.03581326279960623,0.038810862375971894,-0.0018302834447340988,0.058638281370384154,0.021275211667125843,0.04090091766694149
2022-04-25_CO,2022-04-27_CO,1,20,0.08879779279232025,0.206690713763237,10000.0,0.1309757235553209,0.08172255367152478,0.08684391049423795,0.0811967929035518,0.08921405690741657,0.08565298419568113,0.09906657019699294,0.09480476735224377,0.09828447600130281,0.09306041068486973,0.1100585247466973,0.10162318465361991,0.1105777356050025
2022-04-25_CO,2022-04-27_CO,1,20,0.08879779279232025,0.206690713763237,100000.0,0.10723727455606452,0.08913180202820667,0.08998682978030698,0.08868468487702275,0.08984700361217425,0.09003988326525739,0.09337564092966855,0.09263251089680599,0.09162833911205699,0.09206254266447536,0.09732177312998588,0.09571607455711359,0.09539690532085254
2022-04-25_CO,2022-04-27_CO,1,50,0.08879779279232025,0.206690713763237,1.0,-0.08527370613680221,0.06166052065546582,0.1318802830614221,0.0958684963767428,0.09696799824560653,0.02773559759995825,0.12260437535831914,0.11155917896245598,0.09873059067985991,-0.017727969884511696,0.10804488243408802,0.04786703461731545,0.07220731743247673
2022-04-25_CO,2022-04-27_CO,1,50,0.08879779279232025,0.206690713763237,10.0,-0.0798598223484456,0.06201567153329293,0.1323513525464974,0.09615724552723018,0.097207005868358,0.028690789879763257,0.12360719624250696,0.11219053331225301,0.0992098152721567,-0.016146011289903894,0.10951042767259714,0.04945142073019956,0.07338071322519704
2022-04-25_CO,2022-04-27_CO,1,50,0.08879779279232025,0.206690713763237,100.0,-0.034049708332899414,0.06533397919906009,0.13659968084288238,0.09882581386420902,0.0994381061808829,0.03748661573924342,0.13264427802667872,0.11796188120123291,0.10362151509999029,-0.0017156942922523788,0.12257913832510847,0.06374798442628013,0.08399614272426074
2022-04-25_CO,2022-04-27_CO,1,50,0.08879779279232025,0.206690713763237,1000.0,0.12965531093659446,0.08438247650006114,0.15404289133305973,0.11257323566173802,0.11188340649410049,0.08382225890162492,0.1716217240370341,0.14564368464336389,0.12613034246187418,0.07136406482417462,0.17754879317318958,0.1302221592471126,0.13388338097375477
2022-04-25_CO,2022-04-27_CO,1,50,0.08879779279232025,0.206690713763237,10000.0,0.18227611588973713,0.09920409440485653,0.13086345184288714,0.11037106236307942,0.11339111738946694,0.1125652912531965,0.15268687774978762,0.13835698696590903,0.12735705538310874,0.1216082072007551,0.16731942371240618,0.1506233002313254,0.14775253149400294
2022-04-25_CO,2022-04-27_CO,1,50,0.08879779279232025,0.206690713763237,100000.0,0.12827719268755525,0.09244174231179442,0.0980779637474877,0.09368350253339133,0.09539248483136388,0.09601213603281761,0.10609551919916821,0.10351628812141137,0.099332106089425,0.09986579088150782,0.11272286937693113,0.10941545319135079,0.1069521542775523
2022-04-25_CO,2022-04-27_CO,1,100,0.08879779279232025,0.206690713763237,1.0,0.01929752684696534,0.03749022291253776,0.11041468344007907,0.0659323403406718,0.08057953115369744,0.013982840523761253,0.12161696587172732,0.08718570031466694,0.09481325158121397,0.013534584254546012,0.12136092896327139,0.06283725202830606,0.08162951131415523
2022-04-25_CO,2022-04-27_CO,1,100,0.08879779279232025,0.206690713763237,10.0,0.020435147591576303,0.03766587272738642,0.11054257183078289,0.06608244408114736,0.08069224144062322,0.014378388525077224,0.12185408253344784,0.08746593702549593,0.09496424376810726,0.014033199610215152,0.12174008528124403,0.06333353760657598,0.08196252841758507
2022-04-25_CO,2022-04-27_CO,1,100,0.08879779279232025,0.206690713763237,100.0,0.03115598049250276,0.03937350634897635,0.11176771039934316,0.06753272325326193,0.08178737294174335,0.018193626416280306,0.12411289529299316,0.09015851503811387,0.09642374076520092,0.01882028309774139,0.12534704197284782,0.06808583737187301,0.08515955072798924
2022-04-25_CO,2022-04-27_CO,1,100,0.08879779279232025,0.206690713763237,1000.0,0.09734166357877672,0.052626569002150986,0.12004640307863479,0.07816697756620611,0.09021709472297564,0.04596015969845854,0.1388248617359357,0.10892665323931422,0.10718483712475739,0.05257234918062528,0.14866252164860416,0.10060139941003998,0.10754280864549319
2022-04-25_CO,2022-04-27_CO,1,100,0.08879779279232025,0.206690713763237,10000.0,0.17071532352837188,0.08486919225092668,0.12318915684296147,0.09628436253306857,0.1074494258698994,0.09735068927371679,0.14543070689424617,0.12907937648648452,0.12437414458553231,0.11031507525869483,0.1639305175874355,0.14241799335271754,0.140623323862041
2022-04-25_CO,2022-04-27_CO,1,100,0.08879779279232025,0.206690713763237,100000.0,0.14002062789025302,0.09250842349568375,0.10139473446702274,0.09379676011388088,0.09849577927045294,0.0969799794957277,0.11146819744596562,0.10711704573763062,0.10476143786065384,0.10312777353628672,0.11976308365798402,0.11476391751689835,0.1148429305870835
2022-04-25_CO,2022-08-22_CO,120,10,-0.023657813668251038,0.31555309891700745,1.0,-3.5315290081493522,-0.17169601391363637,-0.08710479557092535,-0.17169601391363642,-0.35008510009308846,-0.2840309478112467,-0.10118321359573412,-0.11130618640771361,-0.4199180034528171,-0.7207017679434988,-0.4435720348030588,-0.39176922647396806,-0.6878738216446042
2022-04-25_CO,2022-08-22_CO,120,10,-0.023657813668251038,0.31555309891700745,10.0,-1.8801675784436216,-0.16486261212110165,-0.07821579756607924,-0.16486261212110176,-0.3375631779207622,-0.2700228295131162,-0.08796555999509126,-0.09846144999047762,-0.39805202750142205,-0.6499890528805525,-0.3888453436163239,-0.3456027532413184,-0.6337596613757595
2022-04-25_CO,2022-08-22_CO,120,10,-0.023657813668251038,0.31555309891700745,100.0,-0.43685857066435196,-0.11587468585988525,-0.02145162682683402,-0.11587468585988492,-0.24947456630911682,-0.1766673927306861,-0.01033664416630567,-0.02230012647450677,-0.2628401052345947,-0.3288778420450698,-0.1385565667316389,-0.13696546261599535,-0.35938136431998746
2022-04-25_CO,2022-08-22_CO,120,10,-0.023657813668251038,0.31555309891700745,1000.0,0.005759122009330875,-0.02099383485166781,0.04777421202456744,-0.02099383485166803,-0.0781574672055492,-0.019447916211564276,0.06335151246237464,0.05688665658926367,-0.05250592926872605,-0.03203810462247331,0.05584866131028918,0.044902561190701046,-0.04571460570871618
2022-04-25_CO,2022-08-22_CO,120,10,-0.023657813668251038,0.31555309891700745,10000.0,0.00814565965881392,-0.01587582072682034,-0.0004669387696471239,-0.015875820726820394,-0.029475315185489143,-0.01087220566518457,0.005445866941840627,0.003631231386986372,-0.020950654736111202,-0.00998042554323278,0.008216676375868953,0.005435125791903278,-0.01506344816972228
2022-04-25_CO,2022-08-22_CO,120,10,-0.023657813668251038,0.31555309891700745,100000.0,-0.020877807087687994,-0.02235842666516183,-0.02084080535523647,-0.022358426665161774,-0.024061963993769992,-0.02119500743416597,-0.01992436421389851,-0.020232148791489185,-0.022907715741446077,-0.021632842551399023,-0.0201683119258185,-0.020256194055911864,-0.022343447268577576
2022-04-25_CO,2022-08-22_CO,120,20,-0.023657813668251038,0.31555309891700745,1.0,-0.9796218484218148,-0.026766174237903367,0.08196750848679865,-0.026766174237902812,-0.11608851575179248,-0.06108433957009943,0.05873411623825839,0.062153546189824854,-0.17770025388271968,-0.19259701891151904,-0.058589397642519775,-0.018787837001076557,-0.2848535813996901
2022-04-25_CO,2022-08-22_CO,120,20,-0.023657813668251038,0.31555309891700745,10.0,-0.8708986555073615,-0.025424086558933245,0.08318718149236806,-0.025424086558933107,-0.1146089841650464,-0.05803300801907954,0.06152477791202707,0.06465707109053354,-0.1739597143592914,-0.18414814103376786,-0.05047086086058572,-0.012434095722140215,-0.2768287757610312
2022-04-25_CO,2022-08-22_CO,120,20,-0.023657813668251038,0.31555309891700745,100.0,-0.40209460700318045,-0.014696185977416232,0.09226833561467096,-0.014696185977415621,-0.10186259898365742,-0.0338062806042064,0.08274575913614693,0.08354945877681744,-0.1434305729193119,-0.12034503782595823,0.008197326093400042,0.03430372871726345,-0.21349548879655122
2022-04-25_CO,2022-08-22_CO,120,20,-0.023657813668251038,0.31555309891700745,1000.0,0.03254732816445624,0.009630171273640686,0.09463545458279676,0.009630171273640548,-0.05331170085446058,0.02291937529195448,0.11073527949691356,0.10627612002923931,-0.04977723989959288,0.020084866055982947,0.10613195992602334,0.11149927860257813,-0.04159480337428403
2022-04-25_CO,2022-08-22_CO,120,20,-0.023657813668251038,0.31555309891700745,10000.0,0.033238526776159905,-0.00965790263418459,0.018390793641052672,-0.009657902634184645,-0.02560603046258611,-0.0006865781644261881,0.02732115936889848,0.023877082460918353,-0.01888892604648922,0.008685869340852581,0.03402050996459863,0.03209654941183801,-0.005647765538678527
2022-04-25_CO,2022-08-22_CO,120,20,-0.023657813668251038,0.31555309891700745,100000.0,-0.012507571521107874,-0.021647623391390453,-0.017257360055862703,-0.021647623391390508,-0.023405552523696572,-0.020063951573606964,-0.015075739834972929,-0.01644037871171264,-0.021790709015591964,-0.017768697822764357,-0.012868273551267295,-0.014052864888682542,-0.019258187937811238
2022-04-25_CO,2022-08-22_CO,120,50,-0.023657813668251038,0.31555309891700745,1.0,-0.10294445680287678,-0.01145201487897371,0.055448743462841926,-0.011452014878973515,-0.09919605092828591,0.005949303420866886,0.0644337777817292,0.06291089286004817,-0.11959661782481064,-0.00517236166099469,0.03453888584926948,0.0632380963279838,-0.12902027324594145
2022-04-25_CO,2022-08-22_CO,120,50,-0.023657813668251038,0.31555309891700745,10.0,-0.09854677627027741,-0.01084218214596025,0.056280578544658705,-0.010842182145960028,-0.09877949158211126,0.006669787657667875,0.0655395734427599,0.06396996956256779,-0.11873923520230352,-0.0038698187686192764,0.036264102250874564,0.06465741251909862,-0.12763182956962993
2022-04-25_CO,2022-08-22_CO,120,50,-0.023657813668251038,0.31555309891700745,100.0,-0.06073852943519606,-0.005291757956443571,0.06382915807452877,-0.005291757956443682,-0.09482479369238495,0.013215044247739338,0.07550554514943769,0.07354219778036944,-0.11072644980749018,0.00785671132100163,0.05153622749567485,0.07729248100819985,-0.1147994377416464
2022-04-25_CO,2022-08-22_CO,120,50,-0.023657813668251038,0.31555309891700745,1000.0,0.07840728437886449,0.020113207779337283,0.09634294884363992,0.020113207779337755,-0.06910801530126158,0.04249555941703864,0.1168801051705019,0.11418094863286068,-0.06396643078777621,0.05903476104102201,0.11172357888031906,0.12690798643269796,-0.045447282374347135
2022-04-25_CO,2022-08-22_CO,120,50,-0.023657813668251038,0.31555309891700745,10000.0,0.08280676302263151,0.00894963564023879,0.056534702050404034,0.008949635640238651,-0.03025230408577347,0.022391445382298675,0.0699655423203632,0.06903966242256712,-0.014939877187329836,0.04133148072620507,0.07601531934742711,0.07720352926024251,0.004845900503395978
2022-04-25_CO,2022-08-22_CO,120,50,-0.023657813668251038,0.31555309891700745,100000.0,0.001457299536587714,-0.017649974052369205,-0.007768242937503139,-0.017649974052369205,-0.023532292957033563,-0.01489220280795639,-0.004304423066802482,-0.005319465148400121,-0.019588915305842492,-0.010267897591236613,-0.0010859982280426728,-0.002571669817356209,-0.015333793996821776
2022-04-25_CO,2022-08-22_CO,120,100,-0.023657813668251038,0.31555309891700745,1.0,0.1291293008177806,0.04384357467094813,0.14761303953482097,0.04384357467094813,-0.06156387664795448,0.07424271332475418,0.16357748494229368,0.16404371185406477,-0.054270556466963604,0.11017779977103104,0.17645829915619113,0.18860871937387486,-0.02098906076608446
2022-04-25_CO,2022-08-22_CO,120,100,-0.023657813668251038,0.31555309891700745,10.0,0.1299109056555525,0.04398003751828766,0.14775507985193165,0.043980037518287496,-0.06144321462956722,0.07439651655439358,0.16380391128224947,0.16424988104622198,-0.054068520817954734,0.11046654016078516,0.1768015021126054,0.18888962195202916,-0.02067741566930877
2022-04-25_CO,2022-08-22_CO,120,100,-0.023657813668251038,0.31555309891700745,100.0,0.13726221260957908,0.045269070186666815,0.1490863395018457,0.04526907018666684,-0.06026865426896507,0.0758423797448898,0.16593288325788888,0.16618843952773638,-0.05211011190483566,0.11319649754802158,0.180027649252895,0.1915205154696378,-0.0176744311357916
2022-04-25_CO,2022-08-22_CO,120,100,-0.023657813668251038,0.31555309891700745,1000.0,0.18051578626878245,0.05273835171135993,0.15587154131172615,0.05273835171135996,-0.05106707994556866,0.08370402689081977,0.17755743146468825,0.17671956388565102,-0.03732901619886183,0.12926597577324594,0.19808867291562632,0.205473193967888,0.003779284668903806
2022-04-25_CO,2022-08-22_CO,120,100,-0.023657813668251038,0.31555309891700745,10000.0,0.16991949444849147,0.03654488314661383,0.11425778904563308,0.03654488314661389,-0.02807442534905587,0.05649172302277458,0.135886783576608,0.13402801253747626,-0.008443254342014215,0.09998036380547681,0.15879718801308496,0.1563359290442877,0.02867802150717764
2022-04-25_CO,2022-08-22_CO,120,100,-0.023657813668251038,0.31555309891700745,100000.0,0.030989160275622596,-0.010006557118117848,0.011384579344405482,-0.010006557118117848,-0.02272828501605988,-0.00597173788098887,0.017984880850440477,0.01582852196799714,-0.016089482469295608,0.004963391482789098,0.026945524263875864,0.022709276582142668,-0.006968136727788667
2022-06-02_RD,2022-09-30_RD,120,10,0.03368888795375824,0.3539573550224304,1.0,-3.1510135712784493,0.03249480094103396,0.045001787631304,0.03538896717042797,-0.07993825907211384,-0.0750235548901006,-0.04264219591247989,-0.048559358883759784,-0.2181351827971798,-0.2807955755989727,-0.24607650911558948,-0.23190949432584346,-0.3959673373136712
2022-06-02_RD,2022-09-30_RD,120,10,0.03368888795375824,0.3539573550224304,10.0,-1.2775970328105293,0.03784969234553365,0.05065620496949333,0.0416643365038534,-0.07231364588340704,-0.05833943061377134,-0.030797167482605553,-0.03375282678941774,-0.20183236197176324,-0.23836444927737677,-0.19113524640631263,-0.18663205000080313,-0.3462074849867032
2022-06-02_RD,2022-09-30_RD,120,10,0.03368888795375824,0.3539573550224304,100.0,-0.2092960952702324,0.07055320215694064,0.09139730722120695,0.07789834625145356,-0.018283628028348865,0.03670117145479998,0.04474471300063593,0.049282286764398414,-0.0988002900449058,-0.05016076219349111,0.029132658167510372,0.007961821671416541,-0.11765273736596948
2022-06-02_RD,2022-09-30_RD,120,10,0.03368888795375824,0.3539573550224304,1000.0,0.12226469807769669,0.11944828468141505,0.1613176422435408,0.12735291305098528,0.09507747838497331,0.15440869052611111,0.1562303996794447,0.15528466109814484,0.07661937348273352,0.14012182711215845,0.17514422569647561,0.16783285023820563,0.093601041382927
2022-06-02_RD,2022-09-30_RD,120,10,0.03368888795375824,0.3539573550224304,10000.0,0.13882767138621435,0.08961275842490551,0.11753861737601029,0.08504709199362454,0.08562008737381133,0.12103665074617453,0.13499700502277398,0.1269657316074714,0.11537233175766186,0.14580404354920493,0.14877860733407053,0.14858336383869444,0.1281221856284779
2022-06-02_RD,2022-09-30_RD,120,10,0.03368888795375824,0.3539573550224304,100000.0,0.10776318147154906,0.04364366820089707,0.04955505852365466,0.04158497101430872,0.042350053126700066,0.052024806362684334,0.061462833527839655,0.0546912166598392,0.05378916567214639,0.07087338393458609,0.08069725469865699,0.0750432637228364,0.07176778927266532
2022-06-02_RD,2022-09-30_RD,120,20,0.03368888795375824,0.3539573550224304,1.0,-0.8084896506685142,0.06747795282758867,0.07031274265152257,0.04646876813334441,-0.013410527881368789,0.07569485274249982,0.00027948281608533576,0.08704342348979147,-0.03461416717637478,0.004254279599416655,-0.05717428985482367,0.06616204067182602,-0.14963237851924477
2022-06-02_RD,2022-09-30_RD,120,20,0.03368888795375824,0.3539573550224304,10.0,-0.6854574346968808,0.06922900588392636,0.07274868130552378,0.04880497094315184,-0.011066745053014795,0.07864700734130994,0.0071970719327738575,0.0899513280755053,-0.030577221618439548,0.012253409545892519,-0.040398580988439764,0.07331947194089886,-0.13738363584347052
2022-06-02_RD,2022-09-30_RD,120,20,0.03368888795375824,0.3539573550224304,100.0,-0.20703322414834124,0.08284038539452171,0.0931556252358002,0.06721574850011425,0.008943183745090927,0.10142937182719752,0.06027486729449025,0.11241562115149878,0.0020702338097027817,0.06936388617085795,0.0672893429755134,0.12427670089937876,-0.049120491482587354
2022-06-02_RD,2022-09-30_RD,120,20,0.03368888795375824,0.3539573550224304,1000.0,0.17556869397556327,0.12299883128781205,0.154606446399044,0.12090860527392075,0.08263648734763739,0.15962200663126458,0.1753920420769686,0.1696340826201713,0.0989217145646164,0.1812757535892719,0.21787358091409845,0.2139262389340449,0.12274036888391356
2022-06-02_RD,2022-09-30_RD,120,20,0.03368888795375824,0.3539573550224304,10000.0,0.16758133260497077,0.1102763157516149,0.13302868477375715,0.10355023907211278,0.09520244078642043,0.14237385019773088,0.15047678148790494,0.14842398501948062,0.12201627253454606,0.16194677256410372,0.17325625428080318,0.168979528214807,0.13578707513486113
2022-06-02_RD,2022-09-30_RD,120,20,0.03368888795375824,0.3539573550224304,100000.0,0.11909277951690389,0.052056933017857215,0.0587864174219864,0.0471839000372859,0.047672604849461786,0.06498662819818019,0.07420207598983122,0.0684875416426832,0.06414437428119396,0.08717544488200712,0.09881369934187428,0.0918157726368024,0.0846938887871989
2022-06-02_RD,2022-09-30_RD,120,50,0.03368888795375824,0.3539573550224304,1.0,0.08849570856707317,0.15233596152512183,0.19841410631793724,0.15485106496640416,0.12654157031892063,0.17705794033010727,0.19887873352396207,0.17101426731492245,0.12523200947647797,0.16255675088561766,0.22035024453284635,0.21629481629434394,0.12852011070654817
2022-06-02_RD,2022-09-30_RD,120,50,0.03368888795375824,0.3539573550224304,10.0,0.09318350968656286,0.1528491576028851,0.19862608870682097,0.1552550241667524,0.12673825736066024,0.17792185164264604,0.19944548481660151,0.1719692274751065,0.12570956273420922,0.16389016620807292,0.22155991581775897,0.21771945546150764,0.12961614422786963
2022-06-02_RD,2022-09-30_RD,120,50,0.03368888795375824,0.3539573550224304,100.0,0.13238793821145833,0.1573705202190095,0.20054573215303675,0.15882259015433228,0.12854534224248484,0.18560882706050355,0.2045420756756856,0.1805077119845452,0.13007059907607876,0.17572616539520872,0.23217174429725998,0.23014478294089907,0.13948352024932395
2022-06-02_RD,2022-09-30_RD,120,50,0.03368888795375824,0.3539573550224304,1000.0,0.25962851703153345,0.17481122149103984,0.20808757156129165,0.1735321514675008,0.13761872267095085,0.2174437030260266,0.2257636556735149,0.21709948081818053,0.1514675748463358,0.22580677032361893,0.27019602020223393,0.27430979921911924,0.1833878725569991
2022-06-02_RD,2022-09-30_RD,120,50,0.03368888795375824,0.3539573550224304,10000.0,0.2413273021727074,0.15291610657770238,0.17747922217241308,0.1507462344876255,0.12703673580305436,0.19446226499111036,0.19847993192939212,0.1983758439584771,0.14977472208138223,0.2153452809261163,0.228180478137617,0.22915094428975333,0.17730575666468643
2022-06-02_RD,2022-09-30_RD,120,50,0.03368888795375824,0.3539573550224304,100000.0,0.1509087229114574,0.07631935537002732,0.08759664642535095,0.06801142473540994,0.06603607867507401,0.1003292322783329,0.10947569770398027,0.10526944039381392,0.0907573577584946,0.12832851966592415,0.1384713652524873,0.13307084770972036,0.11585190599281925
2022-06-02_RD,2022-09-30_RD,120,100,0.03368888795375824,0.3539573550224304,1.0,0.26600209157661775,0.17591109813476427,0.20450082378563592,0.17175224337334213,0.14129632887839255,0.22227877401085191,0.24148776276753403,0.21534122184627874,0.14743955202987122,0.21971671218775307,0.2906470467693051,0.2681207657168684,0.18677314440214732
2022-06-02_RD,2022-09-30_RD,120,100,0.03368888795375824,0.3539573550224304,10.0,0.2667294709753592,0.17603812396890658,0.20459107149297773,0.17186277551669502,0.14135917915031446,0.222478570352257,0.2415923904705497,0.2155880009259726,0.14758922536296967,0.22005686401402594,0.29084935915411225,0.2684790989490693,0.18702477196615352
2022-06-02_RD,2022-09-30_RD,120,100,0.03368888795375824,0.3539573550224304,100.0,0.27346696783309365,0.17722448174056873,0.2054513201393014,0.1729099138806621,0.1419584445842922,0.2243584496946231,0.24257178774658436,0.21792098114510358,0.14901826451345654,0.22327141997421748,0.2927193494844929,0.27181200784783316,0.1894122302962673
2022-06-02_RD,2022-09-30_RD,120,100,0.03368888795375824,0.3539573550224304,1000.0,0.3089599532159714,0.18357317045721586,0.21086090748192401,0.17955703830928005,0.14582752612778324,0.23528951903106005,0.24771527093625056,0.23212913798959808,0.1584920470795267,0.24305013653236776,0.30147755824290445,0.2893469727753726,0.2043297006989989
2022-06-02_RD,2022-09-30_RD,120,100,0.03368888795375824,0.3539573550224304,10000.0,0.29184747390470583,0.16944314603681745,0.19936200138865556,0.17362641845567586,0.14092653415167036,0.222035656531973,0.22678302331830047,0.22462907058802803,0.16181887263515657,0.24347321492769267,0.26563757731472537,0.2634620100519186,0.20120717019052436
2022-06-02_RD,2022-09-30_RD,120,100,0.03368888795375824,0.3539573550224304,100000.0,0.17616979410400188,0.09981074154994313,0.11760612912068932,0.09182255663134545,0.08474908689568621,0.1308579258308465,0.13915429905350024,0.1354225991371086,0.11190182951011152,0.15569800755005242,0.16501083823394525,0.1598691320538318,0.13557045157520145
2022-06-02_RD,2023-06-22_RD,480,10,0.025612547993659973,0.3046796917915344,1.0,-5.457025905781877,-0.10805365864590177,-0.2541336738864529,-0.1682813421541478,-0.23535823048694252,-0.1812362045023582,-0.20602356423396953,-0.2147240317762106,-0.3211237244453157,-0.556108035804017,-0.45995522172362463,-0.44548555668336043,-0.7374354919219547
2022-06-02_RD,2023-06-22_RD,480,10,0.025612547993659973,0.3046796917915344,10.0,-1.9548931366856883,-0.10273984999889907,-0.24001195194514885,-0.15966265088687687,-0.2191309269984513,-0.1691654777077227,-0.1894398845950605,-0.20040120328369787,-0.2971694674879166,-0.4862612657476688,-0.41115694831500915,-0.39737309961833145,-0.6535475792537149
2022-06-02_RD,2023-06-22_RD,480,10,0.025612547993659973,0.3046796917915344,100.0,-0.32007655616150643,-0.0630280605280718,-0.14366299870487345,-0.09905813275217354,-0.12050539570350048,-0.08977367568228647,-0.08876496933537201,-0.10978917569763882,-0.1568773951207358,-0.19098847299675667,-0.17438032041810556,-0.1712264304821786,-0.2910035813240302
2022-06-02_RD,2023-06-22_RD,480,10,0.025612547993659973,0.3046796917915344,1000.0,0.075997919139043,0.03005326979323658,0.023713145133728797,0.025414622004189424,0.014977784101441072,0.04621236291381925,0.051484112689639955,0.03638751712347382,0.025297472246056208,0.05183812012430014,0.05764538559414731,0.0515494316866314,0.025524898418887842
2022-06-02_RD,2023-06-22_RD,480,10,0.025612547993659973,0.3046796917915344,10000.0,0.07695347429476346,0.04658035956559073,0.05073675886799625,0.051034678342516876,0.03714018638085629,0.05938274035917218,0.062023519641871055,0.05880545245707064,0.0437849043473355,0.0638998574127852,0.06722473974093018,0.06650245122980006,0.052043276059389465
2022-06-02_RD,2023-06-22_RD,480,10,0.025612547993659973,0.3046796917915344,100000.0,0.04543293941761639,0.03091356845129467,0.03197688096159568,0.032656509575310605,0.028590749433934314,0.03586811313218946,0.03718853477791975,0.03662458100811178,0.031092380165800442,0.03840049672132373,0.04240304658023744,0.04195155099763251,0.03578820322406708
2022-06-02_RD,2023-06-22_RD,480,20,0.025612547993659973,0.3046796917915344,1.0,-1.0123361643041864,-0.04337549713911912,-0.038902851268276195,-0.06773422031231746,-0.08609815102239121,-0.056624495799632135,-0.02141768028453278,-0.05766615386750579,-0.11430542461998754,-0.11144622570552734,-0.07521489579475069,-0.09474029557740163,-0.21158020259109953
2022-06-02_RD,2023-06-22_RD,480,20,0.025612547993659973,0.3046796917915344,10.0,-0.8685712611485543,-0.04170106721990188,-0.037077457615468795,-0.06548924465212749,-0.08309644538359263,-0.053506656622361454,-0.01828153057810253,-0.05493591530894762,-0.10966669599281427,-0.10304150729405989,-0.06866698299896556,-0.0879123519845382,-0.20074547052635186
2022-06-02_RD,2023-06-22_RD,480,20,0.025612547993659973,0.3046796917915344,100.0,-0.2956857252196322,-0.02724394397423227,-0.021689101091766416,-0.046444106787328854,-0.05862864391909218,-0.027744174662605592,0.006245630334462127,-0.032371972100816604,-0.07309141997043665,-0.04455959541892818,-0.020010499656357567,-0.03716879369701573,-0.12207853819060255
2022-06-02_RD,2023-06-22_RD,480,20,0.025612547993659973,0.3046796917915344,1000.0,0.10604716346317869,0.028969256641750984,0.031889473561152015,0.022889907947423127,0.015634324550860168,0.05323650319901441,0.06742537302376689,0.04070578195900332,0.026542471874537676,0.07296544899891746,0.08539016276399117,0.07477769143589263,0.043734137102226296
2022-06-02_RD,2023-06-22_RD,480,20,0.025612547993659973,0.3046796917915344,10000.0,0.10496874935059924,0.05378101769390592,0.05508408772105655,0.05531633878583472,0.04046841579934706,0.06859184050663858,0.06953218045765067,0.06429069396435744,0.04963520188360402,0.07877617443445739,0.08171443554507707,0.07952161871782226,0.06474860702872405
2022-06-02_RD,2023-06-22_RD,480,20,0.025612547993659973,0.3046796917915344,100000.0,0.05467831274110163,0.03605583595196252,0.037199788142718876,0.038281481921735916,0.031009430069111454,0.04319542556996564,0.04500297798036085,0.04380478458408396,0.03515821678951191,0.04628309195073119,0.05157106304235859,0.0510422528506376,0.042614936554889515
2022-06-02_RD,2023-06-22_RD,480,50,0.025612547993659973,0.3046796917915344,1.0,0.08322854251498168,0.07423323084299677,0.12855317869765556,0.11463740907490963,-0.11687309804803554,0.13876260658661438,0.16511524020115034,0.13543020336236275,-0.06363015069029455,-0.02714850083275064,0.1887358562780458,0.18678614313332262,-0.13205704219090922
2022-06-02_RD,2023-06-22_RD,480,50,0.025612547993659973,0.3046796917915344,10.0,0.08446068575055726,0.07440775195012078,0.12860332135451527,0.11478386943924784,-0.11484592013198125,0.1389834565860424,0.16526281744827942,0.1356275902697263,-0.061950983234109795,-0.026638122859193814,0.18910589219256793,0.18717847874809493,-0.1291484954162604
2022-06-02_RD,2023-06-22_RD,480,50,0.025612547993659973,0.3046796917915344,100.0,0.09339852830415005,0.07601766290911557,0.12896277021418046,0.1160789868996811,-0.09674926037316023,0.14093077865571324,0.1664813923331149,0.13731596206313182,-0.04704369287750326,-0.021346713121403876,0.1922845148297258,0.1905287459360759,-0.10349954461352691
2022-06-02_RD,2023-06-22_RD,480,50,0.025612547993659973,0.3046796917915344,1000.0,0.11727523960610886,0.08378439672976673,0.12579406745053137,0.11974215654826709,-0.015741647607032172,0.14624971405118664,0.16590238688300654,0.1404735397335408,0.01801331557261912,0.022427298904925397,0.1987615659137463,0.19685695479433155,0.005976779914742871
2022-06-02_RD,2023-06-22_RD,480,50,0.025612547993659973,0.3046796917915344,10000.0,0.11274919510405079,0.07250640605832798,0.08982981118718467,0.09218042469851587,0.03880212966766244,0.10695554101348631,0.11515084632678566,0.10458143351480215,0.052482901942810085,0.07283168964292835,0.1368413755412369,0.13447334482240741,0.06733065920971527
2022-06-02_RD,2023-06-22_RD,480,50,0.025612547993659973,0.3046796917915344,100000.0,0.06240397585054239,0.04543933689591295,0.04981673951347795,0.051248199748373385,0.03556120662738846,0.05738996953402781,0.060515676167693266,0.05795863831958273,0.04102384511737545,0.05218435422205703,0.06809109279723896,0.06705045705906365,0.049552094653774185
2022-06-02_RD,2023-06-22_RD,480,100,0.025612547993659973,0.3046796917915344,1.0,0.21683293060108588,0.10551903972527518,0.13415986089180254,0.13318730956637512,0.07368292956090099,0.1740943540051147,0.17838690993913597,0.1609797447288433,0.10226892587706309,0.18581658978642782,0.21660726897944665,0.22242167115015776,0.12964870964848313
2022-06-02_RD,2023-06-22_RD,480,100,0.025612547993659973,0.3046796917915344,10.0,0.2172935434499395,0.10554468852735022,0.13417967216109697,0.1332242388711798,0.07370397362821732,0.1741283585276816,0.17845399164271372,0.16102765872762526,0.10231888928792603,0.1859320400502454,0.21672117220105067,0.2225141897104731,0.12975965542995405
2022-06-02_RD,2023-06-22_RD,480,100,0.025612547993659973,0.3046796917915344,100.0,0.22155687792940523,0.10578025850047085,0.13435076248866365,0.13356246284869785,0.07389545002325038,0.17442681535183097,0.17906850650072406,0.1614557032803644,0.1027729248164227,0.1869649415877624,0.21776915546144285,0.22334451728474536,0.13078011688180688
2022-06-02_RD,2023-06-22_RD,480,100,0.025612547993659973,0.3046796917915344,1000.0,0.2428502737585922,0.10657757827783129,0.1341561399050756,0.13470394484430823,0.07446506799784455,0.17447486446888608,0.18123278613586574,0.16228905375435684,0.10421015441338932,0.1895567044099588,0.22193909229781933,0.22537493105787668,0.13509081190099118
2022-06-02_RD,2023-06-22_RD,480,100,0.025612547993659973,0.3046796917915344,10000.0,0.2006189583916012,0.08964596581970125,0.10980958878178929,0.11288775216037739,0.0627439989105145,0.13846865637721087,0.14752266820484566,0.13140176129857523,0.08322250421942161,0.14320906434941932,0.1783836991588703,0.1764388921009254,0.10987280281126637
2022-06-02_RD,2023-06-22_RD,480,100,0.025612547993659973,0.3046796917915344,100000.0,0.08841667700575356,0.051790077430703046,0.05950079780392703,0.06061500635111783,0.040804270445563694,0.0689168088836904,0.07376083922511117,0.06896723590766743,0.04797608897878588,0.06852282250211711,0.0846825635106212,0.08344012001021697,0.06038358849084166
2022-08-01_CO,2022-08-08_CO,7,10,0.11754052340984344,0.34786465764045715,1.0,-2.430947273141396,-0.033455966034443174,-0.2428434847434116,-0.02578338189699189,-0.053532580113715415,-0.18440962784439546,-0.2487358260070211,-0.24323565841255446,-0.2569108481197732,-0.7865935309590268,-0.4938368025364923,-0.7126889832849763,-0.7744693930485509
2022-08-01_CO,2022-08-08_CO,7,10,0.11754052340984344,0.34786465764045715,10.0,-1.4766299865523922,-0.02140284784478594,-0.2167682944897562,-0.014322411209256147,-0.0457036864593607,-0.15385111162904563,-0.21637617036403844,-0.19652640146114453,-0.2282231866186634,-0.6328597047656046,-0.4024666669426211,-0.5693192707170606,-0.6656195341273254
2022-08-01_CO,2022-08-08_CO,7,10,0.11754052340984344,0.34786465764045715,100.0,-0.24648668322834397,0.053492124973065186,-0.06180278119279034,0.060097742943122645,0.010748615473789922,0.007839593184471277,-0.03380460006986338,0.003330234950393113,-0.07285802725043736,-0.1220419820998968,-0.06478862635381114,-0.09716072363780706,-0.21865510418275877
2022-08-01_CO,2022-08-08_CO,7,10,0.11754052340984344,0.34786465764045715,1000.0,0.19357774408698425,0.15442403863406512,0.14491107757575736,0.16981931852919757,0.12279678392191307,0.18630298356971856,0.17224159136566275,0.17852357437876343,0.1188475005335463,0.1901835805053543,0.18552071622141109,0.18507272244344117,0.1336569370486117
2022-08-01_CO,2022-08-08_CO,7,10,0.11754052340984344,0.34786465764045715,10000.0,0.18411989871326226,0.1400297365687275,0.14468598874801478,0.1458712891962616,0.13451677924643232,0.15879399944769765,0.15785646103338366,0.15927300598630836,0.14208779781646227,0.16850178277186229,0.16845572859306596,0.1672644043470407,0.15250955365312835
2022-08-01_CO,2022-08-08_CO,7,10,0.11754052340984344,0.34786465764045715,100000.0,0.13977711624586445,0.12161871782131656,0.12212710125169166,0.12218141375903513,0.12077463038936968,0.12555551006032897,0.12617235982799205,0.12645853824487646,0.12340393042367422,0.13036197156786064,0.13083673140138147,0.13090706802790839,0.12741040074161433
2022-08-01_CO,2022-08-08_CO,7,20,0.11754052340984344,0.34786465764045715,1.0,-1.1373378736246418,0.10989319466239508,0.07231646959002039,0.11639450012591357,0.04418728762885221,0.11411383226407715,0.08637332715211904,0.09383468644858331,0.015684398282375927,-0.012251174720289887,0.021560999205037817,-0.05330726135334851,-0.09428067846355026
2022-08-01_CO,2022-08-08_CO,7,20,0.11754052340984344,0.34786465764045715,10.0,-0.8834028893393262,0.1124965907301286,0.07556503027160938,0.11934978373732807,0.04646480571935934,0.1195992816733383,0.09032358996565207,0.09864679191712017,0.019407144220758177,-0.000519732201822054,0.030785242129855533,-0.04003381997584282,-0.0833440073032275
2022-08-01_CO,2022-08-08_CO,7,20,0.11754052340984344,0.34786465764045715,100.0,-0.17041250087010418,0.1320970103924242,0.10201060722290375,0.14181022679781272,0.06552031605543979,0.1599140221076087,0.12147801937784888,0.1352554643320994,0.049189636728957174,0.08061397349166582,0.09598331616784248,0.051061347629356685,-0.004385858304803074
2022-08-01_CO,2022-08-08_CO,7,20,0.11754052340984344,0.34786465764045715,1000.0,0.23252107559383775,0.17146046222727954,0.17301299391035518,0.18787808031898565,0.12639831589203124,0.2311605398541733,0.19815883615368568,0.21225477991076763,0.13255064716497006,0.22554541893144028,0.21846443169181184,0.21067321237265438,0.1555746684261084
2022-08-01_CO,2022-08-08_CO,7,20,0.11754052340984344,0.34786465764045715,10000.0,0.20929330443441718,0.1473185257847257,0.15575570468912628,0.15468712949418392,0.1376667249871593,0.17495758478583598,0.17162716795579483,0.1721555139929833,0.14647195328944554,0.18573980347888103,0.18674309353476054,0.18122755540126398,0.161717428522446
2022-08-01_CO,2022-08-08_CO,7,20,0.11754052340984344,0.34786465764045715,100000.0,0.1464742033129905,0.12358228852310194,0.12475426440393336,0.12427283656398608,0.12210274044253398,0.1295928767283593,0.13006318497565042,0.13013287536070695,0.12563141915892082,0.135593055288618,0.13595468549301445,0.1356694712212989,0.13093907774423164
2022-08-01_CO,2022-08-08_CO,7,50,0.11754052340984344,0.34786465764045715,1.0,0.0826754985348607,0.16317556880469813,0.14486776043769845,0.16923214483804797,0.09519438597618209,0.20192174344049169,0.17159749679668101,0.1869762956331483,0.09634419197614348,0.1679100019357526,0.191233405064933,0.16455842480296665,0.10197305211053508
2022-08-01_CO,2022-08-08_CO,7,50,0.11754052340984344,0.34786465764045715,10.0,0.08805136388866672,0.1635524337693308,0.1453603024668336,0.16967556391007735,0.09569067054998559,0.20282320562930833,0.17228903157461328,0.18774527003015146,0.09700457826624231,0.1694516273512299,0.19245789802100302,0.1659192800674462,0.10324602570914261
2022-08-01_CO,2022-08-08_CO,7,50,0.11754052340984344,0.34786465764045715,100.0,0.13258434624325752,0.1668954077522245,0.1499114358013792,0.17363699175848335,0.10031503775390853,0.210847811542762,0.17855356129708488,0.19460385475074454,0.10308248613918818,0.18317372951763275,0.20330742179371292,0.17796843141914942,0.11471704214446647
2022-08-01_CO,2022-08-08_CO,7,50,0.11754052340984344,0.34786465764045715,1000.0,0.26978689154398783,0.17991063195059998,0.17359246046707932,0.1899159914827751,0.1262608588222194,0.24251611536072823,0.2068112786973508,0.22245672148569898,0.1350842978274632,0.240011041342788,0.24562752629950246,0.22663580960049162,0.16705770698479314
2022-08-01_CO,2022-08-08_CO,7,50,0.11754052340984344,0.34786465764045715,10000.0,0.2508827225149969,0.16100300025305053,0.17176275492487225,0.16958582369565883,0.14383566568222253,0.2039533174345454,0.19300594953191244,0.1937229350845185,0.15361173619464272,0.21652805665029626,0.2160230395352808,0.20591226965816553,0.17671129915461914
2022-08-01_CO,2022-08-08_CO,7,50,0.11754052340984344,0.34786465764045715,100000.0,0.1622118812006416,0.12970685175704813,0.13232516558782437,0.13061939391276653,0.1267236510663832,0.14045885151648047,0.14117969448579756,0.1397528784601062,0.13207900771115103,0.14812711247170038,0.14920156106560548,0.14691215421344933,0.13992596634852783
2022-08-01_CO,2022-08-08_CO,7,100,0.11754052340984344,0.34786465764045715,1.0,0.27142367923897925,0.19293604181632015,0.18933201750066875,0.19976904685561,0.14217254854618674,0.2599505990969363,0.21630691635021188,0.23099815268467866,0.150534313222598,0.263583591308555,0.24394486548484623,0.23699132496834965,0.1825618952196744
2022-08-01_CO,2022-08-08_CO,7,100,0.11754052340984344,0.34786465764045715,10.0,0.27229278545676183,0.19304087130939115,0.18944420584934446,0.19990869108498854,0.1422345589482844,0.26012733753494066,0.21647505420088284,0.23121671236548574,0.1506280111431093,0.263883942044322,0.24431446581078656,0.23731592275600383,0.18278526311498214
2022-08-01_CO,2022-08-08_CO,7,100,0.11754052340984344,0.34786465764045715,100.0,0.2803387492485502,0.19401290841113697,0.19050890457968508,0.20121917310846762,0.14282996370663392,0.2617718204021203,0.21806038842732064,0.2332643281913489,0.15152399038669828,0.26669673553629214,0.24778919673955405,0.24035607884487933,0.18490079378285562
2022-08-01_CO,2022-08-08_CO,7,100,0.11754052340984344,0.34786465764045715,1000.0,0.32257009316107793,0.19875226451922295,0.1970223589890911,0.20852959441172284,0.14692678733846917,0.2700394258889609,0.227187690119225,0.24454220082873965,0.15753982086922827,0.28224676716848845,0.26760563493506173,0.25733764347151167,0.19791279299016074
2022-08-01_CO,2022-08-08_CO,7,100,0.11754052340984344,0.34786465764045715,10000.0,0.30105129346853376,0.18011367458072597,0.18851028175873893,0.19228778172129377,0.1489013811798248,0.23735651428388901,0.2122501722453594,0.22213817659272503,0.16035686383702272,0.2556208487026859,0.24776284051127329,0.2373016358334381,0.19444638394833377
2022-08-01_CO,2022-08-08_CO,7,100,0.11754052340984344,0.34786465764045715,100000.0,0.1820804466655605,0.13768998382821446,0.14184589746563514,0.14021022806663833,0.13154701878337352,0.1550772087961877,0.15289680792925683,0.15254511283447783,0.13822726508581282,0.16477520816340688,0.16399916859133082,0.16048433964809458,0.14916071676389508
2022-08-01_CO,2022-09-01_CO,30,10,0.043499141931533813,0.2545941472053528,1.0,-1.7022369115844747,-0.06369356449872379,-0.05472370683153535,-0.0644411894931591,-0.10116110242226158,-0.19193217149033387,-0.20691200309570018,-0.19015497508093387,-0.2777830228933084,-0.652602323229862,-0.6902291191040137,-0.5528231791429901,-0.8338496199429902
2022-08-01_CO,2022-09-01_CO,30,10,0.043499141931533813,0.2545941472053528,10.0,-1.2412781873951602,-0.051700369400871,-0.04579219867370915,-0.051717494558933014,-0.0899744808432766,-0.16467592921361662,-0.17425631156717372,-0.1634019703939819,-0.24668863777316621,-0.5407454468998109,-0.5602071609919388,-0.4504184608016441,-0.6847501708409175
2022-08-01_CO,2022-09-01_CO,30,10,0.043499141931533813,0.2545941472053528,100.0,-0.33530182506754486,0.011059479774094272,0.011884783489322093,0.0132280030329196,-0.020531736878990514,-0.03529999433681191,-0.010415677754420288,-0.030309546650339136,-0.0873501708520077,-0.16182001194682483,-0.12251220518154518,-0.11250807143531893,-0.2089149153300669
2022-08-01_CO,2022-09-01_CO,30,10,0.043499141931533813,0.2545941472053528,1000.0,0.07811941991775229,0.07688510501275092,0.08795234419294778,0.07919779468158702,0.07388937755219267,0.08381247999905589,0.12206706576042509,0.0910664674282988,0.07591628724971103,0.07659558562389557,0.12393295563555501,0.09742349087842908,0.07322181452461025
2022-08-01_CO,2022-09-01_CO,30,10,0.043499141931533813,0.2545941472053528,10000.0,0.10369122342145118,0.06579955206430349,0.07143978339394094,0.06645621749677594,0.06675816921569597,0.07674484874747245,0.08786232580079642,0.07951719804292892,0.07860605580847038,0.08647930560522732,0.10018714073909199,0.08947667987456348,0.0881584267140151
2022-08-01_CO,2022-09-01_CO,30,10,0.043499141931533813,0.2545941472053528,100000.0,0.07247046278949978,0.04776416714318893,0.04879741199268775,0.04771103626175155,0.04756537625339546,0.051813098667281204,0.0535507737873204,0.05291658162434573,0.05195370931620998,0.05816519154171054,0.06092721704188178,0.05951754305138815,0.05786005017777857
2022-08-01_CO,2022-09-01_CO,30,20,0.043499141931533813,0.2545941472053528,1.0,-1.4796732965034114,-0.010943692825498952,-0.1650980617448842,-0.0045979378811229765,-0.0362336819225314,-0.05678056526934899,-0.24791699243309606,-0.09872727415467569,-0.1402068244990264,-0.22254857163240982,-0.4342298204091226,-0.23569438906836765,-0.2851404516740353
2022-08-01_CO,2022-09-01_CO,30,20,0.043499141931533813,0.2545941472053528,10.0,-1.186519711405933,-0.007998534737648166,-0.15806787115055684,-0.0018801537369002308,-0.03267214521775141,-0.05206466924491565,-0.23400114600599675,-0.09152801460265078,-0.13145529250842894,-0.21001541005242513,-0.4048561060054475,-0.2209508769760692,-0.26747232130953996
2022-08-01_CO,2022-09-01_CO,30,20,0.043499141931533813,0.2545941472053528,100.0,-0.42504514254029957,0.014384948581737333,-0.102000569922124,0.01884259333745647,-0.005135790959645364,-0.01654510599319703,-0.13330934486639992,-0.03822628388593688,-0.06752200194783851,-0.12224413214509522,-0.21847087342328475,-0.11938276754265159,-0.14892125473497264
2022-08-01_CO,2022-09-01_CO,30,20,0.043499141931533813,0.2545941472053528,1000.0,0.06137044959482413,0.06859503487377597,0.04651488504291046,0.06992873988551179,0.06313968965415577,0.07043873694753464,0.06913811562346242,0.0760950293653847,0.06664434708278062,0.055833028689157904,0.06644142633100214,0.07320882220884492,0.05746065839303998
2022-08-01_CO,2022-09-01_CO,30,20,0.043499141931533813,0.2545941472053528,10000.0,0.10973753669261166,0.07143941027829251,0.07344824701032912,0.07197921493120035,0.07193644307725594,0.08118742187406364,0.09032889841247604,0.08274101117182425,0.08526922753477083,0.08816969862162624,0.10121822418432422,0.09271337353957268,0.09234346160418772
2022-08-01_CO,2022-09-01_CO,30,20,0.043499141931533813,0.2545941472053528,100000.0,0.08021303811502423,0.050688493960486636,0.051626997510933664,0.050455710656887615,0.050478042407370805,0.056307171863409944,0.05839143481403766,0.05720814998896839,0.05723260909545808,0.0640145258979759,0.06753549066038311,0.06468264311558336,0.06533501983056948
2022-08-01_CO,2022-09-01_CO,30,50,0.043499141931533813,0.2545941472053528,1.0,-0.05455404126854471,0.10494791628025199,0.09118946684134699,0.10338550657095377,0.059530869488043925,0.08825232679256997,0.10275814080732512,0.10344662241919164,0.07609411220200386,0.04720942899874825,0.09986772436585559,0.07070038681076463,0.0513987869407434
2022-08-01_CO,2022-09-01_CO,30,50,0.043499141931533813,0.2545941472053528,10.0,-0.04830347860414763,0.1052965103023355,0.0916184579917384,0.10371040324877034,0.060053186029994265,0.08898183957186537,0.10353833730161488,0.10427299153981445,0.07672210206330189,0.04873886699660587,0.10141465348734074,0.07236982682248017,0.05264276313786279
2022-08-01_CO,2022-09-01_CO,30,50,0.043499141931533813,0.2545941472053528,100.0,0.0025746230694020378,0.10831990500080083,0.09550628261959893,0.10658047461360495,0.06484413476442417,0.09549131152869733,0.11059909808375465,0.11158537549696265,0.08240989326114515,0.06211408712082289,0.11498484081492444,0.08701247472326917,0.06370717537997223
2022-08-01_CO,2022-09-01_CO,30,50,0.043499141931533813,0.2545941472053528,1000.0,0.15337697037456458,0.11838765556455383,0.11263426437801269,0.1174310484363966,0.08917419941940286,0.12299763839333933,0.1425107503883603,0.1401462118311984,0.10910512382454955,0.1138419911276772,0.16732241407974302,0.14367339316779154,0.11066314003623286
2022-08-01_CO,2022-09-01_CO,30,50,0.043499141931533813,0.2545941472053528,10000.0,0.15908884729727876,0.09813224517062302,0.10287220600720565,0.10072307895970639,0.0980988165507597,0.11390044983461814,0.13286053418224258,0.11924630005790221,0.11367805276616678,0.1196778534843621,0.1543227618758894,0.13526516188425086,0.12255274544553817
2022-08-01_CO,2022-09-01_CO,30,50,0.043499141931533813,0.2545941472053528,100000.0,0.1078855386806904,0.0637876898960725,0.06751504678303358,0.06449819098798357,0.0649461609559425,0.07703436771468641,0.08262982917390646,0.07791273975161328,0.07850859652753647,0.0894583597514744,0.09579345059280597,0.09051525555271031,0.09013238505034342
2022-08-01_CO,2022-09-01_CO,30,100,0.043499141931533813,0.2545941472053528,1.0,0.1535743266521784,0.1302271976465708,0.09004492577338358,0.13088926653138583,0.0925786838240736,0.1441832146225119,0.12501091978344642,0.1465193390691395,0.11131613580180251,0.1298273785486485,0.17662542636961737,0.15641932354057175,0.11648552520921064
2022-08-01_CO,2022-09-01_CO,30,100,0.043499141931533813,0.2545941472053528,10.0,0.1545531842602069,0.13028731786100758,0.09024773400354169,0.13091956348517378,0.09268739743402436,0.14431544419429077,0.12528061736984736,0.1467108095669653,0.11148843936162807,0.1301260793508403,0.17698613524774073,0.15676593917176151,0.11680778352463035
2022-08-01_CO,2022-09-01_CO,30,100,0.043499141931533813,0.2545941472053528,100.0,0.16358553257565536,0.13081066616727188,0.09218466763664096,0.13117140387246123,0.09373030398936484,0.14552371030194358,0.12785171549258612,0.1484814869606426,0.11313057888701084,0.13290573758619414,0.18037698249717027,0.15998924791712635,0.1198591513243394
2022-08-01_CO,2022-09-01_CO,30,100,0.043499141931533813,0.2545941472053528,1000.0,0.2108455999724084,0.13160953975855827,0.10492259807080478,0.13077444867270444,0.10087400991156008,0.15067395201003775,0.1445401565231152,0.1571440800811562,0.12373647897783135,0.14783756816123336,0.19978517735787435,0.17712891361681118,0.13868883020489375
2022-08-01_CO,2022-09-01_CO,30,100,0.043499141931533813,0.2545941472053528,10000.0,0.20867470773588126,0.10673426148873236,0.10936655542025389,0.10733583542419725,0.10424749317222176,0.1279255374194173,0.14821830502930441,0.13411074425399142,0.12468239953247655,0.13773844394214432,0.18507036352008474,0.1586229899175894,0.14255901889615324
2022-08-01_CO,2022-09-01_CO,30,100,0.043499141931533813,0.2545941472053528,100000.0,0.12246569563520862,0.06746592996681958,0.07256387460577088,0.06782972293434045,0.07016288708836804,0.08187617547537776,0.09186023145656808,0.08280869416740924,0.08479510869058904,0.09427248313188402,0.10763292591509899,0.09672803345240294,0.09681277695264727
2022-08-01_CO,2022-12-09_CO,120,10,0.13028979301452637,0.26583996415138245,1.0,-1.1383773152541443,0.010821427578930176,0.06960383445192064,0.055243304542311106,0.018103435436804084,-0.05665409922576656,0.00968670316250117,0.04357296900468163,-0.06404437111230335,-0.27314501896674526,-0.2215296479604183,-0.24976534473345374,-0.3534414658273772
2022-08-01_CO,2022-12-09_CO,120,10,0.13028979301452637,0.26583996415138245,10.0,-0.7253531245050981,0.016083192238277894,0.0743456589617533,0.061250117043342406,0.02391094631061902,-0.043582034439070244,0.022227053443929917,0.05257848511976984,-0.05000919976849003,-0.22954325832772987,-0.16595134610345597,-0.20712061886140848,-0.2986321858303969
2022-08-01_CO,2022-12-09_CO,120,10,0.13028979301452637,0.26583996415138245,100.0,-0.10072787630267263,0.05328027331085927,0.10802961762618274,0.10095209318493975,0.06407510022411429,0.032405047699819056,0.09575639494630372,0.10692138855738828,0.03328861773667497,-0.036917464341084616,0.05489828840401409,-0.005516466013861354,-0.06387630798953182
2022-08-01_CO,2022-12-09_CO,120,10,0.13028979301452637,0.26583996415138245,1000.0,0.1492975665850458,0.12392817561317218,0.16110575359397888,0.14872058207369004,0.1326913956030905,0.1302119273114022,0.1705327632738718,0.1633463344780926,0.13680861942045497,0.1343182489947499,0.18421839287263767,0.17062982541333865,0.13228616655780537
2022-08-01_CO,2022-12-09_CO,120,10,0.13028979301452637,0.26583996415138245,10000.0,0.1504564485899786,0.13267136177862074,0.14276509915095514,0.1360236209508666,0.13573073819535236,0.1357913818469959,0.14584217991175877,0.14140542174413398,0.13871100189155747,0.14106572287408217,0.14978440474916493,0.14875819830993214,0.1413002483056414
2022-08-01_CO,2022-12-09_CO,120,10,0.13028979301452637,0.26583996415138245,100000.0,0.1355955301545688,0.13070164207527352,0.13219755335638403,0.13103203485102796,0.13112030608350633,0.13124178223799976,0.13335645781371835,0.13215222924352543,0.13187608021032968,0.13259244277920923,0.1342984448265711,0.13381336362182208,0.13298027666694023
2022-08-01_CO,2022-12-09_CO,120,20,0.13028979301452637,0.26583996415138245,1.0,-0.6707731344055818,0.08294630049089297,0.13310175252678078,0.13158366392975956,0.09884966472125827,0.05550656551374386,0.11299283671116525,0.12951533930788023,0.08004564641974435,0.007892483674820233,0.06299018573644441,0.03606313856839985,-0.005607275979859078
2022-08-01_CO,2022-12-09_CO,120,20,0.13028979301452637,0.26583996415138245,10.0,-0.526459221237034,0.084232882994488,0.13436981184317978,0.13284404785839757,0.10005518683073339,0.05800019956337793,0.11566582941594947,0.13153203503865082,0.0825302100448199,0.013639125748376113,0.06992392822774515,0.04361272075137307,0.0009277202738555793
2022-08-01_CO,2022-12-09_CO,120,20,0.13028979301452637,0.26583996415138245,100.0,-0.10683407236165396,0.09502518982930366,0.1447236396197857,0.14277928667806725,0.11011747655522301,0.07799073307099094,0.1366644748421804,0.14730142036376687,0.10187611835986767,0.05474130168119651,0.11836203172321677,0.09794813099399527,0.04792248880248257
2022-08-01_CO,2022-12-09_CO,120,20,0.13028979301452637,0.26583996415138245,1000.0,0.1598973703459649,0.13018916587148527,0.1693443835800255,0.16252165186220463,0.14105744860819497,0.1337814364248934,0.18221703779039353,0.17891374529058127,0.1489941949083736,0.14067679789791768,0.19606876265000756,0.1959554985432972,0.14518094694364223
2022-08-01_CO,2022-12-09_CO,120,20,0.13028979301452637,0.26583996415138245,10000.0,0.16719883002533584,0.13635280110927234,0.1489857926230539,0.14367154314577865,0.14157014538958987,0.1402840314771157,0.15667876455924243,0.15125376836908574,0.14586533829738801,0.147516752966436,0.16209996615083813,0.16456375722190342,0.1502933546703382
2022-08-01_CO,2022-12-09_CO,120,20,0.13028979301452637,0.26583996415138245,100000.0,0.1404480138079758,0.13156550632838038,0.13376109795260113,0.13252422330895297,0.13239987938398173,0.13248914301372197,0.13638880548104793,0.13450344812427942,0.1337350289721196,0.1349206725241137,0.13783519636073943,0.13765739999819065,0.13563234358954077
2022-08-01_CO,2022-12-09_CO,120,50,0.13028979301452637,0.26583996415138245,1.0,0.040304175030991984,0.10022217382011431,0.168823682130435,0.14456253792816953,0.13079923737207533,0.09747322098760847,0.1678214723839401,0.16688729529349697,0.12251940910500884,0.08672433631426071,0.17058064419137264,0.16713497834625984,0.10264617216153016
2022-08-01_CO,2022-12-09_CO,120,50,0.13028979301452637,0.26583996415138245,10.0,0.04400857283417897,0.10056096389201039,0.1689848620060877,0.1448379533409871,0.13100663597082157,0.09799172202605891,0.16826975063858082,0.16724661066492288,0.12298051733673095,0.0876213953955261,0.1713291875206474,0.1678983491305128,0.10350897977428646
2022-08-01_CO,2022-12-09_CO,120,50,0.13028979301452637,0.26583996415138245,100.0,0.07507690861908387,0.10373177452312221,0.17042925436661557,0.14733579933458935,0.13294127436475192,0.10279062487114063,0.1723201653381877,0.17042861318088218,0.12721531622349194,0.09574145126971531,0.17804018916638312,0.17473319071210425,0.1113328114045476
2022-08-01_CO,2022-12-09_CO,120,50,0.13028979301452637,0.26583996415138245,1000.0,0.18159672315636383,0.12238789550473636,0.17576431605279486,0.15847829179627965,0.14377403514145523,0.1291454298931023,0.18971220690415128,0.1818346340414461,0.14877046256867332,0.1351681821830809,0.2063208302800114,0.203464831936155,0.1492226560755184
2022-08-01_CO,2022-12-09_CO,120,50,0.13028979301452637,0.26583996415138245,10000.0,0.2004155347918514,0.1390877836775086,0.1603394419167714,0.15167607613734524,0.1478750205923526,0.14753087572298018,0.17448938808667738,0.1623545448498698,0.15514796596166233,0.15676901969010498,0.18715283659238424,0.18600905187602848,0.1637107669084578
2022-08-01_CO,2022-12-09_CO,120,50,0.13028979301452637,0.26583996415138245,100000.0,0.1520390125667318,0.13330827403467965,0.13782638653906415,0.13553294055910728,0.13515967744364146,0.13571760546268963,0.14329461439599414,0.13896012049182155,0.13775911448133396,0.13957681126128532,0.14632531041017896,0.14576352432664041,0.14129939815940346
2022-08-01_CO,2022-12-09_CO,120,100,0.13028979301452637,0.26583996415138245,1.0,0.18927688196359876,0.1350934105838631,0.18575707070533423,0.16929468259309957,0.15233623563082702,0.14718916009863073,0.2067739273731607,0.1893243267908268,0.15913127226235138,0.1495923228883738,0.2155373550564343,0.20846893557194476,0.16133221745275075
2022-08-01_CO,2022-12-09_CO,120,100,0.13028979301452637,0.26583996415138245,10.0,0.1898856936530321,0.13516151947605748,0.1857992870813378,0.16935195085838475,0.1523800874841282,0.1472833493298884,0.206874679956428,0.18943591266255744,0.1592254348833927,0.1497849803706804,0.21571558019228704,0.20867197997724055,0.16151965032753748
2022-08-01_CO,2022-12-09_CO,120,100,0.13028979301452637,0.26583996415138245,100.0,0.19555903395335178,0.13581184880233882,0.1861930623495432,0.16988332375085227,0.15280000508115618,0.14818007509038822,0.20782064623796395,0.19046666471928442,0.16012100675523802,0.1516074102224552,0.21739794639220011,0.21057060502355698,0.16329942750237872
2022-08-01_CO,2022-12-09_CO,120,100,0.13028979301452637,0.26583996415138245,1000.0,0.22726912084930148,0.1401377414837658,0.1880864669192976,0.1723959153932616,0.1555976538652066,0.15396919734831038,0.21293212010447582,0.1951730650140227,0.16580171631157498,0.16285192050261538,0.22722749780586793,0.2208559521867334,0.1746222442107204
2022-08-01_CO,2022-12-09_CO,120,100,0.13028979301452637,0.26583996415138245,10000.0,0.2308945943858954,0.1432605995943501,0.17522623051133743,0.16113553868102787,0.15459769076151417,0.15548475523912117,0.19669583310758576,0.17612211490409405,0.16447490147740437,0.16677662431972817,0.21203084480434983,0.2045923087803675,0.17776198582287425
2022-08-01_CO,2022-12-09_CO,120,100,0.13028979301452637,0.26583996415138245,100000.0,0.16427681380435227,0.13492857483748988,0.14348133460832788,0.13888354471651393,0.13847175263940023,0.13900270387178115,0.15161708837543136,0.1432645954422706,0.1418572501901182,0.14385824838417988,0.15545848588672032,0.15331049997912363,0.14700999840499165
2022-08-25_RD,2022-08-31_RD,7,10,0.1293235421180725,0.34967321157455444,1.0,-1.2037402680724147,0.06629330789630294,0.08132109218615191,0.0911135830378503,0.06943735380141236,0.02684080837976091,0.07641030750125433,0.03178186858575474,0.0052826141194778535,-0.38383793719453824,-0.16055091845139852,-0.2948997976671235,-0.37670967543730455
2022-08-25_RD,2022-08-31_RD,7,10,0.1293235421180725,0.34967321157455444,10.0,-0.7558536167396634,0.07276372275171328,0.0868150565008281,0.09613084031617061,0.0749200403891317,0.03876717010311756,0.08621635552248386,0.04342110601605395,0.017737143613218303,-0.2983450280254571,-0.10676843943202863,-0.20903971661319773,-0.2972856162801994
2022-08-25_RD,2022-08-31_RD,7,10,0.1293235421180725,0.34967321157455444,100.0,-0.09333517471313207,0.11139820383431168,0.12348758267139598,0.1272029799934672,0.10966140397859675,0.10400209555717374,0.14162087335991264,0.10445638738611124,0.08867873298950642,-0.008587378254966471,0.08881327982234977,0.050278376406551195,-0.009613627002031527
2022-08-25_RD,2022-08-31_RD,7,10,0.1293235421180725,0.34967321157455444,1000.0,0.1723921601576366,0.16086344793544083,0.1714440858391443,0.16631686626625863,0.15013603319714233,0.1728564607154012,0.1887568577480111,0.17292885115264736,0.16011560792044374,0.16969355582941154,0.19463629305647873,0.18132724570016087,0.15999220386602803
2022-08-25_RD,2022-08-31_RD,7,10,0.1293235421180725,0.34967321157455444,10000.0,0.16325436646126373,0.14411355960875685,0.14806692922528697,0.1458571429702237,0.1386960484188264,0.15175960025082247,0.1559777144334467,0.15478369931034236,0.14359460771464896,0.15830294417187438,0.1609561279031729,0.15957523591477948,0.14784154058724308
2022-08-25_RD,2022-08-31_RD,7,10,0.1293235421180725,0.34967321157455444,100000.0,0.1397584300816541,0.13142731738333616,0.13239407561391603,0.13175157668379026,0.13080678218906036,0.1335908993552884,0.134815474531347,0.13430438518004678,0.13185033786357483,0.13597297447924175,0.1374271054058024,0.136573185484791,0.1334474444224933
2022-08-25_RD,2022-08-31_RD,7,20,0.1293235421180725,0.34967321157455444,1.0,-0.9367280633190078,0.09519438516177847,0.0850826618408507,0.11092605344297443,0.11197921807440703,0.1049924565415278,0.11337810225198167,0.06312407621030575,0.08407734949434209,-0.02138785924821368,0.04259716393779037,0.006151946854260598,-0.016053683530533065
2022-08-25_RD,2022-08-31_RD,7,20,0.1293235421180725,0.34967321157455444,10.0,-0.7544005419286861,0.09764837547812294,0.08713051408536185,0.11306334542394544,0.1133684169971529,0.1082430021929417,0.1158413500874908,0.06653790209533741,0.08700560509194415,-0.012860765236708038,0.05065941572257385,0.013893975285628885,-0.007747389458090827
2022-08-25_RD,2022-08-31_RD,7,20,0.1293235421180725,0.34967321157455444,100.0,-0.19620764087141265,0.11662666092681628,0.10432170809942462,0.1295001239693779,0.12465785886916093,0.132621115725824,0.1353728559244691,0.09313718897931178,0.10976275697915272,0.04763699102388219,0.10651083642110812,0.06883846327216328,0.05185993979900871
2022-08-25_RD,2022-08-31_RD,7,20,0.1293235421180725,0.34967321157455444,1000.0,0.17748442067374268,0.16232434016172112,0.1579843221483847,0.1677418246977859,0.15421652411816647,0.18221443162192097,0.18356231781949897,0.16390256331218503,0.16187811348361544,0.16928980781185665,0.20054469199842864,0.17597107832698888,0.16351844022824968
2022-08-25_RD,2022-08-31_RD,7,20,0.1293235421180725,0.34967321157455444,10000.0,0.18229798237446307,0.15270288865190113,0.15420290541049692,0.15461987427222146,0.1459110582369774,0.16166162264867034,0.16639993502888545,0.16447428470093362,0.15163682241291043,0.1709617269248854,0.17410182869199053,0.1713958377355105,0.15718518761028202
2022-08-25_RD,2022-08-31_RD,7,20,0.1293235421180725,0.34967321157455444,100000.0,0.14751546096979787,0.13371471462696913,0.13484768616112702,0.13424682499572377,0.13282198792280023,0.1377500615181719,0.13936822462893658,0.13882241368989634,0.13485984648886729,0.1419800214322403,0.14365590015800364,0.14264987647009106,0.13770520350305548
2022-08-25_RD,2022-08-31_RD,7,50,0.1293235421180725,0.34967321157455444,1.0,0.13827824757668064,0.1609472532793546,0.1636330089362476,0.16574430026997095,0.15001560488593427,0.1876157475353622,0.2356263933865318,0.2109577393627297,0.15539341843433752,0.2013118649411361,0.24662599213030245,0.21210714291152916,0.14648406877912257
2022-08-25_RD,2022-08-31_RD,7,50,0.1293235421180725,0.34967321157455444,10.0,0.14157019558772763,0.1611864925252643,0.16388083156378724,0.16599103784707556,0.15019683087120728,0.1879259998169172,0.23589152919261264,0.2112999001071846,0.15571528089567813,0.20199451492390139,0.24727263370091201,0.21275182321843372,0.1471892735635679
2022-08-25_RD,2022-08-31_RD,7,50,0.1293235421180725,0.34967321157455444,100.0,0.1691989119718094,0.16336058736272585,0.1661720185756743,0.16823503449014632,0.1518672252254549,0.1906991812701293,0.23821818439289724,0.21433663591540608,0.1586425729229791,0.20805047797755383,0.2529211358139447,0.21843867311400894,0.1535441921114841
2022-08-25_RD,2022-08-31_RD,7,50,0.1293235421180725,0.34967321157455444,1000.0,0.2570082880945843,0.17346035075306743,0.17776791147779294,0.17867511408670006,0.16017936476559874,0.20147816139612332,0.24445191226011923,0.225315492813499,0.1720435198362316,0.23156526821583717,0.2702384161579865,0.23927601463061832,0.18158349642345217
2022-08-25_RD,2022-08-31_RD,7,50,0.1293235421180725,0.34967321157455444,10000.0,0.23184016158036116,0.16526206332128154,0.16957780888070076,0.16921958991682293,0.1546940350222617,0.18041409128562982,0.20258312091673744,0.1984054210663128,0.16331724656897342,0.20718434280252185,0.21674365758585623,0.20883288676261375,0.17390260471734534
2022-08-25_RD,2022-08-31_RD,7,50,0.1293235421180725,0.34967321157455444,100000.0,0.16288300287834445,0.13888970359023656,0.1416126815655543,0.14028582600469527,0.13662228601570522,0.14582317766308867,0.1514847966968977,0.1509114385404458,0.13990604607883647,0.1552544417682726,0.15673589990209527,0.15587937334779048,0.14426248421348442
2022-08-25_RD,2022-08-31_RD,7,100,0.1293235421180725,0.34967321157455444,1.0,0.28407200458568305,0.17482163172616075,0.1781539792598508,0.1784876554471075,0.16063132352522994,0.20948104752593918,0.2607145531748356,0.24359481154627735,0.1791039400810461,0.25433036861460473,0.2919235318126677,0.2643004293332589,0.19599591844053185
2022-08-25_RD,2022-08-31_RD,7,100,0.1293235421180725,0.34967321157455444,10.0,0.2845570630975595,0.1749023213683153,0.17822902595856502,0.1785732900678378,0.16068020526847746,0.2095709109054407,0.2607881351473921,0.24369797124050313,0.17917742633708675,0.25449548126983107,0.29205857529265816,0.2644670844709298,0.19612656408030912
2022-08-25_RD,2022-08-31_RD,7,100,0.1293235421180725,0.34967321157455444,100.0,0.289057257185692,0.17566652661296964,0.17894889066085884,0.1793846364133434,0.16114800746729444,0.21041245631445935,0.2614716900643159,0.2446588639644934,0.17987438159480282,0.25603665128613906,0.29330676658218946,0.2660175381569446,0.19736384671271492
2022-08-25_RD,2022-08-31_RD,7,100,0.1293235421180725,0.34967321157455444,1000.0,0.31259220768327345,0.1803997736812893,0.18379565523617525,0.1844143288385133,0.1642253331688559,0.21492733124966473,0.2645347096880075,0.2495442698702908,0.1840801375551375,0.2641517753587921,0.2988603645665042,0.27385213199917674,0.20479297063586147
2022-08-25_RD,2022-08-31_RD,7,100,0.1293235421180725,0.34967321157455444,10000.0,0.2858112058185806,0.17698061023391226,0.1806637089327072,0.18070444334801428,0.16135105238384637,0.19992684848426265,0.2354029375317327,0.22927468419652566,0.17625727278515066,0.24232431530593954,0.26011084166899834,0.24759880833117845,0.19426848445660203
2022-08-25_RD,2022-08-31_RD,7,100,0.1293235421180725,0.34967321157455444,100000.0,0.18408169791722653,0.14592227655239207,0.14935567564820318,0.14786447705483788,0.14110195702744996,0.15494412976010807,0.16557969384117793,0.16532840492746465,0.14611449070699226,0.17085746550440378,0.17298993057113699,0.1719001031585657,0.15244119523996974
2022-08-25_RD,2022-09-21_RD,30,10,0.02580101788043976,0.27110010385513306,1.0,-3.0720826112872652,-7.176350297123352,0.013501232004849734,-5.516956632661297,-0.05713453498358209,-5.848626005827822,-0.08474197009875434,-5.0666942629129235,-0.18494927129597705,-4.742529460810995,-2.402124802390972,-3.52280474293822,-1.9179809452691303
2022-08-25_RD,2022-09-21_RD,30,10,0.02580101788043976,0.27110010385513306,10.0,-1.6946271310308387,-0.6732426307125279,0.019208274841522432,-0.47006617410596646,-0.05226952631110326,-0.516566141907258,-0.0702526197390298,-0.40958627879981446,-0.16866193180150243,-0.5474793374624809,-0.3461622967398147,-0.43020712274679296,-0.5844934201333901
2022-08-25_RD,2022-09-21_RD,30,10,0.02580101788043976,0.27110010385513306,100.0,-0.4043539489075892,0.06096337034545182,0.0571852642677908,0.05937592431916694,-0.018038428510568767,0.034494325067652876,0.016284940885089194,0.06293673053288001,-0.07814396855928693,-0.0756494810460473,-0.041174507825766954,-0.04008274305233858,-0.18337447115377814
2022-08-25_RD,2022-09-21_RD,30,10,0.02580101788043976,0.27110010385513306,1000.0,0.03002521872922212,0.06807406024558232,0.09954795434363531,0.08108410711929756,0.04744748884273601,0.08476569175141824,0.10591393668816984,0.09628419283464637,0.042169759881864506,0.06864246185650141,0.08825985503735545,0.08097170958509264,0.04469796648547545
2022-08-25_RD,2022-09-21_RD,30,10,0.02580101788043976,0.27110010385513306,10000.0,0.06755859069284484,0.03944273485425162,0.06378714949416145,0.04836489926660237,0.046636197746058684,0.06137951240786771,0.07424120179542745,0.06574740442514712,0.05341472710791593,0.06873294090193968,0.07421889025887446,0.07259803052272329,0.06386415726248428
2022-08-25_RD,2022-09-21_RD,30,10,0.02580101788043976,0.27110010385513306,100000.0,0.049384967764552784,0.027490726061023152,0.0333932262616016,0.028802161903544538,0.02957419762139225,0.032758076068161446,0.03814697494853517,0.03339638125667746,0.03263192423767131,0.038167606897481055,0.042902836037859715,0.04088124003712204,0.03876972622179148
2022-08-25_RD,2022-09-21_RD,30,20,0.02580101788043976,0.27110010385513306,1.0,-1.5764099857714795,-1.31120089423897,0.08966176597367692,-1.2069662597058612,0.027063109692844294,-1.1614871556148736,0.10162654253948616,-1.1067779484404048,-0.019803376571972203,-0.9666802955604101,-0.5816805326580144,-1.292536426433128,-0.6123825881943501
2022-08-25_RD,2022-09-21_RD,30,20,0.02580101788043976,0.27110010385513306,10.0,-0.6632153114857946,-0.1529554975728974,0.09106685607119003,-0.13664864069223723,0.028155124208305727,-0.12418853568005947,0.10387123557488107,-0.10460063112136389,-0.017092075004747853,-0.10839580519366415,-0.06836505488083233,-0.19442818798394104,-0.11913938203196779
2022-08-25_RD,2022-09-21_RD,30,20,0.02580101788043976,0.27110010385513306,100.0,-0.22196594550751442,0.05206585864671731,0.10225894287828771,0.05447282481096813,0.03720532760375613,0.06705476705498986,0.12071830882182039,0.08589293008879556,0.004414208398092155,0.034006590048874547,0.06423471356947147,0.03732340853711674,-0.0031193829104742645
2022-08-25_RD,2022-09-21_RD,30,20,0.02580101788043976,0.27110010385513306,1000.0,0.0754035376454121,0.049884461375402506,0.12163609036126133,0.0627917722693842,0.06416283190684278,0.08262880279050713,0.14459326433659045,0.09433294509402954,0.06314645958175473,0.08686353957150444,0.11185629040459058,0.0989828711947433,0.07966923316043857
2022-08-25_RD,2022-09-21_RD,30,20,0.02580101788043976,0.27110010385513306,10000.0,0.07762224531638248,0.03487434370126352,0.07806389355434856,0.04716851103323155,0.05863951427475322,0.05939547432458869,0.09061928653831344,0.06652301305630959,0.06545014557336971,0.07042685677746677,0.07197146800867846,0.07337880706827596,0.07337539719648353
2022-08-25_RD,2022-09-21_RD,30,20,0.02580101788043976,0.27110010385513306,100000.0,0.05698511851848306,0.026213620055324904,0.039482198436852634,0.028558895114018018,0.033828320987299924,0.036130412855238714,0.04690873903762782,0.03749877730751261,0.0395231666048704,0.04508030253773518,0.049251945063994884,0.04785596628715344,0.04794225621869875
2022-08-25_RD,2022-09-21_RD,30,50,0.02580101788043976,0.27110010385513306,1.0,-0.929319393614854,-0.3032481815397891,0.1255603719868011,-0.3392018380510494,0.049882265007173236,-0.4808657211391981,0.15797094143940899,-0.3902288889608803,0.047665235401578326,-0.5477558177631516,-0.10105843868126901,-0.3973413878620484,-0.11285522111351103
2022-08-25_RD,2022-09-21_RD,30,50,0.02580101788043976,0.27110010385513306,10.0,-0.2726926013571603,-0.060220359783911936,0.1257654912523193,-0.05929027756908731,0.0500818658588927,-0.09418386822648853,0.15834707988799174,-0.03499283295141317,0.048074811346301594,-0.09488245918145718,0.07479692791132408,-0.042536364094522605,0.005103263754645787
2022-08-25_RD,2022-09-21_RD,30,50,0.02580101788043976,0.27110010385513306,100.0,0.06219184034660297,0.08708531925721386,0.12759705933977616,0.10397163238714793,0.05194408117109372,0.13307647273570053,0.16162719977498635,0.1514766800327145,0.05177838762036699,0.12888041241735013,0.1524145113672799,0.1348328418110008,0.07901469210740694
2022-08-25_RD,2022-09-21_RD,30,50,0.02580101788043976,0.27110010385513306,1000.0,0.13838502404551423,0.07781405699836319,0.13348081531741982,0.09273928419432587,0.062350058173493844,0.12194334619819217,0.17022391713017773,0.12951483169082312,0.06996739438193872,0.11697023577418983,0.14762742226266562,0.13239638203791426,0.10373367103359077
2022-08-25_RD,2022-09-21_RD,30,50,0.02580101788043976,0.27110010385513306,10000.0,0.12175346164040132,0.0568742345173372,0.10012240450006815,0.0714622821266184,0.06441576628490726,0.08685645647979817,0.12112422011922985,0.09433032405819486,0.07375201197645175,0.09492093747857441,0.10325773477199107,0.10284058008886793,0.09519188276084041
2022-08-25_RD,2022-09-21_RD,30,50,0.02580101788043976,0.27110010385513306,100000.0,0.07012525082342305,0.030011259347665575,0.05105554476909252,0.03431266001530206,0.040396333430770835,0.04677039605953584,0.06233381486140288,0.049830724194565496,0.048531872704030615,0.05722331024511049,0.06179617517445554,0.0609216721407545,0.06027616442096544
2022-08-25_RD,2022-09-21_RD,30,100,0.02580101788043976,0.27110010385513306,1.0,0.001612177538754811,-0.15660341493011268,0.109620183086651,-0.11476124559870274,0.039323330558061725,-0.055881502495827906,0.14349674552183805,-0.04781408773451348,0.0438512191195684,-0.06925098011296127,0.02182645492856705,-0.03820607767188708,0.023592244895726183
2022-08-25_RD,2022-09-21_RD,30,100,0.02580101788043976,0.27110010385513306,10.0,0.004596524991972523,-0.15346220908365726,0.10976194332212932,-0.1119895039778141,0.03942346584202302,-0.05334988066797508,0.1436937907653314,-0.04526308503645754,0.04403843841225174,-0.06624416980693745,0.024160711075706942,-0.035385043427476365,0.02467549125493441
2022-08-25_RD,2022-09-21_RD,30,100,0.02580101788043976,0.27110010385513306,100.0,0.030684865569519215,-0.1255613017708883,0.11111648945599456,-0.08734987731175448,0.0403949933593706,-0.030771108290596566,0.14555685778613428,-0.022516975938535216,0.04581641069367406,-0.03964582886778076,0.044770527941702665,-0.010353557805899138,0.03440093680505151
2022-08-25_RD,2022-09-21_RD,30,100,0.02580101788043976,0.27110010385513306,1000.0,0.13699232765500285,-0.004644539719591861,0.11993791044909088,0.02004241738067486,0.04776684662654032,0.0691909848976609,0.15655068938992167,0.07801967696141449,0.05767679500239923,0.07442654090383294,0.13037334999247013,0.098293370311575,0.08040796562240878
2022-08-25_RD,2022-09-21_RD,30,100,0.02580101788043976,0.27110010385513306,10000.0,0.1669597001669107,0.06730692637903463,0.11434606711429934,0.08366530896979418,0.06128526639050028,0.11345880367528685,0.141102153488577,0.12277139544155125,0.07352089028697768,0.12724304498318628,0.14444392395533628,0.14049678220516218,0.107750237330986
2022-08-25_RD,2022-09-21_RD,30,100,0.02580101788043976,0.27110010385513306,100000.0,0.09281462794748663,0.04049693790729805,0.06387290819027674,0.047682600508902856,0.0464216817903803,0.06352312414971825,0.07788914121684404,0.06910497374374336,0.05543919345104034,0.07595802240721508,0.08090533720671542,0.08066994562012625,0.07243685585379399
2022-08-25_RD,2023-01-10_RD,120,10,0.031212031841278076,0.3034535050392151,1.0,-5.543791414370667,-0.08641097366364758,-0.1427502977120309,-0.1867692503859849,-0.11484987979476476,-0.19797094766815027,-0.26540065886055525,-0.2132562325879577,-0.20518691325503513,-0.40186552468622005,-0.5997587867665386,-0.45558349851494867,-0.394264592010122
2022-08-25_RD,2023-01-10_RD,120,10,0.031212031841278076,0.3034535050392151,10.0,-1.814026588693067,-0.08017680045866832,-0.12262477752610784,-0.16220672489957313,-0.10569929923623461,-0.17646871440700257,-0.23148813199759002,-0.18059736188005568,-0.18946448832052573,-0.3562391345854799,-0.49187953662260997,-0.39608984591965657,-0.35805399077850897
2022-08-25_RD,2023-01-10_RD,120,10,0.031212031841278076,0.3034535050392151,100.0,-0.32592535128456124,-0.03229725607740547,-0.0019392004534354856,-0.017881202764318566,-0.03729940290897679,-0.04413585678193607,-0.03825446811799946,-0.007601548353820875,-0.08125749878480129,-0.12153907086054841,-0.07156669637339427,-0.10648250836669121,-0.15115885364479298
2022-08-25_RD,2023-01-10_RD,120,10,0.031212031841278076,0.3034535050392151,1000.0,0.1208010079768102,0.07256183173835573,0.13935326108710114,0.13450112779635714,0.09925710811676706,0.11903471125626572,0.16351436676250689,0.13692793520991764,0.09972724469875009,0.1098833636513605,0.17486587410799426,0.13745384328564894,0.11043695527456732
2022-08-25_RD,2023-01-10_RD,120,10,0.031212031841278076,0.3034535050392151,10000.0,0.14077512286869936,0.05214695065829553,0.11171287533792093,0.10248301448552097,0.07753687367955743,0.0971349779084979,0.13584134138734982,0.11366417607342413,0.09205640422529486,0.1126699849453491,0.14041840131233083,0.125084285103819,0.11518150705705654
2022-08-25_RD,2023-01-10_RD,120,10,0.031212031841278076,0.3034535050392151,100000.0,0.08473208488896733,0.03386037455740157,0.048623743637295325,0.04534479544159056,0.039292404333183685,0.044864427261498446,0.060257952866274556,0.05374441303980118,0.04551355510275982,0.056238167415541496,0.07068977870066964,0.06373863358937387,0.05849269336082214
2022-08-25_RD,2023-01-10_RD,120,20,0.031212031841278076,0.3034535050392151,1.0,-0.3735480675624203,0.011360405708647353,0.15545379001992488,0.13731503051851882,0.08242505595951853,0.08290339503203126,0.13724947999463086,0.1260944316602843,0.05391456985704928,0.03761187376137681,0.10003140292670293,0.07851505195931621,-0.009638755034797932
2022-08-25_RD,2023-01-10_RD,120,20,0.031212031841278076,0.3034535050392151,10.0,-0.3306144705820952,0.012552254294305565,0.15617537572726256,0.13856860047673322,0.08320823844960848,0.08520398834758733,0.13986618480712282,0.12784822069957014,0.056022017679520614,0.04220903223579117,0.1046881275543933,0.08325683057671215,-0.005011787820105186
2022-08-25_RD,2023-01-10_RD,120,20,0.031212031841278076,0.3034535050392151,100.0,-0.09922722037307105,0.023309891288114698,0.16230844395082175,0.14887571772816685,0.09010730599512824,0.10447222548021656,0.16104839469051802,0.14241889242072772,0.07388810412406754,0.0774214309436344,0.1403599999946381,0.11868450524572446,0.03246822201808302
2022-08-25_RD,2023-01-10_RD,120,20,0.031212031841278076,0.3034535050392151,1000.0,0.1912622537147929,0.07352123683030648,0.18217403227812648,0.17888338101585963,0.11832857512708948,0.1695878266386283,0.21840147689386274,0.1892594742363,0.13515572445928237,0.17126639750835682,0.22550403158845844,0.20139794476593625,0.14532276363822694
2022-08-25_RD,2023-01-10_RD,120,20,0.031212031841278076,0.3034535050392151,10000.0,0.21115450925407836,0.08091470997941991,0.1670426080954448,0.16096429583978855,0.11593423292321954,0.16734929416432998,0.19791111538332662,0.1777891202696396,0.1398122284519518,0.1757964355574661,0.20944929971758275,0.18899660877375718,0.16261587841959899
2022-08-25_RD,2023-01-10_RD,120,20,0.031212031841278076,0.3034535050392151,100000.0,0.14063966759339877,0.040760109863080235,0.08275788953540353,0.07321151140885185,0.056343753563149135,0.07779656373871119,0.10927601441886292,0.0959444761101135,0.07574178403898522,0.10197845683411177,0.12770909510086734,0.11521891699782255,0.1013536367787498
2022-08-25_RD,2023-01-10_RD,120,50,0.031212031841278076,0.3034535050392151,1.0,0.08866834204736612,0.07443046549979374,0.20501322562211435,0.19366323880244768,0.12407703127656784,0.2004006901260633,0.20225987290438205,0.20321937077601018,0.14146339909871467,0.17864985455635604,0.19488673103807033,0.19704286001358104,0.1343510761155271
2022-08-25_RD,2023-01-10_RD,120,50,0.031212031841278076,0.3034535050392151,10.0,0.09184092593582863,0.07467212981111757,0.2051136998876573,0.19389324881283415,0.12422705739538896,0.20055815614807865,0.2028844126176878,0.20356128521680955,0.14176609504590762,0.17932038528856278,0.1959522356323396,0.19781369773472426,0.13508036094269568
2022-08-25_RD,2023-01-10_RD,120,50,0.031212031841278076,0.3034535050392151,100.0,0.11937680122617686,0.07697332371796942,0.20602173354237355,0.1959969312111817,0.12563901784378614,0.2020007823021942,0.20866036594124418,0.20669577290076363,0.14458588326129915,0.18539063192065608,0.20553117604649307,0.20476197416113928,0.14178725513874232
2022-08-25_RD,2023-01-10_RD,120,50,0.031212031841278076,0.3034535050392151,1000.0,0.22656533284554434,0.09196375448990085,0.20927519427620134,0.20542161314701282,0.13395529554157545,0.20887222393636468,0.23842841025780204,0.22135557217766008,0.16006472874802394,0.21359840265370814,0.2481925204349149,0.2358364701357726,0.17666344193506422
2022-08-25_RD,2023-01-10_RD,120,50,0.031212031841278076,0.3034535050392151,10000.0,0.24588086728021158,0.09717405111411384,0.18869518558537915,0.1863785148412838,0.13091810743084187,0.1915659703793244,0.2268817120772284,0.20016267156803064,0.15754421974600488,0.2021395219895335,0.23882623158445868,0.21820587180292417,0.18410185631647244
2022-08-25_RD,2023-01-10_RD,120,50,0.031212031841278076,0.3034535050392151,100000.0,0.1632074672347264,0.04865840509761357,0.1132052323249759,0.10147098614479363,0.0734169563410682,0.10539062736048932,0.14226207976975505,0.12560450272334345,0.0976993829914441,0.12945732488337028,0.1563688595067829,0.1423094579299925,0.12490087936977674
2022-08-25_RD,2023-01-10_RD,120,100,0.031212031841278076,0.3034535050392151,1.0,0.22825985949322464,0.06642506040987312,0.20918115280626567,0.2093562193811234,0.12715521975920108,0.1971405288920831,0.2468899808044391,0.216105816895094,0.15906768461747792,0.2138155233429874,0.25155996565984734,0.2318679763195444,0.1809590599571631
2022-08-25_RD,2023-01-10_RD,120,100,0.031212031841278076,0.3034535050392151,10.0,0.22885263784661372,0.06655685008488493,0.20919656609801687,0.20937275712818254,0.12719496200069585,0.19722927653620445,0.24700560730269858,0.2162021060196199,0.15913202755343372,0.21398118469037605,0.2517609748911546,0.2320341978507376,0.181108459372081
2022-08-25_RD,2023-01-10_RD,120,100,0.031212031841278076,0.3034535050392151,100.0,0.2343962985515189,0.06784254995121256,0.20933664158086693,0.20952084173168756,0.12758050593291187,0.19807749161896476,0.24810459922983052,0.21711638218912027,0.15974959888842158,0.21554828142760218,0.25366671443613054,0.23361281205052864,0.1825331629482889
2022-08-25_RD,2023-01-10_RD,120,100,0.031212031841278076,0.3034535050392151,1000.0,0.26617765502570223,0.07805692624784188,0.20968525036396976,0.20975515949228266,0.13048443910949623,0.2036956576738272,0.2548587938742467,0.22265188800384755,0.16397237222754893,0.22498582996682973,0.26545838910821823,0.2434223052577317,0.19182763757148288
2022-08-25_RD,2023-01-10_RD,120,100,0.031212031841278076,0.3034535050392151,10000.0,0.2703078582265771,0.09817061024047749,0.19538497818294906,0.19378124202306785,0.13264130326106968,0.2005156643729466,0.241040338802126,0.21007483000141425,0.16296332067436645,0.21467800848757454,0.2572814182174261,0.2325961978948293,0.19143385818958267
2022-08-25_RD,2023-01-10_RD,120,100,0.031212031841278076,0.3034535050392151,100000.0,0.18213061908586353,0.05785325980015171,0.13502065786245462,0.12526112217429158,0.09005950141163137,0.13117062441531588,0.1644386100174161,0.14691457508157735,0.11684219141771506,0.14926580066135275,0.17694054947447566,0.16080636820837887,0.14150003592049584
2022-08-31_RD,2022-09-06_RD,7,10,0.30000412464141846,0.36441072821617126,1.0,-3.704459550843759,0.07212303725799415,-0.02481204719370997,0.12937610106445901,0.04374623661210194,-0.03829887351734704,-0.0777118548026827,-0.04252361300839136,-0.051892654413917855,-0.466624393192964,-0.42551635672309357,-0.496849722661986,-0.4100736164620149
2022-08-31_RD,2022-09-06_RD,7,10,0.30000412464141846,0.36441072821617126,10.0,-1.905535029418274,0.08763569468100871,-0.010359390530453927,0.1415187649672374,0.05471625443482864,0.004008876306734993,-0.055198837637285475,-0.01962940438032479,-0.032082271294093724,-0.373890418131952,-0.34034479101424236,-0.407330417024598,-0.3419766878270793
2022-08-31_RD,2022-09-06_RD,7,10,0.30000412464141846,0.36441072821617126,100.0,-0.330014967894511,0.1733446534887379,0.08585173577447014,0.20662287955230674,0.13000661841049452,0.16113495065614228,0.07375300460138653,0.10624280432268213,0.08831899225907906,-0.02531041357768668,-0.022425495930853245,-0.05328669176106732,-0.03836154807077897
2022-08-31_RD,2022-09-06_RD,7,10,0.30000412464141846,0.36441072821617126,1000.0,0.2239737864932036,0.27710821075851844,0.24936071754131964,0.28326225748444284,0.2645098105871549,0.2853464401601167,0.2492330689186352,0.26860149433223246,0.2611675754542312,0.2653345919170929,0.24931917640281853,0.25131671778800035,0.25188895316533644
2022-08-31_RD,2022-09-06_RD,7,10,0.30000412464141846,0.36441072821617126,10000.0,0.3052679765913714,0.3064341234618553,0.2971801261961382,0.30516347621635403,0.30319854750989345,0.30532578450653636,0.29669284276086694,0.2998655250078196,0.3009401528944361,0.3033941181660552,0.2972902191167626,0.2996706992854344,0.29848702174310965
2022-08-31_RD,2022-09-06_RD,7,10,0.30000412464141846,0.36441072821617126,100000.0,0.30626542870488693,0.30237380657934126,0.30090182199049287,0.30212539867025356,0.3025444981773773,0.3048728264366566,0.30327118537448466,0.3035066943160108,0.30369401890915587,0.30675851773525176,0.3045227343489827,0.30576062613695987,0.3049079945757142
2022-08-31_RD,2022-09-06_RD,7,20,0.30000412464141846,0.36441072821617126,1.0,-1.4278533068714885,0.07700846261336353,0.005800165149522474,0.06095014103056237,0.03461867831962336,0.15232036585499367,-0.02440542545095964,-0.025305437601716912,-0.026654739023769674,-0.05162075929296628,-0.16265341455050805,-0.2565685017145323,-0.169732052361499
2022-08-31_RD,2022-09-06_RD,7,20,0.30000412464141846,0.36441072821617126,10.0,-1.1937139875631266,0.08180617322300618,0.011453768559179928,0.06786057796940381,0.039980384254316874,0.16055063523235066,-0.01547571369937148,-0.015871664125238993,-0.018924997850739523,-0.030795152728376907,-0.14585082343914474,-0.23296424903459634,-0.1546768403559377
2022-08-31_RD,2022-09-06_RD,7,20,0.30000412464141846,0.36441072821617126,100.0,-0.40086821410819873,0.12090980746186022,0.05879376076282769,0.12171229185155091,0.084647317519511,0.21036652128100744,0.052295976122243515,0.05656988813650968,0.043164394206421854,0.09189553325453476,-0.027122367971874894,-0.07350720347947667,-0.04348016243461703
2022-08-31_RD,2022-09-06_RD,7,20,0.30000412464141846,0.36441072821617126,1000.0,0.19461776417282114,0.24392680850584017,0.21595526193823775,0.2578042515856189,0.22831388696282748,0.28496605145982734,0.22146786532620766,0.23822498775047138,0.22225207947619405,0.27083456017202623,0.21765163532743342,0.21761426564172034,0.21296558672104227
2022-08-31_RD,2022-09-06_RD,7,20,0.30000412464141846,0.36441072821617126,10000.0,0.30634683627818526,0.30106415137604603,0.29320909054434163,0.30214584866461025,0.29653369709206395,0.3046971396778113,0.2948876695772858,0.29797518017008673,0.294942081509257,0.307077721476206,0.29651304631198555,0.29981667253255834,0.29564179375491
2022-08-31_RD,2022-09-06_RD,7,20,0.30000412464141846,0.36441072821617126,100000.0,0.3051531633153618,0.302744935736875,0.3011195989808455,0.30244143665182865,0.3032344275100012,0.30601644938831185,0.30396714089032795,0.30378840056511985,0.3042516097986328,0.3073855928689765,0.3047245782147955,0.3060594296788661,0.3048019070248225
2022-08-31_RD,2022-09-06_RD,7,50,0.30000412464141846,0.36441072821617126,1.0,0.045269688009468984,0.2364857378553859,0.20983004178371673,0.2481963938639869,0.2234289643417501,0.26438812645858434,0.22717630154389998,0.25122464807487266,0.21331381969415172,0.2670302578203342,0.18682092650691967,0.18625351555247857,0.1783321455249911
2022-08-31_RD,2022-09-06_RD,7,50,0.30000412464141846,0.36441072821617126,10.0,0.050000489292382516,0.23700101239644503,0.21045030292401717,0.24863342242778838,0.22394578857024947,0.26491709704065686,0.22791987269278682,0.251850304358167,0.214008317141232,0.26784593254834044,0.18835237395900797,0.18787697281364102,0.1796038532588284
2022-08-31_RD,2022-09-06_RD,7,50,0.30000412464141846,0.36441072821617126,100.0,0.09081510486255451,0.24177153262052245,0.2162894504010424,0.2526587656681837,0.2288383437450184,0.2697293319191624,0.2348026010555176,0.25760245206055865,0.22053149312674844,0.2751936652690846,0.20226084006959924,0.2025734938061385,0.1913554108290977
2022-08-31_RD,2022-09-06_RD,7,50,0.30000412464141846,0.36441072821617126,1000.0,0.2515634006473479,0.26981970362878127,0.25218529692999647,0.27583054610568225,0.25986538206443194,0.2945263445120334,0.27276792969572483,0.2891923923570836,0.2598630577807375,0.3102005472389887,0.270949540814398,0.27453961559196194,0.2552367171893381
2022-08-31_RD,2022-09-06_RD,7,50,0.30000412464141846,0.36441072821617126,10000.0,0.3364736092837348,0.3048251748283687,0.2982148591753353,0.30389197028858894,0.301676436752597,0.31479470466451753,0.3099678147178766,0.3156855595020835,0.305858279559591,0.32831094177883907,0.3205474374906876,0.3252016171409039,0.31287589340786676
2022-08-31_RD,2022-09-06_RD,7,50,0.30000412464141846,0.36441072821617126,100000.0,0.31631485241654644,0.3039394883557017,0.3025117910013189,0.3033310332833998,0.3041276008065939,0.30801573077586186,0.30671080606872436,0.3070732089212561,0.30598202909614053,0.3120389625351822,0.3099072999446162,0.31161043414576695,0.30850143333611474
2022-08-31_RD,2022-09-06_RD,7,100,0.30000412464141846,0.36441072821617126,1.0,0.26625566062048867,0.2986921782594288,0.2885213562714475,0.30743093483774786,0.28796661234993864,0.3105053644260055,0.30212299272067983,0.32415131865832947,0.28442933917593627,0.3316987564058498,0.295386351857996,0.311443798970493,0.27704027851348734
2022-08-31_RD,2022-09-06_RD,7,100,0.30000412464141846,0.36441072821617126,10.0,0.2669397348997625,0.29874969425737374,0.28859545234299433,0.3074617030069047,0.28803469355512906,0.31058429773150287,0.30219540730030914,0.3242000321327255,0.284544006471275,0.33181750750123196,0.2956008646310788,0.31162947362151483,0.2772492864609663
2022-08-31_RD,2022-09-06_RD,7,100,0.30000412464141846,0.36441072821617126,100.0,0.2733606049558155,0.2992983256542107,0.28931031521757944,0.30774697227513914,0.28869776123717056,0.31132861340549284,0.30289264260897786,0.32465386563795595,0.2856551190998849,0.3329258254327966,0.29764771336548335,0.31339356163327625,0.2792604987389841
2022-08-31_RD,2022-09-06_RD,7,100,0.30000412464141846,0.36441072821617126,1000.0,0.3120364538680921,0.30314394550922685,0.294528545407727,0.3093751058711943,0.29391305201907486,0.316018753918878,0.30790805356538387,0.32721189679403573,0.29402990965676506,0.33915337580003985,0.3114268533539336,0.32491130908927063,0.29360978941231314
2022-08-31_RD,2022-09-06_RD,7,100,0.30000412464141846,0.36441072821617126,10000.0,0.3485196121921088,0.31076261769706737,0.30445188543107893,0.310272614075788,0.30671686754857225,0.3198195478507371,0.31617395072825943,0.3248695864600607,0.311039619510209,0.3368371018084455,0.3283372249200852,0.3355639744371781,0.31722672657469025
2022-08-31_RD,2022-09-06_RD,7,100,0.30000412464141846,0.36441072821617126,100000.0,0.3215954692885017,0.3063655153864197,0.30381193490819475,0.30507680686369176,0.30603604735051754,0.31012572843237973,0.3088805051703165,0.3099976470006939,0.30810224984299045,0.3151319560913849,0.3129349892846172,0.31545257055538967,0.310756133058226
2022-08-31_RD,2022-09-30_RD,30,10,0.17358961701393127,0.3539573550224304,1.0,-3.1406244517289106,0.027629730650226614,0.12938117405397406,0.13991486446248588,0.024920115600316678,-0.004825253739020929,0.05843218519386523,0.06468853358497734,-0.05935705029718793,-0.1329880830971144,-0.24220677496426707,-0.2235975174129134,-0.26186429831947416
2022-08-31_RD,2022-09-30_RD,30,10,0.17358961701393127,0.3539573550224304,10.0,-1.2700801688499572,0.036128461343699125,0.13306997617184915,0.14414819869210457,0.03054060850049477,0.007261575927289987,0.0703509108509559,0.07573553357151316,-0.04632921629464673,-0.09926088840054856,-0.18998651757383667,-0.17975214881666013,-0.22256202187227023
2022-08-31_RD,2022-09-30_RD,30,10,0.17358961701393127,0.3539573550224304,100.0,-0.19828027965530623,0.08793647444772607,0.15687690003369537,0.1693553673118622,0.07055908829139786,0.0769552609139208,0.13882646875101004,0.13872534624568986,0.03533734501099401,0.050609646382880985,0.027793759022465225,0.013758277421189569,-0.04312332683607978
2022-08-31_RD,2022-09-30_RD,30,10,0.17358961701393127,0.3539573550224304,1000.0,0.13246802517653478,0.1681007980767888,0.20096308332572574,0.2061219813949227,0.15735232088871162,0.17143843700353828,0.2154946523312424,0.2132441887236393,0.15874463876504286,0.1945684882134821,0.1940971797908731,0.19586282553114853,0.14174878843976776
2022-08-31_RD,2022-09-30_RD,30,10,0.17358961701393127,0.3539573550224304,10000.0,0.18864167273417698,0.18110885573689445,0.19852089352321436,0.1932076684988937,0.18391745481390978,0.1883076173002478,0.20497579550674294,0.2023140443214457,0.18818983505246747,0.20419181190501087,0.20550173780598752,0.20672237961953713,0.19006914596001478
2022-08-31_RD,2022-09-30_RD,30,10,0.17358961701393127,0.3539573550224304,100000.0,0.19065051725201518,0.17508286374293236,0.17817087532011042,0.17656402438501548,0.1759103531925701,0.1777198011840666,0.1815305240147478,0.18000944431649288,0.17836704094591127,0.18346738712219643,0.18533600457441282,0.1841373282469863,0.18243181037329856
2022-08-31_RD,2022-09-30_RD,30,20,0.17358961701393127,0.3539573550224304,1.0,-0.8091631564762494,0.04052912729062294,0.177222240291279,0.17173721537502723,0.02877457097792636,0.05785970800591467,0.14371063437605103,0.12964841533886215,-0.0322280874110755,0.04668604842425411,0.013749555691445453,0.006851005355490047,-0.12514050187913653
2022-08-31_RD,2022-09-30_RD,30,20,0.17358961701393127,0.3539573550224304,10.0,-0.69110439123739,0.04384020346721379,0.1785599758771948,0.17336965838355758,0.03141950680062858,0.062033122037263355,0.1468513185440305,0.13364256744471784,-0.02692806822563822,0.055325816000245914,0.024454458858536976,0.018567771409649686,-0.11356492755710558
2022-08-31_RD,2022-09-30_RD,30,20,0.17358961701393127,0.3539573550224304,100.0,-0.2248612261108917,0.07009584789522447,0.18932358843967576,0.18593175583977042,0.05415841077166369,0.09394272506627271,0.17160245084915418,0.1634671417199878,0.016066116531025066,0.116968552362753,0.09811807511584839,0.09794775026370248,-0.028561820995266995
2022-08-31_RD,2022-09-30_RD,30,20,0.17358961701393127,0.3539573550224304,1000.0,0.18831385117918395,0.151636763423333,0.21940768949893255,0.21908483773475837,0.13956231951006373,0.17509592015253103,0.23180177479351216,0.2299107982699564,0.14251585526116495,0.23719173384492104,0.2302857474240905,0.23946087873993294,0.15674243070087998
2022-08-31_RD,2022-09-30_RD,30,20,0.17358961701393127,0.3539573550224304,10000.0,0.22521909894728026,0.18311710034254403,0.20975695426072216,0.20702368888481001,0.18322460740858557,0.1949450654400539,0.21657926163044056,0.21664629680274514,0.1880648917408152,0.22158617097491112,0.2205662782786879,0.22561090062272915,0.197842963302631
2022-08-31_RD,2022-09-30_RD,30,20,0.17358961701393127,0.3539573550224304,100000.0,0.19602405671712347,0.1760667179571514,0.1822643010842563,0.17985029739106126,0.1767756990178829,0.18065004022721698,0.18612313767199307,0.18463076455101482,0.17977779194060364,0.1885327097929668,0.19019706854524612,0.18941384021969748,0.1851207262749556
2022-08-31_RD,2022-09-30_RD,30,50,0.17358961701393127,0.3539573550224304,1.0,0.08846155949926102,0.1589286592361344,0.21997968297343967,0.22036227335092137,0.150871882456913,0.16823012259691494,0.24423674525750974,0.2382619398417169,0.1418558431885355,0.21867142392828706,0.23124737421512437,0.24087142623485117,0.13933746220794976
2022-08-31_RD,2022-09-30_RD,30,50,0.17358961701393127,0.3539573550224304,10.0,0.09285312331120868,0.1594107927111372,0.22027548923351153,0.22076260728743421,0.15114564810281114,0.16891184899918393,0.24460643559617526,0.2388636050658422,0.14238965356294056,0.21991960415578124,0.23226263472039482,0.24194985295660015,0.14040825223481068
2022-08-31_RD,2022-09-30_RD,30,50,0.17358961701393127,0.3539573550224304,100.0,0.13000493675328728,0.16374406095676294,0.22299617304955408,0.2243204499612072,0.15372277754644117,0.1750151574514723,0.24795680190092748,0.24419691932714108,0.14732978574110359,0.2309032651449662,0.24127594411374878,0.2513958616311843,0.15008346060628666
2022-08-31_RD,2022-09-30_RD,30,50,0.17358961701393127,0.3539573550224304,1000.0,0.26249615574693375,0.18473071077570752,0.2368275535043167,0.23990460941600975,0.16955653543508464,0.20335125964629178,0.2628540502585146,0.2667584595349962,0.17413962454514378,0.2749212976542393,0.27722067531946604,0.2879001014396525,0.1959768779313588
2022-08-31_RD,2022-09-30_RD,30,50,0.17358961701393127,0.3539573550224304,10000.0,0.2778707220663389,0.1964601143355891,0.23096935308657549,0.23142700247235484,0.18965851108758272,0.21401988584209758,0.24590876049630744,0.2522656149733987,0.1958784570066635,0.25887939097454993,0.2550634035089763,0.2632722555316005,0.21368159360857222
2022-08-31_RD,2022-09-30_RD,30,50,0.17358961701393127,0.3539573550224304,100000.0,0.21024258104153817,0.18076952111526598,0.19438041276991597,0.19025108488337772,0.18198585927150315,0.19096719092441816,0.2015499983409185,0.20018547064677103,0.18669934694918291,0.20482346540944993,0.20534529094960108,0.20557617629923194,0.19384588966452812
2022-08-31_RD,2022-09-30_RD,30,100,0.17358961701393127,0.3539573550224304,1.0,0.2659957337769414,0.20057591539487427,0.24421287646777937,0.2503445942959251,0.1885588361123548,0.2228400351486833,0.26899611493555586,0.2835309724506907,0.19956297856077718,0.2967155100846368,0.29333602748165255,0.3167485932694691,0.2195945280025431
2022-08-31_RD,2022-09-30_RD,30,100,0.17358961701393127,0.3539573550224304,10.0,0.266666946921355,0.2006481038229574,0.24430079702342175,0.25041244974174437,0.18860742960828594,0.22296055304628934,0.2691247962131985,0.2836633355697077,0.1996698513263159,0.2969436529589282,0.2935580309096604,0.3169304747185967,0.21979762365087485
2022-08-31_RD,2022-09-30_RD,30,100,0.17358961701393127,0.3539573550224304,100.0,0.27293935775679073,0.2013338906035457,0.2451340553739825,0.2510484042023882,0.18907552228764235,0.22409722893194392,0.2703367991575748,0.28490387874624323,0.20069170352537088,0.2990717779043924,0.2956349362335912,0.31860901567756,0.22172934136415826
2022-08-31_RD,2022-09-30_RD,30,100,0.17358961701393127,0.3539573550224304,1000.0,0.3088934035550371,0.205768850937332,0.2502760255343457,0.25468253848120903,0.1924266042877175,0.2309269906900834,0.27733555259181975,0.29188836049053835,0.20748660297870616,0.31062217746971565,0.3069530112815616,0.3267382784635022,0.2341554703044685
2022-08-31_RD,2022-09-30_RD,30,100,0.17358961701393127,0.3539573550224304,10000.0,0.31594863425244957,0.20636926223132898,0.24537260049530485,0.2466137397503851,0.1970255185388733,0.22855937669372595,0.266084555679017,0.2783014746230777,0.21031632227986677,0.29268256588578645,0.28712936168434067,0.30025353507553987,0.23730563268423735
2022-08-31_RD,2022-09-30_RD,30,100,0.17358961701393127,0.3539573550224304,100000.0,0.22938422609357773,0.1851141834502716,0.20522461702943492,0.20105792782277707,0.1861335295117348,0.19867838622163186,0.2136049996276792,0.2146476927611341,0.19243922383540105,0.2198647304814275,0.21836975365533917,0.22105950215996542,0.20241087537895008
2022-08-31_RD,2023-01-10_RD,120,10,0.13139159977436066,0.3034535050392151,1.0,-5.549922476482445,-0.0522318199126017,-0.08408530575328194,-0.10949480955229957,-0.07179683040589373,-0.2857310587441194,-0.1854645088397094,-0.25631083071028987,-0.13933395759490133,-0.465194766936746,-0.41292731570584096,-0.4090014551571422,-0.34029352654591855
2022-08-31_RD,2023-01-10_RD,120,10,0.13139159977436066,0.3034535050392151,10.0,-1.8054361437328499,-0.04329483019878458,-0.0695215122944752,-0.09123713152480031,-0.060072300279881315,-0.24715015322656747,-0.1568372500573862,-0.21262501636391257,-0.11744803835396751,-0.40129519845317513,-0.3464344083329665,-0.3442306593524582,-0.29458931857706205
2022-08-31_RD,2023-01-10_RD,120,10,0.13139159977436066,0.3034535050392151,100.0,-0.3072835644472163,0.022354469064022164,0.029318778068688683,0.027754285552816393,0.019968019441862755,-0.028755409327705178,0.009010969205033609,0.012865534711504673,0.009224545825348457,-0.08675371511005325,-0.04004058587851678,-0.04599367462639936,-0.0697356054805072
2022-08-31_RD,2023-01-10_RD,120,10,0.13139159977436066,0.3034535050392151,1000.0,0.13056353053911526,0.1350391250659806,0.15869216118797186,0.15785929310740116,0.14035215422702194,0.16648846506429124,0.16904149465384702,0.18209722796702524,0.1448186468691788,0.15916557311055535,0.1843608454753173,0.17355514095189895,0.13610807017370044
2022-08-31_RD,2023-01-10_RD,120,10,0.13139159977436066,0.3034535050392151,10000.0,0.12698810761973128,0.13220847228015992,0.13381964003333086,0.1286271837927042,0.13375955458393823,0.12934898583256574,0.12761677533037433,0.13096498451230168,0.12802687685605843,0.12135612079095504,0.13157122312894834,0.13054634593419093,0.12348929501892604
2022-08-31_RD,2023-01-10_RD,120,10,0.13139159977436066,0.3034535050392151,100000.0,0.1202265425292463,0.13163727825354962,0.13126322801546084,0.13051108562823188,0.13170442176117717,0.13009582652769927,0.12863208337726414,0.1288162008921382,0.13018110537476038,0.12606684054185427,0.12642245454025366,0.12678443608474596,0.12724187158793007
2022-08-31_RD,2023-01-10_RD,120,20,0.13139159977436066,0.3034535050392151,1.0,-0.3737711604316795,0.104040365932133,0.16536441841894864,0.16299770986392384,0.1123456274034193,0.10962874424805505,0.1639981384628226,0.12358004663514222,0.10400436932936853,0.03927818295937788,0.11558477216927765,0.12266709532981812,0.04100625418393191
2022-08-31_RD,2023-01-10_RD,120,20,0.13139159977436066,0.3034535050392151,10.0,-0.33258371813032783,0.10481139960694405,0.16625162876034574,0.16363188911557766,0.11315065326284053,0.11130755578632281,0.16613576004145322,0.125099342975172,0.10543889259581944,0.04388449495532515,0.11944144573726867,0.12566496077620512,0.04558139179040168
2022-08-31_RD,2023-01-10_RD,120,20,0.13139159977436066,0.3034535050392151,100.0,-0.10754264981617298,0.11153397484555669,0.17366035999649077,0.16901930415100896,0.12012895576767772,0.12518883475959638,0.1835174291890532,0.1382145382502643,0.11756548102792837,0.07985491888275939,0.14979387354218893,0.14985456869852506,0.08166411418574389
2022-08-31_RD,2023-01-10_RD,120,20,0.13139159977436066,0.3034535050392151,1000.0,0.1866424063260062,0.13632573634363823,0.19292795253212036,0.18373658021367953,0.14570360323288775,0.1723027399970844,0.22794033430334196,0.18678193744625482,0.15867873635083932,0.17591755963255284,0.22520353931440842,0.21921039452310753,0.1766345484692544
2022-08-31_RD,2023-01-10_RD,120,20,0.13139159977436066,0.3034535050392151,10000.0,0.20705808722572655,0.13861190679272245,0.16713949619238178,0.15694881611797099,0.14690335186984863,0.16605654321950658,0.1919575545783192,0.17517336111232665,0.15926920756537535,0.1733296577273425,0.2001759927494027,0.19846221764500843,0.17547700196524552
2022-08-31_RD,2023-01-10_RD,120,20,0.13139159977436066,0.3034535050392151,100000.0,0.15416064256104636,0.13277684157850167,0.14003808735389447,0.13559006773010013,0.13522756827468244,0.13785313676802652,0.14647262905554329,0.1398911399548062,0.13912013808582455,0.1409673155464922,0.14983978141315052,0.147905242114695,0.14386044851781823
2022-08-31_RD,2023-01-10_RD,120,50,0.13139159977436066,0.3034535050392151,1.0,0.08867568778477983,0.14978775846820921,0.2122337444765006,0.1993355365617019,0.15147191959225537,0.1904373176662855,0.22492426190275727,0.21372343109570383,0.16183918040956735,0.18596954199329507,0.22367646365422186,0.22287708764395553,0.15854568417043183
2022-08-31_RD,2023-01-10_RD,120,50,0.13139159977436066,0.3034535050392151,10.0,0.0919124185194106,0.14985467970265395,0.2123281940450399,0.19945535739453937,0.15157848540597352,0.1906975465535132,0.22541404609187005,0.21395857708989943,0.1620946630084702,0.18656267473692273,0.2244730615529041,0.2235005994196563,0.15931587122363414
2022-08-31_RD,2023-01-10_RD,120,50,0.13139159977436066,0.3034535050392151,100.0,0.11993646728449117,0.1504720582798897,0.2131698499824116,0.2005369190106105,0.15256856452605896,0.19307522782845818,0.22986884913064626,0.21613140534001882,0.16444038272308784,0.19193765800074422,0.23163887457930418,0.22916826841730575,0.16635331578533372
2022-08-31_RD,2023-01-10_RD,120,50,0.13139159977436066,0.3034535050392151,1000.0,0.2286250201146052,0.1533250994632741,0.21536250675242155,0.20414989510172424,0.1576892266981841,0.2043863387997368,0.24977234417670305,0.22687083042024356,0.17591912652470212,0.2168649971126187,0.26252486028270605,0.2557013336014098,0.20070582254744018
2022-08-31_RD,2023-01-10_RD,120,50,0.13139159977436066,0.3034535050392151,10000.0,0.24736586314276748,0.14552085744452173,0.18539552837861178,0.17580750061384334,0.1520381942771012,0.1864869240141532,0.21994267314389396,0.20329008688345088,0.1679953899787688,0.2012164987570316,0.23576175019008017,0.23302715920703826,0.196249781456217
2022-08-31_RD,2023-01-10_RD,120,50,0.13139159977436066,0.3034535050392151,100000.0,0.16568370416334666,0.13403015734602033,0.14429736231109822,0.13973594325850233,0.1368681215074952,0.14315967648024702,0.15412717592312147,0.1475016426805033,0.14171125193781664,0.14846493440360436,0.15985654314134026,0.1581208484705592,0.14909901487057695
2022-08-31_RD,2023-01-10_RD,120,100,0.13139159977436066,0.3034535050392151,1.0,0.22825963649826558,0.14496414065894708,0.21230917756074816,0.20884397304918442,0.14801230789053102,0.21413937494973756,0.25234239055830365,0.2181429437185254,0.16741271328009089,0.2242670295338104,0.2619900864543605,0.25595145464071123,0.20339675083938602
2022-08-31_RD,2023-01-10_RD,120,100,0.13139159977436066,0.3034535050392151,10.0,0.22885065382473924,0.14497809689592667,0.21232502356896454,0.2088496288841528,0.14804393665348362,0.21419117414119068,0.25241729744241426,0.2182156383010308,0.16748078538158928,0.2244048354304833,0.26214166327358246,0.25610484590783333,0.20355213205988335
2022-08-31_RD,2023-01-10_RD,120,100,0.13139159977436066,0.3034535050392151,100.0,0.23439855001347604,0.1451111784358051,0.21246745227846822,0.20889401768073537,0.14834753913150397,0.21467909568897103,0.2531231232723977,0.2189105784804814,0.16812966966568674,0.22570819420056887,0.263577559976929,0.2575616874553408,0.20503145285992908
2022-08-31_RD,2023-01-10_RD,120,100,0.13139159977436066,0.3034535050392151,1000.0,0.26713809921531506,0.14593851136628624,0.21269860472488825,0.20842055812391339,0.1504146530438771,0.2173728304036742,0.2569814837616374,0.22340866068331788,0.17228800980346817,0.23353199663252242,0.27222043064542356,0.2666040145882409,0.2144729051472353
2022-08-31_RD,2023-01-10_RD,120,100,0.13139159977436066,0.3034535050392151,10000.0,0.2761984100265822,0.14344604125748223,0.19492426053884135,0.18946027972129567,0.1499131953103481,0.20323612353988504,0.23598233275992286,0.21336802582818437,0.1693160049495663,0.22206909649618423,0.25552107884678155,0.2537986052650291,0.20911224769718728
2022-08-31_RD,2023-01-10_RD,120,100,0.13139159977436066,0.3034535050392151,100000.0,0.18411628747206585,0.13446910649433017,0.1502574625987511,0.14675604652693355,0.13820873934458075,0.15266405457771917,0.1647100960203625,0.15700211299813127,0.14496042982532872,0.16129961635995915,0.1732056715597846,0.1731726070824564,0.1571504723222658
2022-09-19_CO,2022-09-21_CO,1,10,0.21553285419940948,0.26649296283721924,1.0,-3.5452005558463267,-0.0020139093594023494,-0.05668331792475498,-0.14896799274266326,0.05471989314328617,-0.09421159343019933,-0.16385946507938845,-0.23740624711868563,-0.1377096088492872,-0.5199167548877409,-0.4238026743567379,-0.5327618544960964,-0.5336355722554217
2022-09-19_CO,2022-09-21_CO,1,10,0.21553285419940948,0.26649296283721924,10.0,-1.890020706629222,0.01990452899226139,-0.04212004967115096,-0.11922498521455263,0.06105293360701113,-0.0651707305454873,-0.13804143119655324,-0.1992120844775628,-0.11558962203379176,-0.4070982303723988,-0.356955609881183,-0.4507395229296374,-0.4531690411022889
2022-09-19_CO,2022-09-21_CO,1,10,0.21553285419940948,0.26649296283721924,100.0,-0.39464275433235824,0.11319319235821484,0.047415590266744745,0.03129443527880474,0.10586986247002061,0.05936971992861734,0.0033979380907638024,-0.020659808160597204,0.008773954028223563,-0.06147547986027366,-0.08248044148179803,-0.15279896837969736,-0.131170981526376
2022-09-19_CO,2022-09-21_CO,1,10,0.21553285419940948,0.26649296283721924,1000.0,0.1284049636147579,0.19835967476205615,0.18613654375059424,0.19619707440451709,0.19069032087640272,0.1862506024581858,0.1874223899295241,0.16721313758012962,0.17876995558130263,0.17056854830761506,0.1746800190921414,0.13960558517138563,0.16082920282197163
2022-09-19_CO,2022-09-21_CO,1,10,0.21553285419940948,0.26649296283721924,10000.0,0.212888916187601,0.21564349990169052,0.21367128790114223,0.2174261089876409,0.21235504735895572,0.2140791366647539,0.21404938436462803,0.21221705735645735,0.2116868938955997,0.2099234776091386,0.21423711797326037,0.20805040102536268,0.21026338021366223
2022-09-19_CO,2022-09-21_CO,1,10,0.21553285419940948,0.26649296283721924,100000.0,0.2150226401244943,0.21567750308534825,0.21549421551898218,0.21589532066426748,0.21537428053165675,0.21583232309056416,0.21545176451595477,0.21567010435086353,0.21526878711205943,0.21564539831782842,0.21534139465084387,0.2152175023873015,0.21494885735872774
2022-09-19_CO,2022-09-21_CO,1,20,0.21553285419940948,0.26649296283721924,1.0,-1.1359810947724638,0.13280598852626735,0.12442634707299793,0.10929310824302693,0.13658157370473098,0.06158395360225874,0.0614113131995597,0.0553835300266525,0.06537727515089893,-0.06473704131739133,-0.08522128195584316,-0.12405962883669841,-0.0910156344895865
2022-09-19_CO,2022-09-21_CO,1,20,0.21553285419940948,0.26649296283721924,10.0,-0.9673834101896032,0.1361983282931228,0.12615267734293792,0.11367845255090253,0.13830297867769079,0.06764435581171649,0.06502550684793906,0.06135871051196082,0.0694090031608396,-0.05369966676064386,-0.07512033572511584,-0.10996096951540105,-0.07984265891393659
2022-09-19_CO,2022-09-21_CO,1,20,0.21553285419940948,0.26649296283721924,100.0,-0.37151685622763125,0.15904204651497914,0.14049322177058243,0.14314919750307273,0.15279704157958532,0.10880410409466945,0.09403484447790278,0.10145263010421426,0.10134214967130047,0.02008736617360099,-0.0037602727770765787,-0.019559938073733685,-0.001508567316224202
2022-09-19_CO,2022-09-21_CO,1,20,0.21553285419940948,0.26649296283721924,1000.0,0.11928000090928872,0.20479859562502184,0.1907936735938635,0.20019364589514477,0.20156486246621252,0.19471008710132853,0.18311396054965326,0.18697814361128465,0.1926524419348659,0.17232344936290214,0.16138394650496338,0.15519815443836033,0.1691434507994797
2022-09-19_CO,2022-09-21_CO,1,20,0.21553285419940948,0.26649296283721924,10000.0,0.22301767561760139,0.21767210824346808,0.21600963280764784,0.21705873001149342,0.21839089026366712,0.22075791267018074,0.2193924936581485,0.2185195473071542,0.2210870215106752,0.22032055445985577,0.21930356129324705,0.2156559204459442,0.22112343943948387
2022-09-19_CO,2022-09-21_CO,1,20,0.21553285419940948,0.26649296283721924,100000.0,0.22103469898152217,0.2160332928439715,0.2159737749199285,0.2160286247766635,0.21627561623601244,0.21733059365551574,0.21692141212724741,0.21677734165173349,0.21694887570834184,0.21878736951633304,0.21768011839559395,0.21737654570934395,0.21778301639961042
2022-09-19_CO,2022-09-21_CO,1,50,0.21553285419940948,0.26649296283721924,1.0,-0.021769405922195395,0.1865655965080556,0.20149265814756104,0.1948168693124449,0.19269992745192846,0.1743884221791123,0.18364486167851168,0.1929062766256102,0.17248717420585058,0.14132866762584956,0.15248629493320173,0.16243877317621774,0.13127491109419784
2022-09-19_CO,2022-09-21_CO,1,50,0.21553285419940948,0.26649296283721924,10.0,-0.017115097657762035,0.18696302324904226,0.2017693101925128,0.19532307920333095,0.1929625807253752,0.17496838228350972,0.18419151228454736,0.19343393537145354,0.17301785068721842,0.14232026141372733,0.1535701231219655,0.16347931465944196,0.13242446917754214
2022-09-19_CO,2022-09-21_CO,1,50,0.21553285419940948,0.26649296283721924,100.0,0.021511239381104635,0.19031387431356342,0.20430727027602014,0.19956731521984356,0.19541102975047267,0.17995414921355063,0.18917721620742872,0.19789484521380588,0.1778548765884845,0.15094809013140156,0.16312839174094587,0.17233667415725815,0.14259147564506067
2022-09-19_CO,2022-09-21_CO,1,50,0.21553285419940948,0.26649296283721924,1000.0,0.15988095710453704,0.20368936060844703,0.2171647095702314,0.21492898273649044,0.2091831315938348,0.20094668168301222,0.21378467756732708,0.21482397568308553,0.20274396880880372,0.18887404130415705,0.20517974424208046,0.20654358758356567,0.18929326266986157
2022-09-19_CO,2022-09-21_CO,1,50,0.21553285419940948,0.26649296283721924,10000.0,0.23033697823316798,0.21654236719830589,0.22165510018842993,0.22093828959363743,0.21976672665800615,0.21715915668852415,0.22498069628978948,0.22098938791942063,0.2211068584338182,0.21659492762840374,0.22619571098411964,0.22105967508957458,0.22150694911918034
2022-09-19_CO,2022-09-21_CO,1,50,0.21553285419940948,0.26649296283721924,100000.0,0.22080760968570393,0.21638937604501365,0.2169821511324469,0.21692795704534135,0.2173602419945685,0.2176851066601589,0.2176756531304782,0.21739302558728588,0.2180075468530764,0.2178933712604499,0.2174779459136521,0.21650529594616771,0.21832779692203022
2022-09-19_CO,2022-09-21_CO,1,100,0.21553285419940948,0.26649296283721924,1.0,0.16814622119352102,0.21296278789645878,0.22134751264433894,0.22637845178175126,0.21526739510961904,0.21192528801234095,0.22345476601563685,0.22570950368003956,0.20770732356898206,0.1982095364171345,0.2150226971150073,0.22285175830711168,0.19747412902556696
2022-09-19_CO,2022-09-21_CO,1,100,0.21553285419940948,0.26649296283721924,10.0,0.1687985489589816,0.21303850701905894,0.2214033795525647,0.22644601637396888,0.21532407812817425,0.21202263735419377,0.22355452819339694,0.22578581218557564,0.20782570210844262,0.1984033908527388,0.21521780409446462,0.22301008958849614,0.19769933478729518
2022-09-19_CO,2022-09-21_CO,1,100,0.21553285419940948,0.26649296283721924,100.0,0.17490077203229393,0.21373064765378466,0.221936074602017,0.22705070518853082,0.21587146678406868,0.21292195412126158,0.22450282095714869,0.22648037109907992,0.20895674465847944,0.20021840611806876,0.21705233403064828,0.22446761161990425,0.19982273595990416
2022-09-19_CO,2022-09-21_CO,1,100,0.21553285419940948,0.26649296283721924,1000.0,0.2113610575916593,0.2174722279306995,0.22541569623652755,0.22971024962940723,0.21985942007406908,0.2180587187747544,0.23055414434450963,0.22998157890512927,0.21674277294560532,0.21137313864202786,0.2282868693325171,0.23234644196115725,0.21334857558804443
2022-09-19_CO,2022-09-21_CO,1,100,0.21553285419940948,0.26649296283721924,10000.0,0.24725887163260024,0.22195912165770357,0.22678506863030887,0.22812556720635926,0.22552136573001258,0.2237499048263372,0.23300822097053944,0.22980367872167318,0.22811721448459654,0.22529279075880182,0.23619820369241165,0.23400776269040263,0.23111754346133842
2022-09-19_CO,2022-09-21_CO,1,100,0.21553285419940948,0.26649296283721924,100000.0,0.23031933462513604,0.2181568971223272,0.21910227924212808,0.21925412714116047,0.21992643954047697,0.22026241795351748,0.22096241385878432,0.22055384743927295,0.22162439485236626,0.2214763904199139,0.22180939188941481,0.22041013012855545,0.22369067342347856
2022-09-19_CO,2022-09-26_CO,7,10,0.23109234869480133,0.35343825817108154,1.0,-2.2574156907516603,-4.6877095157785496,0.183729168926176,-0.7033717385010841,-0.03281408819479781,-4.2433445449109435,0.0697948916831258,-5.086000431839228,-1.5619878248992538,-4.401128404050806,-2.464694084429066,-4.324161111407727,-5.659912478892321
2022-09-19_CO,2022-09-26_CO,7,10,0.23109234869480133,0.35343825817108154,10.0,-1.4868538377095866,-3.759810660322283,0.18957117934364912,-0.08409354256833448,0.08293237412436964,-3.224055617103648,0.08815158568133938,-2.548205149258896,-0.18431701753394295,-2.1092707326196987,-0.39143044203821464,-1.746618073446863,-2.11720924284132
2022-09-19_CO,2022-09-26_CO,7,10,0.23109234869480133,0.35343825817108154,100.0,-0.29589330503521677,-0.861714492205175,0.22555187420001999,0.131610094083569,0.16397511614474283,-0.6265321150875752,0.18389513466785018,-0.40278499626287034,0.09038427297777651,-0.3200428358337738,0.070668121830676,-0.30214102554878314,-0.30191405321862513
2022-09-19_CO,2022-09-26_CO,7,10,0.23109234869480133,0.35343825817108154,1000.0,0.19482706206929087,0.18910170835307222,0.26875724914568533,0.2079900255069783,0.22752121242999188,0.19819597449992227,0.272503428442339,0.21734943787077102,0.2243252383187682,0.20486825394306107,0.23696115419274802,0.2158514799307662,0.18953553993316127
2022-09-19_CO,2022-09-26_CO,7,10,0.23109234869480133,0.35343825817108154,10000.0,0.25932066065764897,0.23739117902296827,0.25917240381430295,0.24252093610254138,0.24422299630726266,0.24968902012451163,0.2611830886674751,0.25500011063078115,0.24946192981919868,0.25880727755295335,0.2586282667209678,0.26117125008391084,0.25144371918202707
2022-09-19_CO,2022-09-26_CO,7,10,0.23109234869480133,0.35343825817108154,100000.0,0.24945678491340229,0.23222141676088082,0.23911697895780562,0.2337217796564097,0.2343232294500084,0.2369115783028488,0.24254312080239732,0.2383491329394824,0.23698354495498894,0.24176091660561166,0.2456450499097883,0.24427661675059348,0.24102901281349778
2022-09-19_CO,2022-09-26_CO,7,20,0.23109234869480133,0.35343825817108154,1.0,-3.435390163932951,-2.020182324442945,0.21986452270889556,-1.968519022503313,-1.1392984332820204,-2.4387197697031993,0.16596542202967424,-2.8003751503590744,-0.8882684017081349,-2.6251494866602862,-0.8993188834278303,-3.305699631056075,-2.2853037815322548
2022-09-19_CO,2022-09-26_CO,7,20,0.23109234869480133,0.35343825817108154,10.0,-1.5407955942490772,-1.7760638466377139,0.2214463333867628,0.006769533660632349,0.11224997134370711,-1.4314841383563135,0.17038001743346373,-1.1580465096417223,-0.01387515570412127,-1.186460162202517,-0.09475193547573069,-1.2712962161827988,-0.7955981267762041
2022-09-19_CO,2022-09-26_CO,7,20,0.23109234869480133,0.35343825817108154,100.0,-0.42716901252983175,-0.6328507949894996,0.23384191918001712,0.17318813494336938,0.1785212488789962,-0.48696616536577675,0.20321645318628798,-0.3332639407213018,0.1406349587980579,-0.3759481822897265,0.1247500416628777,-0.37045352491848027,-0.1384721349057922
2022-09-19_CO,2022-09-26_CO,7,20,0.23109234869480133,0.35343825817108154,1000.0,0.16827439218056975,0.17218389967229766,0.26408696625203654,0.21984904249453172,0.22542263099932613,0.17879353765223735,0.27133562548016177,0.19351006421541886,0.22660963527003486,0.18650368376519505,0.2416645463021648,0.18708237020467128,0.1925567547197198
2022-09-19_CO,2022-09-26_CO,7,20,0.23109234869480133,0.35343825817108154,10000.0,0.26766916002950636,0.23617976864344264,0.2610282927805976,0.2454809816662219,0.24528900099786988,0.24965454355057345,0.2661027588166788,0.25438880624499427,0.25230323221240086,0.2620930529008691,0.26719029039538683,0.26427393055132004,0.25534934313625635
2022-09-19_CO,2022-09-26_CO,7,20,0.23109234869480133,0.35343825817108154,100000.0,0.2536375177664034,0.2325343293589362,0.24131788932790127,0.23545930914152588,0.23550490222904027,0.23923506752615614,0.2452482853056943,0.2407748864693671,0.23900545382839322,0.24537972464037977,0.2495092671882414,0.24802737857390586,0.2439877845202043
2022-09-19_CO,2022-09-26_CO,7,50,0.23109234869480133,0.35343825817108154,1.0,-1.6620549901937434,-0.21445107431226282,0.18113739302537707,-7.277448980894825,-3.7436535116668286,-2.258878681106994,0.17741078715050454,-3.22725492879953,-1.8529004985796433,-1.298065056882852,-0.943057971635298,-1.3229091105747641,-1.31580504534803
2022-09-19_CO,2022-09-26_CO,7,50,0.23109234869480133,0.35343825817108154,10.0,-0.5291866150630998,-0.19701985331562452,0.1817354908017209,-0.39502488792145396,-0.12474051385855729,-0.3569880031290009,0.17839402605239338,-0.5716897261226966,0.04242398863414582,-0.34328465287242327,0.09328542294213249,-0.32641605079484387,-0.11053561175889437
2022-09-19_CO,2022-09-26_CO,7,50,0.23109234869480133,0.35343825817108154,100.0,-0.15079828252669297,-0.06907482971709675,0.18727888532395345,0.2432694797846629,0.1954301687122785,-0.037232949736489274,0.1873606461121224,-0.04971735030756336,0.19360011569756366,-0.06686009958357486,0.24300653817180914,-0.04051001461529971,0.08032751782714051
2022-09-19_CO,2022-09-26_CO,7,50,0.23109234869480133,0.35343825817108154,1000.0,0.203858775901928,0.1809783069508147,0.21873399939321186,0.2653561464003896,0.2212674859965924,0.22093845487991137,0.23265933332866473,0.22790023890906103,0.22801915823025132,0.22351738485231923,0.2863200329204919,0.2325211142365776,0.2143611951691999
2022-09-19_CO,2022-09-26_CO,7,50,0.23109234869480133,0.35343825817108154,10000.0,0.29123054374046875,0.2356431714486293,0.25476676163222367,0.26767085825886583,0.24785116415140118,0.2695407426728621,0.26603388127437355,0.2753637254523391,0.25809759032618085,0.28130240425044584,0.2949824021940669,0.2863235842335833,0.26801547778275525
2022-09-19_CO,2022-09-26_CO,7,50,0.23109234869480133,0.35343825817108154,100000.0,0.2668493303844444,0.234383770261024,0.24594289007712064,0.2435438081317741,0.23947381475757334,0.24959448158166633,0.25099792413793964,0.25184381748784956,0.24505778233472378,0.2580502743179456,0.2614277405194496,0.2614353076914358,0.2535177573062403
2022-09-19_CO,2022-09-26_CO,7,100,0.23109234869480133,0.35343825817108154,1.0,-2.921221249564871,-0.2331442667031083,0.17867224774484797,-7.266393795554075,-1.7779775892138323,-6.014255264974315,0.19099744450927827,-5.833190421740221,-1.4598128405972155,-5.633550113508865,-2.703989474964797,-3.145350456937912,-2.0641678274071382
2022-09-19_CO,2022-09-26_CO,7,100,0.23109234869480133,0.35343825817108154,10.0,-0.9805860473748853,-0.22564253849951535,0.1789384161651223,-2.429862584871948,-0.5191790257829254,-2.0928582244723715,0.19136791731509378,-2.085352720247332,-0.4118600790484803,-1.9977793434762978,-0.7012204810908675,-1.112827843667755,-0.6502245284252424
2022-09-19_CO,2022-09-26_CO,7,100,0.23109234869480133,0.35343825817108154,100.0,-0.033224216610784396,-0.15974485019803314,0.18151070683669124,0.11797139799921438,0.15668135002932052,-0.13150115047925748,0.1949218354356574,-0.13567268426315063,0.15867441304414726,-0.16544781364413685,0.23629323695180482,-0.045939184496082114,0.08367443916683194
2022-09-19_CO,2022-09-26_CO,7,100,0.23109234869480133,0.35343825817108154,1000.0,0.21108408302247736,0.10219731761266163,0.20073787576645358,0.2679021156250616,0.2104489514508658,0.17496311526530886,0.21986377209659094,0.18379701241223467,0.2182619111454656,0.18085074802666629,0.3104504283743166,0.21360908330636635,0.21004891198129103
2022-09-19_CO,2022-09-26_CO,7,100,0.23109234869480133,0.35343825817108154,10000.0,0.310035756172093,0.22925364056722405,0.24583119216577695,0.28060888220804525,0.2451771830793645,0.27917771542211517,0.26333853718940536,0.28792368594129114,0.25664932874493634,0.29542763253490845,0.3187441379579765,0.30162971095735336,0.2691068602123558
2022-09-19_CO,2022-09-26_CO,7,100,0.23109234869480133,0.35343825817108154,100000.0,0.282797588287862,0.23652037868161582,0.25038511310502004,0.2557599883083065,0.24470865485817603,0.2630751239622948,0.2566969292805117,0.2667277514255255,0.2519825492602042,0.2736087205714226,0.27699570602531265,0.27765282945433534,0.26386909129889546
2022-11-07_CO,2022-12-09_CO,30,10,0.16080249845981598,0.26583996415138245,1.0,-1.1329638944542626,0.08149193808727828,0.110277817320799,0.12468318923236171,0.07112418755426335,-0.0923604189161441,0.059047931566133666,0.03407962451143759,-0.004938832401484443,-0.3289453740716431,-0.28613907657721793,-0.23647484528020485,-0.27638824746349755
2022-11-07_CO,2022-12-09_CO,30,10,0.16080249845981598,0.26583996415138245,10.0,-0.7139041257174613,0.0845081252478958,0.1128604048054411,0.12663385298230156,0.07517209086906002,-0.07705261100757371,0.06758484395802111,0.044122411724984156,0.005237249894494311,-0.2674118231363159,-0.2264877724456862,-0.18864475034744166,-0.23231275959132056
2022-11-07_CO,2022-12-09_CO,30,10,0.16080249845981598,0.26583996415138245,100.0,-0.09427931669494932,0.1064669027717807,0.13107240379526802,0.14095574119492682,0.10404644601713887,0.01600210935249058,0.11861318522027403,0.10293722606921726,0.06819712946192272,-0.026604422784337306,0.015262985610561414,0.015177453743408703,-0.03429503072252751
2022-11-07_CO,2022-12-09_CO,30,10,0.16080249845981598,0.26583996415138245,1000.0,0.16102170403179944,0.15312848810543445,0.1698259427315751,0.16985101293939364,0.15935247510961523,0.14515298122363385,0.18472181451162062,0.17299278334753224,0.1581635857014491,0.15677258289905716,0.18447497116592187,0.17768414870330987,0.1501967171232184
2022-11-07_CO,2022-12-09_CO,30,10,0.16080249845981598,0.26583996415138245,10000.0,0.1828660284620025,0.16234550786348254,0.17159014237189082,0.16776287398464082,0.16516802545266063,0.16502272050274963,0.17795353925790341,0.17017706227136595,0.168266128863362,0.17216205209718155,0.18035161156593854,0.17651975391044733,0.17147011754942687
2022-11-07_CO,2022-12-09_CO,30,10,0.16080249845981598,0.26583996415138245,100000.0,0.16877522450668225,0.16106215731670748,0.1628746789181483,0.16183526350089333,0.16148314343149098,0.16169535886926095,0.16489372902945254,0.1625831802165169,0.16237065897858313,0.16370526306407268,0.16639221073170551,0.16472663169956483,0.16413881798184723
2022-11-07_CO,2022-12-09_CO,30,20,0.16080249845981598,0.26583996415138245,1.0,-0.6714840385758454,0.12489027377228684,0.13617113513718915,0.15300540440904353,0.12745455894305316,0.042559393913202404,0.1373230442165293,0.12957758315288667,0.09767791258564369,0.005574673256126178,0.06503495859604044,0.04214911861255913,-0.0057724513134278605
2022-11-07_CO,2022-12-09_CO,30,20,0.16080249845981598,0.26583996415138245,10.0,-0.5315099791849688,0.1257874874092629,0.13707463715353746,0.15357817573029897,0.12847554336481906,0.046113158271922444,0.1392466104221122,0.13147014884054667,0.09974031333581547,0.011939211504670255,0.07045830696094602,0.04814541381851434,0.0005351285406629824
2022-11-07_CO,2022-12-09_CO,30,20,0.16080249845981598,0.26583996415138245,100.0,-0.11769929786054148,0.13330776511041423,0.1445775990541247,0.15842572381117606,0.13701898628599385,0.07409947614856102,0.15433525023264183,0.14629542245496513,0.116366392015389,0.05840094096071241,0.1101313620528748,0.09134202985540568,0.04741041302621154
2022-11-07_CO,2022-12-09_CO,30,20,0.16080249845981598,0.26583996415138245,1000.0,0.1609692310968987,0.1582679167581674,0.16953082021835547,0.17406881876885225,0.16428667283967183,0.14904338360609298,0.1914027335012383,0.1816831087353911,0.1631886075051339,0.1625587646810329,0.19165067190278803,0.18135288826049167,0.15520350557179807
2022-11-07_CO,2022-12-09_CO,30,20,0.16080249845981598,0.26583996415138245,10000.0,0.19343296590768072,0.16489593369414765,0.17489887174545024,0.17156324229583958,0.16847492120001065,0.16917330561250585,0.18442324665827647,0.17555922808406912,0.1720501789042629,0.1793965956332274,0.1885893079503372,0.18437676584608054,0.1769622734870938
2022-11-07_CO,2022-12-09_CO,30,20,0.16080249845981598,0.26583996415138245,100000.0,0.1731865133204139,0.16151482806556336,0.16443223617486344,0.16273014873364308,0.16226000869067872,0.16291894390984032,0.167695704178426,0.16422686783250515,0.16386077159834814,0.16648030623489765,0.16985188649860222,0.1676507476035872,0.16677954494023503
2022-11-07_CO,2022-12-09_CO,30,50,0.16080249845981598,0.26583996415138245,1.0,0.04034147837285895,0.14479006980863024,0.14785981736354817,0.16275256970100768,0.1563036688530502,0.13946060282984277,0.1661608794443648,0.17342010744787728,0.14765801836958048,0.12960090191376816,0.17239020384451656,0.16075444029070743,0.12376292780045578
2022-11-07_CO,2022-12-09_CO,30,50,0.16080249845981598,0.26583996415138245,10.0,0.04437282159634556,0.1450665589452808,0.1482043143385639,0.16295870415914016,0.15651387443677325,0.13992704506964238,0.1667216673821124,0.1737388888266034,0.1480760348190715,0.13056619831621402,0.173174442263013,0.1615956563060264,0.12462181523059863
2022-11-07_CO,2022-12-09_CO,30,50,0.16080249845981598,0.26583996415138245,100.0,0.07802013399649649,0.1476450960148593,0.15141579973017583,0.164878346358857,0.15847258695849106,0.14421268790915287,0.17184254637028806,0.1766488407860427,0.15192872648580255,0.13925426358933213,0.18022965057170706,0.16915744289890947,0.1324316466221864
2022-11-07_CO,2022-12-09_CO,30,50,0.16080249845981598,0.26583996415138245,1000.0,0.19131178765162224,0.16225892174534376,0.16974935594710888,0.17541672934375507,0.1693886927347993,0.16635936688065206,0.19668705582753968,0.1903727946000932,0.17197561057348895,0.1795677013060067,0.21127179621567033,0.2027087102609701,0.1705856047989094
2022-11-07_CO,2022-12-09_CO,30,50,0.16080249845981598,0.26583996415138245,10000.0,0.21854187979851114,0.17151938802532216,0.18216755207010518,0.17763662561027796,0.17429163677303072,0.1776521329856746,0.19774996667677833,0.18591425709616388,0.1804878548258376,0.19424660689184298,0.20621862031925736,0.20192468396296626,0.1889865584895707
2022-11-07_CO,2022-12-09_CO,30,50,0.16080249845981598,0.26583996415138245,100000.0,0.1824544128991508,0.16322744462299685,0.1682183162117868,0.16490195003516478,0.16444321036368326,0.16573616654202342,0.17332166975704938,0.167958887633856,0.167538060806005,0.17220549313055325,0.1765000916187152,0.1738407395212652,0.17224733042561727
2022-11-07_CO,2022-12-09_CO,30,100,0.16080249845981598,0.26583996415138245,1.0,0.18927898970751522,0.17006882646011148,0.1762847566705019,0.1851631904226018,0.1705045390774679,0.17436127428483864,0.20843264652990723,0.20173160852320104,0.17229834810244657,0.1813829283357992,0.2241698671741363,0.21661206973459693,0.1766576815751507
2022-11-07_CO,2022-12-09_CO,30,100,0.16080249845981598,0.26583996415138245,10.0,0.18990694151651138,0.17012478696610006,0.17638098653196732,0.18520218169494335,0.17054751289943781,0.1744520730928042,0.2085698850792478,0.20180277735113844,0.17238641088021156,0.1815955777698779,0.22437324559920277,0.21680196769615692,0.17683768396493624
2022-11-07_CO,2022-12-09_CO,30,100,0.16080249845981598,0.26583996415138245,100.0,0.19578628059551983,0.17066236426257259,0.17730558138946498,0.18557558447191264,0.17096090077984674,0.1753196687750201,0.20987153651677995,0.20247644948454874,0.17323006504031993,0.1836151233952643,0.22629151484702917,0.21859477279204634,0.17855308482879786
2022-11-07_CO,2022-12-09_CO,30,100,0.16080249845981598,0.26583996415138245,1000.0,0.22991153124377492,0.17439556483243054,0.18376315405926086,0.1880469414293219,0.17385856175611947,0.18109269425032573,0.21791684753870286,0.20648450545257505,0.17895897648965167,0.1965745218996665,0.2375988869070672,0.2292634250508526,0.18975726577501464
2022-11-07_CO,2022-12-09_CO,30,100,0.16080249845981598,0.26583996415138245,10000.0,0.2444065516590175,0.17702797665259315,0.1895989247504785,0.18589857277818952,0.17602454603353967,0.18421178647671063,0.2140414018919572,0.19987845729786646,0.1832503342733914,0.20475550522840316,0.22921655767822374,0.22298403145834797,0.19697682138682046
2022-11-07_CO,2022-12-09_CO,30,100,0.16080249845981598,0.26583996415138245,100000.0,0.19346813852482128,0.1656768502490652,0.17299693699353916,0.16839535184086535,0.1665984590142738,0.16921394153702352,0.18075431457491106,0.17384087326222425,0.17075918305876595,0.17836582722834604,0.18544933445304648,0.18256243633744546,0.17707904898003127
2023-01-13_RD,2023-02-13_RD,30,10,-0.1123921275138855,0.2149897813796997,1.0,-2.1641282111275797,-0.23966222076591337,-0.16314337708306959,-0.1323163391345451,-0.24872060422463926,-0.2929951403937623,-0.2176929724261708,-0.2310993613873809,-0.3364135480855259,-0.46067048399542687,-0.384999377748765,-0.3701993387985399,-0.6703589920935187
2023-01-13_RD,2023-02-13_RD,30,10,-0.1123921275138855,0.2149897813796997,10.0,-1.257559634521801,-0.23279838015119997,-0.14793852190687096,-0.11942506896902794,-0.23820718297680346,-0.27622375094120083,-0.19276544539573037,-0.20479684223947214,-0.3179241044491439,-0.40075647212984156,-0.3268454218428683,-0.3146622144603175,-0.6035409966608244
2023-01-13_RD,2023-02-13_RD,30,10,-0.1123921275138855,0.2149897813796997,100.0,-0.34846034301955936,-0.18739217720184437,-0.08086252500588742,-0.05705853239417297,-0.17390252497195857,-0.18546837220254553,-0.08607462775595195,-0.09208802779563269,-0.21055108889355326,-0.17188177584916847,-0.11834807097116667,-0.10908356242593031,-0.32074713879524697
2023-01-13_RD,2023-02-13_RD,30,10,-0.1123921275138855,0.2149897813796997,1000.0,-0.05652817262856613,-0.11089803813369076,-0.060047508523327076,-0.04131896163725857,-0.09675345136286669,-0.092953749068722,-0.0390183834374396,-0.04277903831380003,-0.08884892712822297,-0.03566436003468687,-0.014072200716320343,-0.014872200608101904,-0.09305389695241202
2023-01-13_RD,2023-02-13_RD,30,10,-0.1123921275138855,0.2149897813796997,10000.0,-0.07547927728012171,-0.10400862624102378,-0.0972750322205547,-0.09358980567545366,-0.1040515947721566,-0.09977040109213395,-0.08938894241902942,-0.09046018165330638,-0.0997221464913311,-0.08358721682690046,-0.0770348301631554,-0.08097618894280342,-0.0960311836684296
2023-01-13_RD,2023-02-13_RD,30,10,-0.1123921275138855,0.2149897813796997,100000.0,-0.10466980632397954,-0.11078339769537307,-0.11035383035438884,-0.1098710381627642,-0.1111503806399518,-0.10999955474341633,-0.10899058464965844,-0.10905707556052457,-0.11041530568217545,-0.10778184818617514,-0.10647065165859426,-0.1076231433418994,-0.10956583444611494
2023-01-13_RD,2023-02-13_RD,30,20,-0.1123921275138855,0.2149897813796997,1.0,-0.7944969428329035,-0.15531012885203727,-0.04899926905919899,-0.038001435564079034,-0.11073539649660628,-0.1349218301988176,-0.01804714487723441,-0.04630501278394933,-0.13209598605532863,-0.15832562011537596,-0.03943723079236544,-0.04713271932371446,-0.20080075059369631
2023-01-13_RD,2023-02-13_RD,30,20,-0.1123921275138855,0.2149897813796997,10.0,-0.6643168912286255,-0.15353523135254127,-0.046309518626414414,-0.035840060061799905,-0.1090821189282345,-0.13116800988111998,-0.013615645439268631,-0.04249923442360401,-0.12897299935547343,-0.14912753570289397,-0.03129527484158076,-0.03934686720372135,-0.19400689256384052
2023-01-13_RD,2023-02-13_RD,30,20,-0.1123921275138855,0.2149897813796997,100.0,-0.23325094242579197,-0.1395427580915961,-0.026401343486857604,-0.0196906364321717,-0.0958498633986334,-0.10366977737522892,0.017993904355175006,-0.015599496552147374,-0.10435619654946023,-0.08589489259382321,0.022994156161922824,0.012005292646344562,-0.1431970495420844
2023-01-13_RD,2023-02-13_RD,30,20,-0.1123921275138855,0.2149897813796997,1000.0,0.030560024800712182,-0.10194072149458394,-0.008186655192851389,-0.002951836541331687,-0.06636843874804506,-0.05877720471887979,0.04500286282370394,0.010556812472115373,-0.05057546019701074,0.005790041175872368,0.08025436264457317,0.0653260855453241,-0.04100563927313285
2023-01-13_RD,2023-02-13_RD,30,20,-0.1123921275138855,0.2149897813796997,10000.0,-0.03398301426228256,-0.0973591701965956,-0.07966607363202219,-0.07311782730687805,-0.09154239044507569,-0.0875250931734137,-0.058371542751042005,-0.06669213162458851,-0.08355611486550618,-0.0599260853994289,-0.03462681126709671,-0.04362119497160813,-0.07379861991793105
2023-01-13_RD,2023-02-13_RD,30,20,-0.1123921275138855,0.2149897813796997,100000.0,-0.0958443041357328,-0.10843224044860067,-0.10772485915758997,-0.1063491323710638,-0.10907002717766445,-0.10716678688060713,-0.10416833995702132,-0.10473094663226351,-0.10755532430127857,-0.10296415987474983,-0.09873995797722687,-0.10127606738082554,-0.10532160738570566
2023-01-13_RD,2023-02-13_RD,30,50,-0.1123921275138855,0.2149897813796997,1.0,-0.06710144848430821,-0.10663880765578743,0.025396149583291366,0.0072279945179885285,-0.06390549462038614,-0.07540196647998104,0.0893828972731329,0.02758172342997728,-0.04324342718043261,0.0025248425509499517,0.09507804217825547,0.07013423807283631,-0.04790795842756529
2023-01-13_RD,2023-02-13_RD,30,50,-0.1123921275138855,0.2149897813796997,10.0,-0.0630554385726208,-0.10635385672113418,0.02573347867085357,0.007694030033298105,-0.06354730404454084,-0.07468541341553298,0.08985113200092654,0.02818001972571016,-0.042650583338931326,0.003544325270627674,0.09616331716059762,0.07113460395625815,-0.046786747728531815
2023-01-13_RD,2023-02-13_RD,30,50,-0.1123921275138855,0.2149897813796997,100.0,-0.029157954322060392,-0.10377719234729915,0.02857702855957653,0.011709824046433115,-0.06031001594302815,-0.06831144905044989,0.09377740064590617,0.03325709863326176,-0.037306729773461424,0.012488555156980607,0.10546019175986332,0.07980979326290669,-0.036753847652278494
2023-01-13_RD,2023-02-13_RD,30,50,-0.1123921275138855,0.2149897813796997,1000.0,0.0801834340090796,-0.09145118528998397,0.03170709411110842,0.021434327368623357,-0.04691314132480615,-0.04328510875387781,0.09838022850677663,0.04356957658796623,-0.015352065142280527,0.04316917494465475,0.13030817818947749,0.10574062412502178,0.004483540854029235
2023-01-13_RD,2023-02-13_RD,30,50,-0.1123921275138855,0.2149897813796997,10000.0,0.03685771425288728,-0.0887242371774683,-0.038464595373936844,-0.03460184701596819,-0.06986273508954417,-0.064282320773622,0.00516753035194778,-0.02396137081638114,-0.04938920207339828,-0.01288197934283497,0.036630380915040145,0.020725336143930573,-0.02846641150754196
2023-01-13_RD,2023-02-13_RD,30,50,-0.1123921275138855,0.2149897813796997,100000.0,-0.07353803866025363,-0.10335040466117187,-0.09913719336267315,-0.09649012702019816,-0.10359006195687143,-0.10027607278242312,-0.08921636702508376,-0.09306233789376128,-0.09930131751191373,-0.08923265618182072,-0.07849674862167927,-0.08392836194171635,-0.093457536676941
2023-01-13_RD,2023-02-13_RD,30,100,-0.1123921275138855,0.2149897813796997,1.0,0.10692412347382463,-0.09007838407628782,0.042878129294749184,0.025575534894370477,-0.04312636859285815,-0.039904779705502436,0.12328741281938543,0.06227611271378716,-0.008603503863022508,0.048528015761821974,0.15689295204287868,0.13769325710347777,0.019275018416973665
2023-01-13_RD,2023-02-13_RD,30,100,-0.1123921275138855,0.2149897813796997,10.0,0.10756146032637062,-0.09002025455280274,0.04287302648345703,0.025598082295693936,-0.04307448215425633,-0.03980857400121665,0.12331586671206665,0.062269816244244686,-0.00851396773928704,0.04869651579080683,0.1570789234646066,0.1377961980871285,0.019431092365848158
2023-01-13_RD,2023-02-13_RD,30,100,-0.1123921275138855,0.2149897813796997,100.0,0.11344180971639509,-0.08947483453123645,0.04277987068513578,0.0257772201448265,-0.042583983696476736,-0.038908404060634505,0.12352393488246086,0.06214804167829316,-0.007668250022927786,0.05025253919847669,0.15875295226080838,0.13870667201454953,0.020896258132598804
2023-01-13_RD,2023-02-13_RD,30,100,-0.1123921275138855,0.2149897813796997,1000.0,0.14270641831583789,-0.08633082473147496,0.03910967882029423,0.024609976938261058,-0.03982540184523365,-0.034118482679571294,0.12066281293976394,0.05749528521062816,-0.0029154610859614405,0.05724949002694693,0.1637191797790116,0.14015230940707307,0.028873594777699175
2023-01-13_RD,2023-02-13_RD,30,100,-0.1123921275138855,0.2149897813796997,10000.0,0.09718904085553223,-0.08684744107302203,-0.012795260739339814,-0.01262362016425378,-0.05350147102776021,-0.04910851863090804,0.05214793620259936,0.0037306464294000197,-0.024236451593829155,0.017392957623538152,0.09108122037824495,0.07344481065218636,0.0028724132027742877
2023-01-13_RD,2023-02-13_RD,30,100,-0.1123921275138855,0.2149897813796997,100000.0,-0.046862541800565705,-0.0986157214775546,-0.08951152009295546,-0.0845893188590458,-0.09520795282398549,-0.09210539852001784,-0.06971261766357598,-0.07905733130514431,-0.08782067329786274,-0.07338518058667526,-0.05382079604307535,-0.060468272427608855,-0.07870632979841388
2023-01-13_RD,2023-05-17_RD,120,10,-0.1121664047241211,0.23088331520557404,1.0,-3.1193432323917523,-0.23405621770803992,-0.22569903761204074,-0.18464083150626887,-0.2825013155406649,-0.27576040782194816,-0.26176491982294686,-0.22171361933633904,-0.3665282100229039,-0.5505256323149608,-0.45814483374930337,-0.47713072999757744,-0.6399245191974232
2023-01-13_RD,2023-05-17_RD,120,10,-0.1121664047241211,0.23088331520557404,10.0,-1.5513188620782348,-0.22664208502056515,-0.21575604064577064,-0.17531560040274818,-0.2751917924271026,-0.25903243385313185,-0.24274823027985465,-0.20480985865256673,-0.3514549217704442,-0.4918881530703484,-0.4016017136836635,-0.4262925093061919,-0.5865982066009928
2023-01-13_RD,2023-05-17_RD,120,10,-0.1121664047241211,0.23088331520557404,100.0,-0.3807590341175275,-0.1767641695468039,-0.15210140066047378,-0.11325351869658778,-0.2225122745628035,-0.16038196756408774,-0.1359079917353396,-0.10757133963383386,-0.2563637776857959,-0.24577273387703585,-0.16672592270562228,-0.19983536218677672,-0.34022545884837135
2023-01-13_RD,2023-05-17_RD,120,10,-0.1121664047241211,0.23088331520557404,1000.0,-0.04294915722739981,-0.0930398660256408,-0.0732731305182967,-0.039533772530332106,-0.11790118820000144,-0.05048809474101662,-0.035274499147633975,-0.022111069377543396,-0.11221226561470753,-0.05679639630265193,-0.005254001741920228,-0.03127014129578598,-0.10360961216873328
2023-01-13_RD,2023-05-17_RD,120,10,-0.1121664047241211,0.23088331520557404,10000.0,-0.06042518118278367,-0.09289837623230962,-0.08918113342246492,-0.07927356380397521,-0.10267669746067708,-0.08339065632264653,-0.07833384180040764,-0.07605847063033627,-0.09892065026829816,-0.08003077033293071,-0.06417417241684126,-0.0741249444029578,-0.09028473548828843
2023-01-13_RD,2023-05-17_RD,120,10,-0.1121664047241211,0.23088331520557404,100000.0,-0.0970581327214845,-0.10780189627713227,-0.10693573102867332,-0.10530331685062261,-0.11005427366133176,-0.10578345251608379,-0.10280422624603647,-0.10274738305622833,-0.10861622852960832,-0.10325673649390443,-0.09863867216954736,-0.10050336077424632,-0.10493521615798374
2023-01-13_RD,2023-05-17_RD,120,20,-0.1121664047241211,0.23088331520557404,1.0,-0.6479136258025416,-0.0677137532713282,-0.03201529521300345,-0.014674962346140491,-0.13204770362272555,-0.055697411170360644,0.015171531958100726,0.01592262297981581,-0.13939067386198908,-0.0988286076459278,-0.011096000998609884,-0.039991228245823324,-0.18563758142367495
2023-01-13_RD,2023-05-17_RD,120,20,-0.1121664047241211,0.23088331520557404,10.0,-0.567680510810048,-0.06667265696265107,-0.03119817217144294,-0.012998772180150414,-0.1308483475285103,-0.05305309746055578,0.018404429455922883,0.01833967758416008,-0.13723676955205077,-0.09283164618353551,-0.004795139352865768,-0.03420320427886048,-0.18029807366861084
2023-01-13_RD,2023-05-17_RD,120,20,-0.1121664047241211,0.23088331520557404,100.0,-0.22431098515710826,-0.058332793638566,-0.025268539076497815,0.0002076371157812007,-0.12063941218280556,-0.03220470471728995,0.04191597058464783,0.036382990060001924,-0.11982320142276974,-0.04851243460238461,0.040493580971211945,0.007482881286752702,-0.13960611746662907
2023-01-13_RD,2023-05-17_RD,120,20,-0.1121664047241211,0.23088331520557404,1000.0,0.055785416253429726,-0.03992464855804578,-0.025160954620975562,0.01910330112036468,-0.08673854074965626,0.009404226013140393,0.057530694175744496,0.05308363506694011,-0.07154090413514141,0.02972109905901632,0.10232998893171699,0.06497218475112146,-0.04716257581791358
2023-01-13_RD,2023-05-17_RD,120,20,-0.1121664047241211,0.23088331520557404,10000.0,-0.0060848502311036945,-0.07081929414988858,-0.07116462880309693,-0.04951701769899103,-0.08876840964805272,-0.05020531274510792,-0.04330732360762263,-0.04003379170033011,-0.0796161416267831,-0.038704902832404464,-0.01309880778830197,-0.029559857368630038,-0.0625693577850515
2023-01-13_RD,2023-05-17_RD,120,20,-0.1121664047241211,0.23088331520557404,100000.0,-0.0794845855755596,-0.10223480050885392,-0.10138377227253009,-0.09681592756026447,-0.10656580435463708,-0.0967205998200964,-0.09249724592514269,-0.09222803396443885,-0.10292571598490056,-0.09108828457352014,-0.08442874524778704,-0.08767454334868152,-0.09554077959045197
2023-01-13_RD,2023-05-17_RD,120,50,-0.1121664047241211,0.23088331520557404,1.0,-0.019373005949675615,-0.04380459385729066,-0.030049948718420483,0.02090690866998124,-0.08415878670714909,0.002623925585058806,0.09257378182386655,0.05654412529039565,-0.0785867650123175,-0.0030564538866603153,0.12026287364972515,0.05354067710367644,-0.07415833755605995
2023-01-13_RD,2023-05-17_RD,120,50,-0.1121664047241211,0.23088331520557404,10.0,-0.01590915437208318,-0.04350141783516098,-0.029738776924411153,0.021296704375138698,-0.0839821340606538,0.003138166329559322,0.09308312481534173,0.05713308475710879,-0.07821102499823566,-0.002054475145711804,0.12129431105067304,0.05473611864839839,-0.07336509963952503
2023-01-13_RD,2023-05-17_RD,120,50,-0.1121664047241211,0.23088331520557404,100.0,0.013416940715534509,-0.0407174015550546,-0.02702772511274662,0.024821749291300543,-0.08232805932799776,0.007855186205541764,0.09741654211332293,0.06232017788635266,-0.074751681389111,0.0069707159412220054,0.13020644713443835,0.06512795892765946,-0.06614891972842181
2023-01-13_RD,2023-05-17_RD,120,50,-0.1121664047241211,0.23088331520557404,1000.0,0.11028781254390865,-0.027129269477565526,-0.01963325199944624,0.039145816357097574,-0.07299547361541765,0.03036813887743764,0.10491314262416965,0.07901297677988534,-0.057130936675035854,0.046216138425686226,0.15579139116047147,0.09881024326444843,-0.03173139491023195
2023-01-13_RD,2023-05-17_RD,120,50,-0.1121664047241211,0.23088331520557404,10000.0,0.06853323582374807,-0.04254270267327487,-0.054013754870821495,-0.00283415916702795,-0.07400664079519687,0.000405318414415462,0.014980139961637107,0.014731632189193905,-0.06035548586590864,0.015552269973686722,0.06419714921403896,0.03273695673645852,-0.03400512991527532
2023-01-13_RD,2023-05-17_RD,120,50,-0.1121664047241211,0.23088331520557404,100000.0,-0.049165630638011715,-0.08763672128307243,-0.09019308966010953,-0.07571274515612969,-0.09733485909493376,-0.07494790038206428,-0.07214833493689121,-0.07067764999128318,-0.09062085161416637,-0.0685635983435608,-0.05712298673901178,-0.06440903806248799,-0.07942307936484232
2023-01-13_RD,2023-05-17_RD,120,100,-0.1121664047241211,0.23088331520557404,1.0,0.12365171477016554,-0.02849370942689919,-0.00802090037331557,0.04971683974405497,-0.0729147104686347,0.030890560565488084,0.11881546138433957,0.09550459742036785,-0.056689437711870516,0.053893364887025674,0.1776459007646752,0.12000364279008768,-0.02564465524634831
2023-01-13_RD,2023-05-17_RD,120,100,-0.1121664047241211,0.23088331520557404,10.0,0.12431918345719578,-0.028378138936401648,-0.007921571371846153,0.04983849354317871,-0.07285885971145986,0.03105485270315192,0.11898796125250005,0.09565785881731437,-0.05657418439562489,0.0541344013916632,0.17786756294575903,0.12024604610265224,-0.025445360458407784
2023-01-13_RD,2023-05-17_RD,120,100,-0.1121664047241211,0.23088331520557404,100.0,0.13051684720624537,-0.02727145070692269,-0.0070059745316778665,0.05098538368911287,-0.07231958209256016,0.03262590791178652,0.1205545074779251,0.09707303526175734,-0.055471889343011865,0.056416151775379425,0.17988824048214294,0.12247770109347278,-0.023547168573265498
2023-01-13_RD,2023-05-17_RD,120,100,-0.1121664047241211,0.23088331520557404,1000.0,0.16311803633136276,-0.019850336920285067,-0.003088429790693875,0.05741953517383591,-0.06843678404722636,0.04297067157636558,0.12586216783056312,0.10333380977993553,-0.04810759477946019,0.07020630701388689,0.18748130718237413,0.13236332663389141,-0.011310152688468578
2023-01-13_RD,2023-05-17_RD,120,100,-0.1121664047241211,0.23088331520557404,10000.0,0.1299524252318482,-0.02422499711399123,-0.029441753806113274,0.03283482439624641,-0.06659964906830766,0.03240048091926673,0.0626655986269147,0.0596544801530037,-0.04769961840579461,0.05284259067590666,0.12152215879863204,0.08249285343389023,-0.012336868750658295
2023-01-13_RD,2023-05-17_RD,120,100,-0.1121664047241211,0.23088331520557404,100000.0,-0.017913847390513327,-0.07530586433941333,-0.07854236721780217,-0.05486305788162815,-0.08848620328984264,-0.05537190550705268,-0.05238311687059444,-0.04943321491666969,-0.08037438563290535,-0.04752103272477137,-0.027718138623580857,-0.04034710880693179,-0.06595453438188553
2023-02-24_RD,2023-03-28_RD,30,10,0.07535237073898315,0.3068050444126129,1.0,-6.142119282110702,-0.013282240846634236,-0.13285997548320755,0.020239073401552482,-0.027252451919917226,-0.2024508960245238,-0.12442028373966554,-0.09960525558608044,-0.18573664746237917,-0.3770928549315611,-0.29558747787561446,-0.31593633490859296,-0.5280713067986726
2023-02-24_RD,2023-03-28_RD,30,10,0.07535237073898315,0.3068050444126129,10.0,-2.1943672200240636,-0.00890613468764237,-0.12308570998850557,0.024340242321762656,-0.022380060723164858,-0.18350961975088878,-0.11207411419992372,-0.0898767085843944,-0.1709319260402535,-0.3377751297412364,-0.2618602016411996,-0.282649223753383,-0.4761120794494161
2023-02-24_RD,2023-03-28_RD,30,10,0.07535237073898315,0.3068050444126129,100.0,-0.4453301705887328,0.024119161093110048,-0.05583271271618456,0.054719497358417774,0.013211745045176027,-0.07077653834786987,-0.031162992403977435,-0.02133925298083772,-0.07536583506218901,-0.139862399544266,-0.08574714398614713,-0.10667926184140325,-0.20922641859030966
2023-02-24_RD,2023-03-28_RD,30,10,0.07535237073898315,0.3068050444126129,1000.0,0.07318897746919825,0.0931042334613473,0.06236899261858475,0.11109727165484415,0.08190436513737451,0.08182825268107755,0.10130432110095777,0.10703910767027,0.07361411436840802,0.09566788935469639,0.11064159660707254,0.1073679669384014,0.0797648611502058
2023-02-24_RD,2023-03-28_RD,30,10,0.07535237073898315,0.3068050444126129,10000.0,0.11038466805186462,0.08791400012645023,0.08233863323348528,0.09290562335032063,0.08184998762230694,0.09057117365947792,0.09545480915081486,0.10028459320113423,0.0848167313999292,0.10380416113537608,0.10459403695378885,0.10636638160911749,0.09412514271208317
2023-02-24_RD,2023-03-28_RD,30,10,0.07535237073898315,0.3068050444126129,100000.0,0.08227653121464215,0.07733146828844531,0.07772827020578374,0.0784383393317109,0.0764564034928344,0.078023143708782,0.07954354937579519,0.08000593682292617,0.07703166883279512,0.08086278100153108,0.08065821893454994,0.08111310296289917,0.0786737285162646
2023-02-24_RD,2023-03-28_RD,30,20,0.07535237073898315,0.3068050444126129,1.0,-0.979666379769636,0.056234857147788725,-0.021652916146949086,0.05897668834930464,0.028158416669696013,0.0183455749321835,-0.01232486012392553,0.016992872852672397,-0.036584663029470936,-0.11166826954266929,-0.07659715086657609,-0.0913556562392914,-0.14751582889893025
2023-02-24_RD,2023-03-28_RD,30,20,0.07535237073898315,0.3068050444126129,10.0,-0.8659602566762405,0.057454904702508414,-0.019213924008066346,0.060961992335938575,0.02968721637815146,0.021229909315329948,-0.008297353353061754,0.02048145369715451,-0.03302485298058422,-0.10299052044615314,-0.06824413572279858,-0.08335118128143468,-0.13872995126397838
2023-02-24_RD,2023-03-28_RD,30,20,0.07535237073898315,0.3068050444126129,100.0,-0.36956337272037476,0.0679903854216368,0.0012486664422494964,0.07755864870235599,0.0427617303347927,0.044233768163814524,0.0245776315123494,0.049472476906038315,-0.00347475039321013,-0.03625011532193867,-0.0049396488809076156,-0.021107428267527845,-0.07084714854639507
2023-02-24_RD,2023-03-28_RD,30,20,0.07535237073898315,0.3068050444126129,1000.0,0.10439146326194165,0.10430517650049509,0.06869408394400495,0.12511264927895313,0.08798776981614709,0.10667517883228436,0.1176819219054128,0.1355433909871641,0.08832005954928394,0.1294395123407037,0.14339206836400206,0.13620425075429288,0.09972308319488192
2023-02-24_RD,2023-03-28_RD,30,20,0.07535237073898315,0.3068050444126129,10000.0,0.14232302391469362,0.09577539042531102,0.08859005913481327,0.10440859553429982,0.0892470752406143,0.101202595908267,0.10968743608217943,0.11790035926784104,0.09663749652363325,0.12667946697659832,0.12821118417801694,0.1286445818171603,0.11275349004267081
2023-02-24_RD,2023-03-28_RD,30,20,0.07535237073898315,0.3068050444126129,100000.0,0.08969359974829474,0.07911199330930613,0.07976325016585739,0.08118963052129533,0.0778830137467284,0.0805140926546655,0.08275834251085681,0.0838552674840071,0.07934783481397653,0.08569449987747663,0.0853361089104249,0.08577455013104099,0.08252847099715445
2023-02-24_RD,2023-03-28_RD,30,50,0.07535237073898315,0.3068050444126129,1.0,0.08393949738094819,0.11810961535010966,0.1001782269159045,0.14328150993875444,0.10183753981616687,0.11172960395287684,0.14351465872895822,0.15895785092904455,0.10275335034290217,0.14299557242993424,0.17461880021539336,0.14870769246390983,0.11027459890844123
2023-02-24_RD,2023-03-28_RD,30,50,0.07535237073898315,0.3068050444126129,10.0,0.08698297913916758,0.11822191082691516,0.10042419336038247,0.14350060960672742,0.10195860996195427,0.11208609662669317,0.1439946779458799,0.15941257375372697,0.103052021153905,0.14385104943990046,0.17534978764074574,0.14959981141115733,0.11099289340399403
2023-02-24_RD,2023-03-28_RD,30,50,0.07535237073898315,0.3068050444126129,100.0,0.11323830549476177,0.11926162575838334,0.10266692191194499,0.1454917623699694,0.10306837836396095,0.11535526909199606,0.1483627560259195,0.163563619349665,0.10580455798215889,0.151631536698818,0.1819076752606035,0.15769297793665835,0.1175338911131621
2023-02-24_RD,2023-03-28_RD,30,50,0.07535237073898315,0.3068050444126129,1000.0,0.2100454632909383,0.12423561484367207,0.11300837203500635,0.15358963166524472,0.10805744393731585,0.13126722561158038,0.16785245970918197,0.18215750503015513,0.11950372724223578,0.18764336525502287,0.2086863722120746,0.19437913961632908,0.14855118619126348
2023-02-24_RD,2023-03-28_RD,30,50,0.07535237073898315,0.3068050444126129,10000.0,0.19461443126574368,0.10930005706198931,0.10545307416675007,0.12641242272886535,0.09682463393765307,0.11932193579211775,0.14203303209947984,0.15124894130242741,0.10975075699706334,0.16419123872485233,0.16895235478240164,0.16775832772613555,0.1371422551889482
2023-02-24_RD,2023-03-28_RD,30,50,0.07535237073898315,0.3068050444126129,100000.0,0.10501142768104518,0.08283090815721864,0.08422246757957991,0.08717163753794888,0.07992999396629186,0.08533287098343009,0.09146720136695471,0.09315223736347,0.08307109203427608,0.0962760727593274,0.09670222913421578,0.09671047305051242,0.08943427554795873
2023-02-24_RD,2023-03-28_RD,30,100,0.07535237073898315,0.3068050444126129,1.0,0.20278965682797562,0.1272340612315646,0.10127595237683817,0.1480946834947396,0.09725455905261395,0.11803837301359346,0.15361768291389225,0.1765257460943024,0.10823862056831986,0.17763640096915678,0.20866795573345576,0.18791793275422888,0.14024148849622908
2023-02-24_RD,2023-03-28_RD,30,100,0.07535237073898315,0.3068050444126129,10.0,0.20335960159957928,0.12727087120597044,0.10138528425026347,0.1481704324035889,0.09731848805129018,0.11818029625035625,0.15378381369529937,0.17666866234550457,0.10834964282521294,0.17789240581436422,0.20886921272381698,0.18816767608322096,0.14044082361530016
2023-02-24_RD,2023-03-28_RD,30,100,0.07535237073898315,0.3068050444126129,100.0,0.20870675415860737,0.1276237660015681,0.10243255347433639,0.14889275698356572,0.09793326207131946,0.11954029293252377,0.15536711744735604,0.17802927915816358,0.10941575041648553,0.1803296816973515,0.21076698777425978,0.1905425899075976,0.1423415756493473
2023-02-24_RD,2023-03-28_RD,30,100,0.07535237073898315,0.3068050444126129,1000.0,0.2396381274927758,0.1299425570468267,0.10950118180508778,0.1534333492799722,0.10219328923075348,0.12879406621668066,0.1655057703622537,0.18653150411806899,0.11673927129754647,0.19586598781329337,0.2216616230154454,0.20549756548371148,0.15471934874818985
2023-02-24_RD,2023-03-28_RD,30,100,0.07535237073898315,0.3068050444126129,10000.0,0.23211795740704289,0.12337653213091904,0.11217055208049911,0.14301094069201525,0.10233740779075234,0.13172520854581787,0.1588787118167455,0.17339619256462557,0.11810908514388141,0.1888621855044787,0.19882642561637393,0.19535393542010107,0.1538801049048927
2023-02-24_RD,2023-03-28_RD,30,100,0.07535237073898315,0.3068050444126129,100000.0,0.12642328429135963,0.0898220678081732,0.08868094542864272,0.09597225886135438,0.08351843507028146,0.09341681050695858,0.10169313960148807,0.10603377028212221,0.08871848810413986,0.1110886957430543,0.11281817743308786,0.11262727566085398,0.09982696057809805
2023-02-24_RD,2023-06-22_RD,120,10,0.050746530294418335,0.3046796917915344,1.0,-5.456097478413498,-0.02391247316084677,-0.021019996250959516,-0.044200066438740526,-0.03654412513277754,-0.1196874782776059,-0.1287439542094409,-0.13571448594332036,-0.1447646287560169,-0.5433248833893373,-0.34395173204322127,-0.3591336833442431,-0.4891075083947658
2023-02-24_RD,2023-06-22_RD,120,10,0.050746530294418335,0.3046796917915344,10.0,-1.9654228416013253,-0.018745530559992063,-0.015308503187107136,-0.03893776793357337,-0.031169142799600934,-0.10587036866108032,-0.11393670088746433,-0.1216090183811806,-0.1323514534603939,-0.46759718540628087,-0.30150104499542363,-0.31020574334451656,-0.43353270598980104
2023-02-24_RD,2023-06-22_RD,120,10,0.050746530294418335,0.3046796917915344,100.0,-0.30233520775674305,0.017819937534090113,0.024925646342279367,-0.0001641433474070253,0.006901296299934477,-0.017407412436099112,-0.019714387456823662,-0.031663989873616266,-0.049832743637372216,-0.1316181889501209,-0.09267341825142866,-0.07704590193341332,-0.1663214753407866
2023-02-24_RD,2023-06-22_RD,120,10,0.050746530294418335,0.3046796917915344,1000.0,0.11340922575580151,0.07992586772509908,0.09281103082494085,0.07672055741885994,0.07513576411224224,0.10027692058670631,0.11009486845089853,0.09321482785368632,0.07981012078714557,0.11368615437850599,0.11782563861199905,0.12663186087896697,0.0884592796433415
2023-02-24_RD,2023-06-22_RD,120,10,0.050746530294418335,0.3046796917915344,10000.0,0.11136732384718562,0.07017050738868205,0.07568591612941339,0.07157223800025855,0.07138450723543346,0.08121601130414396,0.08571603874931766,0.0791170202723406,0.08061148159528844,0.09445002779214737,0.09643278333317298,0.09783757460062037,0.09078001560513076
2023-02-24_RD,2023-06-22_RD,120,10,0.050746530294418335,0.3046796917915344,100000.0,0.07499532415028023,0.05439270992440895,0.055712738526267125,0.05494085538354371,0.05453249313035557,0.05733586576109034,0.058429351323850964,0.05742655157714052,0.05782272161699185,0.0632738906238216,0.06333708878441299,0.0634868068161247,0.06298094542761914
2023-02-24_RD,2023-06-22_RD,120,20,0.050746530294418335,0.3046796917915344,1.0,-1.0125532678474833,0.06375085547610163,0.05475249425668269,0.03872072245064673,0.03844201262835359,0.05229036604847964,0.030127659802560186,0.03039066279485622,0.007871887578310977,-0.02572226666660446,-0.02030611149931119,-0.014550675293779874,-0.10662972680459078
2023-02-24_RD,2023-06-22_RD,120,20,0.050746530294418335,0.3046796917915344,10.0,-0.8702314422278654,0.06480212096242308,0.056038534375321386,0.04001028193646994,0.03961753736546366,0.054426626876426604,0.03287693812599346,0.03283843957255794,0.010374976528645755,-0.019595966116923907,-0.013156649101765172,-0.008005781596473999,-0.0977279416674884
2023-02-24_RD,2023-06-22_RD,120,20,0.050746530294418335,0.3046796917915344,100.0,-0.2957560848001861,0.07345646337086809,0.06670419894829108,0.05097622752641587,0.0495447398181503,0.07188371217694847,0.05497107678096194,0.05253385483900774,0.03090496677405165,0.02690465999939548,0.03955145716769523,0.04064018706640149,-0.03235828245908958
2023-02-24_RD,2023-06-22_RD,120,20,0.050746530294418335,0.3046796917915344,1000.0,0.12733503181611577,0.0953824548714709,0.0979861720748478,0.08646208162995225,0.08114315029880953,0.11704531124816595,0.11310962904002472,0.10331834882156818,0.09044938989811076,0.12898418896016517,0.14507853220359107,0.14152333760105815,0.10506171991750524
2023-02-24_RD,2023-06-22_RD,120,20,0.050746530294418335,0.3046796917915344,10000.0,0.13155354366544927,0.07637754766738458,0.08424226538642421,0.07901176656804976,0.07662483579681761,0.09002315169959804,0.09340693618917406,0.0859740877606826,0.08813852038373156,0.10600118636737288,0.11104785311525919,0.1111731362285106,0.10215775655277169
2023-02-24_RD,2023-06-22_RD,120,20,0.050746530294418335,0.3046796917915344,100000.0,0.08085729852869164,0.056265289684420905,0.05890704152527268,0.05757977130006803,0.05648129408434826,0.06033976085313322,0.061832018154253376,0.06039788029878346,0.06097843065976597,0.06723568208807407,0.06776252904329527,0.06798195892578901,0.06745287781368703
2023-02-24_RD,2023-06-22_RD,120,50,0.050746530294418335,0.3046796917915344,1.0,0.08323445125522619,0.14818386922348759,0.15401736114919035,0.14076411345847262,0.113489704231041,0.17275631867122374,0.17276934347050943,0.1622576895205179,0.12224033120742168,-0.0010279150183636898,0.20506804807565773,0.207913969036459,0.08279244934318687
2023-02-24_RD,2023-06-22_RD,120,50,0.050746530294418335,0.3046796917915344,10.0,0.08453294539175538,0.14826412633995462,0.15412019093247256,0.1408517861624981,0.11357439635614686,0.17294704770171893,0.1730490346125921,0.1625172041590444,0.12245044104857204,0.0015414138349109652,0.20564223971144074,0.20838296659238914,0.08397402323843679
2023-02-24_RD,2023-06-22_RD,120,50,0.050746530294418335,0.3046796917915344,100.0,0.09494314322457098,0.14893981400353642,0.15497130206887713,0.14160663073723329,0.11433668872430731,0.17462838153325683,0.1755432775824461,0.16480369199442013,0.12435586496032287,0.024150318788388636,0.21071750394115296,0.21252086132214643,0.09442113287948091
2023-02-24_RD,2023-06-22_RD,120,50,0.050746530294418335,0.3046796917915344,1000.0,0.13174894112711671,0.1484943702161009,0.1544519782536898,0.14210362770538287,0.11684865002033178,0.17864180974332197,0.1838856284144711,0.1712519782226944,0.13215615369137956,0.11814603878057542,0.22765676748383387,0.22569148624149807,0.13766018828285212
2023-02-24_RD,2023-06-22_RD,120,50,0.050746530294418335,0.3046796917915344,10000.0,0.146215785143555,0.10927368011733216,0.11510320073462707,0.10669169162525913,0.09844742342581721,0.1315223958886405,0.14005879046694433,0.12754831494121172,0.11141658646140978,0.14379805297838819,0.16786157070200816,0.16766394079008534,0.13175518497286196
2023-02-24_RD,2023-06-22_RD,120,50,0.050746530294418335,0.3046796917915344,100000.0,0.10134325716403478,0.06746614952168686,0.0708763059628933,0.06721338933883714,0.06618483933983847,0.07548729474222507,0.07905908037157838,0.07487683191233033,0.07369854072777834,0.08664909868769569,0.08808075345087571,0.0895220740647637,0.08379687150359753
2023-02-24_RD,2023-06-22_RD,120,100,0.050746530294418335,0.3046796917915344,1.0,0.21682841637808561,0.16315415319444687,0.16525392029469388,0.1563515664075472,0.12098518981534305,0.19467036946063335,0.2015800496222456,0.1952714750783395,0.13890535192577505,0.2137114058906089,0.24119019342404227,0.24534144569663016,0.16862744496258145
2023-02-24_RD,2023-06-22_RD,120,100,0.050746530294418335,0.3046796917915344,10.0,0.217248540002031,0.16315339298828027,0.16526559346756087,0.1563515390775206,0.12100046910677066,0.19468688672865847,0.20163751702093294,0.1952854401168021,0.13894692867716094,0.21377414006438797,0.2413162055591951,0.2454264105678132,0.1687495819645027
2023-02-24_RD,2023-06-22_RD,120,100,0.050746530294418335,0.3046796917915344,100.0,0.22112087772037267,0.16312680518887104,0.16535362872257905,0.1563324507075398,0.12114018395566206,0.1948212336203877,0.20216318732390612,0.19538858553643557,0.13933520083575085,0.21433832982491918,0.24247843261154783,0.246200487764902,0.16989547798141044
2023-02-24_RD,2023-06-22_RD,120,100,0.050746530294418335,0.3046796917915344,1000.0,0.2398415739845329,0.161496107493599,0.16426448799187024,0.15478229826569986,0.12155428160835384,0.1939467881555474,0.20393655258731563,0.19392827612595823,0.14119420035552413,0.21578128868846477,0.24739187850745484,0.24873554833827305,0.1760819712393773
2023-02-24_RD,2023-06-22_RD,120,100,0.050746530294418335,0.3046796917915344,10000.0,0.2077916685595701,0.13181561274034523,0.13454699844399337,0.1255522139429618,0.1095863997742615,0.1579992852811218,0.17032127712931766,0.15519750943369326,0.12600889188009465,0.18167593173587285,0.20451966808434374,0.20482253276512086,0.15669434822498174
2023-02-24_RD,2023-06-22_RD,120,100,0.050746530294418335,0.3046796917915344,100000.0,0.12342822445574267,0.08046161504571914,0.08268737878940763,0.07705300540467308,0.0774986599583946,0.09067966163012234,0.09521767788401991,0.0886874828172359,0.08619337534656761,0.1050608058680251,0.10696698426231369,0.10911180079218041,0.09878565005170943
2023-03-20_RD,2023-03-28_RD,7,10,-0.06345324218273163,0.3068050444126129,1.0,-6.15413086515669,-0.05145866748964087,-0.024120140396935053,0.010966475356583294,-0.2728834566457714,-0.06637089788133,-0.07706299613208817,-0.06476714533994729,-0.3520920673377544,-0.34257629337036166,-0.27405831937797065,-0.28303337728822664,-0.6093209242906549
2023-03-20_RD,2023-03-28_RD,7,10,-0.06345324218273163,0.3068050444126129,10.0,-2.202074118750261,-0.048274106642065606,-0.019390831955820892,0.015834513623858293,-0.26558567471144817,-0.05665512745116971,-0.06357841084785221,-0.056170546233673596,-0.3375551695480294,-0.304214679717101,-0.2379978371816708,-0.2476291528272588,-0.5663408148747894
2023-03-20_RD,2023-03-28_RD,7,10,-0.06345324218273163,0.3068050444126129,100.0,-0.4519433586642376,-0.02497341700343561,0.015088609198966818,0.04907582107945549,-0.21227359981031882,0.0065554362800114285,0.01988570329342837,0.0015438533751733763,-0.2378410738632816,-0.11421475274458745,-0.056458655099319716,-0.0615211623622515,-0.33351846678374814
2023-03-20_RD,2023-03-28_RD,7,10,-0.06345324218273163,0.3068050444126129,1000.0,0.03988922291461108,0.013289184514611668,0.05739711274415263,0.07632389112843288,-0.09134990422217328,0.082109952783049,0.11098627469034214,0.07594379434919618,-0.059222370002033835,0.06676800663744764,0.11229434426129983,0.12242609182412101,-0.058155047256344655
2023-03-20_RD,2023-03-28_RD,7,10,-0.06345324218273163,0.3068050444126129,10000.0,0.014401894144437127,-0.03628575967149594,-0.025868618052830278,-0.018787979378791037,-0.06128719900340235,-0.012381348950612214,0.0011331139031452164,-0.013286888173163175,-0.04834449141224911,-0.006271731217319637,0.011622162507551909,0.016817128678233956,-0.04313018098581789
2023-03-20_RD,2023-03-28_RD,7,10,-0.06345324218273163,0.3068050444126129,100000.0,-0.05048473415051541,-0.05974675033868743,-0.05810239150049487,-0.05722795087357116,-0.0626498373178096,-0.05620192669013835,-0.054568977279700226,-0.05632256558465065,-0.06055017177071662,-0.054970057387685206,-0.05268034514949596,-0.05187251087652314,-0.05943334632379265
2023-03-20_RD,2023-03-28_RD,7,20,-0.06345324218273163,0.3068050444126129,1.0,-0.9796364905844985,0.008163840408466627,0.07144694726169393,0.10899175365152683,-0.12284996333816937,0.09716684262729008,0.06056501533678746,0.09581353374520996,-0.14988923425387937,-0.015363637519405088,-0.03904786724322698,0.008688617927951586,-0.2982056298197428
2023-03-20_RD,2023-03-28_RD,7,20,-0.06345324218273163,0.3068050444126129,10.0,-0.8656473316794887,0.00941554441706885,0.07355687850181047,0.11046383034536192,-0.12138249321358373,0.09975988690805732,0.06555626121585889,0.09808051591614647,-0.14629174406205012,-0.008151618146675643,-0.02795553333221984,0.016751189886288376,-0.28904999285891086
2023-03-20_RD,2023-03-28_RD,7,20,-0.06345324218273163,0.3068050444126129,100.0,-0.368700631224108,0.019890344685967842,0.09010172495484606,0.12191764294108215,-0.10907161782702236,0.11921769629455614,0.10329661316688346,0.1151916601866862,-0.11676695519326441,0.04343990546810966,0.048791065691350166,0.07559257211807516,-0.21814549629143434
2023-03-20_RD,2023-03-28_RD,7,20,-0.06345324218273163,0.3068050444126129,1000.0,0.08606716392843822,0.04648932997724409,0.11199938293777295,0.1299869199756532,-0.06824828543415555,0.14320255101733614,0.1662969546034214,0.1374422526066173,-0.032806139236823996,0.13233272288107945,0.16783677967992708,0.18019893359304834,-0.04125586157178732
2023-03-20_RD,2023-03-28_RD,7,20,-0.06345324218273163,0.3068050444126129,10000.0,0.06259715249778042,-0.014493573426728967,0.00529827822440454,0.013109748075321837,-0.05871196734807646,0.025699619521055067,0.045394320426408896,0.024743700318325068,-0.04022763784232979,0.03590665675404847,0.057002348693864086,0.0648164627573885,-0.030188884069089105
2023-03-20_RD,2023-03-28_RD,7,20,-0.06345324218273163,0.3068050444126129,100000.0,-0.040747718279460055,-0.05659811530800318,-0.052997110318648455,-0.051964510811940395,-0.0622594288898864,-0.05022085854852884,-0.047182116302935784,-0.050421968143295276,-0.059241527618641925,-0.0485198035625492,-0.04502476275494388,-0.04358849169343551,-0.057638226541367826
2023-03-20_RD,2023-03-28_RD,7,50,-0.06345324218273163,0.3068050444126129,1.0,0.0839370696466828,0.09097329993099212,0.16367051763613927,0.17406826585390303,-0.06042763491053332,0.19503593577028056,0.20809028078947356,0.19499378595752612,-0.02886113977121854,0.1763491118564523,0.21936079078637594,0.2307360588582038,-0.023202952204635502
2023-03-20_RD,2023-03-28_RD,7,50,-0.06345324218273163,0.3068050444126129,10.0,0.08695769701714204,0.09105850677318134,0.16380019951513816,0.1741936653789263,-0.06026551867232743,0.19526258070356356,0.20843345247427988,0.1951835820744737,-0.028469521052081448,0.17696701914090146,0.21998839587603644,0.23130678204345947,-0.02247849588500984
2023-03-20_RD,2023-03-28_RD,7,50,-0.06345324218273163,0.3068050444126129,100.0,0.112904191540668,0.09178444495279894,0.16489021431959675,0.17522866413947039,-0.05876767771710801,0.19716479148183563,0.21140932337614643,0.1967856860898559,-0.02487265324033891,0.1824220694420687,0.2254714440423488,0.23633599464294391,-0.015863326154402307
2023-03-20_RD,2023-03-28_RD,7,50,-0.06345324218273163,0.3068050444126129,1000.0,0.2051896661619266,0.09143069952396224,0.1635927525699991,0.1729965371147524,-0.05091206005493362,0.19754918771751342,0.21777488453310295,0.19666842187387396,-0.0070432336192511975,0.20039296843995386,0.24134690403656262,0.25160231971804903,0.015963145267841067
2023-03-20_RD,2023-03-28_RD,7,50,-0.06345324218273163,0.3068050444126129,10000.0,0.16003149344498827,0.032113096008991454,0.07397713571974895,0.08009053574159805,-0.05120733846567708,0.10166411009937296,0.12993044459107356,0.10145789730402016,-0.01763108134412772,0.11735266566248614,0.14892701541282755,0.15741568083521626,0.004613488413593446
2023-03-20_RD,2023-03-28_RD,7,50,-0.06345324218273163,0.3068050444126129,100000.0,-0.004223723399283091,-0.04509631896015326,-0.03594537020942595,-0.03456899872659902,-0.060337275889828686,-0.02860887757331934,-0.01938989003053243,-0.028912063824614476,-0.05267192516996761,-0.022978087073582093,-0.013094019754428227,-0.010705618555651442,-0.04731708756071249
2023-03-20_RD,2023-03-28_RD,7,100,-0.06345324218273163,0.3068050444126129,1.0,0.20278527477569933,0.0917428163728507,0.16550657522920584,0.17471285684988552,-0.07175459761634236,0.20148384048464882,0.22215305995568368,0.1998242230861899,-0.02716244896471709,0.20523550991471265,0.25240079552101397,0.26042645299736034,0.004078649682314343
2023-03-20_RD,2023-03-28_RD,7,100,-0.06345324218273163,0.3068050444126129,10.0,0.20331594143519913,0.09179448199449611,0.1655650172589982,0.17476478417824118,-0.07165647868698838,0.20153491242534372,0.22223280462504874,0.1998716688620406,-0.027018240757677114,0.20536215454768442,0.25252370357721204,0.2605491110162912,0.004282216011758044
2023-03-20_RD,2023-03-28_RD,7,100,-0.06345324218273163,0.3068050444126129,100.0,0.20828525563298284,0.09227882392482153,0.1661049730407708,0.17524068665715015,-0.07070635953513198,0.20198924744502053,0.2229594072689213,0.20029660622003623,-0.025625283468604005,0.20653579034345557,0.25364769644962115,0.26167704110942264,0.006233416149298916
2023-03-20_RD,2023-03-28_RD,7,100,-0.06345324218273163,0.3068050444126129,1000.0,0.23637426661928976,0.09461013095291099,0.16808451838214905,0.17669985552942888,-0.06358240229128807,0.20262252977450448,0.225354254631189,0.2009707921062979,-0.0154628116719329,0.2118506151033973,0.25774978119873115,0.2660836793204162,0.019536122555576158
2023-03-20_RD,2023-03-28_RD,7,100,-0.06345324218273163,0.3068050444126129,10000.0,0.2143502609564681,0.0641441023468616,0.12042384024811512,0.1284390773757091,-0.05121264764240169,0.15110502475397666,0.17888640006583562,0.1504042970847191,-0.005167198057458374,0.16605626876578855,0.20248858459772087,0.21108171444564605,0.024662727524669702
2023-03-20_RD,2023-03-28_RD,7,100,-0.06345324218273163,0.3068050444126129,100000.0,0.0408472244332557,-0.02995002491281043,-0.013260847341601684,-0.010146809229933856,-0.058499767059124526,0.0007374321004232909,0.018414396597056848,0.0007561902874508031,-0.04293488702360698,0.01024619349000272,0.028725324846062522,0.032483145539100894,-0.03315088665593371
2023-03-20_RD,2023-04-17_RD,30,10,0.15317250788211823,0.32979917526245117,1.0,-2.9977752841948107,0.11171519963506482,0.14002666616775566,0.12734941443848766,0.08371105893452178,0.04579101058329499,0.050415485056827664,0.08804674762565937,0.03568740997682656,-0.13665318750078628,-0.08913850456002934,-0.11146026805400142,-0.18512785517469518
2023-03-20_RD,2023-04-17_RD,30,10,0.15317250788211823,0.32979917526245117,10.0,-1.05471522665742,0.1163374647965433,0.14278450624246014,0.13068945916598976,0.08665292292657141,0.05480272517072168,0.060823848418007864,0.09418931888231816,0.042218603933418336,-0.10369855284629295,-0.061971539271244436,-0.08678467883550353,-0.15295747526247824
2023-03-20_RD,2023-04-17_RD,30,10,0.15317250788211823,0.32979917526245117,100.0,-0.13780262900965815,0.14658571744602894,0.16198088417752896,0.15443248356789557,0.108362847817421,0.11078035133191697,0.12154050055540322,0.13473279832212523,0.0860746868003246,0.04757591808176925,0.06829849484571632,0.04614313408121534,0.007302952789705895
2023-03-20_RD,2023-04-17_RD,30,10,0.15317250788211823,0.32979917526245117,1000.0,0.17043012218269654,0.1860660559853594,0.19158722503205397,0.19215959795347942,0.1544400548531296,0.18426463268721072,0.1953261889886371,0.19481438752640587,0.16071238884568625,0.1887832221007101,0.19542950418093039,0.1961131935526219,0.16554092500912235
2023-03-20_RD,2023-04-17_RD,30,10,0.15317250788211823,0.32979917526245117,10000.0,0.18655013573133605,0.17517221760518692,0.17989141177037535,0.17412449173213257,0.1626419532710706,0.1765946167247299,0.18069482536300008,0.1762319459733773,0.17083053063927955,0.18119278876133754,0.18551245504073027,0.1868588217037005,0.17497210042576597
2023-03-20_RD,2023-04-17_RD,30,10,0.15317250788211823,0.32979917526245117,100000.0,0.16885346428208103,0.15856075089920796,0.1609449315756236,0.15886769405393975,0.15573010328434225,0.15977777547800373,0.1618324444214852,0.1607695310358465,0.15984954643582008,0.1638687299076333,0.16620047542412106,0.16516861589207024,0.16386634807979264
2023-03-20_RD,2023-04-17_RD,30,20,0.15317250788211823,0.32979917526245117,1.0,-0.5644430497125736,0.13422680114738486,0.1445689094912186,0.18875954110857845,0.11173425450389846,0.1033529215443573,0.13249183587566657,0.16666329340771044,0.09584866293009164,0.029810367170698432,0.07277856022922805,0.014586466005732629,0.027922953041891557
2023-03-20_RD,2023-04-17_RD,30,20,0.15317250788211823,0.32979917526245117,10.0,-0.471418915437911,0.13672303339476372,0.14664412461106302,0.18994143644067102,0.11300505116085191,0.10757696682401818,0.13681187597345337,0.1688650137750866,0.09800063003316689,0.03860659507326977,0.08050254322594855,0.02399002920284446,0.033890577880125276
2023-03-20_RD,2023-04-17_RD,30,20,0.15317250788211823,0.32979917526245117,100.0,-0.1063159850860691,0.15585613704614004,0.16278708983447532,0.19912430960082894,0.12351643074137915,0.1388524841021764,0.16802968483459865,0.18547695438215867,0.11545869280956932,0.09873940268369072,0.13427768905239992,0.0894943876537059,0.07824348641013502
2023-03-20_RD,2023-04-17_RD,30,20,0.15317250788211823,0.32979917526245117,1000.0,0.18383695109573087,0.19360346925201735,0.1973931113282723,0.2138801660668551,0.15574484250619489,0.19716286622384827,0.21913871796500853,0.2147716293021994,0.1653251469743201,0.19853539448906737,0.22320272108226216,0.20362996539044412,0.17305870294520476
2023-03-20_RD,2023-04-17_RD,30,20,0.15317250788211823,0.32979917526245117,10000.0,0.1959338508487161,0.18007563716067942,0.1854171139654956,0.18292609838114343,0.16415406044110956,0.18227004987655998,0.19076356284855026,0.18485080661738398,0.1741457160803169,0.18792971190028776,0.19790611714218337,0.19458233764845806,0.17986202211730398
2023-03-20_RD,2023-04-17_RD,30,20,0.15317250788211823,0.32979917526245117,100000.0,0.17139473010708628,0.1609389464917427,0.16390020713775985,0.1613860249482247,0.15671372831541883,0.16231629066122344,0.1648258955639167,0.16347950053516283,0.161995162597699,0.16654207487968203,0.16961272911866548,0.1681981980077341,0.16628053165427528
2023-03-20_RD,2023-04-17_RD,30,50,0.15317250788211823,0.32979917526245117,1.0,0.13409141904558625,0.20067275008732158,0.23586155338268786,0.2556555101863368,0.15167011934566135,0.21557559177530236,0.27527419540971565,0.2664141803275975,0.16403342975064852,0.2248309026483073,0.2639357918996137,0.24474670847801455,0.16532660500574137
2023-03-20_RD,2023-04-17_RD,30,50,0.15317250788211823,0.32979917526245117,10.0,0.13753959045216305,0.20076703997369452,0.23585219054796702,0.25563493966084144,0.15180815482657328,0.2157431813642227,0.2754502977295951,0.2664986927336678,0.16427650172835992,0.22535832562197386,0.26452572566301036,0.24525509413098232,0.16593471979240124
2023-03-20_RD,2023-04-17_RD,30,50,0.15317250788211823,0.32979917526245117,100.0,0.16609728944849136,0.20158883352333656,0.2356574956919434,0.25531677820967735,0.15309703112887244,0.21718809100214412,0.27683444776101757,0.2670638195063584,0.16651564948008923,0.22993727223071742,0.2695142869564219,0.24963166952794277,0.1714026026275115
2023-03-20_RD,2023-04-17_RD,30,50,0.15317250788211823,0.32979917526245117,1000.0,0.25205975105489625,0.20344083010000016,0.2298460671446839,0.2476106123919466,0.16040069655578695,0.2201887059288275,0.27408912138307384,0.26116219699036836,0.17795989506782658,0.24425285888192202,0.28066302948033617,0.2614518008557077,0.1955090298160549
2023-03-20_RD,2023-04-17_RD,30,50,0.15317250788211823,0.32979917526245117,10000.0,0.23296837765663841,0.18599433091315942,0.1976574766551802,0.2022318698585593,0.16472825614591366,0.19375625074095154,0.21829853454762294,0.20841149511217066,0.17884025191950828,0.2111641027241415,0.228410053059941,0.220480466345504,0.19206815356201556
2023-03-20_RD,2023-04-17_RD,30,50,0.15317250788211823,0.32979917526245117,100000.0,0.17926375968488875,0.16368914421712683,0.1677130411481855,0.1654762875827657,0.1576420101762405,0.1655663731687052,0.1701862585761574,0.16782222452054502,0.16390309147878726,0.1708754119996143,0.17544338559609438,0.17329386217180243,0.16857916258847214
2023-03-20_RD,2023-04-17_RD,30,100,0.15317250788211823,0.32979917526245117,1.0,0.27775873204662727,0.21008508341266738,0.24727570757959547,0.26759322332016594,0.1664145245845355,0.24060614960819143,0.30033896127640514,0.28562196025061415,0.18391277735832756,0.2756358523747934,0.30797934279092404,0.28751347927843407,0.20253201120761877
2023-03-20_RD,2023-04-17_RD,30,100,0.15317250788211823,0.32979917526245117,10.0,0.27823184324406913,0.2101177889454354,0.2472932084913205,0.2675964333320282,0.16644035160870094,0.24064690841895542,0.3003822152965342,0.28568319792980135,0.18396877349379362,0.2757409285616424,0.308119306312986,0.2876346996064293,0.20268034970954707
2023-03-20_RD,2023-04-17_RD,30,100,0.15317250788211823,0.32979917526245117,100.0,0.2825918881822112,0.21042002876205812,0.2474320944648521,0.26759154627406284,0.166688280767467,0.24100533626314627,0.30074267850853076,0.2862148783370865,0.18450378583058416,0.27669064949211886,0.30938638038069693,0.2887385237391551,0.20408564369209214
2023-03-20_RD,2023-04-17_RD,30,100,0.15317250788211823,0.32979917526245117,1000.0,0.3040847524025564,0.21168136076492805,0.2464507593608707,0.2651428771627611,0.16838066474621627,0.24135103608296257,0.29969752087600493,0.2862844112839358,0.18801256376936903,0.27973562293684084,0.3135615306616997,0.29270203678701817,0.21269295922161716
2023-03-20_RD,2023-04-17_RD,30,100,0.15317250788211823,0.32979917526245117,10000.0,0.27653287115544023,0.19914224677167858,0.21897989053139422,0.22779403831074896,0.16849126499423206,0.21465143834074552,0.25309888746460985,0.24178306934450852,0.18717878837864435,0.2438524877621629,0.268633377566325,0.25499505770342723,0.208950056991423
2023-03-20_RD,2023-04-17_RD,30,100,0.15317250788211823,0.32979917526245117,100000.0,0.1959831608612487,0.17094255658983173,0.1766066478985818,0.17460889073939645,0.16002281887135564,0.1735688120237514,0.18246655526835412,0.17839883075349644,0.16915575289691231,0.18206658057987654,0.19029838048139086,0.18608267397107323,0.17612796871805603
2023-03-20_RD,2023-06-22_RD,120,10,0.054660677909851074,0.3046796917915344,1.0,-5.525239867518825,-0.11204397721395054,-0.06832029177274163,-0.03897377243128655,-0.08449959464862244,-0.2164132459447232,-0.0938874720805731,-0.28070076704957414,-0.27987709237117503,-0.5485794195815162,-0.3382817743180204,-0.46920403785586756,-0.652885012111246
2023-03-20_RD,2023-06-22_RD,120,10,0.054660677909851074,0.3046796917915344,10.0,-1.9974427609271201,-0.10136205897558309,-0.06168046280904743,-0.03367275951382773,-0.07483388384416459,-0.19522848827560044,-0.08122197714531107,-0.25254495717313374,-0.25253254338324055,-0.4706505601421503,-0.28831805875819866,-0.3983104490091932,-0.5675223529619381
2023-03-20_RD,2023-06-22_RD,120,10,0.054660677909851074,0.3046796917915344,100.0,-0.3189619800248379,-0.03352505854489779,-0.013734174169868302,0.005594352875052555,-0.015550625770320894,-0.07934899993887842,-0.0024987834435788447,-0.10291318166797708,-0.10167855705752342,-0.1611416582394223,-0.06515016637756174,-0.12125829283511463,-0.21359682664890176
2023-03-20_RD,2023-06-22_RD,120,10,0.054660677909851074,0.3046796917915344,1000.0,0.10331950867563924,0.06806038704809728,0.0816160755477999,0.08684379869333375,0.06858772907794372,0.0671849267150077,0.1113663317191819,0.06963505983714699,0.07318962796429948,0.07414531901359991,0.12758619978224864,0.08634272552254238,0.07825777989249745
2023-03-20_RD,2023-06-22_RD,120,10,0.054660677909851074,0.3046796917915344,10000.0,0.11720421348320564,0.07144494523197814,0.0817521714429309,0.08011671128108572,0.07218944411406253,0.08052627071708232,0.09473431587291056,0.08633779376123749,0.08152366321446507,0.0940614167609444,0.10611837743116712,0.09738517229813412,0.09193342237171549
2023-03-20_RD,2023-06-22_RD,120,10,0.054660677909851074,0.3046796917915344,100000.0,0.07929947653085104,0.0577360436367686,0.06033719741502025,0.05927749439215585,0.05809053054569637,0.06114453804341721,0.06394808725344028,0.0632932987344717,0.061231278419142394,0.0670809477476551,0.06957994749186172,0.06800132270220346,0.0657544071586791
2023-03-20_RD,2023-06-22_RD,120,20,0.054660677909851074,0.3046796917915344,1.0,-1.0130359344928497,0.005184911979152523,0.01996846946734579,0.028813011318046616,-0.0006121897422816658,-0.041643123290852346,0.07191240113005609,-0.07932559523473762,-0.13254485653340517,-0.07941080924051763,-0.005244409174043646,-0.0719596099501455,-0.25689987386805146
2023-03-20_RD,2023-06-22_RD,120,20,0.054660677909851074,0.3046796917915344,10.0,-0.8743796517897022,0.007454646278622967,0.02144447994433582,0.030261767860373767,0.0020164662371366104,-0.03734352312783498,0.07415489888668536,-0.07402327937049202,-0.1242695771364678,-0.07167011668467305,0.0007751764331945521,-0.06326595316423766,-0.24052422564037626
2023-03-20_RD,2023-06-22_RD,120,20,0.054660677909851074,0.3046796917915344,100.0,-0.31141103474265125,0.02575795004394446,0.03404917623780071,0.04262002962896097,0.022332512569561203,-0.005282434348804627,0.09155710019279995,-0.03329638275796776,-0.06256053511301689,-0.016159006212267096,0.04590852621625116,-0.0027514931874295656,-0.12798488299622676
2023-03-20_RD,2023-06-22_RD,120,20,0.054660677909851074,0.3046796917915344,1000.0,0.1139418263499977,0.07660354676303752,0.07814572628568517,0.08482155563630173,0.0711960652042729,0.07397151626737053,0.1321852969619701,0.06717516365816789,0.07141159696808963,0.09755242206722708,0.14231063587860593,0.11085376104462927,0.07646145504811809
2023-03-20_RD,2023-06-22_RD,120,20,0.054660677909851074,0.3046796917915344,10000.0,0.1342732397170185,0.07748809788489103,0.08509260435601462,0.08549600683763414,0.07435877353469462,0.08717885197453518,0.10658531130890028,0.08980319463914418,0.08603799482469172,0.1031609230011748,0.11794892828397233,0.1077018119866642,0.09893988841981581
2023-03-20_RD,2023-06-22_RD,120,20,0.054660677909851074,0.3046796917915344,100000.0,0.0860957125563514,0.05971205921190911,0.06369200324754706,0.06231283291144621,0.05944997324613393,0.06458361685022479,0.0688488165932857,0.06783401996959507,0.06359828190425375,0.07257626461710298,0.07498890188480745,0.073396721538727,0.06931845281510508
2023-03-20_RD,2023-06-22_RD,120,50,0.054660677909851074,0.3046796917915344,1.0,0.08328408333205928,0.09349194844824843,0.13670448056111437,0.12825207811061268,0.08099414292918204,-0.07175974149188896,0.18707049099209286,0.09689185108015971,0.07632409604383554,0.0012205130473808556,0.1978305710269858,0.11347951975810147,0.07005180614950952
2023-03-20_RD,2023-06-22_RD,120,50,0.054660677909851074,0.3046796917915344,10.0,0.08502923101690521,0.0937580956646677,0.1368738197872119,0.12843022564094891,0.08142082742701803,-0.07008002393099735,0.18734575823875588,0.09831769904348017,0.07727139938051474,0.0023657216164246486,0.1983095997832679,0.11375853205806274,0.07123866240413446
2023-03-20_RD,2023-06-22_RD,120,50,0.054660677909851074,0.3046796917915344,100.0,0.09975931389353804,0.09617786545698531,0.13839586599895387,0.13005739824008303,0.08512770468930063,-0.05481981595923943,0.18973342773307542,0.11047838578446909,0.08544748311828188,0.012944198898389242,0.20250798779683246,0.11645491859186491,0.08144691337396572
2023-03-20_RD,2023-06-22_RD,120,50,0.054660677909851074,0.3046796917915344,1000.0,0.15722350525332665,0.10771321403239376,0.1436438967020118,0.13693898013647926,0.09886993333867426,0.02232417122737501,0.1955743455471661,0.14893402162005479,0.11520802052860031,0.07166919690564436,0.21579056043810765,0.13437277968503147,0.12021883857316185
2023-03-20_RD,2023-06-22_RD,120,50,0.054660677909851074,0.3046796917915344,10000.0,0.17150175743532337,0.10176913167082077,0.11756856004270747,0.1158795864134661,0.09430007609355284,0.09869659689069549,0.1494006873263693,0.13044419515278052,0.11328520743211079,0.12887122314133748,0.1662868721271311,0.14103275206257923,0.1261277823409281
2023-03-20_RD,2023-06-22_RD,120,50,0.054660677909851074,0.3046796917915344,100000.0,0.11165955908636505,0.06930935305546856,0.07718928092348457,0.07565253552895865,0.06817338462050894,0.0800272110191276,0.08696107625989516,0.08457171537453925,0.07694520278901491,0.09469250019109426,0.09565798017734281,0.096128932830996,0.0862299336546442
2023-03-20_RD,2023-06-22_RD,120,100,0.054660677909851074,0.3046796917915344,1.0,0.2168270453620298,0.11735677545308348,0.15250216822504248,0.1412352976033779,0.1052645004232418,0.11413355933768138,0.19970203723861732,0.1546903675903616,0.1212029738990012,0.18066431669819705,0.22918371334651022,0.2100492517387159,0.138464944404409
2023-03-20_RD,2023-06-22_RD,120,100,0.054660677909851074,0.3046796917915344,10.0,0.21723514889498657,0.11738330746843872,0.15252142974739724,0.141265310679504,0.10529862343462663,0.11424873385139864,0.1997520613985491,0.15484464991062677,0.12130282944342104,0.18078467158451136,0.22928139076246354,0.21014029196768155,0.138625584127497
2023-03-20_RD,2023-06-22_RD,120,100,0.054660677909851074,0.3046796917915344,100.0,0.22101668770296146,0.11763425101942887,0.15269351247062538,0.14154431220655708,0.10562141900824767,0.11532987168755152,0.20020418388577854,0.1562928728722871,0.1222515714798416,0.1818852984713198,0.23017823612145819,0.210964192274037,0.14014402257457048
2023-03-20_RD,2023-06-22_RD,120,100,0.054660677909851074,0.3046796917915344,1000.0,0.2404348011548011,0.11906462692177686,0.15290576247799845,0.1427612636954692,0.10751717189520639,0.12161587165457693,0.20144931957949705,0.16425206531410647,0.12819362352449729,0.1864358093143619,0.23373545559808845,0.2136539026471274,0.14931454425262627
2023-03-20_RD,2023-06-22_RD,120,100,0.054660677909851074,0.3046796917915344,10000.0,0.2177641735725984,0.11191557910471059,0.13362979751681991,0.12869263341919315,0.10308820237849674,0.12179901139706006,0.1718762944348818,0.1486830419509163,0.12522552269457107,0.16461481580620405,0.19797720736473848,0.1818873549255514,0.14473981762286778
2023-03-20_RD,2023-06-22_RD,120,100,0.054660677909851074,0.3046796917915344,100000.0,0.13409655697631556,0.08100066562183647,0.09112743760380151,0.08950361024014072,0.07926519289700164,0.09244510612625412,0.10461499534499563,0.09853662015185993,0.0908983114452252,0.11165642274622353,0.11570932733449948,0.11500153726231452,0.10171208761232796
2023-06-21_RD,2023-06-22_RD,1,10,0.13632817566394806,0.3046796917915344,1.0,-5.480395657353687,0.02967059631929103,0.06774256525969302,0.0033001929207162606,0.0161388618773468,-0.20089108741484715,-0.06002547101827377,-0.14052541351389297,-0.12598791272569293,-0.5892146663746451,-0.2993502744031057,-0.6354990098788887,-0.4284997195013028
2023-06-21_RD,2023-06-22_RD,1,10,0.13632817566394806,0.3046796917915344,10.0,-1.9979670788175938,0.033993027595560055,0.07255432656890112,0.008918242009069849,0.02128841157911504,-0.1698521182813798,-0.04436914379686449,-0.10994104801095034,-0.11129831385418905,-0.49231323120771936,-0.2551197362553014,-0.5239972172644869,-0.3705985460036148
2023-06-21_RD,2023-06-22_RD,1,10,0.13632817566394806,0.3046796917915344,100.0,-0.34898402877583556,0.06547686165228894,0.10560391640172989,0.0501283793950727,0.05591158681720998,-0.016028527819876515,0.049970188991566133,0.03586694625666456,-0.021286015701892324,-0.1255616379738739,-0.05078443615544084,-0.10908372775733347,-0.1173091954014777
2023-06-21_RD,2023-06-22_RD,1,10,0.13632817566394806,0.3046796917915344,1000.0,0.09709932097124005,0.13174163266810038,0.1595788988344388,0.1376970578245161,0.12236750979691087,0.12407314484825899,0.16731795172655234,0.16206872595726488,0.11084794011661359,0.10793011902918961,0.14976935045292245,0.14476180773210715,0.10746678001269754
2023-06-21_RD,2023-06-22_RD,1,10,0.13632817566394806,0.3046796917915344,10000.0,0.15188119617793536,0.14115528025810165,0.1521829571044853,0.1468951245531927,0.13796643475825018,0.1407195486378049,0.15727727653919357,0.1576514317975624,0.13689502683810947,0.14320492466654494,0.15681688816867,0.156471516897797,0.14000863246074446
2023-06-21_RD,2023-06-22_RD,1,10,0.13632817566394806,0.3046796917915344,100000.0,0.1408417803786517,0.1373983577353719,0.14003161058993122,0.13857652922757366,0.13693774458050478,0.1377470260735002,0.14135735242778802,0.14123439683549288,0.1371755865843631,0.13872823804272885,0.14186364137708407,0.1416606946013556,0.13815425237877924
2023-06-21_RD,2023-06-22_RD,1,20,0.13632817566394806,0.3046796917915344,1.0,-1.0129946605908446,0.09837750816633628,0.16021948551440507,0.09038743891655587,0.08058783143127254,0.044543486624632145,0.129003865136446,0.08890873952182207,0.0332107501960597,-0.04440033538179203,0.03458748864723868,-0.027536292757056685,-0.11577770282415734
2023-06-21_RD,2023-06-22_RD,1,20,0.13632817566394806,0.3046796917915344,10.0,-0.8742151974317485,0.09941231280002868,0.160903509249801,0.09173042850057542,0.08168882204824197,0.048099923254620924,0.1311101377243525,0.09310398462577094,0.0356266753738927,-0.03660827794142221,0.04022500541648352,-0.017084021467003913,-0.10580350249087567
2023-06-21_RD,2023-06-22_RD,1,20,0.13632817566394806,0.3046796917915344,100.0,-0.31493178470586136,0.10823262693906102,0.16629560766979345,0.10327443727144678,0.09106702463173667,0.0747010529064582,0.14719489052865112,0.122982171387757,0.05524320680905908,0.018577116140048727,0.0812211967640106,0.052761535648459534,-0.03505996887393673
2023-06-21_RD,2023-06-22_RD,1,20,0.13632817566394806,0.3046796917915344,1000.0,0.10922649657160169,0.13905553611723445,0.17662887937654345,0.14495802193974477,0.12557356661744212,0.1355885926840284,0.18188460415254162,0.17775700150945717,0.11638594865511993,0.1263416843398065,0.16810057178021698,0.1641827677155471,0.10934809095824016
2023-06-21_RD,2023-06-22_RD,1,20,0.13632817566394806,0.3046796917915344,10000.0,0.16479047203607858,0.14402969196616455,0.1580051187264132,0.15134062438307508,0.140048108277648,0.14594085773022408,0.1645717291908892,0.16645378080982248,0.14029660493763477,0.14902493560395055,0.1671505062454781,0.16594436218806083,0.14631054278940497
2023-06-21_RD,2023-06-22_RD,1,20,0.13632817566394806,0.3046796917915344,100000.0,0.1446679212611421,0.13804086051544676,0.14194011297085285,0.1398293602074768,0.1374836807499822,0.1389161256126187,0.14352907155658232,0.1436590604594523,0.13796116613642787,0.14036610230533833,0.14414398873965387,0.1442860961004764,0.1395537785416203
2023-06-21_RD,2023-06-22_RD,1,50,0.13632817566394806,0.3046796917915344,1.0,0.08332259463070646,0.17587355337354554,0.24304019487961503,0.18626831433254565,0.15565860905988457,0.1479578711282412,0.23639656656463354,0.20898856489577727,0.14189539921671257,-0.04998510900183964,0.23031290214576045,0.15272093388445027,0.061507765446068056
2023-06-21_RD,2023-06-22_RD,1,50,0.13632817566394806,0.3046796917915344,10.0,0.08540932432290127,0.17593768425956066,0.24308541997041386,0.18639788768292434,0.1558202324313346,0.14869890795011473,0.23669382265080813,0.20992550860681963,0.14219080758822475,-0.0457906399221647,0.23080022426261318,0.15381280640366304,0.06348228881812243
2023-06-21_RD,2023-06-22_RD,1,50,0.13632817566394806,0.3046796917915344,100.0,0.10314318742935438,0.17650444300714294,0.2434107246315368,0.18759153433497905,0.1572667861316217,0.15517430626322004,0.2392979807374961,0.21774637072109035,0.14488996019480316,-0.009981147803186152,0.235059523375093,0.16353858670803337,0.08064104535064195
2023-06-21_RD,2023-06-22_RD,1,50,0.13632817566394806,0.3046796917915344,1000.0,0.17634391753355538,0.1779185973042823,0.2401234829436928,0.19320971287993138,0.16335225290019037,0.18051908211477685,0.24695833088010366,0.23906971891475717,0.15836830847584474,0.12187650927870425,0.24950656566981474,0.20693603834975127,0.14838380566787432
2023-06-21_RD,2023-06-22_RD,1,50,0.13632817566394806,0.3046796917915344,10000.0,0.21519857659884972,0.16058797197293467,0.19502757599391907,0.1789221323848881,0.15562506627734315,0.17326061089498196,0.20989061445500456,0.20855742668052737,0.15863741091382022,0.18015358065799691,0.2184577919282269,0.2116166255102601,0.17267459036034163
2023-06-21_RD,2023-06-22_RD,1,50,0.13632817566394806,0.3046796917915344,100000.0,0.16340153561724557,0.14099814390357854,0.15013276332496167,0.14661856216616745,0.14060127994386395,0.14442736058230995,0.15531733709242782,0.155527325432751,0.14176428630864576,0.1496863094230338,0.15916882352013637,0.15829968620875304,0.14608664018277587
2023-06-21_RD,2023-06-22_RD,1,100,0.13632817566394806,0.3046796917915344,1.0,0.21683440834161224,0.18158314413956428,0.2541994376238276,0.19954340255919759,0.16612973698282038,0.1961935853067378,0.2543752575924887,0.24043896314457738,0.16472038261577118,0.18813628050627,0.2640207605051983,0.2413543700373012,0.17180752396626076
2023-06-21_RD,2023-06-22_RD,1,100,0.13632817566394806,0.3046796917915344,10.0,0.21730874465262984,0.18159440282766043,0.25418977987897684,0.19957343445048484,0.16616136267553444,0.19626687178252153,0.25443331377348116,0.24053779405411324,0.16478884545990233,0.18830308260697187,0.2641382008016563,0.241520630337915,0.17197399738408048
2023-06-21_RD,2023-06-22_RD,1,100,0.13632817566394806,0.3046796917915344,100.0,0.22174926316909815,0.18169652403668085,0.25407435364901265,0.1998573894376175,0.16646183243739177,0.19695114128375935,0.2549662340545712,0.24147111795613296,0.16544392748489622,0.18987849547419827,0.2652319333365407,0.2430827776430846,0.17356028677913646
2023-06-21_RD,2023-06-22_RD,1,100,0.13632817566394806,0.3046796917915344,1000.0,0.24735488666056532,0.18193136515120784,0.2516205676707838,0.20144293969138377,0.16827800176704477,0.20059775567500165,0.2570277973089486,0.24679953094555118,0.16979431188057945,0.19953362302606267,0.2707430479985492,0.25197889954985786,0.18388116815159172
2023-06-21_RD,2023-06-22_RD,1,100,0.13632817566394806,0.3046796917915344,10000.0,0.2519895107287168,0.17063202177006814,0.21805644104407426,0.19149833382150558,0.1629365089966891,0.18913226018297252,0.23249250603072474,0.2305911535013758,0.16840418022357317,0.19915192544936577,0.24857997018085587,0.239211880176569,0.18728093590693895
2023-06-21_RD,2023-06-22_RD,1,100,0.13632817566394806,0.3046796917915344,100000.0,0.1830864729317979,0.14471541343821934,0.15883377170796542,0.15354813955331306,0.14353843285011805,0.1507797495358779,0.16720721256047083,0.16801178192861854,0.1458145593302361,0.15860551751011137,0.1754544916926386,0.17302425861821646,0.15313620672809566
