train,test,n,gap_target,renorm,own,full,stats_k8,stats_k16,stats_k32,importance_k8,importance_k16,importance_k32,wstats_k8,wstats_k16,wstats_k32,random_k8,random_k16,random_k32
2020-01-27_CO,2020-02-04_CO,10,7,0.1514759659767151,0.2840074300765991,0.1506671564599703,0.0614993700038744,0.06612984697930205,0.15212941294022564,0.10629992534108726,0.10171786366528185,0.10190882782243091,0.10303154115252264,0.11741706853586603,0.1026287981453996,0.15010668770117735,0.14988582457611943,0.1492579620485557
2020-01-27_CO,2020-02-04_CO,20,7,0.1514759659767151,0.2840074300765991,0.17551267785016886,0.10061294223368955,0.09475774206024934,0.08491916263571272,0.12760895841747433,0.12898144344570162,0.1114180530504914,0.1309780197458274,0.12626331864960466,0.11123385912827552,0.15071555167174114,0.15219638044468778,0.156660759186843
2020-01-27_CO,2020-02-04_CO,50,7,0.1514759659767151,0.2840074300765991,0.2165813886750777,0.1312998356985764,0.14061561458760677,0.1441559956633385,0.17128090562409612,0.1760335304010751,0.18132332407528876,0.17000950603038942,0.16959966497525292,0.17164360562354752,0.1512008136817868,0.15844390164864344,0.17394829853110513
2020-01-27_CO,2020-02-04_CO,100,7,0.1514759659767151,0.2840074300765991,0.18868649436398302,0.15053598991199799,0.15814489402441356,0.16698939772314014,0.18134501014201665,0.1855174259153373,0.2092771501299914,0.16942431862071086,0.17597965503125407,0.19399240795109723,0.15510571904840112,0.16592465408049473,0.16127147789294852
2020-01-27_CO,2020-02-25_CO,10,30,-0.013815179467201233,0.21203657984733582,0.010253269260790066,-0.11444865526497494,-0.13880556300327018,0.0010769685379697636,-0.09950023086140602,-0.09429458666082799,-0.1139498988794431,-0.15701499707997416,-0.12814791326738376,-0.12011380964681917,-0.023578835744178562,-0.021023871817269262,-0.001250533894152019
2020-01-27_CO,2020-02-25_CO,20,30,-0.013815179467201233,0.21203657984733582,0.06195387737473457,-0.0514748407461432,-0.06556511614862229,-0.07400329515322063,-0.03413011154176715,-0.025692266316489576,-0.03164736360632217,-0.0979541196132441,-0.057592972318691094,-0.04379423877507388,-0.010064901389697142,0.003677693436678999,0.03525629406212747
2020-01-27_CO,2020-02-25_CO,50,30,-0.013815179467201233,0.21203657984733582,0.09609318320772964,-0.028745804230483202,-0.042962640442088446,-0.01852809304701139,-0.04278122841066709,-0.022803751426279356,-0.010572471978966463,-0.07558128202367953,-0.03728924342213388,-0.012863714398238246,-0.0031262933966025495,0.014622690980324454,0.052817661460950266
2020-01-27_CO,2020-02-25_CO,100,30,-0.013815179467201233,0.21203657984733582,0.09384240796809848,0.04003458016512343,0.02307182744701944,0.05561745065253948,0.038182844999269605,0.056605765885697684,0.08727838297958584,0.0078899072388455,0.04319254505296216,0.07272139667475638,0.01602033577257932,0.036766455366895566,0.0590568781797661
2020-01-27_CO,2021-05-20_CO,10,480,-0.18380612134933472,0.31006181240081787,-0.08393083777571617,-0.1759940796803076,-0.19813457899997022,-0.10950254800195741,-0.14728515296729788,-0.10148752623293944,-0.08646364589615357,-0.11111321517693501,-0.09109868655253656,-0.10821507429100347,-0.1475576523747719,-0.12647644797264,-0.11550985585118628
2020-01-27_CO,2021-05-20_CO,20,480,-0.18380612134933472,0.31006181240081787,-0.007336604358115506,-0.14236939225182646,-0.11167101281220385,-0.004576484052093377,-0.09409890667176538,-0.018354119592910195,0.04083346113063202,-0.033942798802188145,-0.00280027143913944,0.011419098847808257,-0.12797195754146876,-0.09512435837977185,-0.07312116389898106
2020-01-27_CO,2021-05-20_CO,50,480,-0.18380612134933472,0.31006181240081787,0.09398818062156569,-0.14219348155732925,-0.10249577614044511,0.02485219288086113,-0.05678039966578188,0.030257991495009684,0.12289507523378529,0.0002162427538824896,0.036299771806747816,0.06440005145182584,-0.10138125733648658,-0.05056832757804192,-0.017066604493946314
2020-01-27_CO,2021-05-20_CO,100,480,-0.18380612134933472,0.31006181240081787,0.2513579669641408,-0.12769332434271152,-0.07753359465065035,0.06920377639975181,-0.023693220613506843,0.0766884746304913,0.179343422381699,0.019692472760893115,0.06885342100917255,0.12705268391041027,-0.08195313330719504,-0.01564956298817688,0.06139430589766696
2020-02-06_CO,2020-06-26_CO,10,120,-0.2059868574142456,0.18396982550621033,-0.11335120246183067,-0.27948181973276776,-0.2951905787171998,-0.1601323790253955,-0.23400753425439436,-0.19210856494105247,-0.11819361428529926,-0.31134915774209637,-0.17936758311715273,-0.1345919665243996,-0.19989784388815565,-0.1960274384382489,-0.1702569832081382
2020-02-06_CO,2020-06-26_CO,20,120,-0.2059868574142456,0.18396982550621033,-0.0438454797094357,-0.1989416368277062,-0.20578357614017528,-0.11755674214824852,-0.13157338413356504,-0.13176883409963194,-0.038630769035633616,-0.20444518910637227,-0.09503308930851498,-0.05564630994305725,-0.1809533434432,-0.1718385834844071,-0.1288014933370622
2020-02-06_CO,2020-06-26_CO,50,120,-0.2059868574142456,0.18396982550621033,0.026756726144403303,-0.16777288179528504,-0.15862235006181297,-0.07476360428241532,-0.09066584705119415,-0.03393958381772688,0.028792675472598006,-0.1562798194409804,-0.039049812463686884,0.0011525153575553948,-0.14615433582828405,-0.1263565509912896,-0.07796230569761425
2020-02-06_CO,2020-06-26_CO,100,120,-0.2059868574142456,0.18396982550621033,0.10214457066521074,-0.16141521750070742,-0.12137655986530685,-0.034912801277472594,-0.0820728722920408,-0.015114631877996443,0.06351834635648684,-0.1241956554023469,-0.015616355674613891,0.03137301069520981,-0.1308086647487795,-0.10627252692409954,-0.06268399407454364
2020-02-06_CO,2021-06-01_CO,10,480,-0.22905367612838745,0.2877318859100342,-0.124639683719667,-0.12169165626483425,-0.09603650946616638,-0.16696593671786547,-0.08698191474817452,-0.035173905964647756,-0.041662370199404275,-0.11436353683719944,-0.026847133033301912,-0.036622217244497574,-0.20596491453473306,-0.17765462040283864,-0.16209499616368866
2020-02-06_CO,2021-06-01_CO,20,480,-0.22905367612838745,0.2877318859100342,-0.06175746064965976,-0.10891879553822403,-0.08333564778295866,-0.10337638335915636,-0.061307220174544375,0.005894136605843869,0.024164630945548493,-0.12170844742873943,0.0026141644071099035,0.01543698599359436,-0.1882225135887852,-0.1490733733693419,-0.12936092419647396
2020-02-06_CO,2021-06-01_CO,50,480,-0.22905367612838745,0.2877318859100342,0.049921577918226934,-0.07821731485352712,-0.061319349747656016,-0.04547022799534853,-0.02226925551447692,0.07427346192702494,0.12233043388605963,-0.06415821451322265,0.07049488357480219,0.11062112464892127,-0.17030344385213092,-0.12004432216962872,-0.0783887159434697
2020-02-06_CO,2021-06-01_CO,100,480,-0.22905367612838745,0.2877318859100342,0.24529702955518734,-0.051308645050235024,-0.024617823226959795,0.008476990702458859,0.009289741572699711,0.10942652925951649,0.1742175552765345,-0.03133977755948483,0.10033870715695181,0.15700195972363554,-0.15434964180674596,-0.08575933350439553,0.011067082168117396
2020-03-02_RD,2020-03-10_RD,10,7,0.30744144320487976,0.4045560359954834,0.32462742888036356,0.2980463874753272,0.30309011810028447,0.29438115918536234,0.30423696831952207,0.30879952991056164,0.30800977558859766,0.302392276566644,0.31685451491564265,0.3037670218104771,0.3072163288978963,0.30984035751753,0.3126542934715893
2020-03-02_RD,2020-03-10_RD,20,7,0.30744144320487976,0.4045560359954834,0.3365637905019121,0.3340617157418769,0.33545921850979465,0.31835011688347553,0.33921951284474977,0.3443686269357031,0.3427164841846438,0.3370299988638348,0.3437363308936189,0.3349384082641672,0.31482999644710047,0.31799397840345583,0.3214169714282175
2020-03-02_RD,2020-03-10_RD,50,7,0.30744144320487976,0.4045560359954834,0.3597531238764241,0.3478421297666253,0.3538605305323598,0.35318931004096116,0.35365361057886235,0.36813737637506283,0.37390748899898363,0.35379451485847163,0.361484232971385,0.36695585233884176,0.323138171680612,0.32912882881266553,0.33362888675252184
2020-03-02_RD,2020-03-10_RD,100,7,0.30744144320487976,0.4045560359954834,0.375536647799646,0.33753796474132647,0.3494378278769137,0.35738227726028304,0.34650804909927346,0.36281337675117353,0.37371366668441397,0.34526127091253056,0.36070949177209277,0.36832998964841057,0.32053674056239184,0.3296416518026872,0.34207108847537926
2020-03-02_RD,2020-07-29_RD,10,120,0.1383144110441208,0.34804362058639526,0.18576118225346758,0.15045783162320256,0.14254174245530327,0.1404232103071723,0.19777872413667047,0.1904026402503026,0.19441189976346687,0.1539888619677901,0.19016864939250214,0.18622340137643612,0.14949006783791988,0.15417861828710294,0.16234950797638648
2020-03-02_RD,2020-07-29_RD,20,120,0.1383144110441208,0.34804362058639526,0.20985843302432683,0.1592237486630538,0.15849625668910958,0.1608554793760599,0.21057089723898106,0.21973452891909612,0.23654462617165334,0.16493811207031697,0.2287026481975638,0.22989566266260691,0.15242873727228207,0.15844951562303186,0.16725610209716957
2020-03-02_RD,2020-07-29_RD,50,120,0.1383144110441208,0.34804362058639526,0.25406670119950436,0.15710062148070736,0.17330796294048076,0.19188783533643036,0.2126491735551768,0.2397453510029174,0.2651460050345212,0.16459773957793372,0.2492173751882812,0.2673636033281284,0.15907181821206828,0.1711021614967715,0.18828583140586155
2020-03-02_RD,2020-07-29_RD,100,120,0.1383144110441208,0.34804362058639526,0.31698193105970807,0.16520307563126874,0.1830918274964375,0.20324916596737969,0.21684897351216217,0.24607927670050814,0.2805005279928134,0.16692841118455679,0.258167851663672,0.2797854242493608,0.16788488742473648,0.18103927647461182,0.20600102273281132
2020-03-02_RD,2021-06-24_RD,10,480,-0.15182183682918549,0.3460385799407959,-0.013909827084759768,-0.09919259149396151,-0.01708345054194732,0.009819616215298282,0.021870632537697693,0.07749342251926836,0.07529531194417519,-0.020604690677886145,0.017753772491437503,0.07318968285643682,-0.11966765803115807,-0.10667012245353395,-0.0850541743335526
2020-03-02_RD,2021-06-24_RD,20,480,-0.15182183682918549,0.3460385799407959,0.04735150559097287,-0.08464278473155029,0.018894084147466073,0.06781929724182859,0.06071433693723308,0.12423673187243842,0.1355436129446618,0.022424675572059516,0.06910046064841133,0.11415114407680882,-0.10925470381587125,-0.09144323462541647,-0.05807568164606211
2020-03-02_RD,2021-06-24_RD,50,480,-0.15182183682918549,0.3460385799407959,0.1599982194573011,-0.06134682348782272,0.06481312069000003,0.1368417975694185,0.11061286033761697,0.1790415916926963,0.19897097230005564,0.06561762406962279,0.11747708509268545,0.17563081256026278,-0.08267798850986975,-0.05042212054064127,0.008998074372881387
2020-03-02_RD,2021-06-24_RD,100,480,-0.15182183682918549,0.3460385799407959,0.2973297879430681,-0.05188278335349966,0.08058388578968387,0.16775111009138952,0.12987668774015426,0.20322613891645475,0.23577874128557022,0.07808858604853774,0.13362965101798122,0.2042170509115237,-0.061799350759153014,-0.022076935721003294,0.05072935694431672
2020-03-10_RD,2020-03-17_RD,10,7,0.2687962055206299,0.3748720586299896,0.3077888477466856,0.29711643255848824,0.3090246996152359,0.30643669321419886,0.2617207321183438,0.2854090486511467,0.2958262704549036,0.301504246312729,0.32006880167606855,0.3111401512046831,0.2749276628593617,0.2841898400037284,0.2923513988946529
2020-03-10_RD,2020-03-17_RD,20,7,0.2687962055206299,0.3748720586299896,0.3226835434214791,0.29126963769272995,0.3229728951072196,0.32538846300640156,0.2905524307960549,0.3068157875353674,0.3187144034855567,0.31338037830943,0.3385782759510447,0.3314123924213045,0.28346308873520193,0.2922955932033011,0.3024396032147217
2020-03-10_RD,2020-03-17_RD,50,7,0.2687962055206299,0.3748720586299896,0.34413224816763743,0.3070742177187741,0.3389459577481273,0.35337696347558345,0.3032954818719618,0.33519744500211535,0.3500165506295657,0.32310687650478154,0.3553381980501241,0.3615918307630165,0.29065090302293,0.3023796445360701,0.3141681396858724
2020-03-10_RD,2020-03-17_RD,100,7,0.2687962055206299,0.3748720586299896,0.3602374903516813,0.32585562534721124,0.3475471370049409,0.3654782189853584,0.30721568007056077,0.3404111701122151,0.36269238245262436,0.3330663965040057,0.3628382039099364,0.3736170788553034,0.29768752680033067,0.31214916312627605,0.32713491926513233
2020-03-10_RD,2020-07-29_RD,10,120,0.07924167811870575,0.34804362058639526,0.15910078193772978,0.10324227834933367,0.11533960774905416,0.13777357237070578,0.16735008301275128,0.19486604497627283,0.19661497382956064,0.11938089849687941,0.176056012871339,0.19053234889816625,0.09590430680015061,0.11148773988331473,0.11992763283768652
2020-03-10_RD,2020-07-29_RD,20,120,0.07924167811870575,0.34804362058639526,0.1883723281058236,0.12485446938058167,0.14028857179504578,0.17719796339275118,0.18903600528523798,0.2204345123945709,0.2266554195482564,0.14065042803351094,0.21259891001662382,0.22773792651674438,0.10497685289003926,0.12194120877140707,0.1326379533575067
2020-03-10_RD,2020-07-29_RD,50,120,0.07924167811870575,0.34804362058639526,0.23830703426124966,0.12146311210662422,0.1517258716294647,0.20241279007231777,0.19812788151176744,0.2455821822717899,0.2723082725941022,0.1363031693347374,0.24277680086627604,0.2705339004283923,0.10762916237593978,0.13237869912520464,0.14958631843498735
2020-03-10_RD,2020-07-29_RD,100,120,0.07924167811870575,0.34804362058639526,0.31658092860688425,0.13582002257519304,0.16629863894156277,0.2114814215702674,0.20314178192536722,0.24890111460022712,0.2837667334326163,0.14395567057784214,0.24401566478438708,0.28199289249325876,0.11995496506236036,0.1508940658595602,0.17595767920205432
2020-03-10_RD,2021-07-03_RD,10,480,-0.08271324634552002,0.31707292795181274,0.024996676355301117,-0.028102839133173685,-0.009170119575377444,0.05745631135808732,0.043687608576657544,0.12101936133447272,0.12308926265174377,0.04096030018394825,0.07658073704571586,0.1528612930830057,-0.04074698561477236,-0.03238508598207451,-0.009850290842996564
2020-03-10_RD,2021-07-03_RD,20,480,-0.08271324634552002,0.31707292795181274,0.09749006034215016,-0.0036514926476625964,0.005759253128731295,0.07972692246763063,0.06317509760924223,0.17306504140419404,0.1842420599047253,0.06392325960406753,0.09199989479849549,0.19512482682124424,-0.023908394851419445,-0.01248087971397934,0.03546153199110335
2020-03-10_RD,2021-07-03_RD,50,480,-0.08271324634552002,0.31707292795181274,0.18637265146782409,0.020771172766382406,0.05034810720842717,0.1246755666628234,0.08672032099737789,0.20922723685119665,0.23024189828934097,0.0841028436196109,0.1350630226379352,0.2390150527187663,-0.011694415290607366,0.012625329072364863,0.08705631606273052
2020-03-10_RD,2021-07-03_RD,100,480,-0.08271324634552002,0.31707292795181274,0.2662151801711877,0.028959259884137528,0.06526876721267824,0.14642163495040858,0.08963197385985591,0.21824468332569355,0.2471208642951775,0.08479356630142401,0.14312114296247036,0.25624715163904144,0.001871237332523627,0.03596657950392503,0.1236001751236937
2020-07-31_CO,2020-12-03_CO,10,120,0.05005091428756714,0.29571056365966797,0.09162520800044843,0.033507068208482677,0.030900865851496845,0.07302463110719512,0.1136458011275823,0.12653726804793078,0.12856190622905936,0.08355790288502682,0.10987534605207042,0.11000311473930649,0.05791314729164388,0.05832986650297554,0.0681346786810969
2020-07-31_CO,2020-12-03_CO,20,120,0.05005091428756714,0.29571056365966797,0.1300205121665005,0.042682948235809315,0.04794989617869316,0.10158797929208221,0.13390352792079888,0.16983818989874483,0.19400168022132042,0.0904942090674046,0.13841511699769177,0.16412993285211316,0.06067535636508092,0.06440871006158133,0.0846997904294674
2020-07-31_CO,2020-12-03_CO,50,120,0.05005091428756714,0.29571056365966797,0.1764842247755634,0.05276147305292203,0.0640210667319486,0.11766444913101021,0.1375411934248441,0.18930811972007613,0.21332739950007584,0.10817229880120555,0.1684286720709541,0.20395555595643258,0.0654187559785996,0.07437772624375219,0.10884639999412542
2020-07-31_CO,2020-12-03_CO,100,120,0.05005091428756714,0.29571056365966797,0.24287614531609666,0.053993234586345695,0.06951566282074095,0.13101993047963115,0.13558260651992893,0.19908673098678545,0.22626283606100056,0.10933737141593969,0.1754265729382225,0.21507496369275855,0.06886809229714476,0.08248184254654332,0.13080517513039555
2020-07-31_CO,2021-11-23_CO,10,480,0.027393296360969543,0.18095088005065918,0.04348148409063521,-0.054845826765742706,-0.05198361169210636,0.017421656363502985,-0.03340665792614478,0.003214842603281337,0.01325094295565482,-0.04135675671669736,0.0011182252063617337,0.015353937411012097,0.019396639820500345,0.01924467781746982,0.025361884776982008
2020-07-31_CO,2021-11-23_CO,20,480,0.027393296360969543,0.18095088005065918,0.07905621251314493,-0.03183066029266998,-0.03254283141867734,-0.04459722140218067,-0.016130612523080123,0.03518106369591553,0.05244588079798437,-0.033813664576749614,0.021778346584695296,0.05526330042505739,0.02456816307789325,0.027487594889179557,0.041368035522710345
2020-07-31_CO,2021-11-23_CO,50,480,0.027393296360969543,0.18095088005065918,0.1122906087026958,-0.03624128653711561,-0.02544989143912421,-0.028143850910108875,-0.0036271919501781047,0.05339619279440022,0.07399875475817652,-0.028921431185693458,0.038021092445610166,0.06820269212664554,0.028864736461862283,0.03314730209599237,0.05378989868392282
2020-07-31_CO,2021-11-23_CO,100,480,0.027393296360969543,0.18095088005065918,0.1124875782544287,-0.011754221420475136,0.0022897892924254593,0.006539466174212527,0.022359235400321503,0.08460702738191445,0.11112672142066715,-0.004899942875260244,0.0690715399920179,0.10743765236108571,0.03037079727510848,0.03476483352244783,0.060718006402095216
2021-02-23_CO,2021-02-25_CO,10,1,0.207535058259964,0.29701778292655945,0.21324961021290692,0.18834886729196712,0.18731827704497994,0.17881232135383923,0.1840483127560704,0.1912316488715558,0.17245340314018515,0.18693133728911776,0.18659673608741348,0.16666978981037764,0.20749354813126522,0.20795621606880288,0.20817940772754362
2021-02-23_CO,2021-02-25_CO,20,1,0.207535058259964,0.29701778292655945,0.23041952981814334,0.20081688993708563,0.2015397620838029,0.19954506316565843,0.19218877326373818,0.19175901273117035,0.1789801068108458,0.19859789395253646,0.1972181291357316,0.17964406234192037,0.212475267141599,0.21551969991635403,0.2182841440054657
2021-02-23_CO,2021-02-25_CO,50,1,0.207535058259964,0.29701778292655945,0.24542761984858605,0.21101401144429413,0.21832209171648137,0.21852353073014064,0.1920574323752518,0.18686593157929404,0.2063683867982939,0.20240229401205,0.2201869913247177,0.1975777111238874,0.2180585753743284,0.22412331651173814,0.22907153662674548
2021-02-23_CO,2021-02-25_CO,100,1,0.207535058259964,0.29701778292655945,0.22090189694303855,0.2262885323122271,0.22905229368772817,0.22933348142608184,0.19755952413210595,0.20517581862505732,0.23019401579941873,0.21303652267164003,0.22245244228831698,0.2210226294180588,0.22027819247186906,0.2272305353842811,0.23343816308806062
2021-02-23_CO,2021-03-23_CO,10,30,0.13160285353660583,0.32326599955558777,0.126411714440721,0.07442890729484969,0.021261647892140495,-0.006747383396409817,0.024152723514318852,0.013238044582258385,0.04586983435774897,0.0744289072948498,-0.012055219376927856,-0.02972810359840891,0.13468238153907938,0.13348060115368118,0.1327609887531798
2021-02-23_CO,2021-03-23_CO,20,30,0.13160285353660583,0.32326599955558777,0.15212276235945185,0.09646398041281598,0.07658397635923583,0.06026289869679202,0.0737289332349029,0.0879208783346713,0.10437706709151318,0.09646398041281587,0.059495202292037974,0.056742705555365536,0.13773954915442074,0.13907285639113967,0.14359653835265715
2021-02-23_CO,2021-03-23_CO,50,30,0.13160285353660583,0.32326599955558777,0.1933368503603626,0.11972983859456057,0.11742896689123455,0.12038030801901778,0.0752117693227029,0.09556880936065831,0.14202302941399386,0.11972983859456057,0.1145202248751476,0.12975010485513452,0.14122417878844495,0.1469187599735459,0.16080287638479465
2021-02-23_CO,2021-03-23_CO,100,30,0.13160285353660583,0.32326599955558777,0.17355759997074607,0.12212746411638567,0.13032034482140797,0.13858276836379513,0.09091493092597014,0.11768678881216446,0.1695926295143864,0.12212746411638573,0.13090068881571804,0.15645155766796998,0.1382866249848416,0.15119225921220292,0.17039969787254047
2021-02-23_CO,2021-06-28_CO,10,120,-0.14325568079948425,0.3346012532711029,0.009622650860265203,-0.04098441803899747,0.0414133059128283,0.06905005397561992,0.03884795478947234,0.08092243554774267,0.11707279887145727,0.03396366746027696,0.052968147690248185,0.1026482422986528,-0.129435086854809,-0.09484086741369224,-0.017180385722552965
2021-02-23_CO,2021-06-28_CO,20,120,-0.14325568079948425,0.3346012532711029,0.06814760659848157,-0.08149997860306804,0.021416964893924917,0.05450948876580594,0.04299751896393414,0.084653421511581,0.1275551445120691,0.013289264328280342,0.03467278827477413,0.0822041579215434,-0.11966149146901213,-0.0765340364563403,0.008906719846090335
2021-02-23_CO,2021-06-28_CO,50,120,-0.14325568079948425,0.3346012532711029,0.1355158595704062,-0.04873495038915321,0.06144455298798163,0.08244061481179063,0.08368537047184971,0.1550400438664978,0.20746107712785805,0.07462485578010813,0.10176853998870411,0.11524640244296513,-0.10657930848410813,-0.06439234007766083,0.025328238715758955
2021-02-23_CO,2021-06-28_CO,100,120,-0.14325568079948425,0.3346012532711029,0.266538666634231,-0.01732303247893041,0.12084773731606602,0.16646728783293926,0.11523899671676441,0.1981346869265927,0.2708335338526449,0.09707450697262873,0.15256801278083457,0.21101042576853732,-0.09106522631408198,-0.04495198648243473,0.05601657925426325
2021-02-23_CO,2022-06-13_CO,10,480,-0.02259889245033264,0.40180009603500366,0.020480779411260586,0.008836052168209263,-0.0010268652785763999,0.0038255873130482454,0.058724418475311846,0.05416385204297455,0.09557966368731297,0.0468580131722616,0.05366364000333665,0.05739630068421528,-0.01389232663150126,-0.00997653589264641,-0.004704281232054334
2021-02-23_CO,2022-06-13_CO,20,480,-0.02259889245033264,0.40180009603500366,0.06803588915454198,0.015271039750243298,0.006010661438386022,0.029849463421894318,0.14404253352529395,0.14652421453077774,0.18039211969004895,0.08531654398948288,0.15308959974492486,0.1509909746272309,-0.007667696889120769,0.002502946778615095,0.012202846833282063
2021-02-23_CO,2022-06-13_CO,50,480,-0.02259889245033264,0.40180009603500366,0.1778947477733529,0.04742040524220381,0.044615714290580616,0.0928490783687686,0.1939108098040166,0.2222118466611964,0.29414021252570177,0.1191068267548285,0.19980928509035464,0.22097464166616035,0.010523259747148453,0.03148656841223885,0.06095447013228497
2021-02-23_CO,2022-06-13_CO,100,480,-0.02259889245033264,0.40180009603500366,0.35395114095407526,0.062317940421320356,0.0671406791546893,0.11982929844625134,0.21668358711574387,0.2429430469469397,0.3228742716275756,0.1393485743501528,0.21916254734497945,0.25066725561114733,0.027790795178826305,0.05399794912607104,0.09281515082321039
2021-05-04_CO,2021-05-11_CO,10,7,0.08843223750591278,0.2880399823188782,0.13620125654787868,0.1320763977534325,0.13515269498187094,0.1252349153617901,0.1195093949733689,0.13106061511050365,0.1570770560009472,0.10902068244680546,0.1314193713676756,0.1530164694649839,0.10492795091921536,0.10838123675271531,0.10875736325931028
2021-05-04_CO,2021-05-11_CO,20,7,0.08843223750591278,0.2880399823188782,0.1641331332896159,0.14132851738629792,0.15937299534715743,0.18365623022527203,0.1311994565002332,0.14971409328612154,0.18713218280420102,0.12278801483877294,0.15627605693333815,0.18864280183046833,0.11206871045701168,0.11834452550811021,0.12088889510054279
2021-05-04_CO,2021-05-11_CO,50,7,0.08843223750591278,0.2880399823188782,0.19282223977274196,0.14538197224906932,0.17033598861832813,0.1717859325560449,0.13818764237645842,0.15483229304264695,0.19318711146893394,0.11787958800383136,0.15760667725597635,0.20292058426798118,0.12002428415427961,0.1303599618022504,0.11427720866842389
2021-05-04_CO,2021-05-11_CO,100,7,0.08843223750591278,0.2880399823188782,0.21687910229815427,0.15529563640114816,0.17826543931114916,0.20666506847691843,0.15150241568125855,0.16997713946899273,0.21425053649307593,0.13359462097982477,0.17153214493856536,0.23247827823962358,0.13019571095958238,0.14567057698269578,0.14929451812729344
2021-05-04_CO,2021-06-01_CO,10,30,-0.049451008439064026,0.2877318859100342,0.013425303931119903,0.002968329519997953,0.059422089234838604,0.010908966312920404,-0.023572059121841016,0.013322940004169392,0.04547320105808869,0.02917353781108617,0.03704388966686767,0.05915279996679251,-0.02698285561881027,-0.015132845046494647,-0.00991273683659491
2021-05-04_CO,2021-06-01_CO,20,30,-0.049451008439064026,0.2877318859100342,0.044833859329039716,0.018812327493957892,0.09662479016440753,0.09075715427775297,-0.018925544606439,0.04149794437542509,0.0842747593087734,0.07130678129519766,0.07151607868660384,0.09566355162013579,-0.02041471029803087,-0.008598191478229869,0.0029003121643392435
2021-05-04_CO,2021-06-01_CO,50,30,-0.049451008439064026,0.2877318859100342,0.13242789994567483,0.07382724828114454,0.16567394277804176,0.10740146920796836,0.0013588571958505768,0.10271348823341381,0.19437588199521677,0.12453558157943626,0.1423900315018591,0.19828672160957442,-0.0131348956533441,0.0016647675317089938,0.025176622660593295
2021-05-04_CO,2021-06-01_CO,100,30,-0.049451008439064026,0.2877318859100342,0.2468716108026877,0.08778749749408848,0.18754359840691892,0.21304754293016936,0.013955957150983828,0.1358445694221451,0.23618027639028094,0.1310952006080565,0.1684491402377482,0.23593992742619824,-0.005510117177068711,0.01516689615725413,0.054487958547475616
2021-05-04_CO,2021-08-31_CO,10,120,0.026779428124427795,0.27044743299484253,0.0672469658114937,0.058564560538408,0.06585531221692154,0.055679209937463225,0.04845509422924085,0.08086440008911014,0.11267833574963085,0.06021591807384527,0.08720898484814435,0.09390701110810762,0.03424556177046755,0.038485239380842244,0.04681429712242092
2021-05-04_CO,2021-08-31_CO,20,120,0.026779428124427795,0.27044743299484253,0.09647318860188264,0.06887229119826077,0.08963876945335392,0.12810971975212665,0.03845296033643367,0.10880744458589539,0.15308856981908026,0.05587333658319349,0.11240468236775894,0.13353731103369337,0.040634662432777496,0.04789623958994494,0.06121820066997957
2021-05-04_CO,2021-08-31_CO,50,120,0.026779428124427795,0.27044743299484253,0.15848647816806757,0.1049232514684875,0.14781815293907696,0.130839843965114,0.05417273895390359,0.1460997111290511,0.21495231380832153,0.07376577166395845,0.1646463951930345,0.18916610992558056,0.05237678898204512,0.06577086549907822,0.0943735726923834
2021-05-04_CO,2021-08-31_CO,100,120,0.026779428124427795,0.27044743299484253,0.2264478082009717,0.10910825286366091,0.14104912913988055,0.18937203540314568,0.06641681135951985,0.13771473245620208,0.22608333331758806,0.10234876749961871,0.16532389368204667,0.19565006346559735,0.059946383299928296,0.0769322398861881,0.11490074565316923
2021-05-04_CO,2022-08-26_CO,10,480,-0.20259138941764832,0.29724738001823425,-0.09970083582149103,-0.14961121266036448,-0.09920385914934987,-0.13699435027740076,-0.08277829749651158,-0.051768975600798794,-0.023074538251152632,-0.09791118216175276,-0.06851875874208851,-0.0243567798114189,-0.18328349248612716,-0.17028545401705278,-0.15789062850923372
2021-05-04_CO,2022-08-26_CO,20,480,-0.20259138941764832,0.29724738001823425,-0.03935117457199183,-0.09952179886557333,0.009435305009147715,0.014978274408452397,-0.05876879326701143,0.04251999743456966,0.08566388792278656,-0.041234262919344206,0.03927273488027183,0.08612822976036355,-0.18305595828145363,-0.16388340730001064,-0.14779170829290086
2021-05-04_CO,2022-08-26_CO,50,480,-0.20259138941764832,0.29724738001823425,0.05635034613281292,-0.11393355866381366,0.05864204312987159,-0.0026347443657300795,-0.06385975244065445,0.057214962798543934,0.12912801037706997,-0.07019469933701147,0.07077785159335467,0.12943282951826904,-0.18264832211754709,-0.14912896381207022,-0.16730141246775196
2021-05-04_CO,2022-08-26_CO,100,480,-0.20259138941764832,0.29724738001823425,0.20662220782767718,-0.0976982158876197,0.06920424033927103,0.08262442830570416,-0.04642570766952772,0.06328008678245226,0.1498180786143634,-0.03912841779485832,0.08702084163582091,0.15012574298370435,-0.18793350036577872,-0.1464239657424738,-0.14108666732591515
2021-05-26_RD,2021-06-24_RD,10,30,0.21301202476024628,0.3460385799407959,0.2269346178874692,0.2190414782357076,0.2269011651465453,0.21113894973979688,0.22993957394444742,0.22393165495570236,0.2001194534964427,0.21620664826375643,0.23247557068834587,0.21000551312239732,0.2140262742468275,0.2145023158943524,0.21703910786660607
2021-05-26_RD,2021-06-24_RD,20,30,0.21301202476024628,0.3460385799407959,0.24288782172718348,0.2041139502935891,0.22357055923563174,0.21836344761435328,0.22203307988846308,0.21303745959019404,0.17907775055940012,0.21464827027094954,0.22427434892586812,0.19885166044608812,0.2141010796158588,0.21590022017685484,0.22215265317886582
2021-05-26_RD,2021-06-24_RD,50,30,0.21301202476024628,0.3460385799407959,0.274174770509117,0.23542906456434515,0.2579238721615358,0.24810465097620107,0.2492636963008846,0.24084549701794505,0.2393888334136375,0.23654972919996597,0.25301084616927016,0.25692058038330695,0.21873886028829304,0.22593236580151718,0.23847571622848882
2021-05-26_RD,2021-06-24_RD,100,30,0.21301202476024628,0.3460385799407959,0.30142226968128844,0.2349912040111567,0.263048291284086,0.27200939948662106,0.2549674632336653,0.2629558289200995,0.28454339442376275,0.24121749055706607,0.27191747956427614,0.2907721750544001,0.22068069610182564,0.23238174743682696,0.25217195538487913
2021-05-26_RD,2021-09-17_RD,10,120,0.1294364184141159,0.30313020944595337,0.14708715801564032,0.1632026432342408,0.1713179847996047,0.13934589696484392,0.18286341012204235,0.17396074662356237,0.14338305278441799,0.17745457708283843,0.16537668651057366,0.13857958775722015,0.13936606791125158,0.1399457990816301,0.14269715175309483
2021-05-26_RD,2021-09-17_RD,20,120,0.1294364184141159,0.30313020944595337,0.1787841598883162,0.17481020957073878,0.19756661868524156,0.16761818424647434,0.16905825550191744,0.1578151026497102,0.15454186803269934,0.1884837233411884,0.18250935330010043,0.1771298397973546,0.1432203664393645,0.14781731953810362,0.155365864244904
2021-05-26_RD,2021-09-17_RD,50,120,0.1294364184141159,0.30313020944595337,0.21311954279511888,0.1861662831226981,0.21765099023991502,0.21025974500844985,0.16472724430271346,0.1732147208662512,0.17897554869073687,0.20538070356857296,0.21250443049077208,0.21896106990607758,0.1456421984368271,0.15499569635953833,0.1691224573994371
2021-05-26_RD,2021-09-17_RD,100,120,0.1294364184141159,0.30313020944595337,0.20825439833705392,0.18139694394729536,0.21729047239420954,0.22697786881324425,0.17727938646341085,0.1752870029390469,0.19954964252881682,0.20585972611212963,0.21584477217559886,0.2345609521446072,0.15374915081283647,0.16773203570553985,0.18642857435338644
2021-05-26_RD,2022-09-21_RD,10,480,0.005950704216957092,0.27110010385513306,0.060024510718559076,-0.01194056236574667,0.036843824462113095,0.04749108025972465,0.06725262743003077,0.0886952971965344,0.09060082871695344,0.0363785588379438,0.039078328989454125,0.07906436222632052,0.019766694824031057,0.027804420662793688,0.03922509411185817
2021-05-26_RD,2022-09-21_RD,20,480,0.005950704216957092,0.27110010385513306,0.08827466909141635,0.007553101798699391,0.07720805744846604,0.09667682130875607,0.07892260757348382,0.11220627164702957,0.1320725354029219,0.055038944193569916,0.07637459311760125,0.12669643883803378,0.027516149388484696,0.037654819963393975,0.05523722515985321
2021-05-26_RD,2022-09-21_RD,50,480,0.005950704216957092,0.27110010385513306,0.14170526954337107,0.002328259863066673,0.11674286787950874,0.1396067909938084,0.0687796686473593,0.11903434716750214,0.1644861765177926,0.056944424527444665,0.07435640017640563,0.15980016511336284,0.03675934832194183,0.054889672905168135,0.08504311865147751
2021-05-26_RD,2022-09-21_RD,100,480,0.005950704216957092,0.27110010385513306,0.17282934274796208,-0.05018864163842485,0.09690642266863456,0.09933305579279122,0.07979130080972399,0.13379446451262073,0.19257111562929508,0.056578729749882234,0.022998167066371034,0.11110372773601085,0.04361430651833859,0.07010678266064406,0.1109605708941811
2021-06-14_CO,2021-06-15_CO,10,1,0.18966792523860931,0.2492845505475998,0.19311733438822137,0.18330672816992638,0.1736930236689887,0.16017497739933612,0.17107273578964338,0.1656410906811767,0.1579436966480704,0.18888813631339216,0.17894310566631647,0.16737856955101837,0.18419373993812485,0.18416178290932292,0.18132754450496327
2021-06-14_CO,2021-06-15_CO,20,1,0.18966792523860931,0.2492845505475998,0.2022513454136647,0.18457933988292222,0.17110809147413467,0.16547007891974755,0.17250912142794458,0.17722744449661576,0.16937084466540228,0.19123892627782993,0.18368671101084594,0.1729453462134514,0.18294683869763465,0.18643844563812295,0.1856934281331762
2021-06-14_CO,2021-06-15_CO,50,1,0.18966792523860931,0.2492845505475998,0.2280189687106033,0.18478134397210697,0.17725237504337377,0.1779188881636885,0.17922361590381206,0.17676112700834373,0.18456592324146698,0.18707462321850285,0.1924838832746219,0.1868091398117533,0.1860038983392309,0.19507238067458177,0.19859798730038636
2021-06-14_CO,2021-06-15_CO,100,1,0.18966792523860931,0.2492845505475998,0.1927215181829775,0.19481881567513493,0.19139187388957257,0.19962274481076972,0.18651440419720938,0.1881614036607491,0.1985890428881117,0.19348246458311635,0.20444666444075302,0.2074511073380569,0.18491644351747807,0.19782080245799036,0.2044972960088833
2021-06-14_CO,2021-07-14_CO,10,30,-0.007435306906700134,0.2616214156150818,-0.02970500196987788,-0.01943508732709623,0.01324604381366501,0.006718100916271258,0.02198250749273417,0.017611008747222184,0.04411337180115138,0.025909308580129853,0.029555134275689898,0.0017191189598366463,-0.018943302187773552,-0.04557547176541409,-0.0530558992616132
2021-06-14_CO,2021-07-14_CO,20,30,-0.007435306906700134,0.2616214156150818,0.012097333669407434,0.005528894375955246,0.05239070211300406,0.057337620901260905,0.04104751783581925,0.04836896100244509,0.08764210465610439,0.03895839690130262,0.07270762088389651,0.05962313563478436,-0.012167928925772786,-0.03123174288186062,-0.02850293353402773
2021-06-14_CO,2021-07-14_CO,50,30,-0.007435306906700134,0.2616214156150818,0.08327427602398049,0.01238830144684483,0.060102435969248746,0.09053791785416188,0.05149792318230467,0.06702340883468585,0.13906797413828298,0.05054567717823902,0.10407431059371494,0.0882822871837716,-0.0013113606371706425,-0.0048704356631139685,0.014717392964384346
2021-06-14_CO,2021-07-14_CO,100,30,-0.007435306906700134,0.2616214156150818,0.21332489245098266,0.045707159950066245,0.10819866954690363,0.15943056695564783,0.08838788359210545,0.11417078209797121,0.20511581187189448,0.07797430531717567,0.15367414760523887,0.1618399616888362,0.0005871096079444563,0.008249050116976167,0.04709064575957481
2021-06-14_CO,2021-10-15_CO,10,120,0.06526371836662292,0.3550468683242798,0.11651621459929423,0.0736027433015744,0.06605407577951511,0.11317066365498216,0.1314802435599487,0.11624295842406024,0.1506329006641543,0.10776798284582909,0.10620954386231204,0.14561054925977532,0.07023154783373987,0.0838306473459195,0.08929547137694786
2021-06-14_CO,2021-10-15_CO,20,120,0.06526371836662292,0.3550468683242798,0.14801850700331676,0.08074760871731329,0.058526538317774074,0.13505033967949662,0.13990997817115164,0.1407679908634658,0.19158581561172722,0.11445420818340105,0.13997072628843404,0.17048391405780422,0.07137438177821913,0.09006434887570254,0.10182006830316714
2021-06-14_CO,2021-10-15_CO,50,120,0.06526371836662292,0.3550468683242798,0.20720291618896275,0.09880119343222699,0.08682787700561534,0.156278749312925,0.15127183904772834,0.15321337649273875,0.23262011655815482,0.13404243632837157,0.1543692572724866,0.19477551397682094,0.08118199597390109,0.11130295247921258,0.13360362016967836
2021-06-14_CO,2021-10-15_CO,100,120,0.06526371836662292,0.3550468683242798,0.3038282924665566,0.10942688215041074,0.10180111755901133,0.18332404960159043,0.15635184334320698,0.1697211283209999,0.26426984780312823,0.13964053300177307,0.16764337505102747,0.22446884358101535,0.08680215870821366,0.12728260758679794,0.158816623145322
2021-06-14_CO,2022-10-10_CO,10,480,-0.20047956705093384,0.3173416554927826,-0.17276940894306597,-0.2824982497989056,-0.27969618276412916,-0.2090729830408512,-0.03746094243911699,-0.03507644736336202,-0.015600131383335603,-0.18104189105569984,-0.09195378847824176,-0.07016419219589493,-0.19789948496965937,-0.20971948753377126,-0.21653042793611563
2021-06-14_CO,2022-10-10_CO,20,480,-0.20047956705093384,0.3173416554927826,-0.09397300669816258,-0.29735188507764154,-0.3044965742089108,-0.21743504933209767,0.0014099332507197526,0.020835726129119297,0.06456117059173413,-0.19052137608158376,-0.05716250768369105,-0.006416433960853785,-0.1959620378495297,-0.20801017543587555,-0.2069946113059826
2021-06-14_CO,2022-10-10_CO,50,480,-0.20047956705093384,0.3173416554927826,0.07090609210336177,-0.2496000719409715,-0.26603807790804174,-0.1518077318122653,0.079769436790044,0.11418650506180619,0.16836577276133213,-0.09439356240850802,0.021654991050599842,0.08529649710043324,-0.17444809852868248,-0.16865163236858496,-0.13843131516693052
2021-06-14_CO,2022-10-10_CO,100,480,-0.20047956705093384,0.3173416554927826,0.2549176779684963,-0.224417641454232,-0.23293581091104143,-0.11231401836282201,0.11810172993208243,0.1635310331603372,0.23363231913864257,-0.059345342646265564,0.06727889943835424,0.1527535851655988,-0.16127892431200144,-0.1467857143473261,-0.10031273416452002
2021-08-10_CO,2021-08-12_CO,10,1,0.20338937640190125,0.3156692683696747,0.1975781746124024,0.1846805914100401,0.18555786704294625,0.2029137080762398,0.13601791429164578,0.17567644888604084,0.16237899807296463,0.1847053032731561,0.17259130190740588,0.16574464139826295,0.20117404792033575,0.20136796920080294,0.1997969699158033
2021-08-10_CO,2021-08-12_CO,20,1,0.20338937640190125,0.3156692683696747,0.22491881223592772,0.2380930202788648,0.23485390822669466,0.21379554199371337,0.17199694374460864,0.23211227767261242,0.22340454792018502,0.23619217568379436,0.2342745406766993,0.22417504255040333,0.20238471936014593,0.20610024040722483,0.2068823117723894
2021-08-10_CO,2021-08-12_CO,50,1,0.20338937640190125,0.3156692683696747,0.24160066364868288,0.20034418613884716,0.21030913969748524,0.21866894571711198,0.14815570874680234,0.2005071507147353,0.2133857380786274,0.20080294142386917,0.20784449371206887,0.22387164269948986,0.19887495838657313,0.20487935178491945,0.14846579156561154
2021-08-10_CO,2021-08-12_CO,100,1,0.20338937640190125,0.3156692683696747,0.24425972228347903,0.21297685846152634,0.23395284797838925,0.24931448593356176,0.19176514886204457,0.2111132742023976,0.23774858003112564,0.21263292225654942,0.22028002554834628,0.25323056064333366,0.20259743057262444,0.2115633165256964,0.2174777125468388
2021-08-10_CO,2021-08-16_CO,10,7,0.07743962109088898,0.26940828561782837,0.08917435525697018,0.0883789869825437,0.10254188412699941,0.08649003785849757,0.08869663685551823,0.10250624056669641,0.09046268009934533,0.09377970279980699,0.08665065562605967,0.1074998427376112,0.07713180004421204,0.07678553715574844,0.07703845884838718
2021-08-10_CO,2021-08-16_CO,20,7,0.07743962109088898,0.26940828561782837,0.11542398968178871,0.09041924790486536,0.12157682188163235,0.12482471431284775,0.11183658941840693,0.13061454992023594,0.12193048063301384,0.10406703516663912,0.10657349010954922,0.15614628708587486,0.07934815497212523,0.08171975436769424,0.0857795614851549
2021-08-10_CO,2021-08-16_CO,50,7,0.07743962109088898,0.26940828561782837,0.16313398331043835,0.12148576510348225,0.16144093437277318,0.1637411829437072,0.13652247998541017,0.1583732068358888,0.16942271097368317,0.13867861040169333,0.14872139254348357,0.20431946394624625,0.08705871613718445,0.09416964134917867,0.06630458709871638
2021-08-10_CO,2021-08-16_CO,100,7,0.07743962109088898,0.26940828561782837,0.21850792201958685,0.13651772303086718,0.18001286552385823,0.20400047690425344,0.15411675243329562,0.1824431877431157,0.20864021607392746,0.1557863337508037,0.1710344097616281,0.23971011405899154,0.09018590317953794,0.10138797354779118,0.11804195063918677
2021-08-10_CO,2021-09-08_CO,10,30,0.018469154834747314,0.19992877542972565,0.02394709467237624,0.0010562778114472926,-0.02793069520584962,0.01892288160227401,0.015967802074590698,-0.027884483689681022,-0.038413417329202504,-0.012219535552851213,-0.01425598503728398,-0.04318633094272881,0.01881097591522125,0.016488407181870873,0.017868783975389258
2021-08-10_CO,2021-09-08_CO,20,30,0.018469154834747314,0.19992877542972565,0.050976881044846545,0.010346771454501497,0.007113935425319684,0.009491217746676106,0.03538967785339742,0.009777294718070484,0.0007979763130929185,0.00942281620548499,0.02388455128866046,0.00825245428829538,0.023043598629287388,0.02214226778378181,0.029328472812181733
2021-08-10_CO,2021-09-08_CO,50,30,0.018469154834747314,0.19992877542972565,0.09715889856928944,0.013217618887221838,0.01922266246031737,0.05552679780018502,0.048243208125191644,0.034539350872804714,0.0374130420777358,0.0209463768491695,0.05525673052611971,0.042169574373061874,0.027041471581523025,0.029120627155948663,-0.0025904097069185486
2021-08-10_CO,2021-09-08_CO,100,30,0.018469154834747314,0.19992877542972565,0.1304022268942894,0.03162083982137434,0.04307347159326619,0.09587396546590646,0.06920759797543977,0.0731983779417113,0.08943219737578786,0.039190948478634774,0.08342850764490739,0.0932231500395315,0.030564100857612093,0.035898735994272894,0.05549177370758999
2021-08-10_CO,2021-12-15_CO,10,120,0.0034065842628479004,0.19640228152275085,0.014911309997232502,-0.047732803226961024,-0.07033754044202756,0.013945962171330012,-0.03620851366727981,-0.049448577860960796,-0.06763476990210016,-0.053478742485989855,-0.051386366856431165,-0.07828469963286167,0.005805124950478191,0.005903495354545272,0.009994684901426252
2021-08-10_CO,2021-12-15_CO,20,120,0.0034065842628479004,0.19640228152275085,0.023091944155433752,-0.024204562344418118,-0.030924230342399467,-0.02273237857921001,-0.012197444871428237,-0.024785739176194144,-0.038296222066029645,-0.0318862720737875,-0.014417668314811172,-0.040093590231238235,0.008062526500796604,0.009163046922223398,0.015454594829942603
2021-08-10_CO,2021-12-15_CO,50,120,0.0034065842628479004,0.19640228152275085,0.06015810385432069,-0.022154025596651472,-0.006333483138818263,0.027877373446973275,0.00788631610675189,0.013194550049979659,0.029501999263207457,-0.02721153734696022,-0.0011418330253497033,0.037342521961850283,0.013730727192054287,0.015560061530329785,-0.045190946611028245
2021-08-10_CO,2021-12-15_CO,100,120,0.0034065842628479004,0.19640228152275085,0.050994026361838696,0.0026110103881592794,0.029500553173323202,0.077686417065705,0.01903881002032362,0.04605000442088386,0.07996036090805578,0.003394666638010607,0.03730023502630714,0.08382118275449499,0.018921704215225755,0.0231383416679547,0.04611744143208782
2021-08-10_CO,2022-12-09_CO,10,480,-0.142794668674469,0.26583996415138245,-0.0438514346800907,-0.15255470031017646,-0.13636971564163672,-0.12476236352106485,0.015974957485430236,0.04769064540919016,0.06388661388869968,-0.09650748552232766,-0.02678424875193125,0.031546678039320625,-0.12556987181014923,-0.11476674094631578,-0.1029252728586804
2021-08-10_CO,2022-12-09_CO,20,480,-0.142794668674469,0.26583996415138245,-0.0100055795298718,-0.15597593345936012,-0.13647955843719878,-0.13025869409046356,0.02482266531434385,0.06862552577068162,0.09441695884335025,-0.10229904616781413,-0.014189643627047055,0.05221964486502187,-0.11755696582180768,-0.10227748756078947,-0.08659641976742834
2021-08-10_CO,2022-12-09_CO,50,480,-0.142794668674469,0.26583996415138245,0.07860062872425641,-0.15722704116878872,-0.1340179090474663,-0.0972140471077454,0.027763399453584803,0.08494566031416173,0.12591105211945297,-0.07555498412982034,-0.00014540740630833437,0.09680533534322258,-0.09924026599646428,-0.07405323344237844,-0.05126389414240967
2021-08-10_CO,2022-12-09_CO,100,480,-0.142794668674469,0.26583996415138245,0.219430781971567,-0.13998631988633586,-0.11616552767860705,-0.05890949929716527,0.03421595787097789,0.11118814633217769,0.16190901736602537,-0.05899356815247614,0.03215404877493999,0.12796050909514997,-0.08988876573134631,-0.058102451983405905,-0.02054773017299838
2021-10-08_CO,2021-10-15_CO,10,7,0.19667872786521912,0.3550468683242798,0.22946408578145677,0.225857078299034,0.2231459422738703,0.22485331413739637,0.21627436948199594,0.21598195103989473,0.21894557480576002,0.22195749926618777,0.21925104646111057,0.22174214769700965,0.2005931845068832,0.20604634385416684,0.2125910954006056
2021-10-08_CO,2021-10-15_CO,20,7,0.19667872786521912,0.3550468683242798,0.24997206402035285,0.20720858595260574,0.2257547546783667,0.23329517072099434,0.22063393507213272,0.23384707636224267,0.251605771574057,0.21341642842346584,0.2264544153436049,0.24572753864955232,0.20399720787787382,0.21274905678168352,0.2210691479000798
2021-10-08_CO,2021-10-15_CO,50,7,0.19667872786521912,0.3550468683242798,0.284777805083103,0.24587773789927506,0.2624599057855071,0.28092379308197,0.24284419183327463,0.2552116910415836,0.2879711970909057,0.24632417776728197,0.2622378059397652,0.28392649126415975,0.21498223826309681,0.22612499783411896,0.24129595038424098
2021-10-08_CO,2021-10-15_CO,100,7,0.19667872786521912,0.3550468683242798,0.3096000860387058,0.25229858572496733,0.2704782723529403,0.2956447349052138,0.24848795748830385,0.26100772124053695,0.2993614152255498,0.25234916685068515,0.2729651835546403,0.3031258979791228,0.2227276497710413,0.2361984921687953,0.2577251704706954
2021-10-08_CO,2021-11-02_CO,10,30,-0.004256024956703186,0.22005625069141388,0.0244850633666355,0.0026769011063094705,0.004820875064544539,0.014222487677636703,0.025827129427363843,0.025228555347253018,0.043139221926823984,0.012226796297023806,0.015492197726185902,0.04169993199449232,0.004728650791405424,0.009874304575258045,0.01289835638433611
2021-10-08_CO,2021-11-02_CO,20,30,-0.004256024956703186,0.22005625069141388,0.05125427500264168,0.03358054382653264,0.04813575837651485,0.0637643883578298,0.05256359101115429,0.07203135595265941,0.11404565504257647,0.05084107677220848,0.06189422902323599,0.10296688982522725,0.014755246326688306,0.021135266424631777,0.0296847275342453
2021-10-08_CO,2021-11-02_CO,50,30,-0.004256024956703186,0.22005625069141388,0.0822885521939174,0.03739052986125119,0.05857140858693216,0.06856918649038168,0.058976458507405655,0.08015073802916078,0.1280667689521512,0.04969956498039163,0.06668479648211961,0.11838756747637083,0.022228508259433528,0.03240287585825266,0.04600438392003082
2021-10-08_CO,2021-11-02_CO,100,30,-0.004256024956703186,0.22005625069141388,0.1346188242157983,0.05668642722315148,0.0791257530143184,0.09347101465373672,0.0753625211523524,0.10613180857592522,0.15560573187332355,0.06000276817603534,0.08273667146580657,0.1410770218442322,0.03266365654846235,0.04912768708952502,0.08625471143327275
2021-10-08_CO,2022-02-07_CO,10,120,-0.006989315152168274,0.24917973577976227,0.03549257425245783,0.04276317381231201,0.022628291435634995,0.020917657563206266,0.02969124454900099,0.03488678276051754,0.04984361799327394,0.015368712926689121,0.040186707089813895,0.0653860869672829,0.007218075521668181,0.01207213331183149,0.012978235929905537
2021-10-08_CO,2022-02-07_CO,20,120,-0.006989315152168274,0.24917973577976227,0.06798069788345742,0.05582814516947107,0.042542058623146084,0.05391730902471317,0.05610147202029239,0.07067286143358689,0.09582160092044226,0.02591963996238983,0.07426935868795076,0.11646059979604931,0.014698124687746275,0.021759094767145316,0.0279863600472683
2021-10-08_CO,2022-02-07_CO,50,120,-0.006989315152168274,0.24917973577976227,0.12397919829408541,0.06400684937694776,0.05848433062536196,0.0962377123424639,0.07561440145202009,0.09972022110507225,0.14395735702683365,0.03842257192925125,0.09546173881680789,0.1660245460594241,0.024281631902035933,0.035675969912680065,0.0514546785863819
2021-10-08_CO,2022-02-07_CO,100,120,-0.006989315152168274,0.24917973577976227,0.19875584184297387,0.057240731619434826,0.06134292581512002,0.11598338652189219,0.07594720682220177,0.10760698413368289,0.17124364698235606,0.03560179010723033,0.10404010103066269,0.1818768156311459,0.028684701257886108,0.04272744260915301,0.07163995700819496
2021-10-08_CO,2022-12-09_CO,10,480,-0.055179014801979065,0.26583996415138245,0.01743441781761121,-0.010354635635641568,0.014821313498898675,-0.025356033969467673,0.022405348896517407,0.02625202851342781,0.08140923590480123,0.009109408356033105,0.04370198376772488,0.06790256688715302,-0.03968856738829884,-0.030897329395206192,-0.023405752176603484
2021-10-08_CO,2022-12-09_CO,20,480,-0.055179014801979065,0.26583996415138245,0.04575193747256401,-0.001519803470288933,0.02841107459852199,0.025992601072292065,0.05057354756554061,0.05770085364057054,0.11753180613712519,0.03368461994293914,0.07285409693960176,0.10155677794610454,-0.031249270996695732,-0.02052875292945668,-0.010669058132291742
2021-10-08_CO,2022-12-09_CO,50,480,-0.055179014801979065,0.26583996415138245,0.12384730597383167,0.003112072436408597,0.03952785946443099,0.05488856056775526,0.08688809138440545,0.11387647149356436,0.1729969598242786,0.05084886367022984,0.10338691798848115,0.14242932658787677,-0.014628329908128743,0.002817563306527345,0.025569349429843697
2021-10-08_CO,2022-12-09_CO,100,480,-0.055179014801979065,0.26583996415138245,0.22274203665190867,0.0103278947494643,0.05563413627731412,0.08271078768112386,0.08988615665048078,0.12937922520798245,0.20731054242612532,0.06464564091087568,0.12492370598500177,0.17608807303592755,-0.01315294701877423,0.010737715575760151,0.04007574309085613
2021-10-19_CO,2021-10-26_CO,10,7,0.1041952520608902,0.27315080165863037,0.10208701768623832,0.10126139786586474,0.11256881357704199,0.08512519956285694,0.1184232349808639,0.11596782743846568,0.11276693483318273,0.11132019388071437,0.11310054137421435,0.09967814452714527,0.10977540899423287,0.10989773862648185,0.10727880319141625
2021-10-19_CO,2021-10-26_CO,20,7,0.1041952520608902,0.27315080165863037,0.14452156159500723,0.1366567814142682,0.13608256822806997,0.13453596758067723,0.13294573114883296,0.1387097603484578,0.16024579395899355,0.13092572385886028,0.14600016852247302,0.144473559519027,0.11497636180431133,0.1205299569449652,0.13004604738456216
2021-10-19_CO,2021-10-26_CO,50,7,0.1041952520608902,0.27315080165863037,0.17166460121648625,0.1308036207305454,0.14119262857024453,0.1342382608026545,0.12629735694440922,0.1465997806943584,0.1723874025807315,0.136173277495599,0.15485997363205437,0.14463023515022064,0.11651466993235697,0.12504244448753446,0.1460128636061084
2021-10-19_CO,2021-10-26_CO,100,7,0.1041952520608902,0.27315080165863037,0.20256333936822093,0.1539910442101342,0.17407329721001916,0.17917120456207455,0.1526941746143226,0.18311994377755678,0.2179436744615269,0.1614864735333768,0.18882483445821285,0.19245673397258636,0.1281034525652657,0.14154968191196127,0.18142333471682634
2021-10-19_CO,2021-11-16_CO,10,30,0.026822954416275024,0.22020511329174042,0.06606013049197354,0.041413354934510094,0.05922471957465844,0.05388448114533409,0.04088500025418046,0.04993145336788091,0.06469661618845862,0.06616379045027981,0.0512446335641456,0.057661282932557234,0.04328090946312144,0.04847481780962565,0.05632024679273448
2021-10-19_CO,2021-11-16_CO,20,30,0.026822954416275024,0.22020511329174042,0.08397766396280282,0.05507229136804362,0.07612820900788056,0.0668744277386977,0.04116324059159002,0.06596403123250441,0.11587447017246191,0.08598039042651678,0.07851854086168936,0.09671710447384477,0.047682468833225834,0.052285670836504254,0.06320503123536049
2021-10-19_CO,2021-11-16_CO,50,30,0.026822954416275024,0.22020511329174042,0.14665709758676632,0.07526496980879827,0.11095387124274586,0.12215818385006655,0.06583198485399722,0.09909975702072282,0.16570528848366378,0.1182302053433584,0.1225265359640064,0.1466934235182096,0.05938402006346976,0.06594719057217695,0.09015843938822492
2021-10-19_CO,2021-11-16_CO,100,30,0.026822954416275024,0.22020511329174042,0.17674189910957333,0.09737489159988552,0.14123664204521338,0.157735350619231,0.09623100005705504,0.12652168242831396,0.19175936715553055,0.141932926662897,0.15088698842271916,0.17149026007233548,0.07048888125858899,0.07957564467260671,0.10684252252960014
2021-10-19_CO,2022-02-07_CO,10,120,0.035172879695892334,0.24917973577976227,0.07257703423172868,0.0775481466927404,0.062025148962593896,0.09053582163397461,0.08035640941099101,0.08303029546424498,0.1109013222550358,0.08179961861753746,0.0972751457279579,0.1081032289464314,0.04104305416927415,0.046622424646303645,0.0536835971637882
2021-10-19_CO,2022-02-07_CO,20,120,0.035172879695892334,0.24917973577976227,0.09932639321363548,0.09461767505243104,0.12207605354169695,0.14196697466164315,0.09052999024349007,0.10720315193611057,0.15022294081657314,0.09722657119832376,0.12250812539581915,0.1575826883322462,0.04605923029794464,0.05408592541181923,0.06397001889152348
2021-10-19_CO,2022-02-07_CO,50,120,0.035172879695892334,0.24917973577976227,0.1489396458956253,0.10991068826353403,0.1486670754115851,0.17999589360648408,0.10305430052313588,0.1334540211757913,0.1931069272157093,0.11600322441080421,0.1487909768924475,0.1922766265697388,0.05407005533717304,0.06757557021366163,0.08533994091179058
2021-10-19_CO,2022-02-07_CO,100,120,0.035172879695892334,0.24917973577976227,0.20708672616845908,0.10280885088540523,0.14673311452105184,0.18998030614490466,0.10063791263213528,0.13566997458502367,0.20299379923669175,0.11170483076679372,0.149534642564637,0.20022493269020325,0.055043251553726184,0.07440831126628841,0.10635076541975785
2021-10-19_CO,2022-12-09_CO,10,480,0.03626960515975952,0.26583996415138245,0.0999875574427557,0.09154386411466695,0.07173964944139277,0.08384717088368401,0.0880942982973825,0.11981148892733404,0.1488867142704311,0.11280658158513471,0.12045896461855832,0.13997858828185875,0.05923146539389324,0.06662318087495046,0.07064886381434136
2021-10-19_CO,2022-12-09_CO,20,480,0.03626960515975952,0.26583996415138245,0.11973653241582322,0.09335434611601204,0.09922940204662153,0.10666954317359098,0.09270656658062265,0.12710453961338689,0.1653341308275385,0.1216070121931438,0.12679446573561876,0.15138814885498145,0.06575939201433338,0.07233799657013935,0.07669698489663992
2021-10-19_CO,2022-12-09_CO,50,480,0.03626960515975952,0.26583996415138245,0.17324147792551903,0.08678618629864271,0.08661008368908257,0.11477541459956891,0.10902238935514261,0.14015177063590703,0.18950554577310075,0.12486136887807642,0.14194441809734523,0.18127581184768424,0.0732966301737406,0.08082492180082208,0.0929917402996621
2021-10-19_CO,2022-12-09_CO,100,480,0.03626960515975952,0.26583996415138245,0.22795926495807858,0.10668493889850622,0.11519559439904598,0.1499981218697121,0.12206540402018146,0.16976756002581772,0.22499581572229277,0.13998631235908285,0.16876070304989468,0.21593188583789483,0.07737448790896448,0.08739116011351467,0.09172673729765797
2022-01-17_CO,2022-01-24_CO,10,7,0.1467186063528061,0.2566363215446472,0.14955640137475515,0.14618838061730252,0.12239849188357549,0.12206095668555922,0.15670782858722154,0.15133122623012688,0.14148307574740915,0.1723735016121442,0.15716762024568892,0.11328842876440001,0.15060196727517824,0.15177870945126493,0.1538605327790773
2022-01-17_CO,2022-01-24_CO,20,7,0.1467186063528061,0.2566363215446472,0.16274638570229993,0.15193537979889413,0.14474214314594697,0.1472900166332689,0.16514654910786886,0.16687358569542834,0.18332983697275884,0.17429457378579957,0.1697511662046301,0.15188623658756373,0.15151200800373724,0.15329944580415508,0.1576983076950508
2022-01-17_CO,2022-01-24_CO,50,7,0.1467186063528061,0.2566363215446472,0.19668646551145288,0.16265505325331012,0.1602617172168316,0.1817328375301354,0.18535315349666157,0.1938479826949961,0.21768199476016795,0.18291535469179376,0.19714446699057409,0.2006865085380632,0.1559612347282444,0.16180483380631638,0.1702044408727644
2022-01-17_CO,2022-01-24_CO,100,7,0.1467186063528061,0.2566363215446472,0.2257687685226771,0.1679190662767567,0.1793447539831088,0.2012762415205161,0.1948561379614335,0.20640922049530158,0.2434154567082966,0.1887292383293783,0.21555848240049574,0.224638541547588,0.1572755941200168,0.1655441636841397,0.18322731570346676
2022-01-17_CO,2022-05-13_CO,10,120,0.09380213916301727,0.2827601432800293,0.14693521692964193,0.09847435310454469,0.14413817549777713,0.15397071056493558,0.1605123733739741,0.17646587266241007,0.1752220612754304,0.16385420233480916,0.1721669654769577,0.1679932172891675,0.106760323211415,0.11391638945190836,0.12461709253402009
2022-01-17_CO,2022-05-13_CO,20,120,0.09380213916301727,0.2827601432800293,0.17821736044449038,0.10377874432757933,0.15647921061710873,0.17043509787220418,0.1708257786932722,0.19937399858800695,0.21170849358835253,0.16832929528929855,0.1946433414569685,0.1925219684490771,0.1188261300154504,0.12822252943242235,0.14453350956928807
2022-01-17_CO,2022-05-13_CO,50,120,0.09380213916301727,0.2827601432800293,0.22197598834027316,0.10587597599443099,0.15623315866407908,0.17530903042506724,0.17633336545338638,0.2014991906322238,0.23093217036869554,0.1659878586128103,0.19858958051274322,0.20304744817202675,0.130780601439529,0.14358306228364712,0.17238983968914315
2022-01-17_CO,2022-05-13_CO,100,120,0.09380213916301727,0.2827601432800293,0.25268459327659065,0.11066886781033883,0.16615932476344453,0.19038883842103113,0.17796033443425185,0.20796427736028014,0.2567532227769245,0.1720509683667479,0.20775004070432684,0.22240004142149508,0.14083847086480097,0.1559031088925545,0.19127614071421775
2022-01-28_CO,2022-02-28_CO,10,30,-0.03606140613555908,0.16247089207172394,-0.015400992850199746,-0.02901587630737823,-0.03164131314025556,-0.02078930476596752,-0.03140897049030622,-0.02372269443184144,-0.05908996354914178,-0.021916828166825997,-0.009720280986992458,-0.02378097554230718,-0.04091895203829274,-0.043554010299020514,-0.04094071292383795
2022-01-28_CO,2022-02-28_CO,20,30,-0.03606140613555908,0.16247089207172394,0.020436887400719972,0.06818226260981602,0.07212318375291504,0.007661415747470424,0.057921883346670006,0.05058734903538986,0.009215335373191275,0.08448528231677593,0.07328217684859947,0.01576492029872767,-0.026058387523132887,-0.027306501355331775,-0.017915414693930376
2022-01-28_CO,2022-02-28_CO,50,30,-0.03606140613555908,0.16247089207172394,0.07897270222276884,0.08563668658842943,0.09626975080045594,0.07646618806020267,0.07972380529564882,0.09066338290067871,0.05365635998112234,0.10271776063897795,0.11145808656622475,0.08298590236787357,-0.020661102463201613,-0.01745561109130393,0.0063590680078349044
2022-01-28_CO,2022-02-28_CO,100,30,-0.03606140613555908,0.16247089207172394,0.0917449987746907,0.09403355626386373,0.111926284516945,0.09957627490954563,0.09605317648833173,0.11935397309394244,0.10611472131234961,0.11593023782210748,0.12553450417692127,0.11970390323063826,-0.008725162619772242,-0.00244764837721236,0.03010743303001733
2022-01-28_CO,2022-06-08_CO,10,120,-0.01003025472164154,0.33122342824935913,0.09207545677996928,0.07069069554553833,0.06920983080014989,0.060600311472697316,0.07708274373464627,0.11295006617796016,0.1501747986110212,0.087233346467574,0.0999410076786647,0.13309068449076095,0.03633726188046856,0.055074211535134136,0.06787055537965735
2022-01-28_CO,2022-06-08_CO,20,120,-0.01003025472164154,0.33122342824935913,0.13990006160360888,0.09386435372851393,0.09206895960753778,0.09611820459483475,0.12540134697437083,0.16575598116595477,0.2083449589904063,0.12291587127944703,0.14566427569057738,0.19069955669413075,0.05670058328431802,0.07989096894001779,0.09979340362468814
2022-01-28_CO,2022-06-08_CO,50,120,-0.01003025472164154,0.33122342824935913,0.1983476928647264,0.09739508861227314,0.10462902681293457,0.12100128057872164,0.12531704866985316,0.1886557657763096,0.24462197958218151,0.11830320041152023,0.15522829786026618,0.22215866424168793,0.06680090856985237,0.09673852592289463,0.13046556722444136
2022-01-28_CO,2022-06-08_CO,100,120,-0.01003025472164154,0.33122342824935913,0.2206008001435207,0.09791805840447276,0.114175873864413,0.13128920515705086,0.12323601560707498,0.19855825814802128,0.26127680603805414,0.11439795709035108,0.15857216320031772,0.23408824795509475,0.07465969547091177,0.11226276743451713,0.15605340508005291
2022-02-03_RD,2022-02-10_RD,10,7,0.18198086321353912,0.2501699924468994,0.18285936296914687,0.17095928775417185,0.16572219571588376,0.18277626119579438,0.1571698148830164,0.15247443750883707,0.13186647145667435,0.16151219071626546,0.16219789725820136,0.14031958015190574,0.18134427210303158,0.18294132986335102,0.18260248211684302
2022-02-03_RD,2022-02-10_RD,20,7,0.18198086321353912,0.2501699924468994,0.1838523187002696,0.14755570429876205,0.16142740148355303,0.14147505385861034,0.14666993882541285,0.15123718696629398,0.13880507415319115,0.14975274901315397,0.1608811100974186,0.13789716803021623,0.17754166399351345,0.17959421289138192,0.18116428875162685
2022-02-03_RD,2022-02-10_RD,50,7,0.18198086321353912,0.2501699924468994,0.20257615589179148,0.1556507853093613,0.16928141658390408,0.17083675166269882,0.15918191575749355,0.16765012199924115,0.1676716494730016,0.15715259609714285,0.17342498626613934,0.16577980059618996,0.17676403638686686,0.18114187660798117,0.1869236980531194
2022-02-03_RD,2022-02-10_RD,100,7,0.18198086321353912,0.2501699924468994,0.2029593438919933,0.17799618170966053,0.19444277377958608,0.2005002483311862,0.1846115893688723,0.197125965061662,0.20206954561200446,0.183667093018856,0.20101149421527814,0.19771889497629463,0.18322679109141546,0.18912641308361788,0.18728934193493207
2022-02-03_RD,2022-06-02_RD,10,120,-0.041715219616889954,0.3214764893054962,0.05744296329426338,0.008901533963471181,0.07735318430575339,0.034158063683538464,0.08106602381051839,0.1117136760430946,0.12910968946319695,0.09114843881641788,0.11466048681117497,0.13744295713855464,-0.02142891148827496,-0.009193035319840401,0.012668608004544188
2022-02-03_RD,2022-06-02_RD,20,120,-0.041715219616889954,0.3214764893054962,0.10339864349966707,0.036142985101130065,0.11386596889855027,0.163743759987609,0.10387060040112314,0.13563480483046722,0.19047046149511243,0.11810027163549813,0.13497937912511318,0.1926964086859243,-0.004650810884392231,0.011334116087121251,0.039180208128546036
2022-02-03_RD,2022-06-02_RD,50,120,-0.041715219616889954,0.3214764893054962,0.19926862852584523,0.046409350380918785,0.13794967389699447,0.19136284812793225,0.14109591002973076,0.18495614969968543,0.22617593428535646,0.14447481041121765,0.17564730842332235,0.23319632335492277,0.01892820115569834,0.0397207600186719,0.09038806592802316
2022-02-03_RD,2022-06-02_RD,100,120,-0.041715219616889954,0.3214764893054962,0.23600955727158818,0.05199737273266489,0.14195762476070986,0.20313226904523818,0.14026265762839818,0.19480554370869727,0.23137393773823847,0.14887606994826225,0.1836834586337947,0.23675077343548998,0.027665820873648838,0.05291939281234844,0.08153411369797035
2022-02-03_RD,2023-06-06_RD,10,480,-0.010995149612426758,0.2755134105682373,0.060355560813185716,0.067556078515217,0.06311800059946898,0.04552699089272866,0.09732868881622328,0.1259980281760576,0.11242336075261242,0.06391189592392982,0.11435040296154483,0.12841996983684184,0.0054397492705037616,0.006474781498769668,0.014218985989564495
2022-02-03_RD,2023-06-06_RD,20,480,-0.010995149612426758,0.2755134105682373,0.10678311297842105,0.08268402812035808,0.08166669321841918,0.11219898194160824,0.12098888816049935,0.1527144646255638,0.120326994927509,0.07411220871708468,0.14077541947565295,0.14728510207061232,0.01397986715812253,0.01584583142000594,0.029901024667163063
2022-02-03_RD,2023-06-06_RD,50,480,-0.010995149612426758,0.2755134105682373,0.18143410393497197,0.10056114405138564,0.09821463573301656,0.1521531295371343,0.12441914860805531,0.16946837929336195,0.16845057730602572,0.08272655785687458,0.15305440272217635,0.20270788793194228,0.026815375455957097,0.03157057375618492,0.05727818816592806
2022-02-03_RD,2023-06-06_RD,100,480,-0.010995149612426758,0.2755134105682373,0.2272617194304372,0.09392343712357834,0.09569306167118616,0.17351575765679142,0.1296864719135363,0.18440611232791254,0.18903173865763223,0.08216314645585757,0.16681687660503958,0.22626604408108364,0.04049398799435918,0.04582406897814809,0.07062582890067093
2022-02-28_CO,2022-03-07_CO,10,7,0.12503810226917267,0.3191588222980499,0.14551689681527222,0.11553373449297455,0.10692835254134644,0.13673960655485778,0.11869215884177076,0.1248269159420275,0.13283873229207424,0.12335257921645937,0.12196625788423957,0.1194015441991313,0.13019794996698916,0.1346836740235521,0.13956498160263434
2022-02-28_CO,2022-03-07_CO,20,7,0.12503810226917267,0.3191588222980499,0.1692708300884107,0.1329812384699796,0.13089323037207945,0.14690468428592854,0.13029843841302624,0.13380124417751824,0.16975766571059986,0.14829343992345775,0.14353127716437625,0.15164641483857758,0.13002549510539946,0.1371264070419851,0.14670463811569043
2022-02-28_CO,2022-03-07_CO,50,7,0.12503810226917267,0.3191588222980499,0.20578759395394683,0.15512089062383785,0.16130348723381766,0.18712052326770398,0.14703970763837995,0.17995261793023423,0.23247301793633332,0.16444131527161326,0.18731182842029326,0.20542091701528412,0.13725202239605938,0.14681577079572972,0.15929354772529444
2022-02-28_CO,2022-03-07_CO,100,7,0.12503810226917267,0.3191588222980499,0.26131692614736846,0.16816288898890253,0.18160736701410463,0.21109088324370465,0.159717855673401,0.19938431169143958,0.26352466885794507,0.1799598864810644,0.20046604336125295,0.23511294795043658,0.141566890785806,0.15669645401784776,0.17654410162073997
2022-02-28_CO,2022-03-28_CO,10,30,0.10229474306106567,0.2163131684064865,0.13349152463231373,0.1130249288219908,0.14082497361733684,0.12484727470492946,0.07652065086920465,0.08624291787130245,0.1476982126686684,0.11024295291570263,0.14387555244322794,0.11369387959937863,0.1004528229966856,0.10719479522590614,0.10928201683210248
2022-02-28_CO,2022-03-28_CO,20,30,0.10229474306106567,0.2163131684064865,0.14184137426710364,0.0991877516698143,0.14691559839335555,0.13633112684563775,0.052127060523034396,0.07283371717481985,0.16937652353274713,0.0825857035127561,0.14914248598703905,0.13491922005161375,0.09447187827613386,0.10137361050711767,0.1062221647256137
2022-02-28_CO,2022-03-28_CO,50,30,0.10229474306106567,0.2163131684064865,0.19600117429958339,0.1464149998194063,0.1684505883574111,0.17540183987324448,0.10842281280546687,0.13172570655644017,0.18544437612560022,0.14420348067654598,0.16721084860706956,0.18132767806053246,0.09895031359474236,0.11076272395869342,0.12587471798164987
2022-02-28_CO,2022-03-28_CO,100,30,0.10229474306106567,0.2163131684064865,0.22527020491706504,0.16054639602972365,0.1681273989780457,0.18829302710523588,0.12141132147453221,0.1575454562432179,0.20674392551459234,0.15942622949647722,0.16526940579682445,0.19844774414781416,0.09972584306155337,0.1155481015858792,0.13745763662409274
2022-02-28_CO,2022-06-13_CO,10,120,0.11526183784008026,0.40180009603500366,0.16267508954551457,0.13093743859283166,0.1534553977409313,0.1314066365027131,0.13562407684429284,0.16002095490011792,0.20114368373613872,0.1331405615108135,0.16545832337989613,0.1729017128949345,0.11786469266729911,0.12374221102951592,0.13498868706355635
2022-02-28_CO,2022-06-13_CO,20,120,0.11526183784008026,0.40180009603500366,0.1978289644726991,0.13556496057030232,0.1658580110148354,0.1570327811287262,0.15120592576380457,0.2064634479554859,0.24375955962759405,0.1542603232768694,0.1829807436881901,0.21289879785243487,0.12468802551108478,0.13342050653344859,0.14981829884901496
2022-02-28_CO,2022-06-13_CO,50,120,0.11526183784008026,0.40180009603500366,0.28153479471376774,0.16930660724371246,0.2170364596993246,0.21488240037817027,0.1965443155672395,0.2683200638105188,0.32876949117085064,0.18853108187598097,0.2474601466097004,0.2926135307270178,0.13863408161340998,0.1571462630573818,0.19397293887905176
2022-02-28_CO,2022-06-13_CO,100,120,0.11526183784008026,0.40180009603500366,0.35331014212630774,0.17814155884868133,0.22714569145201943,0.2329172478552322,0.19953178106681982,0.2791219524655897,0.3400818809156866,0.1900010978755854,0.2541161061942333,0.30879131222582135,0.14608074816116778,0.1691926346408408,0.21470037909038453
2022-03-07_CO,2022-03-14_CO,10,7,0.1261424571275711,0.2235727608203888,0.16647702253288396,0.14190931830319978,0.15225866839394647,0.1653477860288229,0.15531904490991286,0.1556369459823864,0.17243733558017776,0.14483417327504966,0.1645104046237619,0.16429610398599773,0.13981261047728386,0.14219263711041422,0.14867398485271263
2022-03-07_CO,2022-03-14_CO,20,7,0.1261424571275711,0.2235727608203888,0.1794103131567493,0.15452806566619645,0.16644760640413728,0.17733080933227116,0.17525875218374687,0.17900128835838552,0.18850142032834516,0.15931056719834044,0.175102670281036,0.18320551919324704,0.14380463322994685,0.14599718321843677,0.15474036107334357
2022-03-07_CO,2022-03-14_CO,50,7,0.1261424571275711,0.2235727608203888,0.20243983927940556,0.15412241740029942,0.17299481841247233,0.1889342701621491,0.18280630399463238,0.1862314338261873,0.1913908750002898,0.1642322002794903,0.17508511409832905,0.20063827059574726,0.14785986891775613,0.1519971598576415,0.16348798247066848
2022-03-07_CO,2022-03-14_CO,100,7,0.1261424571275711,0.2235727608203888,0.1673933332590614,0.16619585381299212,0.19084444644421952,0.19865987589098957,0.18509094486699018,0.19220260080419363,0.2082123589925784,0.17666533995072364,0.1887254741943058,0.2093202771015809,0.1550210866263679,0.16094401038875347,0.17418113325285398
2022-03-07_CO,2022-04-04_CO,10,30,3.378093242645264e-05,0.21184951066970825,0.03208581396635743,0.02347706575581912,0.02766230008420431,0.026089997476883703,0.01063111494326649,0.02048007065707705,0.029523563124451285,0.02840869281365868,0.032658290442760335,0.043261625314369306,0.003412506899552914,0.005862167339286989,0.014234389122373644
2022-03-07_CO,2022-04-04_CO,20,30,3.378093242645264e-05,0.21184951066970825,0.05600218139226951,0.049653646118203526,0.07221718411875344,0.07570752242527146,0.05115336878504301,0.06277573518497656,0.07690114216745153,0.0661337456237929,0.08888144486790672,0.08911404798825659,0.010165176525026623,0.015279417028663367,0.027075546903261766
2022-03-07_CO,2022-04-04_CO,50,30,3.378093242645264e-05,0.21184951066970825,0.0990094879134227,0.07273480487968176,0.11004134791392653,0.13178702839125686,0.08547900554587817,0.10820166188015082,0.13757066111735708,0.09791844584787149,0.13143339058341333,0.15336033801286791,0.020057165913670082,0.028185286782467688,0.04622106928453995
2022-03-07_CO,2022-04-04_CO,100,30,3.378093242645264e-05,0.21184951066970825,0.18261615673892273,0.06575884869335441,0.10224965653660598,0.14077119695125964,0.088418074440061,0.11213249119181098,0.154895898215344,0.08894209162654737,0.12673453735505785,0.1710616785833569,0.024132982542687625,0.03741238094239768,0.06723131356371832
2022-03-07_CO,2022-07-18_CO,10,120,0.038616687059402466,0.32139837741851807,0.11511169887426881,0.04715978530221568,0.0685530786819139,0.08349988668269512,0.12210581580838814,0.13831300742267996,0.1635786884127005,0.09628179156837574,0.11592885531230451,0.17358984916047082,0.05010681533115422,0.05891802056992132,0.07824559275325439
2022-03-07_CO,2022-07-18_CO,20,120,0.038616687059402466,0.32139837741851807,0.1448837989673059,0.04812820618516736,0.07995289656230414,0.12886791599178807,0.12898081408194506,0.15650017756517878,0.2178492724146609,0.10428154690030741,0.1370125572606917,0.21662168006236313,0.05217720765693961,0.0628892265143563,0.09117918542121746
2022-03-07_CO,2022-07-18_CO,50,120,0.038616687059402466,0.32139837741851807,0.2016449223343244,0.058927636144397166,0.08625599398507974,0.13674105721698962,0.14957306269509546,0.18659950918084875,0.25272939075523126,0.11744369081360928,0.13851767275378898,0.25420632208745836,0.0528010776053316,0.06874321838873393,0.11390142743974226
2022-03-07_CO,2022-07-18_CO,100,120,0.038616687059402466,0.32139837741851807,0.26190449744922734,0.07039148086009847,0.09956472367109975,0.12993394177222345,0.16213544399073918,0.2025100401530576,0.2585570190327243,0.12361581083693024,0.1364583051233052,0.2609268616485062,0.05675169261641028,0.07860093314314487,0.14105878757613757
2022-04-04_CO,2022-04-11_CO,10,7,0.09340251982212067,0.252816379070282,0.11476585641663645,0.11948977172129763,0.11097932601780358,0.1109801951186242,0.14509665426161944,0.1522258114928775,0.144609543898598,0.13861478697308843,0.15077685402619298,0.13543703995172446,0.1002771146658387,0.10238557251144824,0.10493451993459683
2022-04-04_CO,2022-04-11_CO,20,7,0.09340251982212067,0.252816379070282,0.10726158644268782,0.07919773982157,0.06180543587950496,0.04896886946242035,0.09893649975822752,0.07810578711551464,0.059634576575299636,0.09434113493101548,0.09852348938999361,0.062039311612380604,0.1000212681131104,0.10128650276214916,0.10255188284405832
2022-04-04_CO,2022-04-11_CO,50,7,0.09340251982212067,0.252816379070282,0.133181089060637,0.0907158081566862,0.08830631944953199,0.09991690882022769,0.12046171541242623,0.11458002700365388,0.11653494714854251,0.10471279700274358,0.11505406885065517,0.11207291924409155,0.10370591134143402,0.10704348623668254,0.0819373906701668
2022-04-04_CO,2022-04-11_CO,100,7,0.09340251982212067,0.252816379070282,0.17197569933301984,0.13112529673835677,0.14952981736657367,0.16962030813006856,0.1580236444441189,0.16021804994705757,0.17524857591527576,0.14342579601876163,0.16888911728815487,0.18403794319793385,0.11621979338938626,0.1233737698918399,0.13030104598672054
2022-04-04_CO,2022-04-29_CO,10,30,0.05230945348739624,0.21057669818401337,0.04572227454525413,-0.012653817308031917,-0.005080477975097419,0.04299381077017142,-0.021403589154772945,-0.018053841951385707,-0.01010959474508799,-0.029026647054104904,-0.05263877063383429,-0.028158829179590172,0.05194139226610996,0.04380764294589587,0.04336165886838478
2022-04-04_CO,2022-04-29_CO,20,30,0.05230945348739624,0.21057669818401337,0.09348449863649566,0.013694937535536411,0.023167500902309318,0.0074353402131989155,0.04060782782696934,0.06873090890912062,0.07495370077928623,0.027888337743217223,0.017944710189786106,0.0554018747461833,0.06343695875406434,0.06586016062482296,0.07584418775293704
2022-04-04_CO,2022-04-29_CO,50,30,0.05230945348739624,0.21057669818401337,0.13530225309648872,0.024649550733992914,0.0406694574790957,0.04206170138887311,0.08253551607295909,0.12146479217421244,0.14375689973379852,0.06813390264679722,0.08026794554063993,0.137342078844354,0.0681472245467604,0.08445946806511491,0.07782718234172267
2022-04-04_CO,2022-04-29_CO,100,30,0.05230945348739624,0.21057669818401337,0.1263473152524273,0.030109733562428853,0.04185738894291957,0.05766582884472485,0.09032202759562133,0.14061352109253913,0.1495257664675955,0.07871567067286703,0.09063704354062493,0.1574300517111437,0.07214543333491531,0.09694149984450022,0.11809529479652144
2022-04-04_CO,2022-08-01_CO,10,120,-0.02441081404685974,0.28954166173934937,0.0373351103573098,0.04513930727078003,0.059072878415754176,0.018298005871026896,0.024663628594240955,0.07833915892765508,0.08729414957791501,0.03705184971450018,0.062076592934534325,0.08399801717111655,-0.01342618421181315,-0.006768062085369102,0.001594569429162825
2022-04-04_CO,2022-08-01_CO,20,120,-0.02441081404685974,0.28954166173934937,0.07437346099461631,0.032046503960728334,0.051902177017386086,0.05361693175105517,0.02341652792200069,0.07286815796591628,0.10125203934115568,0.02687764950424154,0.05043261979004149,0.10768257212690921,-0.006110740132603691,0.004416749833138898,0.016484902422093894
2022-04-04_CO,2022-08-01_CO,50,120,-0.02441081404685974,0.28954166173934937,0.14328711188895807,0.0465661018506518,0.07316048502443545,0.09142473030881978,0.06388590185363241,0.12203325459804085,0.15300751907156335,0.05335227675781451,0.07853300405399394,0.15070720181236405,0.00514950788246446,0.02548182000543117,0.035724831283923064
2022-04-04_CO,2022-08-01_CO,100,120,-0.02441081404685974,0.28954166173934937,0.2078973277370207,0.05466111932065021,0.08343484569078816,0.10824943733649278,0.08531260138559857,0.1465898671401867,0.17921830827939575,0.05273381552185444,0.08853292734997045,0.174085159511202,0.008288503563937214,0.03463518154980679,0.06254923108865189
2022-04-05_RD,2022-04-06_RD,10,1,0.10042467713356018,0.24433721601963043,0.11727951933221314,0.10383311494297323,0.10628789975971742,0.10673382385449542,0.10787071805840434,0.10948948544768294,0.12318762034257039,0.1063970625866334,0.10785633592720803,0.11275577560477187,0.09792068125726587,0.09737488807591066,0.09959459879993478
2022-04-05_RD,2022-04-06_RD,20,1,0.10042467713356018,0.24433721601963043,0.13873651304980925,0.1252590857332514,0.1299546665412006,0.14505448301317103,0.12679853610861977,0.13129954667131374,0.15130053060792564,0.13207685660633373,0.12831137255625888,0.13577920589460216,0.09832382865846571,0.09999888113982984,0.1047193769017473
2022-04-05_RD,2022-04-06_RD,50,1,0.10042467713356018,0.24433721601963043,0.1828998866342567,0.14890761884478915,0.1562480847693207,0.1771327107067274,0.17011908690059188,0.16849614341304991,0.17303231035685204,0.1532911043582437,0.16128026732773684,0.16320222914496005,0.10068931261105181,0.10862465576043044,0.1194347925170497
2022-04-05_RD,2022-04-06_RD,100,1,0.10042467713356018,0.24433721601963043,0.16566261626808695,0.1429112571511501,0.14423879609664508,0.17468161929705137,0.16263382212247005,0.16241671315300307,0.16933416069953333,0.14386117814903654,0.15969246748551985,0.16257845960829126,0.10411192841335055,0.1155430918748881,0.12630615860628386
2022-04-05_RD,2022-04-13_RD,10,7,0.15704567730426788,0.36477646231651306,0.1778516766262144,0.14454039783134554,0.1730767132820777,0.16861018417414608,0.1745046606733873,0.15503954498417885,0.16241440506949562,0.15136369684863718,0.17352187279615225,0.17369194134907587,0.16796092030720924,0.16878561099416356,0.1713225346598658
2022-04-05_RD,2022-04-13_RD,20,7,0.15704567730426788,0.36477646231651306,0.2113258615415025,0.20197122052266514,0.22994746894447532,0.24324704283582715,0.2281641485844648,0.23105602458028077,0.24757122911954155,0.20543995200471615,0.25044351758687333,0.25187601230070855,0.17023370620574993,0.1725549843957189,0.18258491129740193
2022-04-05_RD,2022-04-13_RD,50,7,0.15704567730426788,0.36477646231651306,0.2786579871067756,0.22845827464329554,0.2734231479290754,0.3057506652711611,0.26068994833976045,0.2816824677546521,0.30336170847380733,0.23569301976128862,0.2999591967683275,0.32167401360596815,0.17835920057894686,0.18386040012002555,0.2039502754999906
2022-04-05_RD,2022-04-13_RD,100,7,0.15704567730426788,0.36477646231651306,0.3373803356413813,0.24054786234162354,0.28833734848507264,0.32514733499744974,0.2706474688169601,0.2941936441320936,0.3180344113983319,0.2428045340148292,0.3158602143026243,0.34174522194253587,0.18220295440943599,0.19079146633258745,0.21932838467629945
2022-04-05_RD,2022-05-10_RD,10,30,0.14100505411624908,0.3610684871673584,0.1867285066322475,0.17531585292480495,0.2253989677781341,0.18659288156037565,0.21261644765954865,0.19449487875721633,0.21366294897306318,0.21324832303086422,0.2166219886158456,0.22815565200372287,0.14275684240659603,0.14972649878419145,0.16663906148155636
2022-04-05_RD,2022-05-10_RD,20,30,0.14100505411624908,0.3610684871673584,0.2177458093828226,0.18491023597380554,0.2437569441064067,0.25714444082561727,0.22174676314063568,0.22170120554861203,0.24522850136286467,0.22674978582743466,0.23735483719805517,0.2503330217598394,0.1479824690891062,0.16078956979846784,0.18771644341446492
2022-04-05_RD,2022-05-10_RD,50,30,0.14100505411624908,0.3610684871673584,0.25030118265000345,0.20352247022606693,0.2605088948705445,0.2873699892162701,0.24184316928064925,0.26855426359481316,0.289532177944698,0.2568073642387345,0.2651731161270289,0.286017761435984,0.1548745684196998,0.17262607876896416,0.21227458392349488
2022-04-05_RD,2022-05-10_RD,100,30,0.14100505411624908,0.3610684871673584,0.309590202026226,0.22219908523780943,0.28289161128996887,0.31637447931465124,0.2535403871717652,0.28643353666478466,0.315693756490243,0.27075620967392433,0.2886418107471841,0.3119496913029767,0.15995505703220012,0.18004554117153185,0.23185460056994545
2022-04-05_RD,2022-08-05_RD,10,120,0.15239262580871582,0.3604070544242859,0.19536871233828026,0.19941282991188802,0.21654035188267823,0.19053717598763714,0.18539768895617795,0.209984561753754,0.22320190814897461,0.19849413732819973,0.2137434430916118,0.22919248339133197,0.16179229478723162,0.17180439580445525,0.1775468460023922
2022-04-05_RD,2022-08-05_RD,20,120,0.15239262580871582,0.3604070544242859,0.21398040289389858,0.21214181459302905,0.23169302302537298,0.22597671213819198,0.19895068223314688,0.2253193159868787,0.2366936404053947,0.2095959677136574,0.21797285853196774,0.24909356174890288,0.16468899780765134,0.17737538400713027,0.1850974505345764
2022-04-05_RD,2022-08-05_RD,50,120,0.15239262580871582,0.3604070544242859,0.2604188406381864,0.24345665506822742,0.2631968658963787,0.2711856904220935,0.21714789970289436,0.2547165830842303,0.2893025254201601,0.24023253557303353,0.26033310864006964,0.29632781813393816,0.1728206598104878,0.19478192365157768,0.2078071076660255
2022-04-05_RD,2022-08-05_RD,100,120,0.15239262580871582,0.3604070544242859,0.3258862050205584,0.2529883416657303,0.274040614633404,0.28881231864875545,0.23032037701573863,0.27355098562851365,0.31097430586227215,0.2486213582797504,0.2708509517077512,0.31439922697337264,0.18328546733070447,0.21279039261422275,0.23336489884455014
2022-04-05_RD,2023-06-22_RD,10,480,-0.03339537978172302,0.3046796917915344,0.03458371307894603,0.002524357834071872,-0.005650751955287636,0.0033486204318187718,0.02177552279799777,0.05164755320437686,0.08022092893405702,-0.011121661382129944,0.013080812395132091,0.05413102919852644,-0.019312288869180155,-0.012488509265410628,-0.002136793149592799
2022-04-05_RD,2023-06-22_RD,20,480,-0.03339537978172302,0.3046796917915344,0.06838302993467557,0.0009529825291333394,0.017424036609868188,0.035970984668450834,0.04298894842182355,0.08097296132355097,0.12922687914815903,0.002437631967582593,0.03510784847379944,0.09310101964247769,-0.012331783953006067,-0.00409776062927783,0.012635239349255098
2022-04-05_RD,2023-06-22_RD,50,480,-0.03339537978172302,0.3046796917915344,0.11703716241891929,0.05404982753881993,0.09019850536603599,0.021266208969344585,0.1108471966983419,0.15966750720434816,0.21894844331192206,0.06913734833891022,0.10880205029092874,0.15130732081909595,0.006114496362127075,0.016937295980821932,0.037193790386677396
2022-04-05_RD,2023-06-22_RD,100,480,-0.03339537978172302,0.3046796917915344,0.24622677894910838,0.060190121644475014,0.10781666741764567,0.11231688066152423,0.12503784263524365,0.17450620453109883,0.23788283068205568,0.08087947269621895,0.12598291124934644,0.193208224130768,0.01551139569177106,0.031132454253516018,0.06634060665131876
2022-04-25_CO,2022-04-27_CO,10,1,0.08879779279232025,0.206690713763237,0.11161866854173558,-0.008389863717859908,-0.0012379339650115673,0.08466677058754968,-0.0036334667242851892,0.005628288526888459,0.02251363794504968,0.007949122723488383,0.03198863214220232,0.003900819407952033,0.08675103357726083,0.09047641538818228,0.09642752896075757
2022-04-25_CO,2022-04-27_CO,20,1,0.08879779279232025,0.206690713763237,0.1309757235553209,-0.0016544701695187791,0.0036793889224383536,-0.0018302834447340988,0.030319955316862685,0.0465162112898701,0.058638281370384154,0.01839341483213347,0.03581326279960623,0.021275211667125843,0.08921405690741657,0.09828447600130281,0.1105777356050025
2022-04-25_CO,2022-04-27_CO,50,1,0.08879779279232025,0.206690713763237,0.18227611588973713,0.08438247650006114,0.08382225890162492,0.07136406482417462,0.15404289133305973,0.1716217240370341,0.17754879317318958,0.11257323566173802,0.14564368464336389,0.1302221592471126,0.11339111738946694,0.12735705538310874,0.14775253149400294
2022-04-25_CO,2022-04-27_CO,100,1,0.08879779279232025,0.206690713763237,0.09734166357877672,0.052626569002150986,0.04596015969845854,0.05257234918062528,0.12004640307863479,0.1388248617359357,0.14866252164860416,0.07816697756620611,0.10892665323931422,0.10060139941003998,0.1074494258698994,0.12437414458553231,0.10754280864549319
2022-04-25_CO,2022-08-22_CO,10,120,-0.023657813668251038,0.31555309891700745,0.00814565965881392,-0.02099383485166781,-0.019447916211564276,-0.00998042554323278,0.04777421202456744,0.06335151246237464,0.05584866131028918,-0.02099383485166803,0.05688665658926367,0.044902561190701046,-0.029475315185489143,-0.020950654736111202,-0.01506344816972228
2022-04-25_CO,2022-08-22_CO,20,120,-0.023657813668251038,0.31555309891700745,0.033238526776159905,0.009630171273640686,0.02291937529195448,0.020084866055982947,0.09463545458279676,0.11073527949691356,0.10613195992602334,0.009630171273640548,0.10627612002923931,0.11149927860257813,-0.02560603046258611,-0.01888892604648922,-0.005647765538678527
2022-04-25_CO,2022-08-22_CO,50,120,-0.023657813668251038,0.31555309891700745,0.08280676302263151,0.020113207779337283,0.04249555941703864,0.05903476104102201,0.09634294884363992,0.1168801051705019,0.11172357888031906,0.020113207779337755,0.11418094863286068,0.12690798643269796,-0.03025230408577347,-0.014939877187329836,0.004845900503395978
2022-04-25_CO,2022-08-22_CO,100,120,-0.023657813668251038,0.31555309891700745,0.18051578626878245,0.05273835171135993,0.08370402689081977,0.12926597577324594,0.15587154131172615,0.17755743146468825,0.19808867291562632,0.05273835171135996,0.17671956388565102,0.205473193967888,-0.02807442534905587,-0.008443254342014215,0.003779284668903806
2022-06-02_RD,2022-09-30_RD,10,120,0.03368888795375824,0.3539573550224304,0.13882767138621435,0.11944828468141505,0.15440869052611111,0.14012182711215845,0.1613176422435408,0.1562303996794447,0.17514422569647561,0.12735291305098528,0.15528466109814484,0.16783285023820563,0.08562008737381133,0.11537233175766186,0.1281221856284779
2022-06-02_RD,2022-09-30_RD,20,120,0.03368888795375824,0.3539573550224304,0.16758133260497077,0.12299883128781205,0.15962200663126458,0.1812757535892719,0.154606446399044,0.1753920420769686,0.21787358091409845,0.12090860527392075,0.1696340826201713,0.2139262389340449,0.09520244078642043,0.12201627253454606,0.13578707513486113
2022-06-02_RD,2022-09-30_RD,50,120,0.03368888795375824,0.3539573550224304,0.2413273021727074,0.17481122149103984,0.2174437030260266,0.22580677032361893,0.20808757156129165,0.2257636556735149,0.27019602020223393,0.1735321514675008,0.21709948081818053,0.27430979921911924,0.12703673580305436,0.14977472208138223,0.17730575666468643
2022-06-02_RD,2022-09-30_RD,100,120,0.03368888795375824,0.3539573550224304,0.3089599532159714,0.18357317045721586,0.23528951903106005,0.24305013653236776,0.21086090748192401,0.24771527093625056,0.30147755824290445,0.17955703830928005,0.23212913798959808,0.2893469727753726,0.14092653415167036,0.16181887263515657,0.20120717019052436
2022-06-02_RD,2023-06-22_RD,10,480,0.025612547993659973,0.3046796917915344,0.07695347429476346,0.03005326979323658,0.04621236291381925,0.05183812012430014,0.023713145133728797,0.051484112689639955,0.05764538559414731,0.025414622004189424,0.03638751712347382,0.0515494316866314,0.03714018638085629,0.0437849043473355,0.052043276059389465
2022-06-02_RD,2023-06-22_RD,20,480,0.025612547993659973,0.3046796917915344,0.10496874935059924,0.028969256641750984,0.05323650319901441,0.07296544899891746,0.031889473561152015,0.06742537302376689,0.08539016276399117,0.022889907947423127,0.04070578195900332,0.07477769143589263,0.04046841579934706,0.04963520188360402,0.06474860702872405
2022-06-02_RD,2023-06-22_RD,50,480,0.025612547993659973,0.3046796917915344,0.11274919510405079,0.08378439672976673,0.14624971405118664,0.022427298904925397,0.12579406745053137,0.16590238688300654,0.1987615659137463,0.11974215654826709,0.1404735397335408,0.19685695479433155,0.03880212966766244,0.052482901942810085,0.06733065920971527
2022-06-02_RD,2023-06-22_RD,100,480,0.025612547993659973,0.3046796917915344,0.2428502737585922,0.10657757827783129,0.17447486446888608,0.1895567044099588,0.1341561399050756,0.18123278613586574,0.22193909229781933,0.13470394484430823,0.16228905375435684,0.22537493105787668,0.0627439989105145,0.08322250421942161,0.10987280281126637
2022-08-01_CO,2022-08-08_CO,10,7,0.11754052340984344,0.34786465764045715,0.18411989871326226,0.15442403863406512,0.18630298356971856,0.1901835805053543,0.14491107757575736,0.17224159136566275,0.18552071622141109,0.16981931852919757,0.17852357437876343,0.18507272244344117,0.13451677924643232,0.14208779781646227,0.15250955365312835
2022-08-01_CO,2022-08-08_CO,20,7,0.11754052340984344,0.34786465764045715,0.20929330443441718,0.17146046222727954,0.2311605398541733,0.22554541893144028,0.17301299391035518,0.19815883615368568,0.21846443169181184,0.18787808031898565,0.21225477991076763,0.21067321237265438,0.1376667249871593,0.14647195328944554,0.161717428522446
2022-08-01_CO,2022-08-08_CO,50,7,0.11754052340984344,0.34786465764045715,0.2508827225149969,0.17991063195059998,0.24251611536072823,0.240011041342788,0.17359246046707932,0.2068112786973508,0.24562752629950246,0.1899159914827751,0.22245672148569898,0.22663580960049162,0.14383566568222253,0.15361173619464272,0.17671129915461914
2022-08-01_CO,2022-08-08_CO,100,7,0.11754052340984344,0.34786465764045715,0.32257009316107793,0.19875226451922295,0.2700394258889609,0.28224676716848845,0.1970223589890911,0.227187690119225,0.26760563493506173,0.20852959441172284,0.24454220082873965,0.25733764347151167,0.1489013811798248,0.16035686383702272,0.19444638394833377
2022-08-01_CO,2022-09-01_CO,10,30,0.043499141931533813,0.2545941472053528,0.10369122342145118,0.07688510501275092,0.08381247999905589,0.07659558562389557,0.08795234419294778,0.12206706576042509,0.12393295563555501,0.07919779468158702,0.0910664674282988,0.09742349087842908,0.06675816921569597,0.07860605580847038,0.0881584267140151
2022-08-01_CO,2022-09-01_CO,20,30,0.043499141931533813,0.2545941472053528,0.10973753669261166,0.06859503487377597,0.07043873694753464,0.055833028689157904,0.04651488504291046,0.06913811562346242,0.06644142633100214,0.06992873988551179,0.0760950293653847,0.07320882220884492,0.07193644307725594,0.08526922753477083,0.09234346160418772
2022-08-01_CO,2022-09-01_CO,50,30,0.043499141931533813,0.2545941472053528,0.15908884729727876,0.11838765556455383,0.12299763839333933,0.1138419911276772,0.11263426437801269,0.1425107503883603,0.16732241407974302,0.1174310484363966,0.1401462118311984,0.14367339316779154,0.0980988165507597,0.11367805276616678,0.12255274544553817
2022-08-01_CO,2022-09-01_CO,100,30,0.043499141931533813,0.2545941472053528,0.2108455999724084,0.13160953975855827,0.15067395201003775,0.14783756816123336,0.10492259807080478,0.1445401565231152,0.19978517735787435,0.13077444867270444,0.1571440800811562,0.17712891361681118,0.10424749317222176,0.12468239953247655,0.14255901889615324
2022-08-01_CO,2022-12-09_CO,10,120,0.13028979301452637,0.26583996415138245,0.1504564485899786,0.12392817561317218,0.1302119273114022,0.1343182489947499,0.16110575359397888,0.1705327632738718,0.18421839287263767,0.14872058207369004,0.1633463344780926,0.17062982541333865,0.13573073819535236,0.13871100189155747,0.1413002483056414
2022-08-01_CO,2022-12-09_CO,20,120,0.13028979301452637,0.26583996415138245,0.16719883002533584,0.13018916587148527,0.1337814364248934,0.14067679789791768,0.1693443835800255,0.18221703779039353,0.19606876265000756,0.16252165186220463,0.17891374529058127,0.1959554985432972,0.14157014538958987,0.14586533829738801,0.1502933546703382
2022-08-01_CO,2022-12-09_CO,50,120,0.13028979301452637,0.26583996415138245,0.2004155347918514,0.12238789550473636,0.1291454298931023,0.1351681821830809,0.17576431605279486,0.18971220690415128,0.2063208302800114,0.15847829179627965,0.1818346340414461,0.203464831936155,0.1478750205923526,0.15514796596166233,0.1637107669084578
2022-08-01_CO,2022-12-09_CO,100,120,0.13028979301452637,0.26583996415138245,0.22726912084930148,0.1401377414837658,0.15396919734831038,0.16285192050261538,0.1880864669192976,0.21293212010447582,0.22722749780586793,0.1723959153932616,0.1951730650140227,0.2208559521867334,0.15459769076151417,0.16447490147740437,0.17776198582287425
2022-08-25_RD,2022-08-31_RD,10,7,0.1293235421180725,0.34967321157455444,0.16325436646126373,0.16086344793544083,0.1728564607154012,0.16969355582941154,0.1714440858391443,0.1887568577480111,0.19463629305647873,0.16631686626625863,0.17292885115264736,0.18132724570016087,0.1386960484188264,0.14359460771464896,0.14784154058724308
2022-08-25_RD,2022-08-31_RD,20,7,0.1293235421180725,0.34967321157455444,0.18229798237446307,0.16232434016172112,0.18221443162192097,0.16928980781185665,0.1579843221483847,0.18356231781949897,0.20054469199842864,0.1677418246977859,0.16390256331218503,0.17597107832698888,0.1459110582369774,0.15163682241291043,0.15718518761028202
2022-08-25_RD,2022-08-31_RD,50,7,0.1293235421180725,0.34967321157455444,0.23184016158036116,0.17346035075306743,0.20147816139612332,0.23156526821583717,0.17776791147779294,0.24445191226011923,0.2702384161579865,0.17867511408670006,0.225315492813499,0.23927601463061832,0.1546940350222617,0.16331724656897342,0.17390260471734534
2022-08-25_RD,2022-08-31_RD,100,7,0.1293235421180725,0.34967321157455444,0.31259220768327345,0.1803997736812893,0.21492733124966473,0.2641517753587921,0.18379565523617525,0.2645347096880075,0.2988603645665042,0.1844143288385133,0.2495442698702908,0.27385213199917674,0.16135105238384637,0.17625727278515066,0.19426848445660203
2022-08-25_RD,2022-09-21_RD,10,30,0.02580101788043976,0.27110010385513306,0.06755859069284484,0.06807406024558232,0.08476569175141824,0.06864246185650141,0.09954795434363531,0.10591393668816984,0.08825985503735545,0.08108410711929756,0.09628419283464637,0.08097170958509264,0.046636197746058684,0.05341472710791593,0.06386415726248428
2022-08-25_RD,2022-09-21_RD,20,30,0.02580101788043976,0.27110010385513306,0.07762224531638248,0.049884461375402506,0.08262880279050713,0.08686353957150444,0.12163609036126133,0.14459326433659045,0.11185629040459058,0.0627917722693842,0.09433294509402954,0.0989828711947433,0.05863951427475322,0.06545014557336971,0.07337539719648353
2022-08-25_RD,2022-09-21_RD,50,30,0.02580101788043976,0.27110010385513306,0.12175346164040132,0.07781405699836319,0.12194334619819217,0.11697023577418983,0.13348081531741982,0.17022391713017773,0.14762742226266562,0.09273928419432587,0.12951483169082312,0.13239638203791426,0.06441576628490726,0.07375201197645175,0.09519188276084041
2022-08-25_RD,2022-09-21_RD,100,30,0.02580101788043976,0.27110010385513306,0.13699232765500285,-0.004644539719591861,0.0691909848976609,0.07442654090383294,0.11993791044909088,0.15655068938992167,0.13037334999247013,0.02004241738067486,0.07801967696141449,0.098293370311575,0.06128526639050028,0.07352089028697768,0.107750237330986
2022-08-25_RD,2023-01-10_RD,10,120,0.031212031841278076,0.3034535050392151,0.14077512286869936,0.07256183173835573,0.11903471125626572,0.1098833636513605,0.13935326108710114,0.16351436676250689,0.17486587410799426,0.13450112779635714,0.13692793520991764,0.13745384328564894,0.07753687367955743,0.09205640422529486,0.11518150705705654
2022-08-25_RD,2023-01-10_RD,20,120,0.031212031841278076,0.3034535050392151,0.21115450925407836,0.07352123683030648,0.1695878266386283,0.17126639750835682,0.18217403227812648,0.21840147689386274,0.22550403158845844,0.17888338101585963,0.1892594742363,0.20139794476593625,0.11593423292321954,0.1398122284519518,0.16261587841959899
2022-08-25_RD,2023-01-10_RD,50,120,0.031212031841278076,0.3034535050392151,0.24588086728021158,0.09196375448990085,0.20887222393636468,0.21359840265370814,0.20927519427620134,0.23842841025780204,0.2481925204349149,0.20542161314701282,0.22135557217766008,0.2358364701357726,0.13091810743084187,0.15754421974600488,0.18410185631647244
2022-08-25_RD,2023-01-10_RD,100,120,0.031212031841278076,0.3034535050392151,0.26617765502570223,0.07805692624784188,0.2036956576738272,0.22498582996682973,0.20968525036396976,0.2548587938742467,0.26545838910821823,0.20975515949228266,0.22265188800384755,0.2434223052577317,0.13264130326106968,0.16296332067436645,0.19143385818958267
2022-08-31_RD,2022-09-06_RD,10,7,0.30000412464141846,0.36441072821617126,0.3052679765913714,0.27710821075851844,0.2853464401601167,0.3033941181660552,0.24936071754131964,0.2492330689186352,0.24931917640281853,0.28326225748444284,0.26860149433223246,0.25131671778800035,0.30319854750989345,0.3009401528944361,0.29848702174310965
2022-08-31_RD,2022-09-06_RD,20,7,0.30000412464141846,0.36441072821617126,0.30634683627818526,0.24392680850584017,0.28496605145982734,0.27083456017202623,0.21595526193823775,0.22146786532620766,0.21765163532743342,0.2578042515856189,0.23822498775047138,0.21761426564172034,0.29653369709206395,0.294942081509257,0.29564179375491
2022-08-31_RD,2022-09-06_RD,50,7,0.30000412464141846,0.36441072821617126,0.3364736092837348,0.26981970362878127,0.2945263445120334,0.3102005472389887,0.25218529692999647,0.27276792969572483,0.270949540814398,0.27583054610568225,0.2891923923570836,0.27453961559196194,0.301676436752597,0.305858279559591,0.31287589340786676
2022-08-31_RD,2022-09-06_RD,100,7,0.30000412464141846,0.36441072821617126,0.3120364538680921,0.30314394550922685,0.316018753918878,0.33915337580003985,0.294528545407727,0.30790805356538387,0.3114268533539336,0.3093751058711943,0.32721189679403573,0.32491130908927063,0.30671686754857225,0.311039619510209,0.31722672657469025
2022-08-31_RD,2022-09-30_RD,10,30,0.17358961701393127,0.3539573550224304,0.18864167273417698,0.1681007980767888,0.17143843700353828,0.20419181190501087,0.20096308332572574,0.2154946523312424,0.1940971797908731,0.2061219813949227,0.2132441887236393,0.19586282553114853,0.18391745481390978,0.18818983505246747,0.19006914596001478
2022-08-31_RD,2022-09-30_RD,20,30,0.17358961701393127,0.3539573550224304,0.22521909894728026,0.151636763423333,0.17509592015253103,0.23719173384492104,0.21940768949893255,0.23180177479351216,0.2302857474240905,0.21908483773475837,0.2299107982699564,0.23946087873993294,0.18322460740858557,0.1880648917408152,0.197842963302631
2022-08-31_RD,2022-09-30_RD,50,30,0.17358961701393127,0.3539573550224304,0.2778707220663389,0.18473071077570752,0.20335125964629178,0.2749212976542393,0.2368275535043167,0.2628540502585146,0.27722067531946604,0.23990460941600975,0.2667584595349962,0.2879001014396525,0.18965851108758272,0.1958784570066635,0.21368159360857222
2022-08-31_RD,2022-09-30_RD,100,30,0.17358961701393127,0.3539573550224304,0.3088934035550371,0.205768850937332,0.2309269906900834,0.31062217746971565,0.2502760255343457,0.27733555259181975,0.3069530112815616,0.25468253848120903,0.29188836049053835,0.3267382784635022,0.1970255185388733,0.21031632227986677,0.23730563268423735
2022-08-31_RD,2023-01-10_RD,10,120,0.13139159977436066,0.3034535050392151,0.12698810761973128,0.1350391250659806,0.16648846506429124,0.12135612079095504,0.15869216118797186,0.16904149465384702,0.1843608454753173,0.15785929310740116,0.18209722796702524,0.17355514095189895,0.13375955458393823,0.12802687685605843,0.12348929501892604
2022-08-31_RD,2023-01-10_RD,20,120,0.13139159977436066,0.3034535050392151,0.20705808722572655,0.13632573634363823,0.1723027399970844,0.17591755963255284,0.19292795253212036,0.22794033430334196,0.22520353931440842,0.18373658021367953,0.18678193744625482,0.21921039452310753,0.14690335186984863,0.15926920756537535,0.17547700196524552
2022-08-31_RD,2023-01-10_RD,50,120,0.13139159977436066,0.3034535050392151,0.24736586314276748,0.1533250994632741,0.2043863387997368,0.2168649971126187,0.21536250675242155,0.24977234417670305,0.26252486028270605,0.20414989510172424,0.22687083042024356,0.2557013336014098,0.1520381942771012,0.1679953899787688,0.196249781456217
2022-08-31_RD,2023-01-10_RD,100,120,0.13139159977436066,0.3034535050392151,0.26713809921531506,0.14593851136628624,0.2173728304036742,0.23353199663252242,0.21269860472488825,0.2569814837616374,0.27222043064542356,0.20842055812391339,0.22340866068331788,0.2666040145882409,0.1499131953103481,0.1693160049495663,0.20911224769718728
2022-09-19_CO,2022-09-21_CO,10,1,0.21553285419940948,0.26649296283721924,0.212888916187601,0.19835967476205615,0.1862506024581858,0.17056854830761506,0.18613654375059424,0.1874223899295241,0.1746800190921414,0.19619707440451709,0.16721313758012962,0.13960558517138563,0.21235504735895572,0.2116868938955997,0.21026338021366223
2022-09-19_CO,2022-09-21_CO,20,1,0.21553285419940948,0.26649296283721924,0.22301767561760139,0.20479859562502184,0.19471008710132853,0.17232344936290214,0.1907936735938635,0.18311396054965326,0.16138394650496338,0.20019364589514477,0.18697814361128465,0.15519815443836033,0.21839089026366712,0.2210870215106752,0.22112343943948387
2022-09-19_CO,2022-09-21_CO,50,1,0.21553285419940948,0.26649296283721924,0.23033697823316798,0.20368936060844703,0.20094668168301222,0.18887404130415705,0.2171647095702314,0.21378467756732708,0.20517974424208046,0.21492898273649044,0.21482397568308553,0.20654358758356567,0.21976672665800615,0.2211068584338182,0.22150694911918034
2022-09-19_CO,2022-09-21_CO,100,1,0.21553285419940948,0.26649296283721924,0.2113610575916593,0.2174722279306995,0.2180587187747544,0.21137313864202786,0.22541569623652755,0.23055414434450963,0.2282868693325171,0.22971024962940723,0.22998157890512927,0.23234644196115725,0.22552136573001258,0.22811721448459654,0.23111754346133842
2022-09-19_CO,2022-09-26_CO,10,7,0.23109234869480133,0.35343825817108154,0.25932066065764897,0.18910170835307222,0.19819597449992227,0.20486825394306107,0.26875724914568533,0.272503428442339,0.23696115419274802,0.2079900255069783,0.21734943787077102,0.2158514799307662,0.24422299630726266,0.24946192981919868,0.25144371918202707
2022-09-19_CO,2022-09-26_CO,20,7,0.23109234869480133,0.35343825817108154,0.26766916002950636,0.17218389967229766,0.17879353765223735,0.18650368376519505,0.26408696625203654,0.27133562548016177,0.2416645463021648,0.21984904249453172,0.19351006421541886,0.18708237020467128,0.24528900099786988,0.25230323221240086,0.25534934313625635
2022-09-19_CO,2022-09-26_CO,50,7,0.23109234869480133,0.35343825817108154,0.29123054374046875,0.1809783069508147,0.22093845487991137,0.22351738485231923,0.21873399939321186,0.23265933332866473,0.2863200329204919,0.2653561464003896,0.22790023890906103,0.2325211142365776,0.24785116415140118,0.25809759032618085,0.26801547778275525
2022-09-19_CO,2022-09-26_CO,100,7,0.23109234869480133,0.35343825817108154,0.21108408302247736,0.10219731761266163,0.17496311526530886,0.18085074802666629,0.20073787576645358,0.21986377209659094,0.3104504283743166,0.2679021156250616,0.18379701241223467,0.21360908330636635,0.2451771830793645,0.25664932874493634,0.2691068602123558
2022-11-07_CO,2022-12-09_CO,10,30,0.16080249845981598,0.26583996415138245,0.1828660284620025,0.15312848810543445,0.14515298122363385,0.15677258289905716,0.1698259427315751,0.18472181451162062,0.18447497116592187,0.16985101293939364,0.17299278334753224,0.17768414870330987,0.16516802545266063,0.168266128863362,0.17147011754942687
2022-11-07_CO,2022-12-09_CO,20,30,0.16080249845981598,0.26583996415138245,0.19343296590768072,0.1582679167581674,0.14904338360609298,0.1625587646810329,0.16953082021835547,0.1914027335012383,0.19165067190278803,0.17406881876885225,0.1816831087353911,0.18135288826049167,0.16847492120001065,0.1720501789042629,0.1769622734870938
2022-11-07_CO,2022-12-09_CO,50,30,0.16080249845981598,0.26583996415138245,0.21854187979851114,0.16225892174534376,0.16635936688065206,0.1795677013060067,0.16974935594710888,0.19668705582753968,0.21127179621567033,0.17541672934375507,0.1903727946000932,0.2027087102609701,0.17429163677303072,0.1804878548258376,0.1889865584895707
2022-11-07_CO,2022-12-09_CO,100,30,0.16080249845981598,0.26583996415138245,0.22991153124377492,0.17439556483243054,0.18109269425032573,0.1965745218996665,0.18376315405926086,0.21791684753870286,0.2375988869070672,0.1880469414293219,0.20648450545257505,0.2292634250508526,0.17602454603353967,0.1832503342733914,0.19697682138682046
2023-01-13_RD,2023-02-13_RD,10,30,-0.1123921275138855,0.2149897813796997,-0.07547927728012171,-0.11089803813369076,-0.092953749068722,-0.08358721682690046,-0.060047508523327076,-0.0390183834374396,-0.014072200716320343,-0.04131896163725857,-0.04277903831380003,-0.014872200608101904,-0.1040515947721566,-0.0997221464913311,-0.0960311836684296
2023-01-13_RD,2023-02-13_RD,20,30,-0.1123921275138855,0.2149897813796997,-0.03398301426228256,-0.10194072149458394,-0.05877720471887979,0.005790041175872368,-0.008186655192851389,0.04500286282370394,0.08025436264457317,-0.002951836541331687,0.010556812472115373,0.0653260855453241,-0.09154239044507569,-0.08355611486550618,-0.07379861991793105
2023-01-13_RD,2023-02-13_RD,50,30,-0.1123921275138855,0.2149897813796997,0.03685771425288728,-0.09145118528998397,-0.04328510875387781,0.04316917494465475,0.03170709411110842,0.09838022850677663,0.13030817818947749,0.021434327368623357,0.04356957658796623,0.10574062412502178,-0.06986273508954417,-0.04938920207339828,-0.02846641150754196
2023-01-13_RD,2023-02-13_RD,100,30,-0.1123921275138855,0.2149897813796997,0.14270641831583789,-0.08633082473147496,-0.034118482679571294,0.05724949002694693,0.03910967882029423,0.12066281293976394,0.1637191797790116,0.024609976938261058,0.05749528521062816,0.14015230940707307,-0.05350147102776021,-0.024236451593829155,0.028873594777699175
2023-01-13_RD,2023-05-17_RD,10,120,-0.1121664047241211,0.23088331520557404,-0.06042518118278367,-0.0930398660256408,-0.05048809474101662,-0.08003077033293071,-0.0732731305182967,-0.035274499147633975,-0.005254001741920228,-0.039533772530332106,-0.022111069377543396,-0.03127014129578598,-0.10267669746067708,-0.09892065026829816,-0.09028473548828843
2023-01-13_RD,2023-05-17_RD,20,120,-0.1121664047241211,0.23088331520557404,-0.0060848502311036945,-0.03992464855804578,0.009404226013140393,0.02972109905901632,-0.025160954620975562,0.057530694175744496,0.10232998893171699,0.01910330112036468,0.05308363506694011,0.06497218475112146,-0.08876840964805272,-0.0796161416267831,-0.0625693577850515
2023-01-13_RD,2023-05-17_RD,50,120,-0.1121664047241211,0.23088331520557404,0.06853323582374807,-0.027129269477565526,0.03036813887743764,0.046216138425686226,-0.01963325199944624,0.10491314262416965,0.15579139116047147,0.039145816357097574,0.07901297677988534,0.09881024326444843,-0.07400664079519687,-0.06035548586590864,-0.03400512991527532
2023-01-13_RD,2023-05-17_RD,100,120,-0.1121664047241211,0.23088331520557404,0.16311803633136276,-0.019850336920285067,0.04297067157636558,0.07020630701388689,-0.003088429790693875,0.12586216783056312,0.18748130718237413,0.05741953517383591,0.10333380977993553,0.13236332663389141,-0.06659964906830766,-0.04769961840579461,-0.011310152688468578
2023-02-24_RD,2023-03-28_RD,10,30,0.07535237073898315,0.3068050444126129,0.11038466805186462,0.0931042334613473,0.08182825268107755,0.09566788935469639,0.06236899261858475,0.10130432110095777,0.11064159660707254,0.11109727165484415,0.10703910767027,0.1073679669384014,0.08184998762230694,0.0848167313999292,0.09412514271208317
2023-02-24_RD,2023-03-28_RD,20,30,0.07535237073898315,0.3068050444126129,0.14232302391469362,0.10430517650049509,0.10667517883228436,0.1294395123407037,0.06869408394400495,0.1176819219054128,0.14339206836400206,0.12511264927895313,0.1355433909871641,0.13620425075429288,0.0892470752406143,0.09663749652363325,0.11275349004267081
2023-02-24_RD,2023-03-28_RD,50,30,0.07535237073898315,0.3068050444126129,0.19461443126574368,0.12423561484367207,0.13126722561158038,0.18764336525502287,0.11300837203500635,0.16785245970918197,0.2086863722120746,0.15358963166524472,0.18215750503015513,0.19437913961632908,0.09682463393765307,0.10975075699706334,0.1371422551889482
2023-02-24_RD,2023-03-28_RD,100,30,0.07535237073898315,0.3068050444126129,0.2396381274927758,0.1299425570468267,0.12879406621668066,0.19586598781329337,0.10950118180508778,0.1655057703622537,0.2216616230154454,0.1534333492799722,0.18653150411806899,0.20549756548371148,0.10233740779075234,0.11810908514388141,0.1538801049048927
2023-02-24_RD,2023-06-22_RD,10,120,0.050746530294418335,0.3046796917915344,0.11136732384718562,0.07992586772509908,0.10027692058670631,0.11368615437850599,0.09281103082494085,0.11009486845089853,0.11782563861199905,0.07672055741885994,0.09321482785368632,0.12663186087896697,0.07138450723543346,0.08061148159528844,0.09078001560513076
2023-02-24_RD,2023-06-22_RD,20,120,0.050746530294418335,0.3046796917915344,0.13155354366544927,0.0953824548714709,0.11704531124816595,0.12898418896016517,0.0979861720748478,0.11310962904002472,0.14507853220359107,0.08646208162995225,0.10331834882156818,0.14152333760105815,0.07662483579681761,0.08813852038373156,0.10215775655277169
2023-02-24_RD,2023-06-22_RD,50,120,0.050746530294418335,0.3046796917915344,0.146215785143555,0.1484943702161009,0.17864180974332197,0.11814603878057542,0.1544519782536898,0.1838856284144711,0.22765676748383387,0.14210362770538287,0.1712519782226944,0.22569148624149807,0.09844742342581721,0.11141658646140978,0.13175518497286196
2023-02-24_RD,2023-06-22_RD,100,120,0.050746530294418335,0.3046796917915344,0.2398415739845329,0.161496107493599,0.1939467881555474,0.21578128868846477,0.16426448799187024,0.20393655258731563,0.24739187850745484,0.15478229826569986,0.19392827612595823,0.24873554833827305,0.1095863997742615,0.12600889188009465,0.15669434822498174
2023-03-20_RD,2023-03-28_RD,10,7,-0.06345324218273163,0.3068050444126129,0.014401894144437127,0.013289184514611668,0.082109952783049,0.06676800663744764,0.05739711274415263,0.11098627469034214,0.11229434426129983,0.07632389112843288,0.07594379434919618,0.12242609182412101,-0.06128719900340235,-0.04834449141224911,-0.04313018098581789
2023-03-20_RD,2023-03-28_RD,20,7,-0.06345324218273163,0.3068050444126129,0.06259715249778042,0.04648932997724409,0.14320255101733614,0.13233272288107945,0.11199938293777295,0.1662969546034214,0.16783677967992708,0.1299869199756532,0.1374422526066173,0.18019893359304834,-0.05871196734807646,-0.04022763784232979,-0.030188884069089105
2023-03-20_RD,2023-03-28_RD,50,7,-0.06345324218273163,0.3068050444126129,0.16003149344498827,0.09143069952396224,0.19754918771751342,0.11735266566248614,0.1635927525699991,0.21777488453310295,0.24134690403656262,0.1729965371147524,0.19666842187387396,0.25160231971804903,-0.05120733846567708,-0.01763108134412772,0.004613488413593446
2023-03-20_RD,2023-03-28_RD,100,7,-0.06345324218273163,0.3068050444126129,0.23637426661928976,0.09461013095291099,0.20262252977450448,0.2118506151033973,0.16808451838214905,0.225354254631189,0.25774978119873115,0.17669985552942888,0.2009707921062979,0.2660836793204162,-0.05121264764240169,-0.005167198057458374,0.024662727524669702
2023-03-20_RD,2023-04-17_RD,10,30,0.15317250788211823,0.32979917526245117,0.18655013573133605,0.1860660559853594,0.18426463268721072,0.1887832221007101,0.19158722503205397,0.1953261889886371,0.19542950418093039,0.19215959795347942,0.19481438752640587,0.1961131935526219,0.1626419532710706,0.17083053063927955,0.17497210042576597
2023-03-20_RD,2023-04-17_RD,20,30,0.15317250788211823,0.32979917526245117,0.1959338508487161,0.19360346925201735,0.19716286622384827,0.19853539448906737,0.1973931113282723,0.21913871796500853,0.22320272108226216,0.2138801660668551,0.2147716293021994,0.20362996539044412,0.16415406044110956,0.1741457160803169,0.17986202211730398
2023-03-20_RD,2023-04-17_RD,50,30,0.15317250788211823,0.32979917526245117,0.23296837765663841,0.20344083010000016,0.2201887059288275,0.2111641027241415,0.2298460671446839,0.27408912138307384,0.28066302948033617,0.2476106123919466,0.26116219699036836,0.2614518008557077,0.16472825614591366,0.17884025191950828,0.19206815356201556
2023-03-20_RD,2023-04-17_RD,100,30,0.15317250788211823,0.32979917526245117,0.3040847524025564,0.21168136076492805,0.24135103608296257,0.27973562293684084,0.2464507593608707,0.29969752087600493,0.3135615306616997,0.2651428771627611,0.2862844112839358,0.29270203678701817,0.16849126499423206,0.18717878837864435,0.208950056991423
2023-03-20_RD,2023-06-22_RD,10,120,0.054660677909851074,0.3046796917915344,0.11720421348320564,0.06806038704809728,0.0671849267150077,0.07414531901359991,0.0816160755477999,0.1113663317191819,0.12758619978224864,0.08684379869333375,0.06963505983714699,0.08634272552254238,0.07218944411406253,0.08152366321446507,0.09193342237171549
2023-03-20_RD,2023-06-22_RD,20,120,0.054660677909851074,0.3046796917915344,0.1342732397170185,0.07660354676303752,0.07397151626737053,0.09755242206722708,0.07814572628568517,0.1321852969619701,0.14231063587860593,0.08482155563630173,0.06717516365816789,0.11085376104462927,0.07435877353469462,0.08603799482469172,0.09893988841981581
2023-03-20_RD,2023-06-22_RD,50,120,0.054660677909851074,0.3046796917915344,0.17150175743532337,0.10771321403239376,0.02232417122737501,0.12887122314133748,0.1436438967020118,0.1955743455471661,0.21579056043810765,0.13693898013647926,0.14893402162005479,0.13437277968503147,0.09430007609355284,0.11328520743211079,0.1261277823409281
2023-03-20_RD,2023-06-22_RD,100,120,0.054660677909851074,0.3046796917915344,0.2404348011548011,0.11906462692177686,0.12161587165457693,0.1864358093143619,0.15290576247799845,0.20144931957949705,0.23373545559808845,0.1427612636954692,0.16425206531410647,0.2136539026471274,0.10308820237849674,0.12522552269457107,0.14473981762286778
2023-06-21_RD,2023-06-22_RD,10,1,0.13632817566394806,0.3046796917915344,0.15188119617793536,0.13174163266810038,0.12407314484825899,0.10793011902918961,0.1595788988344388,0.16731795172655234,0.14976935045292245,0.1376970578245161,0.16206872595726488,0.14476180773210715,0.13796643475825018,0.13689502683810947,0.14000863246074446
2023-06-21_RD,2023-06-22_RD,20,1,0.13632817566394806,0.3046796917915344,0.16479047203607858,0.13905553611723445,0.1355885926840284,0.1263416843398065,0.17662887937654345,0.18188460415254162,0.16810057178021698,0.14495802193974477,0.17775700150945717,0.1641827677155471,0.140048108277648,0.14029660493763477,0.14631054278940497
2023-06-21_RD,2023-06-22_RD,50,1,0.13632817566394806,0.3046796917915344,0.21519857659884972,0.1779185973042823,0.18051908211477685,0.12187650927870425,0.2401234829436928,0.24695833088010366,0.24950656566981474,0.19320971287993138,0.23906971891475717,0.20693603834975127,0.15562506627734315,0.15863741091382022,0.17267459036034163
2023-06-21_RD,2023-06-22_RD,100,1,0.13632817566394806,0.3046796917915344,0.24735488666056532,0.18193136515120784,0.20059775567500165,0.19953362302606267,0.2516205676707838,0.2570277973089486,0.2707430479985492,0.20144293969138377,0.24679953094555118,0.25197889954985786,0.1629365089966891,0.16840418022357317,0.18728093590693895
