train,test,gap_target,n,renorm,own,a0.1,a1,a10,a100,a1000,a10000,a100000,a1e+06,cv,oracle,history,history_gap
2020-01-27_CO,2020-02-04_CO,7,10,0.15147598087787628,0.2840074300765991,-12.67955322449255,-7.089963053481908,-2.160006966611924,-0.45332175380657963,0.07030721390318226,0.15066715589137544,0.15299138263855333,0.15184861172601716,0.07030721390318237,0.15299138263855333,0.15066715589137544,0.15066715589137544
2020-01-27_CO,2020-02-04_CO,7,20,0.15147598087787628,0.2840074300765991,-0.93948214503164,-0.9289617753337118,-0.8353408155706417,-0.3962180266085196,0.09006682801541768,0.1755126772848419,0.15635646173500614,0.1522931768042565,0.0900668280154168,0.1755126772848419,0.1755126772848419,0.1755126772848419
2020-01-27_CO,2020-02-04_CO,7,50,0.15147598087787628,0.2840074300765991,-0.10643065289551026,-0.10573982769675586,-0.09896908067750074,-0.042588915754349754,0.1504833683003102,0.21658138820662895,0.16503842637600488,0.1533335909698115,0.21658138820662884,0.21658138820662895,0.21658138820662895,0.21658138820662895
2020-01-27_CO,2020-02-04_CO,7,100,0.15147598087787628,0.2840074300765991,0.12323094294929335,0.12332695711551914,0.12428129732329585,0.13327715387422473,0.18868649438610857,0.23743603458393026,0.18112273762321132,0.15664766142782074,0.1886864943861068,0.23743603458393026,0.18868649438610857,0.23743603458393026
2020-01-27_CO,2020-02-04_CO,7,300,0.15147598087787628,0.2840074300765991,0.28400718249139034,0.28401254781889607,0.2840660750282634,0.28458892976989425,0.28874026558471244,0.28940543749340175,0.2150287029248967,0.16366883286859174,0.2887402655847133,0.28940543749340175,0.28874026558471244,0.28874026558471244
2020-01-27_CO,2020-02-25_CO,30,10,-0.01381520926952362,0.21203653514385223,-13.719499991090878,-10.883469943421094,-4.662424180639637,-1.277623262124301,-0.1865444499725061,0.010253267108744635,-0.0005150138277487115,-0.011318078448126379,-0.18654444997250438,0.010253267108744635,0.010253267108744635,0.010253267108744635
2020-01-27_CO,2020-02-25_CO,30,20,-0.01381520926952362,0.21203653514385223,-1.2341036731391541,-1.2266881873902595,-1.1576462380291181,-0.749284466877127,-0.10464548904305307,0.06195387597809754,0.018594124383819993,-0.00767912860209638,-0.10464548904305329,0.06195387597809754,0.06195387597809754,0.06195387597809754
2020-01-27_CO,2020-02-25_CO,30,50,-0.01381520926952362,0.21203653514385223,-0.2671510239376674,-0.26664658898362503,-0.26166676084352736,-0.21753632869440181,-0.02076509725798581,0.09609318201607459,0.03835634505560989,-0.0006687255185078844,0.09609318201607456,0.09609318201607459,0.09609318201607459,0.09609318201607459
2020-01-27_CO,2020-02-25_CO,30,100,-0.01381520926952362,0.21203653514385223,0.036132930255533185,0.03621027320396539,0.03698014097789781,0.04433700471399016,0.09384240777782271,0.14320168478188233,0.059865388243519585,0.008165447175816298,0.09384240777782318,0.14320168478188233,0.09384240777782271,0.09384240777782271
2020-01-27_CO,2020-02-25_CO,30,300,-0.01381520926952362,0.21203653514385223,0.2120367887407687,0.2120439440309403,0.21211534750308,0.2128146328567081,0.21850476993800957,0.22181973373901426,0.11393763329479492,0.028231828750709786,0.2185047699380087,0.22181973373901426,0.21850476993800957,0.21850476993800957
2020-01-27_CO,2021-05-20_CO,480,10,-0.18380621075630188,0.31006181240081787,-8.33267623836532,-6.328686302858916,-2.6716055169604527,-0.6784805190722623,-0.08510214591509677,-0.08393083829667838,-0.14776702784957127,-0.17761603179140123,-0.08510214591509666,-0.08393083829667838,-0.08393083829667838,-0.08510214591509677
2020-01-27_CO,2021-05-20_CO,480,20,-0.18380621075630188,0.31006181240081787,-1.1124406535688445,-1.0953560999255343,-0.9509091679589586,-0.3947174907095219,0.050948169251144954,-0.007336605014929859,-0.12684310805713783,-0.17320543482042816,0.05094816925114501,0.050948169251144954,-0.007336605014929859,0.050948169251144954
2020-01-27_CO,2021-05-20_CO,480,50,-0.18380621075630188,0.31006181240081787,0.028687608996515845,0.02906353636978784,0.032752294061472925,0.06382418010091329,0.16870909786536592,0.0939881803589307,-0.08781902718122564,-0.1619171941306217,0.1687090978653654,0.16870909786536592,0.0939881803589307,0.16870909786536592
2020-01-27_CO,2021-05-20_CO,480,100,-0.18380621075630188,0.31006181240081787,0.20904992805034198,0.20912217720878,0.20983902413950373,0.21648158901681092,0.25135796676078037,0.1936472013184302,-0.03532488125397154,-0.1428624030369208,0.2513579667607803,0.25135796676078037,0.25135796676078037,0.25135796676078037
2020-01-27_CO,2021-05-20_CO,480,300,-0.18380621075630188,0.31006181240081787,0.3100612871297882,0.31006853426384134,0.3101407299555641,0.3108356923201848,0.31554604641462825,0.2899618147455026,0.06576218434368564,-0.10909662009052778,0.31554604641462825,0.31554604641462825,0.31554604641462825,0.31554604641462825
2020-02-06_CO,2020-06-26_CO,120,10,-0.20598691701889038,0.18396984040737152,-7.331612207998478,-5.738197754197756,-2.5519776120879785,-0.7024735565338055,-0.17785828599327289,-0.11335120244707239,-0.17627119148774212,-0.20210365429166804,-0.17785828599327247,-0.11335120244707239,-0.11335120244707239,-0.11335120244707239
2020-02-06_CO,2020-06-26_CO,120,20,-0.20598691701889038,0.18396984040737152,-1.159659655235236,-1.1490435702076056,-1.0540787542250492,-0.6000792635612759,-0.10871785981472212,-0.043845480485883354,-0.1496571005193187,-0.19729803356447423,-0.10871785981472251,-0.043845480485883354,-0.043845480485883354,-0.10871785981472212
2020-02-06_CO,2020-06-26_CO,120,50,-0.20598691701889038,0.18396984040737152,-0.15821947486853238,-0.1578885757883089,-0.1546201470128989,-0.1255464254070756,0.0014440146709672474,0.026756725643558077,-0.09584033609571913,-0.17973221317623383,0.001444014670966609,0.026756725643558077,0.026756725643558077,0.026756725643558077
2020-02-06_CO,2020-06-26_CO,120,100,-0.20598691701889038,0.18396984040737152,0.07098958245882184,0.07103625073094391,0.07150024680890069,0.07588328187998156,0.10214457042401379,0.08406305138632528,-0.053701412776855695,-0.15652875620614692,0.1021445704240134,0.10214457042401379,0.10214457042401379,0.10214457042401379
2020-02-06_CO,2020-06-26_CO,120,300,-0.20598691701889038,0.18396984040737152,0.183970294600432,0.18397511957560703,0.1840232310956801,0.18449070936085823,0.18796741740289655,0.17590996137266243,0.026111369581155508,-0.11163945938791803,0.18796741740289669,0.18796741740289655,0.18796741740289655,0.18796741740289655
2020-02-06_CO,2021-06-01_CO,480,10,-0.22905367612838745,0.28773194551467896,-1.782794276819288,-1.6363273946665906,-0.9552900546507194,-0.2492047249643522,-0.06373208743561704,-0.12463968258207497,-0.19359384896804743,-0.22357015539399644,-0.2235701553939961,-0.06373208743561704,-0.12463968258207497,-0.06373208743561704
2020-02-06_CO,2021-06-01_CO,480,20,-0.22905367612838745,0.28773194551467896,-0.8634545150509657,-0.8471277315176958,-0.7246846360945434,-0.30942524101260466,0.014590996891126168,-0.061757460921751106,-0.16612352261178714,-0.2152883435447137,0.014590996891125363,0.014590996891126168,-0.061757460921751106,0.014590996891126168
2020-02-06_CO,2021-06-01_CO,480,50,-0.22905367612838745,0.28773194551467896,0.05561121036944139,0.056005814900777384,0.059806980225464074,0.08946469069005519,0.1710764061988135,0.04992157709428016,-0.13209398634008396,-0.2034675700861025,0.17107640619881237,0.1710764061988135,0.04992157709428016,0.1710764061988135
2020-02-06_CO,2021-06-01_CO,480,100,-0.22905367612838745,0.28773194551467896,0.21494034099173473,0.21501201687756696,0.21571580033445345,0.2217814616733613,0.24529702977952134,0.15026409925866988,-0.08604586029098843,-0.19033642559465863,0.24529702977952095,0.24529702977952134,0.24529702977952134,0.24529702977952134
2020-02-06_CO,2021-06-01_CO,480,300,-0.22905367612838745,0.28773194551467896,0.28773224709056044,0.2877381513978404,0.2877968486349707,0.2883511138977304,0.29146028198033413,0.25417833589567,0.01977506887644212,-0.1538006071079589,0.2914602819803344,0.29146028198033413,0.29146028198033413,0.29146028198033413
2020-03-02_RD,2020-03-10_RD,7,10,0.3074414134025574,0.4045560359954834,-17.08636036376706,-5.5683840599110646,-1.5681420746140557,-0.15672487561349951,0.2626669334252041,0.3246274287597535,0.31420352379350797,0.30846514474575815,0.26266693342520364,0.3246274287597535,0.3246274287597535,0.3246274287597535
2020-03-02_RD,2020-03-10_RD,7,20,0.3074414134025574,0.4045560359954834,-0.25919454121122726,-0.2547889340458294,-0.2143281915822911,0.004911858257000273,0.28695245008912174,0.3365637898728684,0.3165945808594425,0.30889384980706663,0.3365637898728687,0.3365637898728684,0.3365637898728684,0.3365637898728684
2020-03-02_RD,2020-03-10_RD,7,50,0.3074414134025574,0.4045560359954834,0.2736915642629296,0.2738645630193094,0.2755706592940611,0.2905303152608123,0.3508110600865574,0.3597531234176956,0.32458124849485204,0.31096833249165756,0.3597531234176954,0.3597531234176956,0.3597531234176956,0.3597531234176956
2020-03-02_RD,2020-03-10_RD,7,100,0.3074414134025574,0.4045560359954834,0.35025636130632304,0.35029392491069977,0.3506673416967406,0.3541904616130295,0.37553664768216855,0.38229021684866793,0.33676094923601996,0.3144332298593864,0.3755366476821684,0.38229021684866793,0.37553664768216855,0.38229021684866793
2020-03-02_RD,2020-03-10_RD,7,300,0.3074414134025574,0.4045560359954834,0.40455606670063987,0.40455875676226183,0.4045855930220268,0.4048476086402212,0.40691155561251346,0.4058587700671307,0.35851697132978366,0.32162944087805057,0.4069115556125138,0.40691155561251346,0.40691155561251346,0.40691155561251346
2020-03-02_RD,2020-07-29_RD,120,10,0.1383144110441208,0.34804362058639526,-19.329454855299574,-6.232957965364534,-1.6795024275128099,-0.17863519044616566,0.17511758274749972,0.18576118504137093,0.15293536738050173,0.14046407895643562,0.18576118504137099,0.18576118504137093,0.18576118504137093,0.18576118504137093
2020-03-02_RD,2020-07-29_RD,120,20,0.1383144110441208,0.34804362058639526,-0.38732539744760924,-0.3814402657975596,-0.3286288216414647,-0.07032636934460632,0.20997090988540085,0.20985843507102328,0.15780906134023734,0.14173336993499272,0.2099709098854007,0.20997090988540085,0.20985843507102328,0.20985843507102328
2020-03-02_RD,2020-07-29_RD,120,50,0.1383144110441208,0.34804362058639526,0.2142492042542184,0.21442026188004049,0.216103459086232,0.2305748613055901,0.28242695425866426,0.25406670314679025,0.1736574945532459,0.14434368262115096,0.2824269542586646,0.28242695425866426,0.25406670314679025,0.25406670314679025
2020-03-02_RD,2020-07-29_RD,120,100,0.1383144110441208,0.34804362058639526,0.29821607519427556,0.2982460875944932,0.29854425256390804,0.3013395231599098,0.31698193122845425,0.29441617173664686,0.19567129227323987,0.15098120908378762,0.31698193122845486,0.31698193122845425,0.31698193122845425,0.31698193122845425
2020-03-02_RD,2020-07-29_RD,120,300,0.1383144110441208,0.34804362058639526,0.3480438467051914,0.3480465132007362,0.3480730962712255,0.34833085016676285,0.3501995086797114,0.3411055578251288,0.24302241357500093,0.16709253900196003,0.35019950867971206,0.3501995086797114,0.3501995086797114,0.3501995086797114
2020-03-02_RD,2021-06-24_RD,480,10,-0.15182174742221832,0.3460385799407959,-5.5151189806974195,-4.531713500104961,-1.9767115413855385,-0.35484418770298565,0.08606261546497537,-0.01390982581302841,-0.11263821553473574,-0.14528462576009343,0.0860626154649754,0.08606261546497537,-0.01390982581302841,0.08606261546497537
2020-03-02_RD,2021-06-24_RD,480,20,-0.15182174742221832,0.3460385799407959,-0.9330161323043711,-0.9131433044605606,-0.7662417924903377,-0.265186319411469,0.1468249983568903,0.04735150726901308,-0.0964243416656346,-0.14106419733239345,0.14682499835688967,0.1468249983568903,0.04735150726901308,0.1468249983568903
2020-03-02_RD,2021-06-24_RD,480,50,-0.15182174742221832,0.3460385799407959,0.07591977942944331,0.07635169915336834,0.08049054630074723,0.11250802874022214,0.21946097878062346,0.15999822033246286,-0.045231597903902715,-0.1272394795309726,0.21946097878062318,0.21946097878062346,0.15999822033246286,0.21946097878062346
2020-03-02_RD,2021-06-24_RD,480,100,-0.15182174742221832,0.3460385799407959,0.26792420962486063,0.26797849328650114,0.26851366889382294,0.27331358615561036,0.29732978776058194,0.2375092707207869,0.004253746635494465,-0.1114422615596248,0.29732978776058183,0.29732978776058194,0.29732978776058194,0.29732978776058194
2020-03-02_RD,2021-06-24_RD,480,300,-0.15182174742221832,0.3460385799407959,0.34603874745428304,0.34604294322263657,0.34608462593859834,0.34647684320605693,0.3488688321121777,0.3258739540802942,0.11332552776510219,-0.07652879447964323,0.348868832112177,0.3488688321121777,0.3488688321121777,0.3488688321121777
2020-03-10_RD,2020-03-17_RD,7,10,0.2687961757183075,0.3748720586299896,-18.770388256993446,-7.267316875618158,-1.9097043082447476,-0.20223053982089056,0.26779932393613765,0.3077888486290545,0.28280510083053945,0.27103872355691006,0.30778884862905465,0.3077888486290545,0.3077888486290545,0.3077888486290545
2020-03-10_RD,2020-03-17_RD,7,20,0.2687961757183075,0.3748720586299896,-0.26747836358085614,-0.2635128550445831,-0.2266391789912962,-0.012473239074129533,0.28355976621431056,0.3226835443073024,0.29231352958080425,0.27356555793969317,0.3226835443073026,0.3226835443073024,0.3226835443073024,0.3226835443073024
2020-03-10_RD,2020-03-17_RD,7,50,0.2687961757183075,0.3748720586299896,0.2576092010325257,0.2578017377278588,0.2596942210623232,0.27582821050827233,0.33510699331458127,0.3441322491888279,0.299588878487851,0.2759874530503614,0.3351069933145825,0.3441322491888279,0.3441322491888279,0.3441322491888279
2020-03-10_RD,2020-03-17_RD,7,100,0.2687961757183075,0.3748720586299896,0.33987511946632776,0.3399045027209646,0.3401966714703186,0.34296035500869215,0.3602374903538983,0.3694861220072352,0.3186122563053981,0.283142528945166,0.36023749035389874,0.3694861220072352,0.3602374903538983,0.3694861220072352
2020-03-10_RD,2020-03-17_RD,7,300,0.2687961757183075,0.3748720586299896,0.37487173701066867,0.3748765700698654,0.3749248141017504,0.37539871207952125,0.3793842573238553,0.3880771332415056,0.3471542711971374,0.2965797896421074,0.3793842573238562,0.3880771332415056,0.3793842573238553,0.3793842573238553
2020-03-10_RD,2020-07-29_RD,120,10,0.07924167811870575,0.34804362058639526,-19.314471862360186,-6.225224537489171,-1.6709702526612566,-0.1659479018109572,0.17991149734022235,0.1591007825866474,0.10312715414623239,0.08270906532214556,0.17991149734022235,0.17991149734022235,0.1591007825866474,0.1591007825866474
2020-03-10_RD,2020-07-29_RD,120,20,0.07924167811870575,0.34804362058639526,-0.38732556083316055,-0.38144124898988385,-0.328588019877458,-0.06916936211616875,0.2080809297735903,0.18837232821004388,0.11664733739852184,0.08650772610196186,0.20808092977359038,0.2080809297735903,0.18837232821004388,0.18837232821004388
2020-03-10_RD,2020-07-29_RD,120,50,0.07924167811870575,0.34804362058639526,0.21425006983328795,0.21442890483360996,0.21618861562781572,0.23130964481129773,0.284180385784097,0.23830703437393938,0.13104014510201584,0.08918762807999867,0.28418038578409766,0.284180385784097,0.23830703437393938,0.23830703437393938
2020-03-10_RD,2020-07-29_RD,120,100,0.07924167811870575,0.34804362058639526,0.29821607969833963,0.29824613203849826,0.2985446376238221,0.301337708432222,0.3165809285371539,0.28526619945701237,0.1613651690446868,0.09950993436926392,0.31658092853715436,0.3165809285371539,0.3165809285371539,0.3165809285371539
2020-03-10_RD,2020-07-29_RD,120,300,0.07924167811870575,0.34804362058639526,0.34804387171131873,0.34804676320796357,0.34807559094327417,0.34835526184843324,0.3503946793739623,0.3405709630214688,0.22634580187793815,0.12725272845420207,0.3503946793739636,0.3503946793739623,0.3503946793739623,0.3503946793739623
2020-03-10_RD,2021-07-03_RD,480,10,-0.08271323144435883,0.31707292795181274,-14.45961171035131,-7.49057156239312,-2.479425844157361,-0.5184951022034472,0.06725183816406824,0.024996674916881706,-0.038679065708202065,-0.072767477713341,0.06725183816406843,0.06725183816406824,0.024996674916881706,0.06725183816406824
2020-03-10_RD,2021-07-03_RD,480,20,-0.08271323144435883,0.31707292795181274,-0.8080422903824376,-0.7977187119734159,-0.7120190271793216,-0.3197400762604877,0.1352436990050551,0.09749005945284758,-0.015643466917956955,-0.06377125280262655,0.1352436990050554,0.1352436990050551,0.09749005945284758,0.1352436990050551
2020-03-10_RD,2021-07-03_RD,480,50,-0.08271323144435883,0.31707292795181274,0.04837800290014177,0.048917066906686874,0.05398775052559185,0.09050164456906282,0.2143052681652713,0.18637265079756554,0.014813125304915159,-0.05396514523624918,0.21430526816527082,0.2143052681652713,0.18637265079756554,0.2143052681652713
2020-03-10_RD,2021-07-03_RD,480,100,-0.08271323144435883,0.31707292795181274,0.22663774676159817,0.22670811726161824,0.2273994358353222,0.23347307330128092,0.26621517999650407,0.2484796961621262,0.060077126565487415,-0.040747197293229814,0.2662151799965039,0.26621517999650407,0.26621517999650407,0.26621517999650407
2020-03-10_RD,2021-07-03_RD,480,300,-0.08271323144435883,0.31707292795181274,0.31707456169438886,0.3170814961389914,0.3171504146617178,0.3178023874792772,0.3223382588153644,0.3155717495824443,0.15265631755742842,-0.008003758988939208,0.3223382588153648,0.3223382588153644,0.3223382588153644,0.3223382588153644
2020-07-31_CO,2020-12-03_CO,120,10,0.050050899386405945,0.29571056365966797,-6.361052703149731,-4.776688787381051,-1.8493210548859382,-0.36614214020510044,0.08427142647540212,0.09162520829509443,0.0619914360402129,0.05290625795442408,0.08427142647540303,0.09162520829509443,0.09162520829509443,0.09162520829509443
2020-07-31_CO,2020-12-03_CO,120,20,0.050050899386405945,0.29571056365966797,-0.4187087216098295,-0.4105732487436476,-0.34296263858418014,-0.06364464059618163,0.17629207367573022,0.13002051252266436,0.06898567525331795,0.054165419675793525,0.1762920736757303,0.17629207367573022,0.13002051252266436,0.13002051252266436
2020-07-31_CO,2020-12-03_CO,120,50,0.050050899386405945,0.29571056365966797,0.054919576817082455,0.05543338811195747,0.0603099888629095,0.09641742722049129,0.2077171029213896,0.17648422497570138,0.08342202253462894,0.057846466689405934,0.1764842249757017,0.2077171029213896,0.17648422497570138,0.17648422497570138
2020-07-31_CO,2020-12-03_CO,120,100,0.050050899386405945,0.29571056365966797,0.20089857085235602,0.20097827903276452,0.2017565026267176,0.20837487113790842,0.2428761455164178,0.22489750846112413,0.10474720920609501,0.06222379536867734,0.2428761455164178,0.2428761455164178,0.2428761455164178,0.2428761455164178
2020-07-31_CO,2020-12-03_CO,120,300,0.050050899386405945,0.29571056365966797,0.29571032988913587,0.2957194501590635,0.295809438659387,0.29660987303362596,0.30101525291857045,0.28796512004450314,0.15804688210845655,0.07426238601059965,0.30101525291857073,0.30101525291857045,0.30101525291857045,0.30101525291857045
2020-07-31_CO,2021-11-23_CO,480,10,0.027393251657485962,0.1809508502483368,-3.071235884030335,-2.9411642035672143,-2.134932023070351,-0.7285290191045797,-0.03679051277524589,0.0434814864027987,0.027059542516467805,0.02795508346760439,-0.03679051277524617,0.0434814864027987,0.0434814864027987,-0.03679051277524589
2020-07-31_CO,2021-11-23_CO,480,20,0.027393251657485962,0.1809508502483368,-0.7351815012664592,-0.7309613086745088,-0.6911732640002378,-0.4372147870426907,0.010514921598734184,0.07905621438295918,0.03561019739220819,0.02888572227183006,0.07905621438295884,0.07905621438295918,0.07905621438295918,0.010514921598734184
2020-07-31_CO,2021-11-23_CO,480,50,0.027393251657485962,0.1809508502483368,-0.14840437603645618,-0.14792869794807856,-0.14324281661608804,-0.10253447315692629,0.058737199327798806,0.11229061005037869,0.047252011271340155,0.030183018173430498,0.05873719932779861,0.11229061005037869,0.11229061005037869,0.058737199327798806
2020-07-31_CO,2021-11-23_CO,480,100,0.027393251657485962,0.1809508502483368,0.05999608163064016,0.06006989360612425,0.06080414044714297,0.06777707410610026,0.11248757836679721,0.14237164032401264,0.06312404374848835,0.03328893473502301,0.11248757836679688,0.14237164032401264,0.11248757836679721,0.11248757836679721
2020-07-31_CO,2021-11-23_CO,480,300,0.027393251657485962,0.1809508502483368,0.18095306179704387,0.18096134920280701,0.1810440662274509,0.18185573909388894,0.18860473388961613,0.19918163834139105,0.10965352440674106,0.04324266585436021,0.1886047338896155,0.19918163834139105,0.18860473388961613,0.18860473388961613
2021-02-23_CO,2021-02-25_CO,1,10,0.2075350284576416,0.29701781272888184,-4.582429896887885,-3.779235106923295,-1.607479278793958,-0.2617305450316063,0.1553248106095741,0.21324960874533985,0.20916316671048085,0.207778781990525,0.20777878199052485,0.21324960874533985,0.21324960874533985,0.21324960874533985
2021-02-23_CO,2021-02-25_CO,1,20,0.2075350284576416,0.29701781272888184,-0.9733438578974187,-0.9450807189420856,-0.7523549159281655,-0.20658796471530466,0.17172607162820308,0.2304195285227462,0.2147417929261806,0.20852014985480175,0.20852014985480177,0.2304195285227462,0.2304195285227462,0.2304195285227462
2021-02-23_CO,2021-02-25_CO,1,50,0.2075350284576416,0.29701781272888184,-0.038081275056155856,-0.037210668362938626,-0.029452051089395415,0.02035364288903821,0.17365877917193984,0.24542761910202354,0.22376587036795004,0.21041761128534553,0.24542761910202357,0.24542761910202354,0.24542761910202354,0.24542761910202354
2021-02-23_CO,2021-02-25_CO,1,100,0.2075350284576416,0.29701781272888184,0.1710469635608879,0.17114762577817474,0.1721107932302596,0.17978070311854608,0.22090189634965363,0.2584836789909853,0.22860500780439927,0.21164496314489775,0.25848367899098496,0.2584836789909853,0.22090189634965363,0.2584836789909853
2021-02-23_CO,2021-02-25_CO,1,300,0.2075350284576416,0.29701781272888184,0.2970180212451751,0.29702577686627035,0.29710165524167453,0.29774702424450494,0.30182936178687475,0.3043023820650591,0.25484054220919006,0.2180941934279191,0.30430238206505944,0.3043023820650591,0.30182936178687475,0.3043023820650591
2021-02-23_CO,2021-03-23_CO,30,10,0.13160280883312225,0.3232659697532654,-9.941902082073245,-7.598898597838465,-3.344663372842657,-0.9554445337315475,-0.06071770738855678,0.12641171482255925,0.13539408756131724,0.13284037139184987,0.13284037139184945,0.13539408756131724,0.12641171482255925,0.12641171482255925
2021-02-23_CO,2021-03-23_CO,30,20,0.13160280883312225,0.3232659697532654,-2.047474788092688,-1.8064269517095455,-1.3119281104099387,-0.5714089584235905,0.03832635203755522,0.15212276185723417,0.13869794324588164,0.1332936253093082,0.15212276185723408,0.15212276185723417,0.15212276185723417,0.15212276185723417
2021-02-23_CO,2021-03-23_CO,30,50,0.13160280883312225,0.3232659697532654,-0.43355553978072314,-0.4138463343726093,-0.30457257599597626,-0.12541285013448997,0.11358076142709525,0.1933368492135293,0.15182271709166043,0.13604427450429277,0.19333684921353086,0.1933368492135293,0.1933368492135293,0.11358076142709525
2021-02-23_CO,2021-03-23_CO,30,100,0.13160280883312225,0.3232659697532654,-0.013346675007315373,-0.009828189233104773,0.016576712969773477,0.08553481130509138,0.1735575977633601,0.22287554009133465,0.16713836482434502,0.14015210749802587,0.22287554009133506,0.22287554009133465,0.1735575977633601,0.1735575977633601
2021-02-23_CO,2021-03-23_CO,30,300,0.13160280883312225,0.3232659697532654,0.32326527803551575,0.3232753835660048,0.3233682779520317,0.32400151537755095,0.32752866065813724,0.3228355908739484,0.23524478794785028,0.15693297478472742,0.327528660658137,0.32752866065813724,0.32752866065813724,0.32752866065813724
2021-02-23_CO,2021-06-28_CO,120,10,-0.14325565099716187,0.3346012830734253,-0.5846000555778069,-0.5473070001110247,-0.32845326188141516,0.0024521550621407484,0.0862089243899844,0.009622664352544136,-0.10890376850472502,-0.13938321647103372,0.0024521550621412203,0.0862089243899844,0.009622664352544136,0.009622664352544136
2021-02-23_CO,2021-06-28_CO,120,20,-0.14325565099716187,0.3346012830734253,-0.9000619530814398,-0.8782619568462022,-0.7079604201131411,-0.19651016484396366,0.11824293962361748,0.06814760917557633,-0.07515735593314149,-0.13469624217959061,0.11824293962361629,0.11824293962361748,0.06814760917557633,0.11824293962361748
2021-02-23_CO,2021-06-28_CO,120,50,-0.14325565099716187,0.3346012830734253,-0.024785023456444066,-0.024029989010039082,-0.016721334011506606,0.03900164193954664,0.185801929736006,0.13551587172868068,-0.04977133852074064,-0.130259103378775,0.18580192973600576,0.185801929736006,0.13551587172868068,0.13551587172868068
2021-02-23_CO,2021-06-28_CO,120,100,-0.14325565099716187,0.3346012830734253,0.23190557969779377,0.2319853669830342,0.23277124317017883,0.23960678756846623,0.2665386683407747,0.1983950736838427,-0.018348011991188073,-0.12425754241429071,0.2665386683407742,0.2665386683407747,0.2665386683407747,0.2665386683407747
2021-02-23_CO,2021-06-28_CO,120,300,-0.14325565099716187,0.3346012830734253,0.3345996131546585,0.3346054311473793,0.33466317145028174,0.33519882094762554,0.3377522218577191,0.30424607671649473,0.08933132629197643,-0.09584730561831764,0.3377522218577189,0.3377522218577191,0.3377522218577191,0.3377522218577191
2021-02-23_CO,2022-06-13_CO,480,10,-0.022598862648010254,0.40180009603500366,-0.389407188532039,-0.37420706391646086,-0.2649672860976952,-0.01488620839763638,0.0749624005137719,0.020480754922793137,-0.01383357062382684,-0.02147770014077202,0.07496240051377251,0.0749624005137719,0.020480754922793137,0.0749624005137719
2021-02-23_CO,2022-06-13_CO,480,20,-0.022598862648010254,0.40180009603500366,-0.7498362692355756,-0.7200399861110689,-0.5060934443012808,-0.015800385651603382,0.16769587934054406,0.0680358662581651,-0.005390538271970696,-0.020368416052797433,0.16769587934054433,0.16769587934054406,0.0680358662581651,0.16769587934054406
2021-02-23_CO,2022-06-13_CO,480,50,-0.022598862648010254,0.40180009603500366,0.18384806987124802,0.18426384543358787,0.188322816727717,0.22083440375766733,0.29601605519416935,0.17789472821325636,0.027439216676005074,-0.01572646877192005,0.29601605519416974,0.29601605519416935,0.17789472821325636,0.29601605519416935
2021-02-23_CO,2022-06-13_CO,480,100,-0.022598862648010254,0.40180009603500366,0.3255798842949428,0.32563976891885765,0.3262328387042127,0.33162350975681687,0.3539511392609519,0.26475623030909734,0.06788308145011468,-0.00799885171264414,0.3539511392609517,0.3539511392609519,0.3539511392609519,0.3539511392609519
2021-02-23_CO,2022-06-13_CO,480,300,-0.022598862648010254,0.40180009603500366,0.401799942314528,0.4018026078089304,0.4018290458925208,0.402072162075793,0.40273426580667154,0.3589549662105781,0.1530872934986631,0.014900702767395996,0.40273426580667154,0.40273426580667154,0.40273426580667154,0.40273426580667154
2021-05-04_CO,2021-05-11_CO,7,10,0.08843226730823517,0.2880399227142334,-17.601105973170345,-6.220577838120701,-2.0079030748302253,-0.3393207931271205,0.11554425266115964,0.13620125373909342,0.10598388024240904,0.09245759638772005,0.11554425266115984,0.13620125373909342,0.13620125373909342,0.13620125373909342
2021-05-04_CO,2021-05-11_CO,7,20,0.08843226730823517,0.2880399227142334,-0.4647068923651058,-0.4557244411132897,-0.3870545071288304,-0.11375328082993733,0.16287375664753595,0.16413313134893218,0.11517693882874808,0.09540806392791182,0.16287375664753467,0.16413313134893218,0.16413313134893218,0.16413313134893218
2021-05-04_CO,2021-05-11_CO,7,50,0.08843226730823517,0.2880399227142334,0.0426645755888759,0.04310751579053418,0.047271605776445486,0.07735215150792432,0.17612785456226085,0.1928222383613816,0.13160296248569636,0.10031865729274014,0.1761278545622606,0.1928222383613816,0.1928222383613816,0.1928222383613816
2021-05-04_CO,2021-05-11_CO,7,100,0.08843226730823517,0.2880399227142334,0.1717622393286392,0.1718593841870013,0.17279114020284905,0.18007891019282743,0.2168791021317725,0.2363972321202118,0.15842704623411819,0.1107765383573383,0.21687910213177247,0.2363972321202118,0.2168791021317725,0.2363972321202118
2021-05-04_CO,2021-05-11_CO,7,300,0.08843226730823517,0.2880399227142334,0.2880395583929695,0.28804836216836915,0.28813528943871924,0.2889162473381084,0.29365965693011675,0.2929023853716271,0.20544253286115535,0.13081845851477658,0.293659656930117,0.29365965693011675,0.29365965693011675,0.29365965693011675
2021-05-04_CO,2021-06-01_CO,30,10,-0.049451008439064026,0.28773194551467896,-1.7433054146277536,-1.5966954313106512,-0.9138622585120637,-0.20539023063388173,0.015214696831146735,0.013425291935977551,-0.02213949686720232,-0.04438535280107181,0.015214696831147234,0.015214696831146735,0.013425291935977551,0.013425291935977551
2021-05-04_CO,2021-06-01_CO,30,20,-0.049451008439064026,0.28773194551467896,-0.8634916038105095,-0.847491412687134,-0.7275971725064743,-0.3138120028503898,0.041654800055057895,0.044833848766244494,-0.012945624290427282,-0.04234785775364053,0.04165480005505709,0.044833848766244494,0.044833848766244494,0.044833848766244494
2021-05-04_CO,2021-06-01_CO,30,50,-0.049451008439064026,0.28773194551467896,0.05560982198923492,0.05599212796116798,0.059687277828943425,0.0890534090824818,0.1819345968447113,0.13242789250869874,0.011920309229687148,-0.03342213488600648,0.1819345968447108,0.1819345968447113,0.13242789250869874,0.13242789250869874
2021-05-04_CO,2021-06-01_CO,30,100,-0.049451008439064026,0.28773194551467896,0.21493983676520856,0.2150069937330587,0.21566738225322848,0.22142304279284003,0.24687161052052767,0.2011070442957724,0.0454484489644269,-0.022551936395970862,0.2468716105205276,0.24687161052052767,0.24687161052052767,0.24687161052052767
2021-05-04_CO,2021-06-01_CO,30,300,-0.049451008439064026,0.28773194551467896,0.2877320979860183,0.2877366610981792,0.28778202096095984,0.288210907706817,0.29085608352474807,0.2708430559435017,0.11710961738660053,-3.3613737176585445e-05,0.29085608352474845,0.29085608352474807,0.29085608352474807,0.29085608352474807
2021-05-04_CO,2021-08-31_CO,120,10,0.026779472827911377,0.2704474925994873,-1.1797451538750623,-1.104632284962948,-0.6965937697637334,-0.10968837558830757,0.09617548615707364,0.06724695813215736,0.03735249039897287,0.02828810135608975,0.06724695813215778,0.09617548615707364,0.06724695813215736,0.06724695813215736
2021-05-04_CO,2021-08-31_CO,120,20,0.026779472827911377,0.2704474925994873,-0.5944185218925355,-0.5796329661369726,-0.4637441431144504,-0.1075162655240591,0.12586088498218162,0.09647318194684401,0.04676951081341907,0.03000736860411979,0.12586088498218104,0.12586088498218162,0.09647318194684401,0.12586088498218162
2021-05-04_CO,2021-08-31_CO,120,50,0.026779472827911377,0.2704474925994873,0.04179363941567871,0.04230040474188504,0.04723593446316207,0.08653403848878899,0.1982882580417816,0.15848647201940555,0.06568614117815733,0.03493275210016389,0.1982882580417829,0.1982882580417816,0.15848647201940555,0.15848647201940555
2021-05-04_CO,2021-08-31_CO,120,100,0.026779472827911377,0.2704474925994873,0.17750689899407482,0.17759188519376298,0.17843432532358772,0.18618124015250978,0.22644780752946322,0.20381694576946113,0.0838128588752225,0.04027908999181079,0.22644780752946367,0.22644780752946322,0.22644780752946322,0.22644780752946322
2021-05-04_CO,2021-08-31_CO,120,300,0.026779472827911377,0.2704474925994873,0.27044929725739675,0.27045780639456013,0.2705426267689566,0.2713643942826883,0.2774378572946698,0.26984113749296657,0.13677746610267977,0.05394763929263255,0.2774378572946693,0.2774378572946698,0.2774378572946698,0.2774378572946698
2021-05-04_CO,2022-08-26_CO,480,10,-0.20259132981300354,0.29724740982055664,-3.3000300036854338,-3.007624969988552,-1.7413638205877575,-0.4413993678948761,-0.03513105837825875,-0.09970084985916594,-0.17089269544223934,-0.1975422492318819,-0.03513105837825925,-0.03513105837825875,-0.09970084985916594,-0.03513105837825875
2021-05-04_CO,2022-08-26_CO,480,20,-0.20259132981300354,0.29724740982055664,-1.6309569679979186,-1.371417851146593,-0.8098935652532111,-0.2583703519704269,0.07546019887577277,-0.039351187376650776,-0.15848667968380897,-0.1951286876738726,0.07546019887577046,0.07546019887577277,-0.039351187376650776,0.07546019887577277
2021-05-04_CO,2022-08-26_CO,480,50,-0.20259132981300354,0.29724740982055664,-0.37906005499178447,-0.34673667622269755,-0.17231535593088576,0.017594098917167456,0.1485349163006575,0.056350337724892174,-0.12214261001019566,-0.18756796768420153,0.14853491630065133,0.1485349163006575,0.056350337724892174,0.1485349163006575
2021-05-04_CO,2022-08-26_CO,480,100,-0.20259132981300354,0.29724740982055664,-0.20842596182440687,-0.19412005901900103,-0.08855613139528554,0.1281943401401222,0.20662220699929004,0.1324709927742141,-0.08808184003228792,-0.1808041214949912,0.20662220699929462,0.20662220699929004,0.20662220699929004,0.20662220699929004
2021-05-04_CO,2022-08-26_CO,480,300,-0.20259132981300354,0.29724740982055664,0.29724462694374837,0.29724790436708853,0.29728046730191265,0.2975855843647516,0.2989794048447488,0.2596835886944474,0.029399607531933825,-0.14128449254565145,0.29897940484474905,0.2989794048447488,0.2989794048447488,0.2989794048447488
2021-05-26_RD,2021-06-24_RD,30,10,0.2130119502544403,0.3460385799407959,-5.5419699233898365,-4.554279040791477,-1.9762592264464807,-0.33004068084100663,0.17833585398687798,0.22693461728716216,0.21647632112635093,0.21362708759356772,0.21362708759356774,0.22693461728716216,0.22693461728716216,0.22693461728716216
2021-05-26_RD,2021-06-24_RD,30,20,0.2130119502544403,0.3460385799407959,-0.9331135124272729,-0.9140728562861709,-0.7728229180549584,-0.2811518873311466,0.1798684841930895,0.2428878209575893,0.21960635977460485,0.21401174021768749,0.1798684841930883,0.2428878209575893,0.2428878209575893,0.2428878209575893
2021-05-26_RD,2021-06-24_RD,30,50,0.2130119502544403,0.3460385799407959,0.07591907610602933,0.07634478573138789,0.0804330515954906,0.11271315480033015,0.23396587394014198,0.27417477010014024,0.2288880580928585,0.2156859248165788,0.2339658739401423,0.27417477010014024,0.27417477010014024,0.23396587394014198
2021-05-26_RD,2021-06-24_RD,30,100,0.2130119502544403,0.3460385799407959,0.26792406569673444,0.2679770466587512,0.26849869926300257,0.2732146141861459,0.30142226933315835,0.3085048999724205,0.24229269171973314,0.21790451115262569,0.3014222693331582,0.3085048999724205,0.30142226933315835,0.30142226933315835
2021-05-26_RD,2021-06-24_RD,30,300,0.2130119502544403,0.3460385799407959,0.34603869186619673,0.3460423869382646,0.3460790277576363,0.3464210602349518,0.3489180492221679,0.3456504008909401,0.27432123082700555,0.22462262363374816,0.3489180492221682,0.3489180492221679,0.3489180492221679,0.3489180492221679
2021-05-26_RD,2021-09-17_RD,120,10,0.12943637371063232,0.30313023924827576,-7.7312269270209075,-6.023446154788707,-2.6227269264791744,-0.6096501042639609,0.07265426607644623,0.14708715822140217,0.13895586843230273,0.13157330437657,0.14708715822140242,0.14708715822140217,0.14708715822140217,0.07265426607644623
2021-05-26_RD,2021-09-17_RD,120,20,0.12943637371063232,0.30313023924827576,-0.7928254219905304,-0.7822992809862124,-0.6927698105177449,-0.30878987169593486,0.11077614774893463,0.1787841592206644,0.1471003338866086,0.13337748513204375,0.11077614774893457,0.1787841592206644,0.1787841592206644,0.11077614774893463
2021-05-26_RD,2021-09-17_RD,120,50,0.12943637371063232,0.30313023924827576,-0.020238447850825902,-0.01978016872741653,-0.015300571437699778,0.021745601349976856,0.15987170699570055,0.21311954285810292,0.1576015832597728,0.13724203879235342,0.1598717069957006,0.21311954285810292,0.21311954285810292,0.21311954285810292
2021-05-26_RD,2021-09-17_RD,120,100,0.12943637371063232,0.30313023924827576,0.15218002348545231,0.1522682583724643,0.15314244937565163,0.16118390360479276,0.2082543974606628,0.24393377985312314,0.17465117935903232,0.14139043855204286,0.20825439746066327,0.24393377985312314,0.2082543974606628,0.2082543974606628
2021-05-26_RD,2021-09-17_RD,120,300,0.12943637371063232,0.30313023924827576,0.30313047545532645,0.3031347230287018,0.30317704348168817,0.30358519116260296,0.3065001277054672,0.301643933020348,0.2218795716359184,0.15457572671707934,0.30650012770546686,0.3065001277054672,0.3065001277054672,0.3065001277054672
2021-05-26_RD,2022-09-21_RD,480,10,0.005950614809989929,0.2711000442504883,-3.4974409528689545,-3.1184931764874717,-1.7199978963286244,-0.3934656324575095,0.04791439828232505,0.06002451324379307,0.0278741273249975,0.009726230361664479,0.009726230361664923,0.06002451324379307,0.06002451324379307,0.04791439828232505
2021-05-26_RD,2022-09-21_RD,480,20,0.005950614809989929,0.2711000442504883,-2.262405909642143,-1.6261123021727841,-0.6970078782357695,-0.2059530961967287,0.09909386127856046,0.08827467249364046,0.03846358858450816,0.013092902262773293,0.09909386127856062,0.09909386127856046,0.08827467249364046,0.09909386127856046
2021-05-26_RD,2022-09-21_RD,480,50,0.005950614809989929,0.2711000442504883,-1.0799813501287088,-0.9444522809941995,-0.3260149431876215,0.06250586598960034,0.16890228422115375,0.14170527079216572,0.06172935591318607,0.022428884123642995,0.16890228422115416,0.16890228422115375,0.14170527079216572,0.16890228422115375
2021-05-26_RD,2022-09-21_RD,480,100,0.005950614809989929,0.2711000442504883,0.0013215106686470246,0.001732623902888475,0.005779920830759011,0.04072033055152893,0.17282934319104565,0.19397131156997907,0.0885729213455462,0.03241237326453625,0.17282934319104773,0.19397131156997907,0.17282934319104565,0.17282934319104565
2021-05-26_RD,2022-09-21_RD,480,300,0.005950614809989929,0.2711000442504883,0.2710996658103723,0.27110505190645795,0.2711587173915402,0.2716762786577484,0.2753003751270495,0.2640037674002385,0.14732324124052967,0.05345526236316764,0.2753003751270496,0.2753003751270495,0.2753003751270495,0.2753003751270495
2021-06-14_CO,2021-06-15_CO,1,10,0.1896679550409317,0.249284565448761,-13.491507370874894,-8.212219969084714,-2.765641870386491,-0.5937145914223456,0.09170654679277188,0.19311733228374323,0.19169250940197882,0.19115338485204156,0.09170654679277224,0.19311733228374323,0.19311733228374323,0.19311733228374323
2021-06-14_CO,2021-06-15_CO,1,20,0.1896679550409317,0.249284565448761,-0.9706684135156893,-0.9551722364119513,-0.8337567372791166,-0.37360148969987045,0.10696399720167007,0.20225134330995073,0.19270356434723082,0.1913355755027756,0.10696399720167066,0.20225134330995073,0.20225134330995073,0.20225134330995073
2021-06-14_CO,2021-06-15_CO,1,50,0.1896679550409317,0.249284565448761,-0.0777556024615062,-0.07716221345717775,-0.0714075470738853,-0.02448235728979148,0.14872324975246554,0.22801896671091462,0.20008080368232906,0.1922342277584961,0.14872324975246534,0.22801896671091462,0.22801896671091462,0.22801896671091462
2021-06-14_CO,2021-06-15_CO,1,100,0.1896679550409317,0.249284565448761,0.12881007113392273,0.12892229377461076,0.13002674988649346,0.13975867649241072,0.192721518311992,0.24305036212621056,0.20771069586394253,0.19343919626528303,0.19272151831199197,0.24305036212621056,0.192721518311992,0.24305036212621056
2021-06-14_CO,2021-06-15_CO,1,300,0.1896679550409317,0.249284565448761,0.24928376904360383,0.24929331253459502,0.2493880792914517,0.25027682974869314,0.256326737757647,0.2655841402724328,0.22475820429391238,0.1967437382780631,0.2563267377576468,0.2655841402724328,0.256326737757647,0.2655841402724328
2021-06-14_CO,2021-07-14_CO,30,10,-0.007435217499732971,0.26162147521972656,-6.140620403894964,-5.17735747292805,-2.4882039145670687,-0.6230655258781912,-0.029651012417819256,-0.029704997187093518,-0.04189652125814794,-0.008067114979097373,-0.029651012417820893,-0.008067114979097373,-0.029704997187093518,-0.029704997187093518
2021-06-14_CO,2021-07-14_CO,30,20,-0.007435217499732971,0.26162147521972656,-0.7097377638319788,-0.7005502181259341,-0.6236293150898119,-0.29969881716368596,0.03950900186592579,0.012097339218953451,-0.03210902462619694,-0.007804010770701669,0.03950900186592665,0.03950900186592579,0.012097339218953451,0.012097339218953451
2021-06-14_CO,2021-07-14_CO,30,50,-0.007435217499732971,0.26162147521972656,-0.0425308896716336,-0.0420407647319862,-0.03737213960386987,-0.0034035768384727827,0.10048511944055544,0.08327428097610967,-0.0048861955085898745,-0.0057456226415781575,0.10048511944055666,0.10048511944055544,0.08327428097610967,0.08327428097610967
2021-06-14_CO,2021-07-14_CO,30,100,-0.007435217499732971,0.26162147521972656,0.18463468761299842,0.1847005640442169,0.18534627343029297,0.19083992915742953,0.21332489298128615,0.15781932020691938,0.021469275121760556,-0.003357897730490278,0.21332489298128585,0.21332489298128615,0.21332489298128615,0.15781932020691938
2021-06-14_CO,2021-07-14_CO,30,300,-0.007435217499732971,0.26162147521972656,0.2616210787182611,0.2616293783868183,0.2617117082948547,0.2624753172087997,0.266808064390537,0.24163364934087317,0.08979715050709486,0.008381592889565859,0.26680806439053645,0.266808064390537,0.266808064390537,0.266808064390537
2021-06-14_CO,2021-10-15_CO,120,10,0.06526370346546173,0.35504692792892456,-2.5224447439814037,-2.309281246971193,-1.3298166783488048,-0.2264430088567736,0.15306537289844252,0.11651621776821058,0.07599922035454404,0.06677990155457747,0.06677990155457811,0.15306537289844252,0.11651621776821058,0.11651621776821058
2021-06-14_CO,2021-10-15_CO,120,20,0.06526370346546173,0.35504692792892456,-1.252677089873032,-1.2163647977096095,-0.9434787692892351,-0.2238002510455215,0.1807865980157388,0.14801851035375205,0.08292550938442309,0.06840300438629576,0.18078659801573913,0.1807865980157388,0.14801851035375205,0.14801851035375205
2021-06-14_CO,2021-10-15_CO,120,50,0.06526370346546173,0.35504692792892456,0.0987999415469325,0.09931159700710637,0.10430163626010361,0.14438129378463538,0.25886736740137006,0.20720291867385424,0.0993505610707753,0.07140118823702604,0.2588673674013694,0.25886736740137006,0.20720291867385424,0.20720291867385424
2021-06-14_CO,2021-10-15_CO,120,100,0.06526370346546173,0.35504692792892456,0.260753754766179,0.2608371322313693,0.26166232294126834,0.2691391400115558,0.30382829179095744,0.25689767961112087,0.12070445697121718,0.07605914782885997,0.3038282917909572,0.30382829179095744,0.30382829179095744,0.30382829179095744
2021-06-14_CO,2021-10-15_CO,120,300,0.06526370346546173,0.35504692792892456,0.3550464917031358,0.3550515040376315,0.35510133930609206,0.35557169760822604,0.35807800460551403,0.3260592020260883,0.17130957508385491,0.08722206300173083,0.358078004605514,0.35807800460551403,0.35807800460551403,0.35807800460551403
2021-06-14_CO,2022-10-10_CO,480,10,-0.20047950744628906,0.317341685295105,-1.6539620973604943,-1.5922703451760025,-1.1788190369434388,-0.35611839030541215,-0.04949771287833879,-0.1727694012944393,-0.19749757806082918,-0.1982625215336326,-0.04949771287833937,-0.04949771287833879,-0.1727694012944393,-0.04949771287833879
2021-06-14_CO,2022-10-10_CO,480,20,-0.20047950744628906,0.317341685295105,-1.8860092390466994,-1.825808566931103,-1.3936120078926444,-0.4110392839643486,0.0264271649165721,-0.09397300155251265,-0.18909558570894353,-0.19526672666821898,0.02642716491657235,0.0264271649165721,-0.09397300155251265,0.0264271649165721
2021-06-14_CO,2022-10-10_CO,480,50,-0.20047950744628906,0.317341685295105,-0.035987411469124514,-0.035373789034120834,-0.02938103226944669,0.019033895095738385,0.15614843266812695,0.07090609662301994,-0.13230445931393658,-0.18714129019619152,0.15614843266812686,0.15614843266812695,0.07090609662301994,0.15614843266812695
2021-06-14_CO,2022-10-10_CO,480,100,-0.20047950744628906,0.317341685295105,0.22613274987668439,0.22618829222435036,0.2267388124852778,0.23178597180014193,0.25491767841708285,0.16996713685160153,-0.07928545797470454,-0.1764689175578098,0.25491767841708235,0.25491767841708285,0.25491767841708285,0.25491767841708285
2021-06-14_CO,2022-10-10_CO,480,300,-0.20047950744628906,0.317341685295105,0.31734187192187857,0.31734709912675396,0.31739912534865705,0.31789533091909195,0.3208768729446261,0.2895642996220681,0.06206561935558669,-0.1378313759570619,0.32087687294462586,0.3208768729446261,0.3208768729446261,0.3208768729446261
2021-08-10_CO,2021-08-12_CO,1,10,0.20338928699493408,0.3156692385673523,-0.47921981707553074,-0.4622280133786679,-0.33971688370078373,-0.041723354297988624,0.1487094106448822,0.19757817679794484,0.20363147116866326,0.20346706739564263,-0.04172335429798793,0.20363147116866326,0.19757817679794484,0.19757817679794484
2021-08-10_CO,2021-08-12_CO,1,20,0.20338928699493408,0.3156692385673523,-1.307797210836497,-1.2650730012653377,-0.959957282236079,-0.23484240862811273,0.1751734371509913,0.22491881427350596,0.20828067515078255,0.2040171897965154,0.2249188142735067,0.22491881427350596,0.22491881427350596,0.22491881427350596
2021-08-10_CO,2021-08-12_CO,1,50,0.20338928699493408,0.3156692385673523,-0.10820383858115332,-0.10709180629915352,-0.09629204425353122,-0.012948162497973814,0.19839971100842277,0.2416006649960002,0.21241183163461003,0.2047765252637137,0.1983997110084214,0.2416006649960002,0.2416006649960002,0.2416006649960002
2021-08-10_CO,2021-08-12_CO,1,100,0.20338928699493408,0.3156692385673523,0.15278898306535926,0.15294872895085707,0.15453235149195227,0.16908969761192597,0.2442597219873184,0.27576102208267805,0.22345079898309564,0.20646068990836808,0.2757610220826783,0.27576102208267805,0.2442597219873184,0.27576102208267805
2021-08-10_CO,2021-08-12_CO,1,300,0.20338928699493408,0.3156692385673523,0.31566931606130877,0.3156748140815786,0.31572963518331704,0.3162622290687792,0.3202732090748627,0.31722755812861647,0.2500070880839762,0.21147636838523232,0.31722755812861614,0.3202732090748627,0.3202732090748627,0.31722755812861647
2021-08-10_CO,2021-08-16_CO,7,10,0.07743965089321136,0.2694082260131836,-15.33344588452163,-7.25515688914677,-2.209994281456133,-0.42827209058547083,0.06200057991682434,0.08917435660807307,0.07841856462654473,0.07763824479762099,0.07763824479762113,0.08917435660807307,0.08917435660807307,0.08917435660807307
2021-08-10_CO,2021-08-16_CO,7,20,0.07743965089321136,0.2694082260131836,-1.1579542206352391,-1.136884974964723,-0.9613680499204149,-0.3335691536942851,0.10910692123675403,0.11542399141464366,0.08469136422942297,0.07852693835205751,0.0785269383520576,0.11542399141464366,0.11542399141464366,0.11542399141464366
2021-08-10_CO,2021-08-16_CO,7,50,0.07743965089321136,0.2694082260131836,-0.06195136490784264,-0.06132916407921252,-0.05523233802994992,-0.004616978983398939,0.1573586598337213,0.1631339845432555,0.10090672212157378,0.08213789513633271,0.15735865983372194,0.1631339845432555,0.1631339845432555,0.1631339845432555
2021-08-10_CO,2021-08-16_CO,7,100,0.07743965089321136,0.2694082260131836,0.1647444647151722,0.1648359961377178,0.1657440892981698,0.17415095946673215,0.21850792195585364,0.20404218443622898,0.11501857006854221,0.08559730536094093,0.21850792195585372,0.21850792195585364,0.21850792195585364,0.20404218443622898
2021-08-10_CO,2021-08-16_CO,7,300,0.07743965089321136,0.2694082260131836,0.2694075292540431,0.26941521335420837,0.26949175681148485,0.27022807609518645,0.27520532366768363,0.2573246834657655,0.14661766757829625,0.09275169415758275,0.27520532366768324,0.27520532366768363,0.27520532366768363,0.27520532366768363
2021-08-10_CO,2021-09-08_CO,30,10,0.01846921443939209,0.19992876052856445,-3.0823635774632825,-2.9675022181796384,-2.231932503269659,-0.7937620427380103,-0.06624821286519605,0.023947094442752004,0.01903141517435633,0.018581961884766074,0.018581961884766685,0.023947094442752004,0.023947094442752004,0.023947094442752004
2021-08-10_CO,2021-09-08_CO,30,20,0.01846921443939209,0.19992876052856445,-2.9469471527376068,-2.873664763616283,-2.321941605249809,-0.8552786999987287,-0.02617135698642023,0.050976881018753,0.02420212555770862,0.0193054727850972,0.050976881018753,0.050976881018753,0.050976881018753,0.050976881018753
2021-08-10_CO,2021-09-08_CO,30,50,0.01846921443939209,0.19992876052856445,-0.20601507079755277,-0.20537611761148267,-0.19910392543840472,-0.14612069610153355,0.04509012390999356,0.0971588988392223,0.039326605481586285,0.021764271153589504,0.09715889883922238,0.0971588988392223,0.0971588988392223,0.0971588988392223
2021-08-10_CO,2021-09-08_CO,30,100,0.01846921443939209,0.19992876052856445,0.06481059245147502,0.06491913673638183,0.06599596109057307,0.07596697757565887,0.13040222726615897,0.13798222729976642,0.05280305162944124,0.024582734949422563,0.13040222726615933,0.13798222729976642,0.13040222726615897,0.13040222726615897
2021-08-10_CO,2021-09-08_CO,30,300,0.01846921443939209,0.19992876052856445,0.19992799862288604,0.19993860395182067,0.20004431984354612,0.20106851492344494,0.20863183991509837,0.20365075110753778,0.09165485758762054,0.03323954394492146,0.20863183991509776,0.20863183991509837,0.20863183991509837,0.20863183991509837
2021-08-10_CO,2021-12-15_CO,120,10,0.003406539559364319,0.19640228152275085,-7.085075396909655,-6.124800790362642,-3.2304844457266197,-0.9071359155262622,-0.09880215927211267,0.014911309404216783,0.008348467027682605,0.004494950378772344,-0.0988021592721123,0.014911309404216783,0.014911309404216783,0.014911309404216783
2021-08-10_CO,2021-12-15_CO,120,20,0.003406539559364319,0.19640228152275085,-2.0578676801144455,-2.0299225487573933,-1.7953995526707072,-0.9087744657080914,-0.13021436466943292,0.02309194245078272,0.009716147140283488,0.004384776438417948,0.023091942450782887,0.02309194245078272,0.02309194245078272,-0.13021436466943292
2021-08-10_CO,2021-12-15_CO,120,50,0.003406539559364319,0.19640228152275085,-0.36106573444002077,-0.36039256442047074,-0.3537591706682634,-0.2959295267776156,-0.059165965884189486,0.06015810203870084,0.021083029579766877,0.006266054718554903,0.060158102038701255,0.06015810203870084,0.06015810203870084,0.06015810203870084
2021-08-10_CO,2021-12-15_CO,120,100,0.003406539559364319,0.19640228152275085,-0.022742714689651083,-0.022636743510488777,-0.021583071085209793,-0.011618260642206363,0.050994025525149034,0.1039054284775725,0.03669000163057998,0.00901169336563512,0.050994025525147896,0.1039054284775725,0.050994025525149034,0.050994025525149034
2021-08-10_CO,2021-12-15_CO,120,300,0.003406539559364319,0.19640228152275085,0.19640333073831778,0.19640924169110469,0.19646815704223847,0.19703825489444587,0.20113688752161843,0.18943103898604954,0.07787539919585323,0.01687813891348708,0.2011368875216183,0.20113688752161843,0.20113688752161843,0.20113688752161843
2021-08-10_CO,2022-12-09_CO,480,10,-0.14279469847679138,0.26583993434906006,-1.2584065191307747,-1.1854517488501264,-0.7684204190426531,-0.15315765087251837,0.04549133774592998,-0.043851432796095796,-0.12193943987038264,-0.14019887681351573,0.04549133774592995,0.04549133774592998,-0.043851432796095796,0.04549133774592998
2021-08-10_CO,2022-12-09_CO,480,20,-0.14279469847679138,0.26583993434906006,-0.6893406744729481,-0.6708010311519185,-0.5275265555032472,-0.12466381642876787,0.08170156995935399,-0.010005577643052987,-0.11165100992206775,-0.13847841721179088,0.08170156995935365,0.08170156995935399,-0.010005577643052987,0.08170156995935399
2021-08-10_CO,2022-12-09_CO,480,50,-0.14279469847679138,0.26583993434906006,0.039927244656172506,0.040310874170416316,0.04406441594798782,0.07476641132735834,0.15951859262707233,0.0786006296503009,-0.07560488648363106,-0.13084644509276108,0.15951859262707202,0.15951859262707233,0.0786006296503009,0.15951859262707233
2021-08-10_CO,2022-12-09_CO,480,100,-0.14279469847679138,0.26583993434906006,0.1892153503137656,0.1892747884910591,0.18986382929273088,0.1952537850186856,0.21943078221024018,0.1460402142080139,-0.04240884168050793,-0.12233934909217214,0.21943078221024004,0.21943078221024018,0.21943078221024018,0.21943078221024018
2021-08-10_CO,2022-12-09_CO,480,300,-0.14279469847679138,0.26583993434906006,0.2658394322771889,0.2658434560477634,0.2658834804646198,0.26626278388481456,0.2682937008753328,0.23428110657357518,0.03678205934875292,-0.09858925663950091,0.26829370087533294,0.2682937008753328,0.2682937008753328,0.2682937008753328
2021-10-08_CO,2021-10-15_CO,7,10,0.19667869806289673,0.35504692792892456,-2.52190365563731,-2.3092219456788556,-1.327738220289333,-0.20268273080483137,0.21511688059070846,0.22946408451040562,0.2068371235570347,0.19831666294109043,0.19831666294109052,0.22946408451040562,0.22946408451040562,0.22946408451040562
2021-10-08_CO,2021-10-15_CO,7,20,0.19667869806289673,0.35504692792892456,-1.2526181756867516,-1.215803000186276,-0.9395957303133982,-0.20937012291995694,0.2277620048122484,0.2499720630390123,0.21618588429864063,0.20135036854122285,0.22776200481224845,0.2499720630390123,0.2499720630390123,0.2499720630390123
2021-10-08_CO,2021-10-15_CO,7,50,0.19667869806289673,0.35504692792892456,0.09880440766555712,0.0993561969728986,0.10474165610146496,0.14829322862221767,0.2813596958045398,0.28477780446739676,0.22615508294592046,0.2033314145598118,0.28135969580453946,0.28477780446739676,0.28477780446739676,0.28477780446739676
2021-10-08_CO,2021-10-15_CO,7,100,0.19667869806289673,0.35504692792892456,0.2607541461761964,0.26084104951534326,0.2617018117052694,0.26956328126842455,0.3096000859675939,0.3076017784651268,0.23935987446174176,0.20841300534377294,0.3096000859675939,0.3096000859675939,0.3096000859675939,0.3076017784651268
2021-10-08_CO,2021-10-15_CO,7,300,0.19667869806289673,0.35504692792892456,0.35504653105410294,0.3550518982465164,0.3551053511707688,0.3556186480824379,0.3591007673911999,0.3481355500776725,0.2663109023607606,0.2173740059203072,0.3591007673912002,0.3591007673911999,0.3591007673911999,0.3591007673911999
2021-10-08_CO,2021-11-02_CO,30,10,-0.004256054759025574,0.2200562208890915,-4.946026373709381,-4.3784630765862,-2.3700700517095528,-0.6082020931040684,0.0069748928773313845,0.024485061102654443,0.0038045675263019274,-0.002863349688268152,-0.0028633496882686793,0.024485061102654443,0.024485061102654443,0.024485061102654443
2021-10-08_CO,2021-11-02_CO,30,20,-0.004256054759025574,0.2200562208890915,-1.1437980865538468,-1.1313248115190746,-1.0192663692517223,-0.4754824540428925,0.053654661176078255,0.05125427293059223,0.008851309190924278,-0.0017114787907555606,0.05125427293059179,0.053654661176078255,0.05125427293059223,0.05125427293059223
2021-10-08_CO,2021-11-02_CO,30,50,-0.004256054759025574,0.2200562208890915,-0.13345284856831918,-0.13294105152894498,-0.12790916976021321,-0.08493240203318406,0.0699458386039038,0.08228855024901907,0.017679082093974646,0.0007635874224625472,0.06994583860390385,0.08228855024901907,0.08228855024901907,0.08228855024901907
2021-10-08_CO,2021-11-02_CO,30,100,-0.004256054759025574,0.2200562208890915,0.08265397512150052,0.08273867600159071,0.08357959261659714,0.09141557801878028,0.1346188239468616,0.12650075046538856,0.03247537884426108,0.0032421785666799374,0.1346188239468619,0.1346188239468616,0.1346188239468616,0.1346188239468616
2021-10-08_CO,2021-11-02_CO,30,300,-0.004256054759025574,0.2200562208890915,0.22005662282223767,0.2200605928004327,0.22010017168868726,0.22048403317824197,0.22327292340163934,0.20968620840534508,0.08090946432257859,0.010162375470749968,0.22327292340163948,0.22327292340163934,0.22327292340163934,0.22327292340163934
2021-10-08_CO,2022-02-07_CO,120,10,-0.0069893598556518555,0.24917972087860107,-5.2517087088046,-4.491617601084573,-2.290110349004878,-0.5562139130387609,0.003604136578097633,0.03549257392126842,0.005873311938774245,-0.004919598321655644,0.005873311938773967,0.03549257392126842,0.03549257392126842,0.03549257392126842
2021-10-08_CO,2022-02-07_CO,120,20,-0.0069893598556518555,0.24917972087860107,-0.783627507215521,-0.7739149976030111,-0.6874888850390627,-0.2899650586597241,0.07702620107015101,0.06798069758031192,0.014509108780711849,-0.00314084576040799,0.06798069758031225,0.07702620107015101,0.06798069758031192,0.07702620107015101
2021-10-08_CO,2022-02-07_CO,120,50,-0.0069893598556518555,0.24917972087860107,0.06437535663101451,0.06461515633902101,0.06697699399385013,0.08744081494143632,0.16226653369249786,0.12397919819800302,0.029977819242767045,0.0002827527485228243,0.16226653369249722,0.16226653369249786,0.12397919819800302,0.12397919819800302
2021-10-08_CO,2022-02-07_CO,120,100,-0.0069893598556518555,0.24917972087860107,0.17507314612412614,0.17511005781647568,0.1754769396622198,0.17893182523528606,0.19875584187287704,0.16610158395544497,0.04738325914010255,0.004622496173126739,0.19875584187287704,0.19875584187287704,0.19875584187287704,0.19875584187287704
2021-10-08_CO,2022-02-07_CO,120,300,-0.0069893598556518555,0.24917972087860107,0.24917995865487322,0.2491826455801705,0.24920941334574284,0.24946707481961575,0.2511604482682631,0.23345664650266193,0.09934254249202665,0.018623780998774542,0.25116044826826267,0.2511604482682631,0.2511604482682631,0.2511604482682631
2021-10-08_CO,2022-12-09_CO,480,10,-0.05517904460430145,0.26583993434906006,-1.262580340879631,-1.189735683122196,-0.7733690413377016,-0.15849885938218822,0.05483096910512422,0.0174344157297609,-0.036098866494841814,-0.052571626110254066,0.05483096910512428,0.05483096910512422,0.0174344157297609,0.05483096910512422
2021-10-08_CO,2022-12-09_CO,480,20,-0.05517904460430145,0.26583993434906006,-0.6894126567281011,-0.6714980180281467,-0.5328280574190647,-0.13847351688418844,0.08741928632082352,0.0457519353616406,-0.027017698059347617,-0.05083769914037575,0.0874192863208231,0.08741928632082352,0.0457519353616406,0.08741928632082352
2021-10-08_CO,2022-12-09_CO,480,50,-0.05517904460430145,0.26583993434906006,0.03992470985640387,0.04028563694021847,0.04382282717932484,0.07319517542560783,0.16396758695601893,0.12384730460618273,0.0052599833644325356,-0.043879272488833804,0.16396758695601885,0.16396758695601893,0.12384730460618273,0.16396758695601893
2021-10-08_CO,2022-12-09_CO,480,100,-0.05517904460430145,0.26583993434906006,0.18921537483460027,0.18927503916157026,0.18986687761122428,0.19533412994943886,0.2227420364725405,0.1797604054283227,0.033737131710240675,-0.03601602872151155,0.22274203647254034,0.2227420364725405,0.2227420364725405,0.2227420364725405
2021-10-08_CO,2022-12-09_CO,480,300,-0.05517904460430145,0.26583993434906006,0.2658393110210923,0.2658422440414715,0.265871415770067,0.26614757642494213,0.26760163979048895,0.24189465891206144,0.09299275874223098,-0.01639514766071523,0.26760163979048934,0.26760163979048895,0.26760163979048895,0.26760163979048895
2021-10-19_CO,2021-10-26_CO,7,10,0.104195237159729,0.273150771856308,-4.319965492243189,-4.046167325244834,-2.6952387720175954,-0.8156861581814218,-0.010754548429274646,0.10208701762063913,0.11073052321480839,0.10573518090572348,0.10208701762063938,0.11073052321480839,0.10208701762063913,0.10208701762063913
2021-10-19_CO,2021-10-26_CO,7,20,0.104195237159729,0.273150771856308,-1.2893629303305818,-1.2676103318643388,-1.0831561348521181,-0.3934579358025285,0.09851456097851516,0.14452156171481215,0.11861852671092105,0.10708716439490809,0.14452156171481226,0.14452156171481215,0.14452156171481215,0.14452156171481215
2021-10-19_CO,2021-10-26_CO,7,50,0.104195237159729,0.273150771856308,-0.03988092835812279,-0.03945893869390596,-0.035310246739917284,0.00013356754885271438,0.13168393089970712,0.171664600584603,0.12732498111996932,0.1097288560868129,0.17166460058460306,0.171664600584603,0.171664600584603,0.171664600584603
2021-10-19_CO,2021-10-26_CO,7,100,0.104195237159729,0.273150771856308,0.16068550312164043,0.16075256524148024,0.1614182889601775,0.16761835422173327,0.20256333899530637,0.20878756112362667,0.1409104366384208,0.1126081798874353,0.20256333899530599,0.20878756112362667,0.20256333899530637,0.20878756112362667
2021-10-19_CO,2021-10-26_CO,7,300,0.104195237159729,0.273150771856308,0.27314836562840633,0.2731539831545063,0.27321000907895676,0.2737555882920715,0.27795703233066027,0.27439365135744487,0.18222418987774952,0.12349391401222345,0.27795703233066027,0.27795703233066027,0.27795703233066027,0.27795703233066027
2021-10-19_CO,2021-11-16_CO,30,10,0.026822924613952637,0.22020509839057922,-1.264201291549707,-1.2069616328816144,-0.8521569363297766,-0.22671233589487355,0.046518679334351665,0.06606012994971258,0.046337969878360086,0.030135700089022194,0.04651867933435164,0.06606012994971258,0.06606012994971258,0.06606012994971258
2021-10-19_CO,2021-11-16_CO,30,20,0.026822924613952637,0.22020509839057922,-0.5823579883445055,-0.5756579783385741,-0.5156571451616798,-0.22588546078578842,0.07605835298856217,0.0839776631612199,0.053321482848001284,0.03304572012683077,0.07605835298856206,0.0839776631612199,0.0839776631612199,0.0839776631612199
2021-10-19_CO,2021-11-16_CO,30,50,0.026822924613952637,0.22020509839057922,-0.0057924025393830125,-0.00545265763088798,-0.002109743613812387,0.0266546486762384,0.136304755674152,0.14665709709018218,0.07280053929307159,0.041100129077437736,0.13630475567415148,0.14665709709018218,0.14665709709018218,0.136304755674152
2021-10-19_CO,2021-11-16_CO,30,100,0.026822924613952637,0.22020509839057922,0.13534260982202154,0.13540312150054984,0.1360048065347433,0.14169477534800498,0.17674189894006972,0.18072264239423877,0.08768033304724185,0.04813498200887628,0.1767418989400704,0.18072264239423877,0.17674189894006972,0.17674189894006972
2021-10-19_CO,2021-11-16_CO,30,300,0.026822924613952637,0.22020509839057922,0.22020508471414754,0.22020920765051716,0.2202503319921099,0.22065121004731816,0.2237452699504628,0.21788729161505468,0.1217943959583439,0.05969593460783798,0.22374526995046284,0.2237452699504628,0.2237452699504628,0.2237452699504628
2021-10-19_CO,2022-02-07_CO,120,10,0.03517290949821472,0.24917972087860107,-5.226722804884762,-4.463091173966252,-2.2589822638639383,-0.5346920344837776,0.037192457593048345,0.07257703604922211,0.04615839007843828,0.03691162620781424,0.03691162620781421,0.07257703604922211,0.07257703604922211,0.07257703604922211
2021-10-19_CO,2022-02-07_CO,120,20,0.03517290949821472,0.24917972087860107,-0.7836388298066392,-0.7740249106576157,-0.6883079412326754,-0.2891776178236845,0.09571198265799905,0.09932639518461042,0.053656863289061024,0.03858520745818414,0.03858520745818392,0.09932639518461042,0.09932639518461042,0.09571198265799905
2021-10-19_CO,2022-02-07_CO,120,50,0.03517290949821472,0.24917972087860107,0.06437634215051155,0.06462501417907099,0.0670758189637918,0.0884398350006673,0.1705307231481694,0.14893964711265686,0.06667631825901721,0.041322369359285266,0.17053072314816917,0.1705307231481694,0.14893964711265686,0.14893964711265686
2021-10-19_CO,2022-02-07_CO,120,100,0.03517290949821472,0.24917972087860107,0.1750742695382091,0.17512128813187924,0.17558886212060434,0.18001473143270152,0.20708672620267068,0.1931702855350219,0.08298110735201414,0.045797639201990537,0.2070867262026706,0.20708672620267068,0.20708672620267068,0.20708672620267068
2021-10-19_CO,2022-02-07_CO,120,300,0.03517290949821472,0.24917972087860107,0.24918018202108447,0.24918487910792667,0.2492317351951533,0.2496889587115862,0.2532536899091331,0.24679000537235468,0.1288650929372075,0.05757665157114428,0.25325368990913344,0.2532536899091331,0.2532536899091331,0.2532536899091331
2021-10-19_CO,2022-12-09_CO,480,10,0.036269545555114746,0.26583993434906006,-1.2303279277522519,-1.1561462884299445,-0.7325815725864081,-0.10605401391914515,0.11882354837679124,0.09998755705061829,0.06342061783090283,0.040651338326731346,0.11882354837679143,0.11882354837679124,0.09998755705061829,0.11882354837679124
2021-10-19_CO,2022-12-09_CO,480,20,0.036269545555114746,0.26583993434906006,-0.6893689852986374,-0.671059314588933,-0.52850313659576,-0.11428919060444745,0.13614212773182224,0.11973653255730546,0.07192260690094923,0.04337413905431006,0.13614212773182233,0.13614212773182224,0.11973653255730546,0.13614212773182224
2021-10-19_CO,2022-12-09_CO,480,50,0.036269545555114746,0.26583993434906006,0.03992755722896449,0.04031409366181252,0.04410568686621627,0.07585282026355958,0.18057172671781144,0.17324147843246515,0.09314302254879689,0.051182311124236546,0.18057172671781135,0.18057172671781144,0.17324147843246515,0.18057172671781144
2021-10-19_CO,2022-12-09_CO,480,100,0.036269545555114746,0.26583993434906006,0.1892158910734109,0.1892802019764924,0.18991854763289928,0.1958542917228528,0.227959264876556,0.21365716589452607,0.11161579721959805,0.059589271184492504,0.22795926487655552,0.227959264876556,0.227959264876556,0.227959264876556
2021-10-19_CO,2022-12-09_CO,480,300,0.036269545555114746,0.26583993434906006,0.265839475074943,0.2658438847037261,0.26588783472918937,0.2663129614309883,0.26934369372696687,0.2589033410861169,0.15472936921708658,0.07732234056353912,0.26934369372696715,0.26934369372696687,0.26934369372696687,0.26934369372696687
2022-01-17_CO,2022-01-24_CO,7,10,0.1467185616493225,0.25663629174232483,-6.0239151384523915,-4.515264567395144,-1.7903892693456869,-0.4158529684851254,0.0703110265199248,0.14955640097284778,0.14950921222190824,0.14718586506700176,0.1471858650670013,0.14955640097284778,0.14955640097284778,0.14955640097284778
2022-01-17_CO,2022-01-24_CO,7,20,0.1467185616493225,0.25663629174232483,-0.6687531818709981,-0.6607599262078815,-0.5889651777411538,-0.2401487387136012,0.12263868906192288,0.16274638537035455,0.15205512528091192,0.14779580655308994,0.1520551252809117,0.16274638537035455,0.16274638537035455,0.16274638537035455
2022-01-17_CO,2022-01-24_CO,7,50,0.1467185616493225,0.25663629174232483,0.09290566062118757,0.09309143420872007,0.0949260445723423,0.11121657546711505,0.18137947407860153,0.19668646514270066,0.16157590291780252,0.14977889827960564,0.19668646514270124,0.19668646514270066,0.19668646514270066,0.19668646514270066
2022-01-17_CO,2022-01-24_CO,7,100,0.1467185616493225,0.25663629174232483,0.2017086843107735,0.20174281065789895,0.202082279718729,0.20530543784770014,0.22576876851407504,0.2304652921588924,0.1747284010830977,0.15310707356640718,0.2304652921588919,0.2304652921588924,0.22576876851407504,0.2304652921588924
2022-01-17_CO,2022-01-24_CO,7,300,0.1467185616493225,0.25663629174232483,0.25663740327718554,0.2566410467970504,0.256677407369481,0.25703364690705227,0.2599447563251551,0.261716383797868,0.20293364031891062,0.16053272349581074,0.2617163837978683,0.261716383797868,0.2599447563251551,0.2599447563251551
2022-01-17_CO,2022-05-13_CO,120,10,0.09380213916301727,0.2827601432800293,-1.181622749185335,-1.0906618166699733,-0.6457016775543911,-0.06393003946257231,0.17088361316273176,0.14693521833007028,0.1073661067180405,0.09566293580552315,0.1708836131627318,0.17088361316273176,0.14693521833007028,0.14693521833007028
2022-01-17_CO,2022-05-13_CO,120,20,0.09380213916301727,0.2827601432800293,-0.978905442813314,-0.9526717454808474,-0.7501911561029803,-0.16730811716537922,0.19094470880115877,0.17821736125737564,0.11827015045634601,0.0977752470699274,0.19094470880115846,0.19094470880115877,0.17821736125737564,0.17821736125737564
2022-01-17_CO,2022-05-13_CO,120,50,0.09380213916301727,0.2827601432800293,0.03711847746210792,0.03771898999500445,0.04356683980147891,0.08979925623225549,0.21845088921081485,0.22197598915020525,0.13773698575499482,0.1013558568281602,0.21845088921081485,0.22197598915020525,0.22197598915020525,0.22197598915020525
2022-01-17_CO,2022-05-13_CO,120,100,0.09380213916301727,0.2827601432800293,0.20034517512616182,0.20043842002215126,0.20136245482147722,0.20982870854715152,0.2526845935760434,0.2549223037677383,0.1610456072675978,0.10769992237934572,0.25268459357604345,0.2549223037677383,0.2526845935760434,0.2526845935760434
2022-01-17_CO,2022-05-13_CO,120,300,0.09380213916301727,0.2827601432800293,0.2827601931976461,0.28276781459491884,0.28284380228292016,0.28358155996251355,0.28915624509206184,0.2906947684987671,0.21380813978450633,0.12795146070622931,0.2891562450920619,0.2906947684987671,0.28915624509206184,0.28915624509206184
2022-01-28_CO,2022-02-28_CO,30,10,-0.03606151044368744,0.16247089207172394,-19.64729302166029,-10.363105653543615,-3.727351776730901,-1.0509465341419837,-0.10115109791418847,-0.015400994883861097,-0.028603038762505473,-0.0340950050547805,-0.015400994883861319,-0.015400994883861097,-0.015400994883861097,-0.015400994883861097
2022-01-28_CO,2022-02-28_CO,30,20,-0.03606151044368744,0.16247089207172394,-1.0954995527521756,-1.0883012803707721,-1.021563444560647,-0.6366054913018105,-0.07350362722036868,0.020436886293807216,-0.020764719095991674,-0.03280521400393974,0.02043688629380705,0.020436886293807216,0.020436886293807216,0.020436886293807216
2022-01-28_CO,2022-02-28_CO,30,50,-0.03606151044368744,0.16247089207172394,-0.13291349312117695,-0.13260372965372946,-0.12954265621220373,-0.10219043678792719,0.022417960164307027,0.07897270151437621,-0.0004549768169398172,-0.030101692963596244,0.07897270151437633,0.07897270151437621,0.07897270151437621,0.07897270151437621
2022-01-28_CO,2022-02-28_CO,30,100,-0.03606151044368744,0.16247089207172394,0.048825060188978836,0.04888566886694368,0.049488567221272844,0.05521304130171817,0.09174499860411378,0.10998551569311704,0.014829939061436315,-0.02726870852507579,0.10998551569311704,0.10998551569311704,0.09174499860411378,0.09174499860411378
2022-01-28_CO,2022-02-28_CO,30,300,-0.03606151044368744,0.16247089207172394,0.1624715104544214,0.16247578475717633,0.16251844062596502,0.16293638510491817,0.1663456133721767,0.16642451012101106,0.06870035490310947,-0.01419437963221179,0.16634561337217724,0.16642451012101106,0.1663456133721767,0.1663456133721767
2022-01-28_CO,2022-06-08_CO,120,10,-0.01003025472164154,0.3312234878540039,-1.748677269199821,-1.6680013991545555,-1.1820435014955326,-0.3415422845007787,0.08448745482869957,0.09207545358177754,0.03256844862125413,-0.002929965742357654,0.0844874548287001,0.09207545358177754,0.09207545358177754,0.09207545358177754
2022-01-28_CO,2022-06-08_CO,120,20,-0.01003025472164154,0.3312234878540039,-1.4622374367073319,-1.432315820015551,-1.1953129532053648,-0.4323688167500954,0.1267546162225079,0.13990005935622632,0.05413699159150298,0.003086346338441681,0.12675461622250803,0.13990005935622632,0.13990005935622632,0.1267546162225079
2022-01-28_CO,2022-06-08_CO,120,50,-0.01003025472164154,0.3312234878540039,-0.013560699249882235,-0.013024321892602886,-0.007780499445793648,0.0354493527936208,0.1861505985301473,0.19834769192716545,0.07661946567936365,0.010977892984424004,0.18615059853014707,0.19834769192716545,0.19834769192716545,0.19834769192716545
2022-01-28_CO,2022-06-08_CO,120,100,-0.01003025472164154,0.3312234878540039,0.16219916031346848,0.16229087386212712,0.163200963809602,0.17166128262973177,0.22060080009496819,0.2347043701001847,0.105278082760283,0.022744964946250334,0.22060080009496763,0.2347043701001847,0.22060080009496819,0.22060080009496819
2022-01-28_CO,2022-06-08_CO,120,300,-0.01003025472164154,0.3312234878540039,0.331223307782186,0.33123080336443117,0.33130534355957986,0.33201116345695114,0.33637064315898313,0.321115802808393,0.17758284518940096,0.05190883760800616,0.3363706431589831,0.33637064315898313,0.33637064315898313,0.33637064315898313
2022-02-03_RD,2022-02-10_RD,7,10,0.1819808930158615,0.25016993284225464,-31.426882695504286,-12.230289976799689,-3.7088174522725064,-0.6147872375386525,0.09400342592772068,0.1828593617688368,0.18404476315832619,0.18244542119552612,0.18244542119552615,0.18404476315832619,0.1828593617688368,0.1828593617688368
2022-02-03_RD,2022-02-10_RD,7,20,0.1819808930158615,0.25016993284225464,-0.9087351776400605,-0.8999671680046113,-0.8203659126192535,-0.41171221413389575,0.0746812918005417,0.18385231741416938,0.18630602931683107,0.18297340913882515,0.1838523174141692,0.18630602931683107,0.18385231741416938,0.18385231741416938
2022-02-03_RD,2022-02-10_RD,7,50,0.1819808930158615,0.25016993284225464,0.03395960677160312,0.0341950042947044,0.03651924474609447,0.05713918340708948,0.14849025378651573,0.20257615451515587,0.190492416512206,0.18377880275403857,0.20257615451515587,0.20257615451515587,0.20257615451515587,0.20257615451515587
2022-02-03_RD,2022-02-10_RD,7,100,0.1819808930158615,0.25016993284225464,0.17407477134809496,0.17411549825036918,0.17452057129687865,0.1783626055109593,0.20295934351146272,0.2245433879106823,0.1972887064216601,0.18532812480310953,0.22454338791068226,0.2245433879106823,0.20295934351146272,0.2245433879106823
2022-02-03_RD,2022-02-10_RD,7,300,0.1819808930158615,0.25016993284225464,0.25016982714101943,0.25017364829090494,0.2502117802572045,0.25058526743877835,0.2536404354337361,0.2574405738171156,0.21694441419584803,0.18926008975793068,0.25744057381711527,0.2574405738171156,0.2536404354337361,0.2536404354337361
2022-02-03_RD,2022-06-02_RD,120,10,-0.04171529412269592,0.3214765191078186,-1.8380281792091575,-1.6997589610422423,-1.0273339118816192,-0.16204813713880145,0.12387338186166053,0.057442960737525084,-0.012248757426369411,-0.03697471349991896,0.12387338186166041,0.12387338186166053,0.057442960737525084,0.057442960737525084
2022-02-03_RD,2022-06-02_RD,120,20,-0.04171529412269592,0.3214765191078186,-0.648702987968016,-0.6353474013986633,-0.5231507182204999,-0.10483392300234592,0.18330420723957297,0.10339864110878955,0.011583630498807035,-0.030321310118640116,0.10339864110878974,0.18330420723957297,0.10339864110878955,0.10339864110878955
2022-02-03_RD,2022-06-02_RD,120,50,-0.04171529412269592,0.3214765191078186,0.05041704002853803,0.05076624916502148,0.05420749931268515,0.08420201316117515,0.2029625188832132,0.19926862668038003,0.059000643296466954,-0.01502818173897072,0.2029625188832124,0.2029625188832132,0.19926862668038003,0.19926862668038003
2022-02-03_RD,2022-06-02_RD,120,100,-0.04171529412269592,0.3214765191078186,0.18062364610897483,0.18070631818506133,0.18152796983816932,0.18926525570187028,0.23600955746644758,0.2481158842535993,0.10112543533031065,0.0018855745019980552,0.23600955746644683,0.2481158842535993,0.23600955746644758,0.23600955746644758
2022-02-03_RD,2022-06-02_RD,120,300,-0.04171529412269592,0.3214765191078186,0.3214764937508454,0.32148245423226623,0.3215419034641757,0.3221210801757276,0.3265900176743962,0.3213440983406882,0.18485068982913982,0.04168629440827018,0.32659001767439627,0.3265900176743962,0.3265900176743962,0.3265900176743962
2022-02-03_RD,2023-06-06_RD,480,10,-0.01099519431591034,0.2755134105682373,-16.525293052171477,-6.176112740163537,-1.8266570733773666,-0.35544650033184344,0.0968383421917409,0.06035555936151468,0.005147334549140209,-0.008555464745962194,0.09683834219174073,0.0968383421917409,0.06035555936151468,0.0968383421917409
2022-02-03_RD,2023-06-06_RD,480,20,-0.01099519431591034,0.2755134105682373,-0.7215953274254723,-0.7077907428724665,-0.6068463991460349,-0.24991680144124373,0.13021722582696302,0.10678311143128963,0.014239629609095472,-0.007152190824305044,0.1302172258269627,0.13021722582696302,0.10678311143128963,0.13021722582696302
2022-02-03_RD,2023-06-06_RD,480,50,-0.01099519431591034,0.2755134105682373,0.05569065889519398,0.05620475851604226,0.060999373547259345,0.093900688630494,0.19492308309378262,0.18143410258967793,0.041444957258916726,-0.0035564444036276788,0.19492308309378314,0.19492308309378262,0.18143410258967793,0.19492308309378262
2022-02-03_RD,2023-06-06_RD,480,100,-0.01099519431591034,0.2755134105682373,0.18731339029414756,0.1874014486448807,0.18825773143217744,0.1952613492763747,0.22726171913068283,0.22457930473188695,0.08124222113433974,0.003885316958046975,0.22726171913068335,0.22726171913068283,0.22726171913068283,0.22726171913068283
2022-02-03_RD,2023-06-06_RD,480,300,-0.01099519431591034,0.2755134105682373,0.27551355134722244,0.2755210580583246,0.2755953563342495,0.27627316635473753,0.2802504985787593,0.27251431904848633,0.15012154940395295,0.024488495901280605,0.28025049857875955,0.2802504985787593,0.2802504985787593,0.2802504985787593
2022-02-28_CO,2022-03-07_CO,7,10,0.12503808736801147,0.3191588521003723,-1.5689399716763393,-1.4626255857504329,-0.8987570140851033,-0.14530933213462482,0.13236431933758727,0.14551689720871963,0.13295385480044472,0.12618519658421518,0.1323643193375871,0.14551689720871963,0.14551689720871963,0.14551689720871963
2022-02-28_CO,2022-03-07_CO,7,20,0.12503808736801147,0.3191588521003723,-0.7702659516231506,-0.7549834031941072,-0.6273639785188942,-0.16830451165968446,0.16289342836374004,0.16927083073520346,0.1375689308118082,0.12701973316138224,0.16927083073520366,0.16927083073520346,0.16927083073520346,0.16927083073520346
2022-02-28_CO,2022-03-07_CO,7,50,0.12503808736801147,0.3191588521003723,0.07019901170707263,0.07057817182050466,0.07429750728570853,0.10544627120576675,0.20884102836554658,0.20578759445055506,0.1486627634963777,0.13041444285693518,0.2057875944505551,0.20884102836554658,0.20578759445055506,0.20578759445055506
2022-02-28_CO,2022-03-07_CO,7,100,0.12503808736801147,0.3191588521003723,0.23323138938576737,0.23327925806645325,0.23375431675455052,0.2381633491113058,0.26131692641653415,0.24093766303814604,0.16099617386735293,0.132350730989208,0.24093766303814645,0.26131692641653415,0.26131692641653415,0.24093766303814604
2022-02-28_CO,2022-03-07_CO,7,300,0.12503808736801147,0.3191588521003723,0.3191603390722648,0.3191622538674489,0.3191813071527014,0.319362524312197,0.32037430358244323,0.30305497538742876,0.20067560554300756,0.14267256276590745,0.3030549753874287,0.32037430358244323,0.32037430358244323,0.32037430358244323
2022-02-28_CO,2022-03-28_CO,30,10,0.10229469835758209,0.21631310880184174,-1.6063994056409598,-1.5180891060222699,-1.0255414260193638,-0.28699513049542646,0.09544106254291673,0.13349152597028902,0.10981501750017933,0.10339210759632905,0.1033921075963288,0.13349152597028902,0.13349152597028902,0.13349152597028902
2022-02-28_CO,2022-03-28_CO,30,20,0.10229469835758209,0.21631310880184174,-0.8539960931939585,-0.8323844860804794,-0.6762032007776786,-0.22837925515407675,0.11524719245398637,0.14184137575142125,0.1107797346314068,0.10382927101198597,0.11524719245398726,0.14184137575142125,0.14184137575142125,0.14184137575142125
2022-02-28_CO,2022-03-28_CO,30,50,0.10229469835758209,0.21631310880184174,-0.022631270151187072,-0.022093543235791935,-0.01683010636589019,0.02656908664175775,0.17031574962405435,0.19600117550382068,0.127792409780996,0.10637843575962128,0.17031574962405366,0.19600117550382068,0.19600117550382068,0.17031574962405435
2022-02-28_CO,2022-03-28_CO,30,100,0.10229469835758209,0.21631310880184174,0.17355229145282253,0.1736336355548687,0.17444145672192984,0.18199157430107946,0.22527020517764665,0.23783844733776277,0.1487996417950674,0.1101265177622722,0.22527020517764643,0.23783844733776277,0.22527020517764665,0.22527020517764665
2022-02-28_CO,2022-03-28_CO,30,300,0.10229469835758209,0.21631310880184174,0.21631452064189324,0.21632653487350906,0.21644646638495588,0.21762500110741087,0.22759486375577007,0.25440603437803155,0.19222661100097949,0.1228496720919025,0.22759486375577145,0.25440603437803155,0.22759486375577007,0.22759486375577007
2022-02-28_CO,2022-06-13_CO,120,10,0.11526185274124146,0.40180009603500366,-0.3260937825237163,-0.3113480467240603,-0.20425885095914736,0.05809695828524322,0.19709924066258733,0.16267509166626473,0.12462912297594819,0.11640244637905181,0.19709924066258747,0.19709924066258733,0.16267509166626473,0.16267509166626473
2022-02-28_CO,2022-06-13_CO,120,20,0.11526185274124146,0.40180009603500366,-0.7498423614051646,-0.720098753509283,-0.5063870326359252,-0.007080610781109664,0.23319788568108304,0.19782896611361306,0.1368248006138686,0.11864116003849254,0.2331978856810825,0.23319788568108304,0.19782896611361306,0.19782896611361306
2022-02-28_CO,2022-06-13_CO,120,50,0.11526185274124146,0.40180009603500366,0.18384753280515118,0.1842585951457056,0.18828202383439088,0.2213357872374551,0.3197935788060634,0.2815347960949227,0.16832541460859549,0.125841526109811,0.3197935788060632,0.3197935788060634,0.2815347960949227,0.2815347960949227
2022-02-28_CO,2022-06-13_CO,120,100,0.11526185274124146,0.40180009603500366,0.32557860292513996,0.3256269752519342,0.3261068898182955,0.3305484866119597,0.35331014242705755,0.319637729515723,0.19076068238260127,0.1324889963306486,0.353310142427058,0.35331014242705755,0.35331014242705755,0.35331014242705755
2022-02-28_CO,2022-06-13_CO,120,300,0.11526185274124146,0.40180009603500366,0.4018000410823127,0.4018035961774919,0.40183899849019356,0.40217842364117395,0.40433984953798996,0.38618890666308114,0.2559999096744288,0.15290223668417674,0.40433984953799007,0.40433984953798996,0.40433984953798996,0.40433984953798996
2022-03-07_CO,2022-03-14_CO,7,10,0.12614239752292633,0.2235727608203888,-3.912475750958297,-3.0492150144270145,-1.291019073437208,-0.22348680175389035,0.13472301494691402,0.16647702122572472,0.14384374208958037,0.12942800901412757,0.14384374208958023,0.16647702122572472,0.16647702122572472,0.16647702122572472
2022-03-07_CO,2022-03-14_CO,7,20,0.12614239752292633,0.2235727608203888,-0.6738804581821125,-0.6652928142623917,-0.5890545392976033,-0.23837754000952244,0.1237702681137372,0.17941031181070058,0.14713728384994343,0.1302984429190674,0.17941031181070027,0.17941031181070058,0.17941031181070058,0.17941031181070058
2022-03-07_CO,2022-03-14_CO,7,50,0.12614239752292633,0.2235727608203888,-0.0019213023985211741,-0.0016418591215487943,0.0011185988416176351,0.02571202034267256,0.13722517341727325,0.2024398382780205,0.1597795805909545,0.13451722300911192,0.20243983827802048,0.2024398382780205,0.2024398382780205,0.2024398382780205
2022-03-07_CO,2022-03-14_CO,7,100,0.12614239752292633,0.2235727608203888,0.1262602843013946,0.12631468139832597,0.12685620036013764,0.13203637319375486,0.1673933331386101,0.21287653805141435,0.16952755604654635,0.13838437656031607,0.21287653805141396,0.21287653805141435,0.1673933331386101,0.21287653805141435
2022-03-07_CO,2022-03-14_CO,7,300,0.12614239752292633,0.2235727608203888,0.22357342498985752,0.2235782698759837,0.22362664257023046,0.2241028398230592,0.22818989220413818,0.23845161620340227,0.19391058554834953,0.14790317096558778,0.2384516162034024,0.23845161620340227,0.22818989220413818,0.22818989220413818
2022-03-07_CO,2022-04-04_CO,30,10,3.375113010406494e-05,0.21184949576854706,-2.577247817562535,-2.2603173383856414,-1.2193335083936552,-0.286636209450163,0.028140636103435285,0.03208581177015332,0.008307625998968532,0.0012324236205766004,0.0012324236205769612,0.03208581177015332,0.03208581177015332,0.03208581177015332
2022-03-07_CO,2022-04-04_CO,30,20,3.375113010406494e-05,0.21184949576854706,-0.9678566574568181,-0.9497756266167028,-0.8003121501826096,-0.2856940048201878,0.06282143203783372,0.056002179443886,0.015595024310283367,0.0027556393097844523,0.05600217944388686,0.06282143203783372,0.056002179443886,0.056002179443886
2022-03-07_CO,2022-04-04_CO,30,50,3.375113010406494e-05,0.21184949576854706,0.004636147731174545,0.00495430802216032,0.008079842794659842,0.0345725200697895,0.12423623394883015,0.09900948657065295,0.02758448420554735,0.005892629727962673,0.09900948657065292,0.12423623394883015,0.09900948657065295,0.09900948657065295
2022-03-07_CO,2022-04-04_CO,30,100,3.375113010406494e-05,0.21184949576854706,0.15991255543576144,0.15995348433756623,0.16035951665181336,0.1641127069330541,0.18261615667640596,0.144121972990263,0.043840853051669765,0.010354719667560908,0.14412197299026264,0.18261615667640596,0.18261615667640596,0.18261615667640596
2022-03-07_CO,2022-04-04_CO,30,300,3.375113010406494e-05,0.21184949576854706,0.21185014681157668,0.2118531327923166,0.21188286540680137,0.21216767901243497,0.2139444926014966,0.19595081946936851,0.08388530595453295,0.020315443676107547,0.21394449260149645,0.2139444926014966,0.2139444926014966,0.2139444926014966
2022-03-07_CO,2022-07-18_CO,120,10,0.0386165976524353,0.3213983178138733,-6.3170988294226795,-4.738932933247804,-1.9361743372453173,-0.3280007544407981,0.13121166445157656,0.11511169837328264,0.05874798953907431,0.04143288958145652,0.041432889581455606,0.13121166445157656,0.11511169837328264,0.11511169837328264
2022-03-07_CO,2022-07-18_CO,120,20,0.0386165976524353,0.3213983178138733,-0.9533404795395306,-0.9166474316468003,-0.6942329473651183,-0.1472020443180233,0.1900860630194184,0.14488379821084957,0.06825232600854356,0.04354741139508847,0.1900860630194189,0.1900860630194184,0.14488379821084957,0.14488379821084957
2022-03-07_CO,2022-07-18_CO,120,50,0.0386165976524353,0.3213983178138733,0.1111278397739924,0.11204449717792564,0.11991035469216063,0.16307994840603923,0.25507218572664325,0.2016449214932047,0.08895353163874692,0.04840230171816853,0.25507218572664314,0.25507218572664325,0.2016449214932047,0.2016449214932047
2022-03-07_CO,2022-07-18_CO,120,100,0.0386165976524353,0.3213983178138733,0.19461574723174943,0.19481033868512468,0.19665146820805057,0.2099834961735953,0.26190449718885844,0.2554769679005824,0.12164596133192623,0.05664990295992253,0.2619044971888579,0.26190449718885844,0.26190449718885844,0.26190449718885844
2022-03-07_CO,2022-07-18_CO,120,300,0.0386165976524353,0.3213983178138733,0.32139873621127196,0.3214134377325117,0.32155711049696856,0.32275966230625736,0.32886793405507136,0.31962622827615794,0.18590248226160172,0.07588355731987978,0.3288679340550716,0.32886793405507136,0.32886793405507136,0.32886793405507136
2022-04-04_CO,2022-04-11_CO,7,10,0.09340249001979828,0.252816379070282,-4.030568528532871,-3.142567389683988,-1.323289967309255,-0.24772085967607033,0.09420770375919396,0.11476585466821976,0.09776937660858748,0.09395646511905043,0.09395646511905004,0.11476585466821976,0.11476585466821976,0.11476585466821976
2022-04-04_CO,2022-04-11_CO,7,20,0.09340249001979828,0.252816379070282,-0.950058788661868,-0.9410517559722432,-0.8598315685634264,-0.45860428287747973,-0.0032441485605983755,0.1072615849981006,0.10223809809585005,0.09517747904370447,0.10726158499810062,0.1072615849981006,0.1072615849981006,0.1072615849981006
2022-04-04_CO,2022-04-11_CO,7,50,0.09340249001979828,0.252816379070282,-0.036162831883756213,-0.035916113063178906,-0.033480212666634646,-0.011885876363126185,0.08296202447699114,0.13318108777875012,0.10752827392742156,0.09638668944508377,0.13318108777875057,0.13318108777875012,0.13318108777875012,0.13318108777875012
2022-04-04_CO,2022-04-11_CO,7,100,0.09340249001979828,0.252816379070282,0.14289221360409046,0.14293426770977713,0.14335250876803757,0.14731512011657147,0.17197569886582612,0.17776071083845635,0.12120949226520322,0.09940850390258604,0.17776071083845674,0.17776071083845635,0.17197569886582612,0.17776071083845635
2022-04-04_CO,2022-04-11_CO,7,300,0.09340249001979828,0.252816379070282,0.2528170178370108,0.2528200060914836,0.25284980603903845,0.2531396527837755,0.255318386266283,0.2483615600330916,0.16390231068031366,0.11057373600362666,0.24836156003309223,0.255318386266283,0.255318386266283,0.255318386266283
2022-04-04_CO,2022-04-29_CO,30,10,0.05230942368507385,0.21057672798633575,-4.648243499436555,-4.083165661638056,-2.2474678079741484,-0.6322516189142774,-0.04759946782325858,0.04572227230980616,0.05316193206194994,0.0529100245150409,0.045722272309806244,0.05316193206194994,0.04572227230980616,0.04572227230980616
2022-04-04_CO,2022-04-29_CO,30,20,0.05230942368507385,0.21057672798633575,-1.0449606373922955,-1.0303915286825274,-0.9071565305283839,-0.424391903338215,0.023830451554120197,0.09348449729429734,0.06938941029036921,0.055467092455643296,0.02383045155412114,0.09348449729429734,0.09348449729429734,0.09348449729429734
2022-04-04_CO,2022-04-29_CO,30,50,0.05230942368507385,0.21057672798633575,-0.09144852636514642,-0.09093438293442846,-0.08588699045465217,-0.04333505028966447,0.10290109281824417,0.13530225208729302,0.08394616329034765,0.05946842484559556,0.10290109281824558,0.13530225208729302,0.13530225208729302,0.13530225208729302
2022-04-04_CO,2022-04-29_CO,30,100,0.05230942368507385,0.21057672798633575,0.04987314853742586,0.04999162533947324,0.05116842510750713,0.062186918578929384,0.12634731536009416,0.16602394718732008,0.10074728325939658,0.0654394739681202,0.12634731536009336,0.16602394718732008,0.12634731536009416,0.12634731536009416
2022-04-04_CO,2022-04-29_CO,30,300,0.05230942368507385,0.21057672798633575,0.210576942579082,0.21058555098802015,0.2106714374079318,0.2115108637526486,0.21824212369360824,0.22555926492717027,0.14679455914694303,0.08024705752583128,0.2182421236936082,0.22555926492717027,0.21824212369360824,0.21824212369360824
2022-04-04_CO,2022-08-01_CO,120,10,-0.02441081404685974,0.28954166173934937,-1.904738493703534,-1.79156339282151,-1.176801708460815,-0.2634432748630209,0.07435643482930704,0.037335108621442764,-0.010975649005192128,-0.02272683667610073,0.07435643482930704,0.07435643482930704,0.037335108621442764,0.037335108621442764
2022-04-04_CO,2022-08-01_CO,120,20,-0.02441081404685974,0.28954166173934937,-1.3740954235189444,-1.3384791581953996,-1.0988645186306734,-0.4067737179641603,0.07332785623098054,0.07437345966263659,-0.00043453665892007054,-0.021097219753993812,0.07332785623098129,0.07437345966263659,0.07437345966263659,0.07332785623098054
2022-04-04_CO,2022-08-01_CO,120,50,-0.02441081404685974,0.28954166173934937,-0.07786243149613079,-0.07696560967010965,-0.06869985310385465,-0.012381473286279338,0.15042003192792355,0.1432871111095824,0.027715012724663146,-0.014518932247471111,0.1504200319279237,0.15042003192792355,0.1432871111095824,0.1432871111095824
2022-04-04_CO,2022-08-01_CO,120,100,-0.02441081404685974,0.28954166173934937,0.12899477402359943,0.12915185687653077,0.13068832655118925,0.1438337814135115,0.2078973280388816,0.19938168183157723,0.05368836091411505,-0.007428886931973688,0.20789732803888178,0.2078973280388816,0.2078973280388816,0.2078973280388816
2022-04-04_CO,2022-08-01_CO,120,300,-0.02441081404685974,0.28954166173934937,0.28954203406626944,0.2895502092134428,0.2896306414967903,0.29032833061649277,0.29359586150041783,0.2755715564901525,0.13139460928375532,0.01576458539455,0.29359586150041767,0.29359586150041783,0.29359586150041783,0.29359586150041783
2022-04-05_RD,2022-04-06_RD,1,10,0.10042466223239899,0.24433718621730804,-6.945031555023952,-5.292935763948524,-2.012598542381821,-0.3426371230854179,0.10306806662102538,0.11727951730454844,0.10252529843666083,0.10127418565167398,0.10306806662102455,0.11727951730454844,0.11727951730454844,0.10252529843666083
2022-04-05_RD,2022-04-06_RD,1,20,0.10042466223239899,0.24433718621730804,-1.2132764441227895,-1.1885339605615466,-0.9892165669081838,-0.3288456715409675,0.1257274602672898,0.13873651108013066,0.10775465227143852,0.10173026370379368,0.1387365110801304,0.13873651108013066,0.13873651108013066,0.13873651108013066
2022-04-05_RD,2022-04-06_RD,1,50,0.10042466223239899,0.24433718621730804,-0.05645826435850465,-0.05588841707934186,-0.05033101256013936,-0.005081873413643634,0.14766925381938892,0.18289988648671535,0.124812127871431,0.10479525933207992,0.18289988648671532,0.18289988648671535,0.18289988648671535,0.18289988648671535
2022-04-05_RD,2022-04-06_RD,1,100,0.10042466223239899,0.24433718621730804,0.09780580710646089,0.09790477655625798,0.0988884060304516,0.1081646146767214,0.16566261631508436,0.21161836877549609,0.14399039764988233,0.10897747040126482,0.16566261631508342,0.21161836877549609,0.16566261631508436,0.21161836877549609
2022-04-05_RD,2022-04-06_RD,1,300,0.10042466223239899,0.24433718621730804,0.24433647172411074,0.24434691266055789,0.24445092834391638,0.24545441423235367,0.25313618002905247,0.26504087220683836,0.188703895900954,0.12161145958784672,0.2531361800290516,0.26504087220683836,0.25313618002905247,0.26504087220683836
2022-04-05_RD,2022-04-13_RD,7,10,0.15704569220542908,0.36477646231651306,-2.476754674277557,-2.2327013705775984,-1.2280976156612122,-0.20745325962860972,0.15269532040066924,0.17785167315422548,0.16815695965135932,0.1593977329738701,0.15269532040066863,0.17785167315422548,0.17785167315422548,0.17785167315422548
2022-04-05_RD,2022-04-13_RD,7,20,0.15704569220542908,0.36477646231651306,-0.5849348786433591,-0.5735862791046276,-0.47588900988910654,-0.08309102215268319,0.22404426311552517,0.2113258589847799,0.17338913189966862,0.16025376304231315,0.22404426311552442,0.22404426311552517,0.2113258589847799,0.2113258589847799
2022-04-05_RD,2022-04-13_RD,7,50,0.15704569220542908,0.36477646231651306,0.18912695298056595,0.18942076535675842,0.1923120866360367,0.2171708124519233,0.3053358934185493,0.2786579859473833,0.1937638934546814,0.1657633510559321,0.30533589341854916,0.3053358934185493,0.2786579859473833,0.2786579859473833
2022-04-05_RD,2022-04-13_RD,7,100,0.15704569220542908,0.36477646231651306,0.3016721362611148,0.3017294124576697,0.30229825305492164,0.30761604213516214,0.33738033541648316,0.32233583482773925,0.2167139913277458,0.1714362083718731,0.3373803354164829,0.33738033541648316,0.33738033541648316,0.32233583482773925
2022-04-05_RD,2022-04-13_RD,7,300,0.15704569220542908,0.36477646231651306,0.36477657736535507,0.3647818486821488,0.36483443619960965,0.36534793050278835,0.36940550148892987,0.36846645747353024,0.27437709507879093,0.18926118488661972,0.3694055014889308,0.36940550148892987,0.36940550148892987,0.36940550148892987
2022-04-05_RD,2022-05-10_RD,30,10,0.1410049945116043,0.36106857657432556,-4.505819447321868,-3.0066716223098053,-1.104204328187691,-0.08674276330614561,0.21358859657437576,0.18672850416202155,0.14852733263182952,0.1418188363747752,0.14181883637477544,0.21358859657437576,0.18672850416202155,0.18672850416202155
2022-04-05_RD,2022-05-10_RD,30,20,0.1410049945116043,0.36106857657432556,-0.4580127808450674,-0.4520379609798452,-0.397958476716347,-0.11855014452253698,0.22020684219898742,0.21774580750877073,0.15765784452002882,0.143447492543501,0.2202068421989877,0.22020684219898742,0.21774580750877073,0.21774580750877073
2022-04-05_RD,2022-05-10_RD,30,50,0.1410049945116043,0.36106857657432556,0.13973021216497367,0.1400798050952097,0.14351269584559556,0.17252356218251225,0.2707064283058169,0.25030118225337916,0.16757105569612474,0.14538260368919184,0.2707064283058177,0.2707064283058169,0.25030118225337916,0.2707064283058169
2022-04-05_RD,2022-05-10_RD,30,100,0.1410049945116043,0.36106857657432556,0.2775474993298124,0.27760048821129957,0.278126503749605,0.28302236073280895,0.309590202393914,0.29176813115776146,0.18917562874504673,0.14975110763914345,0.30959020239391444,0.309590202393914,0.309590202393914,0.309590202393914
2022-04-05_RD,2022-05-10_RD,30,300,0.1410049945116043,0.36106857657432556,0.36106805922840346,0.3610723259038119,0.36111485978756674,0.36152712463966397,0.3645265874338642,0.35483112122670707,0.24813792962136397,0.1638683428423806,0.3645265874338639,0.3645265874338642,0.3645265874338642,0.3645265874338642
2022-04-05_RD,2022-08-05_RD,120,10,0.15239259600639343,0.3604070544242859,-2.679316179463669,-2.340435012629817,-1.1219429579104565,-0.08183373241009301,0.21186208579781207,0.1953687119357854,0.16610031276268686,0.15463749114125902,0.21186208579781218,0.21186208579781207,0.1953687119357854,0.1953687119357854
2022-04-05_RD,2022-08-05_RD,120,20,0.15239259600639343,0.3604070544242859,-0.5290372377784059,-0.5176117749722828,-0.41945051037097214,-0.03435449360862927,0.23977954916924915,0.2139804030622098,0.1708590520159609,0.15604732959927015,0.23977954916924865,0.23977954916924915,0.2139804030622098,0.2139804030622098
2022-04-05_RD,2022-08-05_RD,120,50,0.15239259600639343,0.3604070544242859,0.1676115256592605,0.16792671727487563,0.17102278093481993,0.19723412798400453,0.2851772973592257,0.260418841018365,0.18433331711455628,0.15908467590535172,0.2851772973592258,0.2851772973592257,0.260418841018365,0.260418841018365
2022-04-05_RD,2022-08-05_RD,120,100,0.15239259600639343,0.3604070544242859,0.2974963906425607,0.2975429368995585,0.2980051282302705,0.3023177556890637,0.3258862052270438,0.3055347927362722,0.20741905153743798,0.16576100628049115,0.32588620522704403,0.3258862052270438,0.3258862052270438,0.3258862052270438
2022-04-05_RD,2022-08-05_RD,120,300,0.15239259600639343,0.3604070544242859,0.3604072502286939,0.36041159940343626,0.36045494567818837,0.36087411401778824,0.36385279551215466,0.3532088829304483,0.2506109198863392,0.17883298796144342,0.36385279551215466,0.36385279551215466,0.36385279551215466,0.36385279551215466
2022-04-05_RD,2023-06-22_RD,480,10,-0.03339536488056183,0.3046796917915344,-7.629764398280699,-5.58935100989814,-2.031149668226016,-0.335474392511603,0.06960952549281668,0.034583714796745935,-0.01400066528042121,-0.030048697103864264,0.06960952549281674,0.06960952549281668,0.034583714796745935,0.06960952549281668
2022-04-05_RD,2023-06-22_RD,480,20,-0.03339536488056183,0.3046796917915344,-1.0290424766267934,-1.013343203517252,-0.8769465016007671,-0.31685694039200635,0.10553255322160493,0.06838303136238622,-0.004100978436454739,-0.027638763209717948,0.10553255322160346,0.10553255322160493,0.06838303136238622,0.10553255322160493
2022-04-05_RD,2023-06-22_RD,480,50,-0.03339536488056183,0.3046796917915344,0.08311304989807416,0.08335265966332053,0.08570487057173673,0.10551076143325677,0.1676965125649233,0.117037162471823,0.01822502454297603,-0.02053156764442965,0.16769651256493073,0.1676965125649233,0.117037162471823,0.1676965125649233
2022-04-05_RD,2023-06-22_RD,480,100,-0.03339536488056183,0.3046796917915344,0.21678711272815976,0.21683899478299942,0.2173538335306208,0.22212611213713396,0.24622677889427277,0.19642758951912967,0.05181640803013854,-0.01068600738335837,0.24622677889427252,0.24622677889427277,0.24622677889427277,0.24622677889427277
2022-04-05_RD,2023-06-22_RD,480,300,-0.03339536488056183,0.3046796917915344,0.3046788653814442,0.30468128472041606,0.30470536567121387,0.3049351004693761,0.3062726302432146,0.28457201555591527,0.12848977476137308,0.012243714133199829,0.30627263024321494,0.3062726302432146,0.3062726302432146,0.3062726302432146
2022-04-25_CO,2022-04-27_CO,1,10,0.08879783749580383,0.2066907286643982,-5.064402109141685,-4.502596227515061,-2.57485493832756,-0.6885669549386075,0.010684859520017964,0.11161866740500012,0.09748775798057466,0.0901777808744442,0.09748775798057532,0.11161866740500012,0.11161866740500012,0.09748775798057466
2022-04-25_CO,2022-04-27_CO,1,20,0.08879783749580383,0.2066907286643982,-1.9990511727010871,-1.9581354708075887,-1.6317310535434602,-0.6282820850897579,0.028028885300749845,0.13097572241723932,0.1072372731323884,0.09166198660942798,0.13097572241723882,0.13097572241723932,0.13097572241723932,0.13097572241723932
2022-04-25_CO,2022-04-27_CO,1,50,0.08879783749580383,0.2066907286643982,-0.08582501613389901,-0.08527370613825988,-0.07985982236290295,-0.03404970846324293,0.12965531043944847,0.18227611530988871,0.12827719165924048,0.09638192109595353,0.18227611530988858,0.18227611530988871,0.18227611530988871,0.18227611530988871
2022-04-25_CO,2022-04-27_CO,1,100,0.08879783749580383,0.2066907286643982,0.019183069573965872,0.019297526846333096,0.020435147585247337,0.031155980431540886,0.09734166315113366,0.17071532267122488,0.14002062688134423,0.10221497354438916,0.17071532267122488,0.17071532267122488,0.09734166315113366,0.17071532267122488
2022-04-25_CO,2022-04-27_CO,1,300,0.08879783749580383,0.2066907286643982,0.2066908309825372,0.20669807825221656,0.20677038159299296,0.20747676823790842,0.2131226750879043,0.22002398669365736,0.16964641328123065,0.11781312890376228,0.2200239866936568,0.22002398669365736,0.2131226750879043,0.22002398669365736
2022-04-25_CO,2022-08-22_CO,120,10,-0.02365782856941223,0.31555312871932983,-3.969920231603694,-3.5315290077863204,-1.880167578659618,-0.4368585709187308,0.005759123099786184,0.008145663350376114,-0.020877802330267925,-0.023183396167538395,0.0057591230997867116,0.008145663350376114,0.008145663350376114,0.008145663350376114
2022-04-25_CO,2022-08-22_CO,120,20,-0.02365782856941223,0.31555312871932983,-0.9920825619910665,-0.9796218484124074,-0.8708986554187863,-0.40209460650560785,0.03254732961868681,0.03323853039594202,-0.012507566791572222,-0.021631472666897217,0.03254732961868695,0.03323853039594202,0.03323853039594202,0.03254732961868681
2022-04-25_CO,2022-08-22_CO,120,50,-0.02365782856941223,0.31555312871932983,-0.10339139048521345,-0.1029444568045943,-0.09854677628689412,-0.060738529557889526,0.07840728447273601,0.08280676535262343,0.0014573038050289533,-0.01967947484857674,0.07840728447273618,0.08280676535262343,0.08280676535262343,0.08280676535262343
2022-04-25_CO,2022-08-22_CO,120,100,-0.02365782856941223,0.31555312871932983,0.12905065060952298,0.12912930081764332,0.12991090565418373,0.13726221259828567,0.18051578629499943,0.1699194957425,0.030989164043993933,-0.015192671463967466,0.1805157862949999,0.18051578629499943,0.18051578629499943,0.18051578629499943
2022-04-25_CO,2022-08-22_CO,120,300,-0.02365782856941223,0.31555312871932983,0.31555357893398883,0.3155585095793717,0.315607623894402,0.3160798631091171,0.31918077888554997,0.29432882474171146,0.11412269698633468,0.0011910004126504392,0.3191807788855496,0.31918077888554997,0.31918077888554997,0.31918077888554997
2022-06-02_RD,2022-09-30_RD,120,10,0.033688873052597046,0.3539573550224304,-3.9218063487694668,-3.151013572858365,-1.2775970337338594,-0.20929609648135855,0.12226469579752977,0.1388276700714017,0.10776318025766402,0.04827708811968601,0.12226469579753138,0.1388276700714017,0.1388276700714017,0.1388276700714017
2022-06-02_RD,2022-09-30_RD,120,20,0.033688873052597046,0.3539573550224304,-0.822968396926727,-0.8084896506478533,-0.6854574345124574,-0.2070332230655639,0.1755686953293445,0.16758133228104646,0.11909277875036281,0.05645390442144421,0.16758133228104638,0.1755686953293445,0.16758133228104646,0.16758133228104646
2022-06-02_RD,2022-09-30_RD,120,50,0.033688873052597046,0.3539573550224304,0.08801774166253915,0.0884957085666247,0.0931835096822079,0.1323879381787686,0.259628516985648,0.241327302552027,0.1509087228812294,0.07993494227286482,0.25962851698564793,0.259628516985648,0.241327302552027,0.241327302552027
2022-06-02_RD,2022-09-30_RD,120,100,0.033688873052597046,0.3539573550224304,0.2659287808331293,0.266002091576045,0.2667294709696938,0.27346696778106233,0.30895995296781786,0.2918474742562773,0.17616979469201494,0.10032721928298188,0.3089599529678172,0.30895995296781786,0.30895995296781786,0.30895995296781786
2022-06-02_RD,2022-09-30_RD,120,300,0.033688873052597046,0.3539573550224304,0.35395690919199124,0.3539648593779432,0.35404412512615985,0.3548136120676748,0.36056458724980944,0.3557906383478023,0.24025622861342755,0.1417427807255967,0.3605645872498089,0.36056458724980944,0.36056458724980944,0.36056458724980944
2022-06-02_RD,2023-06-22_RD,480,10,0.025612428784370422,0.3046796917915344,-7.482249920160224,-5.45702590563651,-1.9548931384706654,-0.32007655784078093,0.07599791826060737,0.07695347264097763,0.045432937371608306,0.029637709696280906,0.07695347264097749,0.07695347264097763,0.07695347264097763,0.07599791826060737
2022-06-02_RD,2023-06-22_RD,480,20,0.025612428784370422,0.3046796917915344,-1.0289398246636465,-1.0123361642929667,-0.8685712610751828,-0.2956857254866522,0.10604716266574679,0.1049687481395962,0.054678310585611456,0.03324152004811423,0.104968748139597,0.10604716266574679,0.1049687481395962,0.10604716266574679
2022-06-02_RD,2023-06-22_RD,480,50,0.025612428784370422,0.3046796917915344,0.0831006421398372,0.08322854251345169,0.08446068573563081,0.09339852818523664,0.11727523926626882,0.11274919406647843,0.06240397367377601,0.03981733737064197,0.11727523926627872,0.11727523926626882,0.11274919406647843,0.11727523926626882
2022-06-02_RD,2023-06-22_RD,480,100,0.025612428784370422,0.3046796917915344,0.2167865059566499,0.21683293060100323,0.21729354344912102,0.22155687792183973,0.24285027373384946,0.20061895832525012,0.08841667548170296,0.045467782023518366,0.24285027373384943,0.24285027373384946,0.24285027373384946,0.24285027373384946
2022-06-02_RD,2023-06-22_RD,480,300,0.025612428784370422,0.3046796917915344,0.3046788627578999,0.3046812585533146,0.3047051108311404,0.3049332331959431,0.30631959675503406,0.28871145193466596,0.1621210262351922,0.06624175504498203,0.3063195967550339,0.30631959675503406,0.30631959675503406,0.30631959675503406
2022-08-01_CO,2022-08-08_CO,7,10,0.11754052340984344,0.34786468744277954,-2.6176191468999344,-2.4309472743779414,-1.4766299875615814,-0.24648668220629696,0.19357774403779443,0.18411989932019715,0.13977711761791212,0.12118758500850438,0.19357774403779524,0.19357774403779443,0.18411989932019715,0.18411989932019715
2022-08-01_CO,2022-08-08_CO,7,20,0.11754052340984344,0.34786468744277954,-1.1703037298334888,-1.1373378735998614,-0.883402888971094,-0.17041249876548215,0.23252107580960765,0.20929330495103685,0.14647420468261008,0.12287675037151743,0.2325210758096076,0.23252107580960765,0.20929330495103685,0.20929330495103685
2022-08-01_CO,2022-08-08_CO,7,50,0.11754052340984344,0.34786468744277954,0.08212682138894836,0.08267549853138312,0.08805136385452605,0.13258434595513868,0.26978689064245853,0.2508827225208476,0.16221188232700678,0.12828503478437814,0.26978689064245875,0.26978689064245853,0.2508827225208476,0.2508827225208476
2022-08-01_CO,2022-08-08_CO,7,100,0.11754052340984344,0.34786468744277954,0.2713360790986835,0.27142367923790656,0.27229278544611635,0.2803387491492251,0.32257009259247976,0.3010512931501995,0.18208044763375858,0.13491136483056676,0.3225700925924797,0.32257009259247976,0.32257009259247976,0.3010512931501995
2022-08-01_CO,2022-08-08_CO,7,300,0.11754052340984344,0.34786468744277954,0.34786505034696,0.3478725640445788,0.3479475039247566,0.3486775008237289,0.3543047394702852,0.35006789886276235,0.23046483781555946,0.15009302644495115,0.35430473947028573,0.3543047394702852,0.3543047394702852,0.3543047394702852
2022-08-01_CO,2022-09-01_CO,30,10,0.043499112129211426,0.25459417700767517,-1.7736132212211355,-1.7022369103792745,-1.2412781860535174,-0.3353018223008593,0.07811942341899145,0.10369122649073892,0.072470466037371,0.048754734931503924,0.07247046603737187,0.10369122649073892,0.10369122649073892,0.10369122649073892
2022-08-01_CO,2022-09-01_CO,30,20,0.043499112129211426,0.25459417700767517,-1.5191935681271485,-1.479673296458285,-1.1865197113580428,-0.4250451431072349,0.061370451400014764,0.1097375390785511,0.08021304096237397,0.052627822877053476,0.061370451400016124,0.1097375390785511,0.1097375390785511,0.1097375390785511
2022-08-01_CO,2022-09-01_CO,30,50,0.043499112129211426,0.25459417700767517,-0.05519343250059858,-0.05455404127264435,-0.04830347864401904,0.0025746227604703242,0.15337696978354606,0.15908884805330042,0.10788554092171918,0.06903869990816089,0.153376969783546,0.15908884805330042,0.15908884805330042,0.15337696978354606
2022-08-01_CO,2022-09-01_CO,30,100,0.043499112129211426,0.25459417700767517,0.1534756268567501,0.15357432665147183,0.15455318425317616,0.16358553250775115,0.21084559951651485,0.2086747078154909,0.12246569756933387,0.07462002154367708,0.21084559951651471,0.21084559951651485,0.21084559951651485,0.21084559951651485
2022-08-01_CO,2022-09-01_CO,30,300,0.043499112129211426,0.25459417700767517,0.25459314215328105,0.25460052395404165,0.2546741011972539,0.2553862902521286,0.26055723630297645,0.25233052019924185,0.15326362341466163,0.09009514479901251,0.2605572363029762,0.26055723630297645,0.26055723630297645,0.26055723630297645
2022-08-01_CO,2022-12-09_CO,120,10,0.13028985261917114,0.26583993434906006,-1.2105882262718644,-1.1383773158119048,-0.72535312494698,-0.10072787578395512,0.1492975680526403,0.1504564511005007,0.13559553353972972,0.13109997231400575,0.14929756805264086,0.1504564511005007,0.1504564511005007,0.1504564511005007
2022-08-01_CO,2022-12-09_CO,120,20,0.13028985261917114,0.26583993434906006,-0.6893391169856902,-0.6707731343516343,-0.5264592208430567,-0.10683407185870725,0.15989737122961994,0.16719883202605335,0.14044801682891575,0.13210726992801627,0.15989737122961944,0.16719883202605335,0.16719883202605335,0.16719883202605335
2022-08-01_CO,2022-12-09_CO,120,50,0.13028985261917114,0.26583993434906006,0.03992656328553343,0.04030417503092504,0.04400857283345608,0.07507690860795693,0.1815967230989494,0.20041553599149847,0.1520390152164803,0.13473455343312818,0.2004155359914983,0.20041553599149847,0.20041553599149847,0.20041553599149847
2022-08-01_CO,2022-12-09_CO,120,100,0.13028985261917114,0.26583993434906006,0.18921555872462134,0.18927688196356737,0.18988569365273666,0.1955590339516995,0.2272691208993387,0.230894595276871,0.1642768161694192,0.13741785576605212,0.2272691208993378,0.230894595276871,0.2272691208993387,0.2272691208993387
2022-08-01_CO,2022-12-09_CO,120,300,0.13028985261917114,0.26583993434906006,0.2658395960766965,0.2658450947355542,0.2658999364641983,0.266434108672178,0.27055877970622516,0.26934836375467264,0.1967810301724294,0.14673459279587886,0.27055877970622616,0.27055877970622516,0.27055877970622516,0.27055877970622516
2022-08-25_RD,2022-08-31_RD,7,10,0.12932348251342773,0.34967321157455444,-1.285231406375554,-1.2037402685613827,-0.7558536151745298,-0.09333517268845157,0.17239216022857407,0.16325436599354418,0.1397584290742412,0.13092387808404146,0.16325436599354426,0.17239216022857407,0.16325436599354418,0.16325436599354418
2022-08-25_RD,2022-08-31_RD,7,20,0.12932348251342773,0.34967321157455444,-0.9600201624886386,-0.9367280632532908,-0.7544005415032804,-0.19620764025578433,0.17748442043006296,0.18229798210716844,0.1475154601432855,0.13302604245684757,0.18229798210716844,0.18229798210716844,0.18229798210716844,0.18229798210716844
2022-08-25_RD,2022-08-31_RD,7,50,0.12932348251342773,0.34967321157455444,0.13794280010047738,0.13827824757717255,0.14157019559262152,0.1691989120157529,0.2570082882334441,0.23184016150213466,0.1628830023286466,0.1374840660516469,0.2570082882334442,0.2570082882334441,0.23184016150213466,0.23184016150213466
2022-08-25_RD,2022-08-31_RD,7,100,0.12932348251342773,0.34967321157455444,0.28402312622741976,0.28407200458555615,0.28455706309628326,0.28905725717233144,0.312592207573058,0.28581120565193485,0.18408169754898462,0.14327203727708837,0.31259220757305795,0.312592207573058,0.312592207573058,0.28581120565193485
2022-08-25_RD,2022-08-31_RD,7,300,0.12932348251342773,0.34967321157455444,0.3496730830245892,0.349675940690909,0.3497044052046037,0.3499780220431422,0.3517724749737043,0.3379062606700894,0.23546458615408392,0.1596653275240825,0.3517724749737048,0.3517724749737043,0.3517724749737043,0.3517724749737043
2022-08-25_RD,2022-09-21_RD,30,10,0.02580101788043976,0.2711000442504883,-3.4500548906277095,-3.072082614784578,-1.6946271352220181,-0.4043539497558528,0.03002521713480355,0.06755858564826905,0.049384960267097044,0.03012058137325488,0.049384960267097794,0.06755858564826905,0.06755858564826905,0.06755858564826905
2022-08-25_RD,2022-09-21_RD,30,20,0.02580101788043976,0.2711000442504883,-2.2538532624378225,-1.5764099845789636,-0.663215310407246,-0.2219659455995888,0.07540353630447505,0.07762224094723355,0.05698511160764086,0.034461790978047274,0.07540353630447602,0.07762224094723355,0.07762224094723355,0.07762224094723355
2022-08-25_RD,2022-09-21_RD,30,50,0.02580101788043976,0.2711000442504883,-1.0782503632131992,-0.9293193932545469,-0.27269260016790764,0.062191839981463964,0.1383850226758698,0.12175345887754727,0.07012524478309506,0.042337358580063156,0.13838502267587124,0.1383850226758698,0.12175345887754727,0.12175345887754727
2022-08-25_RD,2022-09-21_RD,30,100,0.02580101788043976,0.2711000442504883,0.0013094446055981201,0.0016121775344950517,0.004596524950131686,0.030684865216648233,0.13699232637460687,0.16695969794536902,0.09281462270775953,0.0520848384291934,0.13699232637460787,0.16695969794536902,0.13699232637460687,0.13699232637460687
2022-08-25_RD,2022-09-21_RD,30,300,0.02580101788043976,0.2711000442504883,0.2710997367786467,0.27110576135235964,0.27116578825200544,0.2717447082960983,0.27581884370142307,0.2660997024521124,0.15512653397672813,0.0727902023590313,0.2758188437014236,0.27581884370142307,0.27581884370142307,0.27581884370142307
2022-08-25_RD,2023-01-10_RD,120,10,0.031212016940116882,0.3034535348415375,-10.991414704774183,-5.543791414276452,-1.814026587539778,-0.32592535199665895,0.12080100872645749,0.14077512428090927,0.08473208722187228,0.0412637686406048,0.1208010087264573,0.14077512428090927,0.14077512428090927,0.14077512428090927
2022-08-25_RD,2023-01-10_RD,120,20,0.031212016940116882,0.3034535348415375,-0.3782319701330592,-0.3735480675700672,-0.33061447064848637,-0.09922722050583904,0.1912622549343948,0.21115451052944603,0.14063966932237287,0.0640343983361922,0.191262254934395,0.21115451052944603,0.21115451052944603,0.21115451052944603
2022-08-25_RD,2023-01-10_RD,120,50,0.031212016940116882,0.3034535348415375,0.0883462559038512,0.08866834204986326,0.09184092596052001,0.11937680144715548,0.22656533386055844,0.24588086837295206,0.1632074686636446,0.0850877735575978,0.22656533386055797,0.24588086837295206,0.24588086837295206,0.24588086837295206
2022-08-25_RD,2023-01-10_RD,120,100,0.031212016940116882,0.3034535348415375,0.22820017347400715,0.2282598594943138,0.2288526378574624,0.23439629865435857,0.2661776556862862,0.2703078592532529,0.18213062021567386,0.1055575842197572,0.26617765568628604,0.2703078592532529,0.2661776556862862,0.2661776556862862
2022-08-25_RD,2023-01-10_RD,120,300,0.031212016940116882,0.3034535348415375,0.30345316222875274,0.3034581537367849,0.30350793487216066,0.30399257841172955,0.3077158782390872,0.30542185917999876,0.22363118849026314,0.13898040042459067,0.3077158782390874,0.3077158782390872,0.3077158782390872,0.3077158782390872
2022-08-31_RD,2022-09-06_RD,7,10,0.3000040650367737,0.3644106984138489,-4.222513482139096,-3.7044595500787123,-1.9055350288919073,-0.3300149676153472,0.223973787017688,0.30526797723093696,0.3062654290616623,0.3024647445509727,0.30526797723093685,0.3062654290616623,0.30526797723093696,0.30526797723093696
2022-08-31_RD,2022-09-06_RD,7,20,0.3000040650367737,0.3644106984138489,-1.456408396423038,-1.4278533068802197,-1.1937139876502443,-0.40086821447157595,0.19461776445458445,0.30634683678168695,0.30515316363720735,0.3035249983567626,0.3063468367816867,0.30634683678168695,0.30634683678168695,0.30634683678168695
2022-08-31_RD,2022-09-06_RD,7,50,0.3000040650367737,0.3644106984138489,0.04478899109684922,0.04526968800916234,0.05000048928945433,0.09081510484487951,0.251563400768964,0.3364736097981895,0.3163148528611216,0.30506726584059496,0.33647360979818974,0.3364736097981895,0.3364736097981895,0.3364736097981895
2022-08-31_RD,2022-09-06_RD,7,100,0.3000040650367737,0.3644106984138489,0.26618680525695493,0.2662556606205973,0.2669397349008662,0.27336060496777814,0.31203645398964985,0.3485196126049893,0.3215954698035371,0.30678754895860416,0.3485196126049893,0.3485196126049893,0.31203645398964985,0.3485196126049893
2022-08-31_RD,2022-09-06_RD,7,300,0.3000040650367737,0.3644106984138489,0.3644108661088029,0.3644152090602513,0.3644585273865911,0.36488080998370714,0.368194477824818,0.371458864666544,0.33679572050314693,0.3113094449899935,0.3714588646665434,0.371458864666544,0.368194477824818,0.368194477824818
2022-08-31_RD,2022-09-30_RD,30,10,0.17358963191509247,0.3539573550224304,-3.907713517494071,-3.140624446734364,-1.2700801653868026,-0.19828027844716006,0.13246802831199914,0.18864167576681817,0.19065051800979624,0.17710426454644146,0.13246802831200016,0.19065051800979624,0.18864167576681817,0.18864167576681817
2022-08-31_RD,2022-09-30_RD,30,20,0.17358963191509247,0.3539573550224304,-0.8230370426635059,-0.8091631564755666,-0.6911043912433461,-0.2248612258225074,0.1883138531865941,0.22521910093339378,0.19602405703201936,0.17871391600265135,0.22521910093339417,0.22521910093339378,0.22521910093339378,0.22521910093339378
2022-08-31_RD,2022-09-30_RD,30,50,0.17358963191509247,0.3539573550224304,0.08801431542797622,0.08846155949927004,0.09285312331149453,0.13000493677069505,0.2624961561315385,0.2778707231415045,0.21024258167468127,0.18510432974127383,0.26249615613153815,0.2778707231415045,0.2778707231415045,0.2624961561315385
2022-08-31_RD,2022-09-30_RD,30,100,0.17358963191509247,0.3539573550224304,0.2659281439909811,0.265995733776926,0.2666669469212197,0.27293935775686906,0.3088934036099006,0.31594863457786787,0.22938422644039877,0.19104462039777606,0.3088934036099007,0.31594863457786787,0.3088934036099006,0.3088934036099006
2022-08-31_RD,2022-09-30_RD,30,300,0.17358963191509247,0.3539573550224304,0.35395679915062656,0.35396375956923576,0.35403318740787626,0.3547101480785072,0.36001620792384964,0.36298912172161774,0.2770730824690377,0.20603988032234752,0.3600162079238489,0.36298912172161774,0.36001620792384964,0.36001620792384964
2022-08-31_RD,2023-01-10_RD,120,10,0.13139155507087708,0.3034535348415375,-10.995657153821524,-5.549922478119857,-1.8054361443491995,-0.30728356392852624,0.1305635306914121,0.12698810659575652,0.12022654023913884,0.12982281104041274,0.13056353069141224,0.1305635306914121,0.12698810659575652,0.12698810659575652
2022-08-31_RD,2023-01-10_RD,120,20,0.13139155507087708,0.3034535348415375,-0.37825457419392855,-0.37377116043627906,-0.33258371817040044,-0.10754264997567087,0.1866424059837515,0.2070580861368573,0.15416064040284144,0.13593725957241481,0.18664240598375212,0.2070580861368573,0.2070580861368573,0.2070580861368573
2022-08-31_RD,2023-01-10_RD,120,50,0.13139155507087708,0.3034535348415375,0.08834699249221434,0.08867568778503443,0.09191241852188006,0.11993646730202048,0.22862502007413682,0.24736586254297466,0.16568370230775797,0.13764805188497362,0.22862502007413651,0.24736586254297466,0.24736586254297466,0.24736586254297466
2022-08-31_RD,2023-01-10_RD,120,100,0.13139155507087708,0.3034535348415375,0.22820015092573706,0.22825963649819717,0.22885065382405476,0.23439855000698892,0.2671380991629368,0.27619840956555486,0.1841162858286686,0.14151032216311982,0.2671380991629366,0.27619840956555486,0.2671380991629368,0.2671380991629368
2022-08-31_RD,2023-01-10_RD,120,300,0.13139155507087708,0.3034535348415375,0.30345330810833826,0.3034596125036094,0.30352251962649557,0.3041381249373449,0.3091343897814298,0.3154556184204676,0.23693593079339872,0.15705906048826943,0.3091343897814297,0.3154556184204676,0.3091343897814298,0.3091343897814298
2022-09-19_CO,2022-09-21_CO,1,10,0.21553286910057068,0.26649296283721924,-4.00271219997475,-3.545200555585091,-1.8900207061541994,-0.3946427546452939,0.1284049633412077,0.2128889166967687,0.21502264157947124,0.21559177076384378,0.2155917707638437,0.21559177076384378,0.2128889166967687,0.2128889166967687
2022-09-19_CO,2022-09-21_CO,1,20,0.21553286910057068,0.26649296283721924,-1.1563911211616567,-1.1359810947678344,-0.9673834101645339,-0.3715168562386488,0.11928000044322323,0.22301767554812973,0.22103469979332288,0.21663425643269277,0.21663425643269277,0.22301767554812973,0.22301767554812973,0.22301767554812973
2022-09-19_CO,2022-09-21_CO,1,50,0.21553286910057068,0.26649296283721924,-0.02224473374146438,-0.021769405922658747,-0.01711509766236352,0.021511239339256888,0.15988095693709273,0.23033697826980995,0.22080761036170032,0.21718512456209044,0.22080761036170118,0.23033697826980995,0.23033697826980995,0.23033697826980995
2022-09-19_CO,2022-09-21_CO,1,100,0.21553286910057068,0.26649296283721924,0.1680805346691165,0.1681462211935215,0.16879854895897328,0.17490077203113938,0.21136105754956855,0.24725887150612583,0.23031933491319997,0.21972080567051822,0.24725887150612566,0.24725887150612583,0.21136105754956855,0.24725887150612583
2022-09-19_CO,2022-09-21_CO,1,300,0.21553286910057068,0.26649296283721924,0.26649211910867576,0.2664985592447354,0.266562780708177,0.26718749834179956,0.27205690558041296,0.28008691354500836,0.2510881508276639,0.22750821481726416,0.28008691354500825,0.28008691354500836,0.27205690558041296,0.28008691354500836
2022-09-19_CO,2022-09-26_CO,7,10,0.23109230399131775,0.35343819856643677,-2.3963218451149757,-2.2574156795702702,-1.4868538289452955,-0.29589329998588565,0.19482706510689582,0.2593206640124105,0.2494567881614653,0.2345776816453077,0.23457768164530707,0.2593206640124105,0.2593206640124105,0.2593206640124105
2022-09-19_CO,2022-09-26_CO,7,20,0.23109230399131775,0.35343819856643677,-10.45171147436264,-3.435390166193882,-1.5407955926541246,-0.4271690105735073,0.1682743929942724,0.26766916266874663,0.2536375210310799,0.23585166576382652,0.16827439299427246,0.26766916266874663,0.26766916266874663,0.26766916266874663
2022-09-19_CO,2022-09-26_CO,7,50,0.23109230399131775,0.35343819856643677,-3.03966503580366,-1.6620549911966025,-0.5291866168939183,-0.15079828447429322,0.20385877427222593,0.2912305444087415,0.266849333271124,0.24035590239173882,0.29123054440874035,0.2912305444087415,0.2912305444087415,0.2912305444087415
2022-09-19_CO,2022-09-26_CO,7,100,0.23109230399131775,0.35343819856643677,-3.4666132280276054,-2.9212212498535153,-0.9805860484340782,-0.03322421782051563,0.21108408153832048,0.3100357555474057,0.28279759036917673,0.24718209393853938,0.31003575554740637,0.3100357555474057,0.21108408153832048,0.3100357555474057
2022-09-19_CO,2022-09-26_CO,7,300,0.23109230399131775,0.35343819856643677,0.35343948002525283,0.35344900090532727,0.35354380518292994,0.35445493203485634,0.36129396689480753,0.3698668276743035,0.3199320310104672,0.26572116209229746,0.3698668276743034,0.3698668276743035,0.36129396689480753,0.36129396689480753
2022-11-07_CO,2022-12-09_CO,30,10,0.16080251336097717,0.26583993434906006,-1.2065354049548578,-1.1329638933959796,-0.7139041248837987,-0.09427931595223837,0.16102170584767594,0.18286603144826924,0.16877522830979344,0.16202681328131957,0.16102170584767642,0.18286603144826924,0.18286603144826924,0.18286603144826924
2022-11-07_CO,2022-12-09_CO,30,20,0.16080251336097717,0.26583993434906006,-0.6894131457640928,-0.6714840386558572,-0.5315099797342708,-0.1176992985828034,0.16096923215504874,0.19343296858897727,0.17318651701214527,0.16314169511801382,0.16096923215504821,0.19343296858897727,0.19343296858897727,0.19343296858897727
2022-11-07_CO,2022-12-09_CO,30,50,0.16080251336097717,0.26583993434906006,0.039930302629805015,0.04034147837277266,0.04437282159530992,0.07802013397892557,0.19131178777713193,0.2185418816592328,0.18245441612308191,0.16588787454242102,0.21854188165923263,0.2185418816592328,0.2185418816592328,0.19131178777713193
2022-11-07_CO,2022-12-09_CO,30,100,0.16080251336097717,0.26583993434906006,0.18921576932608616,0.1892789897073585,0.18990694151494372,0.1957862805826605,0.22991153128240488,0.24440655297857566,0.19346814142816884,0.16954178082894988,0.22991153128240419,0.24440655297857566,0.22991153128240488,0.22991153128240488
2022-11-07_CO,2022-12-09_CO,30,300,0.16080251336097717,0.26583993434906006,0.26583951384201154,0.2658442726180308,0.2658917381898237,0.2663543838677045,0.26995875310002226,0.2707719260789314,0.21791962805640538,0.17759133557993514,0.2699587531000231,0.2707719260789314,0.26995875310002226,0.26995875310002226
2023-01-13_RD,2023-02-13_RD,30,10,-0.11239214241504669,0.2149897813796997,-2.3839765652951446,-2.1641282079685076,-1.2575596318017568,-0.3484603423531475,-0.05652817400272658,-0.07547927983861627,-0.1046698088494458,-0.11137932510794438,-0.056528174002726805,-0.05652817400272658,-0.07547927983861627,-0.07547927983861627
2023-01-13_RD,2023-02-13_RD,30,20,-0.11239214241504669,0.2149897813796997,-0.8104151973250469,-0.7944969428747799,-0.6643168915607602,-0.233250943331148,0.030560023745119236,-0.03398301654435265,-0.09584430688954329,-0.10995747615245022,0.03056002374511871,0.030560023745119236,-0.03398301654435265,-0.03398301654435265
2023-01-13_RD,2023-02-13_RD,30,50,-0.11239214241504669,0.2149897813796997,-0.06751386846513918,-0.06710144848534014,-0.06305543858274845,-0.02915795440720159,0.08018343361926902,0.036857712651022445,-0.07353804144996301,-0.1057174184740872,0.08018343361926872,0.08018343361926902,0.036857712651022445,0.036857712651022445
2023-01-13_RD,2023-02-13_RD,30,100,-0.11239214241504669,0.2149897813796997,0.10685986399285866,0.10692412347378863,0.10756146032599584,0.11344180971303355,0.1427064182923501,0.0971890401589795,-0.046862544297447434,-0.09965928580905842,0.14270641829235034,0.1427064182923501,0.1427064182923501,0.1427064182923501
2023-01-13_RD,2023-02-13_RD,30,300,-0.11239214241504669,0.2149897813796997,0.2149888004850789,0.21499351991326762,0.21504049507538142,0.2154887483834357,0.21817285898541425,0.190441532302909,0.023339826393630914,-0.08362591340597075,0.21817285898541375,0.21817285898541425,0.21817285898541425,0.21817285898541425
2023-01-13_RD,2023-05-17_RD,120,10,-0.11216643452644348,0.23088334500789642,-3.6664689296152,-3.1193432324559036,-1.551318861911778,-0.38075903391465427,-0.042949157097867646,-0.060425182278664,-0.09705813444154349,-0.10931421108652029,-0.04294915709786734,-0.042949157097867646,-0.060425182278664,-0.060425182278664
2023-01-13_RD,2023-05-17_RD,120,20,-0.11216643452644348,0.23088334500789642,-0.6570975808236326,-0.6479136257634965,-0.5676805104922418,-0.22431098411229833,0.05578541723478023,-0.0060848506831982785,-0.0794845869676084,-0.10510373498378811,0.05578541723477998,0.05578541723478023,-0.0060848506831982785,0.05578541723478023
2023-01-13_RD,2023-05-17_RD,120,50,-0.11216643452644348,0.23088334500789642,-0.019725616569154475,-0.019373005948681382,-0.01590915436217233,0.0134169408100068,0.1102878130186469,0.06853323582968926,-0.04916563177233385,-0.09390686043499835,0.11028781301864723,0.1102878130186469,0.06853323582968926,0.06853323582968926
2023-01-13_RD,2023-05-17_RD,120,100,-0.11216643452644348,0.23088334500789642,0.12358446149186925,0.12365171477043527,0.12431918345983745,0.1305168472306218,0.1631180364631369,0.1299524252043855,-0.017913848392929144,-0.08334962892203757,0.16311803646313633,0.1631180364631369,0.1631180364631369,0.1631180364631369
2023-01-13_RD,2023-05-17_RD,120,300,-0.11216643452644348,0.23088334500789642,0.2308813198595082,0.2308859556752733,0.23093210419817148,0.23137301951271874,0.2340606464951182,0.2090498533513901,0.05197442916052719,-0.0626611916349803,0.23406064649511824,0.2340606464951182,0.2340606464951182,0.2340606464951182
2023-02-24_RD,2023-03-28_RD,30,10,0.07535237073898315,0.3068051040172577,-14.699388553178673,-6.142119281116432,-2.194367216464726,-0.44533016752081556,0.073188979576713,0.11038467149934422,0.08227653599629317,0.07644055033676883,0.07318897957671303,0.11038467149934422,0.11038467149934422,0.11038467149934422
2023-02-24_RD,2023-03-28_RD,30,20,0.07535237073898315,0.3068051040172577,-0.9926393941514091,-0.9796663797483998,-0.8659602564938178,-0.3695633720791919,0.10439146420840284,0.14232302690099885,0.08969360429043399,0.07768012362135601,0.10439146420840231,0.14232302690099885,0.14232302690099885,0.14232302690099885
2023-02-24_RD,2023-03-28_RD,30,50,0.07535237073898315,0.3068051040172577,0.08363032013869723,0.08393949738264506,0.08698297915598116,0.11323830564904472,0.21004546413081807,0.19461443364184494,0.10501143199993673,0.08023192258869258,0.2100454641308183,0.21004546413081807,0.19461443364184494,0.21004546413081807
2023-02-24_RD,2023-03-28_RD,30,100,0.07535237073898315,0.3068051040172577,0.20273229020236355,0.20278965682868452,0.20335960160661717,0.20870675422562174,0.23963812795610925,0.2321179591774096,0.12642328829900568,0.08452263507902782,0.23963812795610967,0.23963812795610925,0.23963812795610925,0.23963812795610925
2023-02-24_RD,2023-03-28_RD,30,300,0.07535237073898315,0.3068051040172577,0.3068049174908565,0.3068092743092634,0.30685269194110654,0.3072720567866696,0.31019640640423274,0.29611564537326507,0.17857844058161534,0.09680212964453616,0.3101964064042324,0.31019640640423274,0.31019640640423274,0.31019640640423274
2023-02-24_RD,2023-06-22_RD,120,10,0.050746530294418335,0.3046796917915344,-7.473343606553257,-5.4560974806882285,-1.9654228442801984,-0.30233520812286685,0.113409227207209,0.11136732510918931,0.07499532374267107,0.055203809537879595,0.1113673251091899,0.113409227207209,0.11136732510918931,0.11136732510918931
2023-02-24_RD,2023-06-22_RD,120,20,0.050746530294418335,0.3046796917915344,-1.0289621436448115,-1.0125532678397082,-0.8702314421563091,-0.2957560845495385,0.1273350327184908,0.13155354508697403,0.08085729832750307,0.05721290804885282,0.12733503271848945,0.13155354508697403,0.13155354508697403,0.1273350327184908
2023-02-24_RD,2023-06-22_RD,120,50,0.050746530294418335,0.3046796917915344,0.08310121915722737,0.08323445124823031,0.08453294532223851,0.09494314257788833,0.13174893800719517,0.14621578282853226,0.10134325679814335,0.06698032140638863,0.13174893800720353,0.14621578282853226,0.14621578282853226,0.14621578282853226
2023-02-24_RD,2023-06-22_RD,120,100,0.050746530294418335,0.3046796917915344,0.21678605439565654,0.2168284163769616,0.2172485399908441,0.22112087761548452,0.23984157333981065,0.20779166760330556,0.12342822450423546,0.07893665764497051,0.2398415733398101,0.23984157333981065,0.23984157333981065,0.23984157333981065
2023-02-24_RD,2023-06-22_RD,120,300,0.050746530294418335,0.3046796917915344,0.30467879167716194,0.30468054792689325,0.30469802263000617,0.3048641249436514,0.30577833472175364,0.28851599858664323,0.17649751281265025,0.09794903334533075,0.30577833472175386,0.30577833472175364,0.30577833472175364,0.30577833472175364
2023-03-20_RD,2023-03-28_RD,7,10,-0.06345322728157043,0.3068051040172577,-14.701727851639752,-6.154130861816665,-2.2020741178146905,-0.45194335805767283,0.03988922569311243,0.014401897740536601,-0.05048472940574775,-0.06159849221739577,0.03988922569311193,0.03988922569311243,0.014401897740536601,0.014401897740536601
2023-03-20_RD,2023-03-28_RD,7,20,-0.06345322728157043,0.3068051040172577,-0.9926364385146192,-0.9796364906140214,-0.865647331900895,-0.36870063168631295,0.08606716507981194,0.06259715549792724,-0.040747713912946903,-0.06048600911863683,0.08606716507981282,0.08606716507981194,0.06259715549792724,0.06259715549792724
2023-03-20_RD,2023-03-28_RD,7,50,-0.06345322728157043,0.3068051040172577,0.08363007839159739,0.08393706964178646,0.08695769696950312,0.11290419117509587,0.20518966586701576,0.16003149637147127,-0.004223718767740109,-0.05486305584561388,0.20518966586701595,0.20518966586701576,0.16003149637147127,0.16003149637147127
2023-03-20_RD,2023-03-28_RD,7,100,-0.06345322728157043,0.3068051040172577,0.20273185183563341,0.2027852747749299,0.2033159414276004,0.20828525556545247,0.2363742664293304,0.2143502628567734,0.04084722863398582,-0.046114270505627664,0.23637426642933043,0.2363742664293304,0.2363742664293304,0.2143502628567734
2023-03-20_RD,2023-03-28_RD,7,300,-0.06345322728157043,0.3068051040172577,0.3068049868241311,0.30680996751916234,0.3068596117632051,0.3073400348740106,0.3107617006882239,0.29545261048851207,0.13152797314516892,-0.02008571495394859,0.31076170068822373,0.3107617006882239,0.3107617006882239,0.3107617006882239
2023-03-20_RD,2023-04-17_RD,30,10,0.1531725525856018,0.32979923486709595,-4.5981385843993685,-2.997775282223005,-1.0547152237009065,-0.13780262716204003,0.17043012240486038,0.1865501351168013,0.1688534631720884,0.1574575399712874,0.17043012240486052,0.1865501351168013,0.1865501351168013,0.1865501351168013
2023-03-20_RD,2023-04-17_RD,30,20,0.1531725525856018,0.32979923486709595,-0.5753410896604878,-0.5644430497227824,-0.4714189155543236,-0.10631598592030189,0.18383695044604878,0.19593385017864912,0.17139472895678678,0.1589636799541611,0.18383695044604814,0.19593385017864912,0.19593385017864912,0.19593385017864912
2023-03-20_RD,2023-04-17_RD,30,50,0.1531725525856018,0.32979923486709595,0.1337395094805409,0.1340914190462163,0.13753959045834072,0.16609728949954156,0.25205975106848255,0.23296837730782205,0.17926375872184644,0.1606337034015579,0.23296837730782188,0.25205975106848255,0.23296837730782205,0.25205975106848255
2023-03-20_RD,2023-04-17_RD,30,100,0.1531725525856018,0.32979923486709595,0.27771102504215617,0.2777587320461037,0.2782318432389269,0.2825918881387917,0.30408475229640197,0.27653287110633673,0.1959831600574285,0.16516047468802766,0.3040847522964013,0.30408475229640197,0.30408475229640197,0.30408475229640197
2023-03-20_RD,2023-04-17_RD,30,300,0.1531725525856018,0.32979923486709595,0.32979972647476774,0.3298035804856608,0.3298419690689173,0.33021098457218057,0.33265423465909544,0.3189351350720191,0.23190957967464332,0.1761060042597314,0.3326542346590958,0.33265423465909544,0.33265423465909544,0.33265423465909544
2023-03-20_RD,2023-06-22_RD,120,10,0.05466070771217346,0.3046796917915344,-7.551459263605716,-5.5252398694400275,-1.9974427624016529,-0.318961980550023,0.10331950630691603,0.11720420878415938,0.07929947032247042,0.059062097171318856,0.103319506306916,0.11720420878415938,0.11720420878415938,0.10331950630691603
2023-03-20_RD,2023-06-22_RD,120,20,0.05466070771217346,0.3046796917915344,-1.0290111939440936,-1.0130359345239417,-0.8743796520885577,-0.31141103631275246,0.11394182358959681,0.13427323507647707,0.08609570650256526,0.0612375067022721,0.1139418235895949,0.13427323507647707,0.13427323507647707,0.11394182358959681
2023-03-20_RD,2023-06-22_RD,120,50,0.05466070771217346,0.3046796917915344,0.08310618218880272,0.0832840833310628,0.08502923100723281,0.0997593138144097,0.15722350459649806,0.17150175508603974,0.11165955448102247,0.07121667142115823,0.15722350459650453,0.17150175508603974,0.17150175508603974,0.17150175508603974
2023-03-20_RD,2023-06-22_RD,120,100,0.05466070771217346,0.3046796917915344,0.21678591697269703,0.21682704536110542,0.21723514888576761,0.2210166876137408,0.2404348005051087,0.21776417154515934,0.13409655286788077,0.08496922648540153,0.24043480050510857,0.2404348005051087,0.2404348005051087,0.2404348005051087
2023-03-20_RD,2023-06-22_RD,120,300,0.05466070771217346,0.3046796917915344,0.3046787308251583,0.3046799394078591,0.304691937555996,0.304803301210368,0.30518463648727917,0.285567078083679,0.18067635231604534,0.10461974338256125,0.305184636487279,0.30518463648727917,0.30518463648727917,0.30518463648727917
2023-06-21_RD,2023-06-22_RD,1,10,0.13632816076278687,0.3046796917915344,-7.507175802591106,-5.480395662983815,-1.997967080713987,-0.34898402925514393,0.09709932177547473,0.15188119966399638,0.14084178479454446,0.13729606044017154,0.15188119966399674,0.15188119966399638,0.15188119966399638,0.14084178479454446
2023-06-21_RD,2023-06-22_RD,1,20,0.13632816076278687,0.3046796917915344,-1.029006754053773,-1.0129946605910876,-0.8742151974409127,-0.31493178485609097,0.10922649721322633,0.16479047523395157,0.14466792568821088,0.13797737369425403,0.16479047523394982,0.16479047523395157,0.16479047523395157,0.16479047523395157
2023-06-21_RD,2023-06-22_RD,1,50,0.13632816076278687,0.3046796917915344,0.08311003844090734,0.08332259463178804,0.08540932433404352,0.1031431875610421,0.17634391862849783,0.21519857900844397,0.16340153951015726,0.1406820397439881,0.17634391862850415,0.21519857900844397,0.21519857900844397,0.21519857900844397
2023-06-21_RD,2023-06-22_RD,1,100,0.13632816076278687,0.3046796917915344,0.21678665330483657,0.2168344083416415,0.21730874465298727,0.2217492631764239,0.247354886893011,0.2519895124719477,0.18308647652118876,0.14428074123240475,0.24735488689301102,0.2519895124719477,0.247354886893011,0.2519895124719477
2023-06-21_RD,2023-06-22_RD,1,300,0.13632816076278687,0.3046796917915344,0.30467881583869594,0.30468078961807654,0.3047004471349147,0.30488913735464235,0.3061094854183557,0.29664896628432913,0.22461806831485281,0.1569116056152606,0.3061094854183564,0.3061094854183557,0.3061094854183557,0.29664896628432913
