participant,train,test,gap_target,days,train_day,L0,L1,L2,L4u,L4s,L3_n300,lam_L3_n300,L6_n300,lam_L6_n300,L6p_n300,lam_L6p_n300,own
T11,T11_day41,T11_day48,7,7,41,-0.15720003843307495,-0.15655475854873657,-0.15434467792510986,-0.3047415018081665,-0.26804327964782715,-0.005384211911382664,0.0001,0.044163081183185904,100000.0,-0.014265561828779916,100000.0,-0.026428967714309692
T11,T11_day41,T11_day69,30,28,41,-0.767240047454834,-0.7756543755531311,-0.7584810256958008,-0.8393508195877075,-0.8881380558013916,-0.2745161212069672,0.0001,-0.1909917446141185,100000.0,-0.31357268372258007,10000.0,-0.2247476577758789
T11,T11_day41,T11_day153,120,112,41,-0.11432856321334839,-0.11369657516479492,-0.17107093334197998,-0.18230950832366943,-0.23039281368255615,-0.13779959972611644,0.01,0.0013831678776632939,100000.0,0.021937613930382793,10000.0,-0.02196216583251953
T11,T11_day41,T11_day521,480,480,41,-0.08878690004348755,-0.08632588386535645,-0.09141474962234497,-0.13360655307769775,-0.24057984352111816,0.04278144581379101,0.0001,0.12403576002936445,10000.0,0.13263103296046075,10000.0,0.11548274755477905
T11,T11_day48,T11_day55,7,7,48,0.19834747910499573,0.19878792762756348,0.19314485788345337,0.132661372423172,0.14165052771568298,0.2150146492217297,0.0001,0.25248864655179093,100000.0,0.30092934743482985,100000.0,0.26389095187187195
T11,T11_day48,T11_day79,30,31,48,0.06081360578536987,0.06115111708641052,0.06251943111419678,-0.03862464427947998,-0.025140374898910522,0.041167074265577974,0.0001,0.06517172155962969,100000.0,0.035860488000646173,10000.0,0.11218678951263428
T11,T11_day48,T11_day171,120,123,48,0.1252133548259735,0.12398737668991089,0.11800941824913025,-0.09843224287033081,-0.11469262838363647,0.23230293421898013,0.0001,0.3105171581364818,10000.0,0.3354156765654384,10000.0,0.30472952127456665
T11,T11_day48,T11_day527,480,479,48,0.007315516471862793,0.003976732492446899,0.00013759732246398926,-0.10359418392181396,-0.11399221420288086,0.3784128024434745,0.0001,0.5153458886415387,10000.0,0.4973738639175039,10000.0,0.484952449798584
T11,T11_day51,T11_day58,7,7,51,-0.17182457447052002,-0.1793982982635498,-0.17680323123931885,-0.22494584321975708,-0.2297426462173462,0.1351791222932553,0.0001,0.19659303319933724,100000.0,0.21376242525723466,10000.0,0.22645670175552368
T11,T11_day51,T11_day79,30,28,51,-0.09223005175590515,-0.09429249167442322,-0.09470617771148682,-0.16395682096481323,-0.1675969362258911,0.03700091416397616,0.0001,0.06517172155962969,100000.0,0.0313418442379218,10000.0,0.11218678951263428
T11,T11_day51,T11_day171,120,120,51,-0.10961544513702393,-0.112754225730896,-0.11508560180664062,-0.2007327675819397,-0.21168798208236694,0.22563314545528074,1e-06,0.3105171581364818,10000.0,0.31736180152264515,10000.0,0.30472952127456665
T11,T11_day51,T11_day527,480,476,51,-0.04608273506164551,-0.046956807374954224,-0.03305259346961975,-0.06751704216003418,-0.04396331310272217,0.3458549203602746,0.0001,0.5153458886415387,10000.0,0.5002508755119524,10000.0,0.484952449798584
T11,T11_day55,T11_day86,30,31,55,-0.4089738130569458,-0.4142075181007385,-0.41315728425979614,-0.30609047412872314,-0.3053321838378906,0.0851929951379411,0.0001,0.13066880648185547,100000.0,0.15480691756689385,10000.0,0.15807336568832397
T11,T11_day55,T11_day177,120,122,55,-0.13820207118988037,-0.1380440592765808,-0.1591888964176178,-0.11408829689025879,-0.12529808282852173,-0.10623548115980141,0.0001,-0.11680619998857095,10000.0,-0.08088894259678536,10000.0,-0.221155047416687
T11,T11_day55,T11_day535,480,480,55,-0.1570945382118225,-0.15743029117584229,-0.1519128680229187,-0.029912054538726807,-0.013747543096542358,0.33801381173711315,0.0001,0.3801413302884922,10000.0,0.37398786193370614,10000.0,0.34118199348449707
T11,T11_day58,T11_day86,30,28,58,-0.24444055557250977,-0.24640518426895142,-0.24320894479751587,-0.22999417781829834,-0.19266122579574585,0.08618866950511939,0.0001,0.13066880648185547,100000.0,0.1657244102771891,10000.0,0.15807336568832397
T11,T11_day58,T11_day177,120,119,58,-0.06679987907409668,-0.0680307149887085,-0.07539606094360352,-0.11934882402420044,-0.10529029369354248,-0.05997738959149529,0.0001,-0.11680619998857095,10000.0,-0.03879897900845081,10000.0,-0.221155047416687
T11,T11_day58,T11_day538,480,480,58,-0.13370615243911743,-0.138685405254364,-0.15918856859207153,-0.25193607807159424,-0.20375370979309082,-0.024445268821395805,0.0001,0.07975685597926935,10000.0,0.05405525031768671,10000.0,0.0338609516620636
T11,T11_day69,T11_day100,30,31,69,-0.18665117025375366,-0.1920759677886963,-0.21580195426940918,-0.18043118715286255,-0.1875154972076416,0.00518188462932806,0.0001,0.025052965737980326,100000.0,-0.10121066940141099,10000.0,-0.02005743980407715
T11,T11_day69,T11_day191,120,122,69,-0.1505436897277832,-0.15747368335723877,-0.17135459184646606,-0.18222755193710327,-0.18227463960647583,-0.028126896665608636,0.0001,0.0030115878069580937,100000.0,-0.03479858826001625,10000.0,-0.06746315956115723
T11,T11_day69,T11_day548,480,479,69,-0.14103543758392334,-0.14589446783065796,-0.1894959807395935,-0.2868208885192871,-0.26499366760253906,0.34262456509059963,0.0001,0.4112733591629393,10000.0,0.342104045681412,10000.0,0.2334580421447754
T11,T11_day79,T11_day86,7,7,79,-0.1657545566558838,-0.1658632755279541,-0.1589934229850769,-0.25919830799102783,-0.27679622173309326,0.05494080085312847,0.0001,0.13066880648185547,100000.0,0.1544124294559025,10000.0,0.15807336568832397
T11,T11_day79,T11_day111,30,32,79,-0.3361181914806366,-0.3332688510417938,-0.347029447555542,-0.25700730085372925,-0.2591681480407715,-0.058105104423732956,0.0001,-0.07481496732950654,10000.0,-0.12188759227104912,10000.0,-0.1768263578414917
T11,T11_day79,T11_day199,120,120,79,-0.16830652952194214,-0.1694549322128296,-0.18641775846481323,-0.25570493936538696,-0.23313969373703003,-0.03623177029998437,0.0001,-0.004390896838623315,10000.0,-0.02581330978770552,10000.0,-0.04240775108337402
T11,T11_day79,T11_day560,480,481,79,-0.15175765752792358,-0.15230298042297363,-0.17333221435546875,-0.31544339656829834,-0.6459735631942749,-0.10670950699983639,1e-05,-0.04686427920642067,10000.0,-0.07307101278286166,10000.0,-0.0715286135673523
T11,T11_day83,T11_day112,30,29,83,-0.06823325157165527,-0.0681259036064148,-0.06953597068786621,-0.21511733531951904,-0.16834545135498047,0.37164880644938947,0.0001,0.4439168317557505,10000.0,0.43823931079163064,10000.0,0.4396461844444275
T11,T11_day83,T11_day199,120,116,83,-0.2692553400993347,-0.269612193107605,-0.2967345714569092,-0.5616416335105896,-0.49781888723373413,-0.07403718363218503,0.0001,-0.004390896838623315,10000.0,-0.02228841561566708,10000.0,-0.04240775108337402
T11,T11_day83,T11_day563,480,480,83,-0.08134293556213379,-0.08068510890007019,-0.08114469051361084,-0.47215360403060913,-0.6158900260925293,0.277467194748069,1e-05,0.34741370282521794,10000.0,0.3467983868988385,10000.0,0.33150938153266907
T11,T11_day86,T11_day112,30,26,86,-0.1444571614265442,-0.14151710271835327,-0.14304572343826294,-0.22452855110168457,-0.2900272607803345,0.3083263702860137,1e-05,0.4439168317557505,10000.0,0.4336907015328265,10000.0,0.4396461844444275
T11,T11_day86,T11_day199,120,113,86,-0.25082820653915405,-0.24650096893310547,-0.258517861366272,-0.4792966842651367,-0.2972670793533325,-0.09062749323312846,0.0001,-0.004390896838623315,10000.0,-0.021360342749060013,10000.0,-0.04240775108337402
T11,T11_day86,T11_day563,480,477,86,-0.12492811679840088,-0.12159067392349243,-0.11976289749145508,-0.18662583827972412,-0.19827806949615479,0.2652152235285125,1e-05,0.34741370282521794,10000.0,0.34575098847334246,10000.0,0.33150938153266907
T11,T11_day97,T11_day126,30,29,97,-0.005137026309967041,-0.012618422508239746,-0.01993432641029358,-0.003990143537521362,-0.019913852214813232,0.26906490867481475,0.0001,0.21966025376678155,100000.0,0.3547946880296714,10000.0,0.3588646352291107
T11,T11_day97,T11_day219,120,122,97,0.08694794774055481,0.08421525359153748,0.07371163368225098,0.0037553906440734863,0.00307542085647583,0.2738382110188004,0.0001,0.3240458975529572,10000.0,0.30578277014490046,10000.0,0.17630621790885925
T11,T11_day97,T11_day576,480,479,97,0.14886993169784546,0.147180438041687,0.13702720403671265,-0.05240553617477417,-0.10363972187042236,0.43522763121768937,0.0001,0.47806006235904247,10000.0,0.47012879725150003,10000.0,0.4500413239002228
T11,T11_day100,T11_day126,30,26,100,-0.020769387483596802,-0.025018393993377686,-0.026879996061325073,-0.051582783460617065,-0.0650177001953125,0.28352908129849275,0.0001,0.21966025376678155,100000.0,0.01678897542777813,1000000.0,0.3588646352291107
T11,T11_day100,T11_day219,120,119,100,0.09782204031944275,0.09744897484779358,0.10006007552146912,0.050371378660202026,0.03331035375595093,0.2988863756781599,0.0001,0.3240458975529572,10000.0,0.3153328641727481,10000.0,0.17630621790885925
T11,T11_day100,T11_day583,480,483,100,-0.09974241256713867,-0.10370367765426636,-0.09605705738067627,-0.022910356521606445,-0.026389867067337036,0.453229200491051,0.0001,0.5228132791739262,10000.0,0.5138099178738293,10000.0,0.5128169655799866
T11,T11_day111,T11_day112,1,1,111,0.2220211625099182,0.2275632917881012,0.22662603855133057,0.14782556891441345,0.13358667492866516,0.3997723936806499,0.0001,0.4439168317557505,10000.0,0.44221897769792495,10000.0,0.4396461844444275
T11,T11_day111,T11_day140,30,29,111,-0.0998707115650177,-0.09730714559555054,-0.05622085928916931,-0.0387110710144043,-0.025009632110595703,0.15826536823879273,0.0001,0.1537964324978856,100000.0,0.18158128432359266,10000.0,0.1598195731639862
T11,T11_day111,T11_day231,120,120,111,-0.2512914538383484,-0.24449992179870605,-0.24540865421295166,-0.2935206890106201,-0.3892019987106323,-0.05487990213198857,1e-05,-0.010793225096065673,10000.0,-0.0069063710985762805,10000.0,-0.01919311285018921
T11,T11_day111,T11_day590,480,479,111,-0.8507449626922607,-0.8401408195495605,-21.462093353271484,-19.16096305847168,-29.04990577697754,-4.425561858472198,0.001,-30.50954975002238,10000.0,-25.924054004691513,10000.0,-108.60279846191406
T11,T11_day112,T11_day140,30,28,112,0.13213571906089783,0.13304102420806885,0.13943836092948914,-0.09968960285186768,-0.059598684310913086,0.17731154605005373,0.0001,0.1537964324978856,100000.0,0.20975345376612953,100000.0,0.1598195731639862
T11,T11_day112,T11_day231,120,119,112,-0.20933526754379272,-0.2091311812400818,-0.21202093362808228,-0.33522242307662964,-0.4074157476425171,-0.018887131593000706,0.0001,-0.010793225096065673,10000.0,-0.015108698538886078,10000.0,-0.01919311285018921
T11,T11_day112,T11_day590,480,478,112,-0.6048210263252258,-0.6144168376922607,-12.639192581176758,-23.660358428955078,-76.93793487548828,-10.037691143579496,0.01,-30.50954975002238,10000.0,-36.57761851050472,10000.0,-108.60279846191406
T11,T11_day122,T11_day153,30,31,122,0.07565972208976746,0.07972791790962219,0.029230773448944092,-0.018419772386550903,-0.009602338075637817,0.003895936748278872,1.0,0.0013831678776632939,100000.0,0.08728036124337324,100000.0,-0.02196216583251953
T11,T11_day122,T11_day241,120,119,122,-0.10448217391967773,-0.09994930028915405,-0.09919029474258423,-0.09708929061889648,-0.10038655996322632,-0.0035358648355940936,0.0001,-0.0030462644233479885,100000.0,0.0019853594140094577,10000.0,-0.004505902528762817
T11,T11_day122,T11_day602,480,480,122,-0.40756046772003174,-0.3996579051017761,-0.16382485628128052,-0.2018953561782837,-0.1982208490371704,-0.01928044336028234,0.0001,-0.14923473471573245,10000.0,-0.11365931431614207,10000.0,-0.23205888271331787
T11,T11_day126,T11_day153,30,27,126,-5.7369470596313477e-05,-0.010248780250549316,-0.035618752241134644,-0.05270576477050781,-0.04947987198829651,0.07820485475706546,0.0001,0.0013831678776632939,100000.0,0.02037397330162649,10000.0,-0.02196216583251953
T11,T11_day126,T11_day247,120,121,126,-0.15651047229766846,-0.15214163064956665,-0.35901468992233276,-0.4048253297805786,-0.3829096555709839,0.020655279895492873,0.001,0.14030560874625203,10000.0,-0.14767125120122038,10000.0,-147.45823669433594
T11,T11_day126,T11_day604,480,478,126,-0.19508999586105347,-0.17853069305419922,-0.3848261833190918,-0.44965559244155884,-0.43024832010269165,0.25178618491983373,0.0001,0.3494128045489099,10000.0,0.337858388301434,1000.0,-0.6984933614730835
T11,T11_day140,T11_day171,30,31,140,0.2474975287914276,0.24779093265533447,0.24334272742271423,0.12052413821220398,0.07830801606178284,0.2931681300419357,0.0001,0.3105171581364818,10000.0,0.32352908383981904,10000.0,0.30472952127456665
T11,T11_day140,T11_day261,120,121,140,0.09812068939208984,0.10008344054222107,0.05886906385421753,-0.016972452402114868,0.05778428912162781,0.1094144268933544,0.1,0.17647709440104853,100000.0,0.16001758491114382,100000.0,-0.1609342396259308
T11,T11_day140,T11_day617,480,477,140,0.2543671131134033,0.25435709953308105,0.25388234853744507,0.06824353337287903,0.05395206809043884,0.38188455394899495,0.0001,0.411856270049923,10000.0,0.4267014708660636,10000.0,0.3876352608203888
T11,T11_day153,T11_day185,30,32,153,-0.4927331805229187,-0.48893803358078003,-0.38540011644363403,-0.429166316986084,-0.4819790720939636,0.050278566078519826,0.0001,0.04576175160558216,100000.0,0.029661503012112456,10000.0,0.07624906301498413
T11,T11_day153,T11_day275,120,122,153,-0.05769824981689453,-0.05502915382385254,-0.11286658048629761,-0.2035796046257019,-0.16401249170303345,0.11990774302206803,0.0001,0.1530621265135409,10000.0,0.15048702787335855,10000.0,0.18951866030693054
T11,T11_day153,T11_day632,480,479,153,-0.4109969139099121,-0.39294737577438354,-0.4353954792022705,-0.40486449003219604,-0.4195539355278015,-0.0403375217268192,0.01,0.06323522869375053,10000.0,-0.023643348865926395,10000.0,-0.08255600929260254
T11,T11_day171,T11_day177,7,6,171,-0.004981786012649536,0.005322158336639404,-0.014095723628997803,-0.09586477279663086,-0.17453917860984802,0.032507206081351936,0.001,-0.11680619998857095,10000.0,-0.10208900998277948,10000.0,-0.221155047416687
T11,T11_day171,T11_day199,30,28,171,-0.2620754837989807,-0.2541666626930237,-0.26864802837371826,-0.32125741243362427,-0.29667484760284424,0.015274354211617436,0.0001,-0.004390896838623315,10000.0,-0.023559526210279458,10000.0,-0.04240775108337402
T11,T11_day171,T11_day297,120,126,171,0.122598797082901,0.12196439504623413,0.12433770298957825,0.10082632303237915,0.10051470994949341,0.13842461873588818,0.0001,0.15786885440305237,100000.0,0.17651959689796476,10000.0,0.13786688446998596
T11,T11_day171,T11_day646,480,475,171,-0.5705459117889404,-0.5722722411155701,-0.5903782248497009,-0.5091487169265747,-0.1395983099937439,-0.16018068275204778,0.01,0.0923481023323009,10000.0,-0.1909137019059325,1000000.0,-119.93632507324219
T11,T11_day177,T11_day185,7,8,177,-0.16834759712219238,-0.15391695499420166,-0.13053756952285767,-0.23728728294372559,-0.2573145627975464,0.03991236152690253,0.0001,0.04576175160558216,100000.0,0.03847993058956961,10000.0,0.07624906301498413
T11,T11_day177,T11_day297,120,120,177,-0.0038602352142333984,0.014354825019836426,0.038929641246795654,-0.0020070672035217285,-0.03352329134941101,0.13062060424901945,0.0001,0.15786885440305237,100000.0,0.16252997928231722,10000.0,0.13786688446998596
T11,T11_day177,T11_day658,480,481,177,-0.16293269395828247,-0.15008652210235596,-0.16408085823059082,-0.33878445625305176,-0.49126315116882324,-0.02553199318827254,1e-05,0.07433442677045149,10000.0,0.06956640178632356,10000.0,0.06380999088287354
T11,T11_day185,T11_day191,7,6,185,-0.015254974365234375,-0.014932990074157715,-0.017434298992156982,-0.022045135498046875,-0.02229607105255127,-0.01449879020006306,1.0,0.0030115878069580937,100000.0,-0.005014626735553029,100000.0,-0.06746315956115723
T11,T11_day185,T11_day219,30,34,185,0.24012717604637146,0.2394816279411316,0.20721131563186646,0.11773905158042908,0.07491931319236755,0.2965834156524725,0.0001,0.3240458975529572,10000.0,0.31283183279067417,10000.0,0.17630621790885925
T11,T11_day185,T11_day308,120,123,185,0.020585358142852783,0.020556867122650146,0.01869341731071472,-0.025453388690948486,-0.02645289897918701,0.19387735877107581,1e-05,0.26198547644044046,10000.0,0.2629487365504538,10000.0,0.272558331489563
T11,T11_day185,T11_day665,480,480,185,0.1680263876914978,0.16847825050354004,0.16838672757148743,0.13535171747207642,0.1332833468914032,0.2514856702962835,0.0001,0.35950753187855977,10000.0,0.36509043702083477,10000.0,0.2999425232410431
T11,T11_day191,T11_day198,7,7,191,-0.22701627016067505,-0.19931936264038086,-0.24943679571151733,-0.5218092799186707,-0.5436944961547852,-0.2292901021649154,10.0,0.012126002608210895,10000.0,-0.1949073185286283,100000.0,-0.14115256071090698
T11,T11_day191,T11_day219,30,28,191,0.2627091407775879,0.26295432448387146,0.22972047328948975,0.08393219113349915,0.11791688203811646,0.3104739147631515,0.0001,0.3240458975529572,10000.0,0.2868716512275596,10000.0,0.17630621790885925
T11,T11_day191,T11_day310,120,119,191,-0.2024991512298584,-0.19920790195465088,-0.41724568605422974,-0.7698409557342529,-0.736373782157898,-0.08602115004777633,0.001,-0.03347349520425463,10000.0,-0.39945805676671076,100000.0,-45.8148307800293
T11,T11_day191,T11_day672,480,481,191,-0.0020741522312164307,-0.0035808682441711426,-0.006499439477920532,0.002973616123199463,-0.014326751232147217,0.14585017546176188,0.0001,0.20736997572476618,10000.0,0.23889095377947706,10000.0,0.15144312381744385
T11,T11_day198,T11_day199,1,1,198,-0.27321773767471313,-0.27035725116729736,-0.20628631114959717,-0.28806406259536743,-0.2362157702445984,-0.07015402549285765,0.001,-0.004390896838623315,10000.0,-0.03974284463780109,10000.0,-0.04240775108337402
T11,T11_day198,T11_day227,30,29,198,-0.2527253031730652,-0.24629652500152588,-0.13265246152877808,-0.07137006521224976,-0.07511681318283081,-0.07682535897287057,0.01,0.06482716326263016,100000.0,0.06307262076426184,10000.0,-5.0198073387146
T11,T11_day198,T11_day324,120,126,198,-0.35005658864974976,-0.3460964560508728,-0.17309784889221191,-0.21100479364395142,-0.20530933141708374,0.056736154598911404,0.0001,0.04835843146783092,100000.0,0.06871103523396405,10000.0,0.15115422010421753
T11,T11_day198,T11_day675,480,477,198,-0.5766655802726746,-0.5753209590911865,-0.3895729184150696,-0.41244757175445557,-0.5051262974739075,-0.47415452698909877,0.0001,-0.24789972702614704,10000.0,-0.2549638280622323,10000.0,-0.37761396169662476
T11,T11_day199,T11_day227,30,28,199,-0.004928261041641235,-0.003136873245239258,-0.023962169885635376,-0.04033288359642029,-0.31369638442993164,0.03547522615807347,0.01,0.06482716326263016,100000.0,0.05840121714829444,10000.0,-5.0198073387146
T11,T11_day199,T11_day324,120,125,199,-0.06757843494415283,-0.0674668550491333,-0.046073079109191895,-0.2294713258743286,-0.23495757579803467,0.06160309441406342,0.0001,0.04835843146783092,100000.0,0.07815571088973389,10000.0,0.15115422010421753
T11,T11_day199,T11_day681,480,482,199,0.11553576588630676,0.12067040801048279,0.12381857633590698,0.2012534737586975,0.20350325107574463,0.2801547387846718,0.001,0.43821450758196295,10000.0,0.4465932213562212,10000.0,0.40656813979148865
T11,T11_day219,T11_day226,7,7,219,-0.5201773047447205,-0.5237389802932739,-0.5510647296905518,-0.5286067724227905,-0.5084638595581055,0.051954015620346516,0.0001,0.060502646545965655,10000.0,0.027187187891847098,1000.0,0.025968492031097412
T11,T11_day219,T11_day247,30,28,219,-0.7765641212463379,-0.7712146043777466,-0.9553233981132507,-0.6103965044021606,-0.4764041006565094,-0.9539719813502523,100.0,0.14030560874625203,10000.0,-0.7655157231390368,1000000.0,-147.45823669433594
T11,T11_day219,T11_day339,120,120,219,-0.7102124094963074,-0.7092726230621338,-0.5963537096977234,-0.4872552156448364,-0.7855107188224792,-0.03782502697536583,0.0001,0.004860975198096362,100000.0,-0.22406599249390347,10000.0,0.0386735200881958
T11,T11_day219,T11_day702,480,483,219,-0.7680090069770813,-0.7658286094665527,-0.6765915155410767,-0.48614978790283203,-0.5252872109413147,-0.1407393076696849,0.0001,0.028995202015388022,100000.0,-0.1532310837041979,10000.0,-0.22018218040466309
T11,T11_day226,T11_day227,1,1,226,0.16219645738601685,0.16428211331367493,0.11625036597251892,-0.15438061952590942,-0.18642693758010864,0.11634642768738751,100.0,0.06482716326263016,100000.0,0.12880786609562933,100000.0,-5.0198073387146
T11,T11_day226,T11_day233,7,7,226,0.20996332168579102,0.2127242386341095,0.18433839082717896,0.026962876319885254,0.08346891403198242,0.30538864020223744,0.001,0.38854204684547516,10000.0,0.3719454024033112,10000.0,0.35774359107017517
T11,T11_day226,T11_day255,30,29,226,0.037064194679260254,0.0345291793346405,0.0253620445728302,0.032164692878723145,0.01307937502861023,0.03353134015218523,0.001,-0.04744476351930066,1000000.0,0.045133401975714416,100000.0,0.099678635597229
T11,T11_day226,T11_day346,120,120,226,0.012728005647659302,0.016015321016311646,0.027083247900009155,0.010247677564620972,-0.0011906027793884277,0.07341928340020615,0.0001,0.09830927530693878,100000.0,0.08524831624633739,100000.0,0.1454494595527649
T11,T11_day226,T11_day706,480,480,226,-0.19366204738616943,-0.1950947642326355,-0.19648641347885132,-0.20665115118026733,-0.19337314367294312,-0.08017890587102672,0.0001,-0.0159250679906367,10000.0,-0.010317887517522828,10000.0,-0.20348763465881348
T11,T11_day227,T11_day233,7,6,227,-1.57127845287323,-1.575361728668213,-1.722287893295288,-1.9708623886108398,-4.02781867980957,0.3309390031441352,0.0001,0.38854204684547516,10000.0,0.3562139685632305,1000.0,0.35774359107017517
T11,T11_day227,T11_day255,30,28,227,-1.0177438259124756,-1.0163946151733398,-0.6251842975616455,-0.7005659937858582,-0.7021124362945557,0.017386369330984197,0.001,-0.04744476351930066,1000000.0,-0.02379860382593607,10000.0,0.099678635597229
T11,T11_day227,T11_day346,120,119,227,-0.9257272481918335,-0.9140296578407288,-0.5793521404266357,-0.5949064493179321,-0.6951649188995361,0.036074764892956135,0.0001,0.09830927530693878,100000.0,0.04417911410452979,10000.0,0.1454494595527649
T11,T11_day227,T11_day706,480,479,227,-1.6721255779266357,-1.6790449619293213,-1.695873498916626,-1.6326780319213867,-1.5596367120742798,-0.10132486359871884,0.0001,-0.0159250679906367,10000.0,-0.17264072152267584,10000.0,-0.20348763465881348
T11,T11_day231,T11_day233,1,2,231,0.18389612436294556,0.1850966513156891,0.1626361906528473,0.07654327154159546,0.04370501637458801,0.3659264548149922,0.001,0.38854204684547516,10000.0,0.35134258298288035,10000.0,0.35774359107017517
T11,T11_day231,T11_day261,30,30,231,0.21874141693115234,0.21935772895812988,0.1943129599094391,0.18502327799797058,0.14640602469444275,0.19553087381104972,10.0,0.17647709440104853,100000.0,0.23974262954582376,100000.0,-0.1609342396259308
T11,T11_day231,T11_day353,120,122,231,-0.054464638233184814,-0.05726388096809387,-0.049638569355010986,-0.16778963804244995,-0.15469741821289062,0.3356920598801504,0.001,0.42278633722282716,10000.0,0.35427439517113585,10000.0,0.3932212293148041
T11,T11_day231,T11_day709,480,478,231,0.055348873138427734,0.06054610013961792,0.06439796090126038,-0.08801722526550293,-0.044045209884643555,0.3784724536073738,0.0001,0.4547661935554427,10000.0,0.43765313123068933,10000.0,0.4063018262386322
T11,T11_day233,T11_day241,7,8,233,-0.032283902168273926,-0.03245812654495239,-0.024924099445343018,-0.020337045192718506,-0.022351086139678955,-0.006092475913024975,0.0001,-0.0030462644233479885,100000.0,-0.003537956866613401,100000.0,-0.004505902528762817
T11,T11_day233,T11_day262,30,29,233,0.26496440172195435,0.2668839693069458,0.2610292434692383,0.2559363842010498,0.2503608465194702,0.38084978010720266,0.0001,0.40159391280404416,10000.0,0.4051084839170227,10000.0,-12.41983413696289
T11,T11_day233,T11_day353,120,120,233,0.09540057182312012,0.09340760111808777,0.1136922836303711,0.07337987422943115,0.051085054874420166,0.37448865821255156,0.0001,0.42278633722282716,10000.0,0.3990379397215854,10000.0,0.3932212293148041
T11,T11_day233,T11_day715,480,482,233,-0.18368208408355713,-0.18111419677734375,-0.1668073534965515,-0.19064807891845703,-0.17619693279266357,-0.010213520109784102,0.0001,0.05938495603946331,100000.0,0.061331374035184794,10000.0,-0.03874155879020691
T11,T11_day241,T11_day247,7,6,241,-0.5836779475212097,-0.5856485962867737,-0.8556291460990906,-0.5115939974784851,-0.5187116861343384,-0.04868134714300176,0.001,0.14030560874625203,10000.0,-0.6135905683767443,1000000.0,-147.45823669433594
T11,T11_day241,T11_day269,30,28,241,-0.4424634575843811,-0.4430367350578308,-0.779547929763794,-1.2873623371124268,-1.1654052734375,0.1756765787738619,0.0001,0.14060085656103283,10000.0,-0.06799000195949334,10000.0,-5.807746887207031
T11,T11_day241,T11_day359,120,118,241,-0.73593670129776,-0.7353858947753906,-0.9885203242301941,-0.8876916766166687,-0.8935774564743042,0.3144383803412134,0.0001,0.3393703346137518,100000.0,0.3118469812413998,10000.0,0.38046982884407043
T11,T11_day241,T11_day715,480,474,241,-0.8540858626365662,-0.8475807905197144,-1.1636276245117188,-1.0660533905029297,-1.076993465423584,-0.0014360860798316999,0.0001,0.05938495603946331,100000.0,0.04047090028047845,10000.0,-0.03874155879020691
T11,T11_day247,T11_day254,7,7,247,-31.027942657470703,-31.030397415161133,-25.524085998535156,-31.763126373291016,-32.11896514892578,0.188103807805591,0.0001,0.1981370190026141,10000.0,0.21520949336379658,10.0,0.21537277102470398
T11,T11_day247,T11_day275,30,28,247,-1.3596203327178955,-1.339268684387207,-1.2118463516235352,-8.239389419555664,-13.052999496459961,0.14865438967407163,0.0001,0.1530621265135409,10000.0,0.1449104259006131,1000.0,0.18951866030693054
T11,T11_day247,T11_day367,120,120,247,-13.016361236572266,-13.252079963684082,-9.655129432678223,-10.007826805114746,-10.262469291687012,0.14069224460223995,0.0001,-0.002314837315780971,1000000.0,-0.09191810554773255,100.0,0.019440561532974243
T11,T11_day247,T11_day727,480,480,247,-117.7850341796875,-117.85589599609375,-134.92922973632812,-141.18356323242188,-138.88870239257812,0.2154928967205313,0.001,0.35720212749866226,10000.0,0.2737793356976482,100.0,0.27096080780029297
T11,T11_day254,T11_day255,1,1,254,-0.053917109966278076,-0.05507504940032959,-0.07269859313964844,-0.09818214178085327,-0.09739625453948975,0.0678747566428714,0.001,-0.04744476351930066,1000000.0,-0.07396835696522985,1000000.0,0.099678635597229
T11,T11_day254,T11_day261,7,7,254,0.1188713014125824,0.12112444639205933,-0.016109883785247803,-0.2741919755935669,-0.22619158029556274,-0.00868095737318797,0.01,0.17647709440104853,100000.0,0.20505427463389353,10000.0,-0.1609342396259308
T11,T11_day254,T11_day373,120,119,254,0.06269609928131104,0.06315487623214722,-0.1791781187057495,-0.2499966025352478,-0.24715739488601685,0.3793163706044397,1e-06,0.4265942908668273,10000.0,0.3924883197484034,10000.0,0.4691375195980072
T11,T11_day254,T11_day737,480,483,254,-1.0369760990142822,-1.1021559238433838,-1472.7408447265625,-1387.007080078125,-1497.89892578125,-1472.4562463900068,100.0,-513.5812420472173,10000.0,-1587.6847255345997,10000.0,-60332.765625
T11,T11_day255,T11_day262,7,7,255,-17.29808807373047,-17.297758102416992,-26.228992462158203,-17.10223388671875,-17.154399871826172,0.31910768698304404,0.001,0.40159391280404416,10000.0,0.35910854111814955,1000.0,-12.41983413696289
T11,T11_day255,T11_day373,120,118,255,-18.97941017150879,-18.98642349243164,-30.801673889160156,-18.73980140686035,-18.657176971435547,0.3303081031672756,1e-06,0.4265942908668273,10000.0,0.3768297503851407,0.1,0.4691375195980072
T11,T11_day255,T11_day737,480,482,255,-26.88426399230957,-27.243122100830078,-3821.66796875,-4099.37060546875,-4073.80078125,-2098.942794558079,0.001,-513.5812420472173,10000.0,-15070.0949996258,100.0,-60332.765625
T11,T11_day261,T11_day262,1,1,261,-2.8950533866882324,-2.938575029373169,-1.8182746171951294,-1.9655108451843262,-1.913567066192627,0.3933685730832576,0.0001,0.40159391280404416,10000.0,0.15772251845477198,1000.0,-12.41983413696289
T11,T11_day261,T11_day269,7,8,261,-20.094736099243164,-20.07733917236328,-20.42557144165039,-18.631744384765625,-18.463958740234375,0.046782538940509266,0.0001,0.14060085656103283,10000.0,-7.563008521615325,10000.0,-5.807746887207031
T11,T11_day261,T11_day297,30,36,261,-3.976262092590332,-3.9541873931884766,-2.6489505767822266,-2.2068395614624023,-2.195971727371216,0.13951662665256803,0.0001,0.15786885440305237,100000.0,0.14126427317366808,1000.0,0.13786688446998596
T11,T11_day261,T11_day385,120,124,261,-0.2561633586883545,-0.2431647777557373,-0.21947896480560303,-0.23957502841949463,-0.2254103422164917,-0.026829030626246975,0.001,-0.0224658470791419,100000.0,-0.06370832185028774,10000.0,-0.04529041051864624
T11,T11_day261,T11_day741,480,480,261,-2.214254379272461,-2.205686569213867,-1.2770214080810547,-1.3401124477386475,-1.3332722187042236,0.18632801452323328,0.0001,0.25723694138558983,10000.0,0.29365850524984044,1000.0,0.3025986850261688
T11,T11_day262,T11_day269,7,7,262,-537.64404296875,-537.6581420898438,-818.374755859375,-1063.8302001953125,-1030.445556640625,0.12899194738097947,0.0001,0.14060085656103283,10000.0,-7.897220200101497,10.0,-5.807746887207031
T11,T11_day262,T11_day297,30,35,262,-150.63052368164062,-150.62745666503906,-172.53131103515625,-116.7098388671875,-120.82218170166016,0.15597506943828615,0.0001,0.15786885440305237,100000.0,0.13799728100416975,100.0,0.13786688446998596
T11,T11_day262,T11_day385,120,123,262,-0.4718594551086426,-0.590103030204773,-0.44732850790023804,-0.28257644176483154,-0.2974150776863098,-0.019825184133026807,0.001,-0.0224658470791419,100000.0,-0.07907396102750619,100.0,-0.04529041051864624
T11,T11_day262,T11_day741,480,479,262,-116.87761688232422,-116.71137237548828,-182.00881958007812,-196.82557678222656,-195.17388916015625,0.11441766414657156,0.001,0.25723694138558983,10000.0,0.29714214284581913,100.0,0.3025986850261688
T11,T11_day266,T11_day297,30,31,266,0.22221645712852478,0.22360390424728394,0.22183522582054138,0.20223590731620789,0.20090028643608093,0.14963827115122735,0.001,0.15786885440305237,100000.0,0.22745209684483492,100000.0,0.13786688446998596
T11,T11_day266,T11_day385,120,119,266,-0.06761622428894043,-0.0665351152420044,-0.0671846866607666,-0.06764787435531616,-0.06725746393203735,-0.037533738410017614,1.0,-0.0224658470791419,100000.0,-0.06387898671137149,1000000.0,-0.04529041051864624
T11,T11_day266,T11_day744,480,478,266,0.16700750589370728,0.16701775789260864,0.1631925106048584,0.13493388891220093,0.1520135998725891,0.18861558077420126,0.01,0.32032075579377506,10000.0,0.2626149087388257,10000.0,-6.483580112457275
T11,T11_day269,T11_day275,7,6,269,0.06592035293579102,0.07153519988059998,0.07427608966827393,-0.10926252603530884,-0.12190228700637817,0.15069805375920964,0.0001,0.1530621265135409,10000.0,0.1439273271261498,100000.0,0.18951866030693054
T11,T11_day269,T11_day297,30,28,269,-0.9133434891700745,-0.9050372838973999,-0.6444011330604553,-0.7785159945487976,-1.112320065498352,0.15032017236953205,0.0001,0.15786885440305237,100000.0,0.14098094045258147,1000.0,0.13786688446998596
T11,T11_day269,T11_day391,120,122,269,-0.11009860038757324,-0.09953981637954712,-0.0893629789352417,-0.04921138286590576,-0.05008643865585327,-0.10350977857235677,0.001,-0.09808808611881359,100000.0,-0.07255103553766096,10000.0,-0.16205370426177979
T11,T11_day269,T11_day749,480,480,269,-2.1939127445220947,-2.173990488052368,-2.13751220703125,-1.9185463190078735,-2.2555971145629883,-0.7048117412899871,0.001,-0.45555042428193027,10000.0,-1.1623587013372436,1000.0,-5.93787145614624
T11,T11_day275,T11_day308,30,33,275,0.13791608810424805,0.13864251971244812,0.13886436820030212,0.1016053855419159,-0.003959089517593384,0.25196004120286225,1e-05,0.26198547644044046,10000.0,0.2604603474584599,10000.0,0.272558331489563
T11,T11_day275,T11_day391,120,116,275,-0.06862384080886841,-0.06504464149475098,-0.05967819690704346,-0.056520044803619385,-0.10305416584014893,-0.10679605790873137,0.001,-0.09808808611881359,100000.0,-0.07384829571621043,10000.0,-0.16205370426177979
T11,T11_day275,T11_day756,480,481,275,-0.08444720506668091,-0.08424288034439087,-0.12163382768630981,-0.11040264368057251,-0.13538730144500732,-0.1518305915808419,0.01,-0.03846300965437288,10000.0,-0.09192392399730442,10000.0,-31.452125549316406
T11,T11_day297,T11_day328,30,31,297,-0.09061336517333984,-0.08961647748947144,-0.08566892147064209,-0.08870112895965576,-0.13228833675384521,-0.03542044907351061,0.0001,-0.012550827002731246,100000.0,-0.06266348379039088,10000.0,-0.050786614418029785
T11,T11_day297,T11_day415,120,118,297,-0.14908862113952637,-0.14519357681274414,-0.13862699270248413,-0.11473691463470459,-0.11451900005340576,-0.09423721070813873,1.0,-0.031783439056217166,100000.0,-0.0852449081843395,100000.0,-0.6373163461685181
T11,T11_day297,T11_day783,480,486,297,-0.04768046736717224,-0.03804406523704529,-0.045886725187301636,-0.13885557651519775,-0.1963309645652771,0.3736253307899848,0.0001,0.3963511135693968,100000.0,0.43155078064503466,10000.0,0.2767004668712616
T11,T11_day308,T11_day309,1,1,308,0.3590541183948517,0.3605143427848816,0.3553870618343353,0.34822729229927063,0.34239426255226135,0.347454183228227,0.01,0.28608079232921146,10000.0,0.3636529881801423,1000000.0,-11.659488677978516
T11,T11_day308,T11_day338,30,30,308,-0.06674021482467651,-0.06638574600219727,-0.06813621520996094,-0.18794113397598267,-0.28691577911376953,0.0021495716114568464,0.001,2.5423500870258575e-05,100000.0,-0.0047855713771278174,100000.0,-0.012641340494155884
T11,T11_day308,T11_day428,120,120,308,0.1611539125442505,0.16194027662277222,0.1535491645336151,0.10752689838409424,0.07188352942466736,0.20725274696283374,0.001,0.2603593925064657,10000.0,0.1613962992339576,10000.0,0.13749420642852783
T11,T11_day308,T11_day790,480,482,308,-0.005125612020492554,-0.0040881335735321045,-0.011106997728347778,-0.03694725036621094,-0.03976210951805115,0.10553131470972887,0.001,0.1468254388130118,10000.0,0.13842061717333415,10000.0,0.09612658619880676
T11,T11_day309,T11_day310,1,1,309,-2.766688823699951,-2.7692461013793945,-3.248711585998535,-3.973642110824585,-3.9580864906311035,-0.4916301766681106,0.001,-0.03347349520425463,10000.0,-2.0429184908572537,10000.0,-45.8148307800293
T11,T11_day309,T11_day339,30,30,309,-1.9647986888885498,-1.9702856540679932,-1.6414185762405396,-1.6512166261672974,-1.5758477449417114,-0.015315481701599742,0.0001,0.004860975198096362,100000.0,-0.04485960328039651,10000.0,0.0386735200881958
T11,T11_day309,T11_day428,120,119,309,-1.2297673225402832,-1.2263301610946655,-1.0818641185760498,-0.9978490471839905,-1.0494813919067383,0.16802079746245796,0.001,0.2603593925064657,10000.0,0.12954646154980254,10000.0,0.13749420642852783
T11,T11_day309,T11_day790,480,481,309,-1.5819861888885498,-1.5736732482910156,-1.5323460102081299,-1.4233253002166748,-1.4295456409454346,0.08203508216523642,0.001,0.1468254388130118,10000.0,0.09750871776096676,1000.0,0.09612658619880676
T11,T11_day310,T11_day339,30,29,310,-32.28828430175781,-32.29347610473633,-18.98921775817871,-17.645627975463867,-17.551525115966797,-0.015043083272982483,0.0001,0.004860975198096362,100000.0,-0.1254430030052509,1000.0,0.0386735200881958
T11,T11_day310,T11_day428,120,118,310,-18.99544334411621,-19.002639770507812,-11.65798568725586,-11.202314376831055,-11.381861686706543,0.20137682994191042,0.0001,0.2603593925064657,10000.0,-0.1334675062265952,1000.0,0.13749420642852783
T11,T11_day310,T11_day790,480,480,310,-28.37632942199707,-28.380184173583984,-17.2507381439209,-15.443319320678711,-15.478351593017578,0.08516065024380359,0.001,0.1468254388130118,10000.0,0.09809098418086509,100.0,0.09612658619880676
T11,T11_day324,T11_day325,1,1,324,0.10994511842727661,0.11002159118652344,0.11031678318977356,0.11964836716651917,0.1285962164402008,0.1460093460472393,0.001,0.12920074809337134,100000.0,0.163316407580736,100000.0,0.14169713854789734
T11,T11_day324,T11_day353,30,29,324,0.32630038261413574,0.3222430646419525,0.3233775198459625,0.001466512680053711,-0.009676545858383179,0.3944235890773253,0.001,0.42278633722282716,10000.0,0.4243944435152641,10000.0,0.3932212293148041
T11,T11_day324,T11_day444,120,120,324,0.21488630771636963,0.21394747495651245,0.20479503273963928,0.1450728178024292,0.15143319964408875,0.24261940787323194,0.001,0.31081801439095674,10000.0,0.3036933490217437,10000.0,0.1839088797569275
T11,T11_day324,T11_day814,480,490,324,-0.5959517955780029,-0.5885923504829407,-0.594463586807251,-0.593818187713623,-0.5860791206359863,0.0832320887569718,0.0001,0.19284310344434197,100000.0,0.16901503671600426,10000.0,0.178076833486557
T11,T11_day325,T11_day353,30,28,325,0.045108526945114136,0.03413739800453186,0.03229144215583801,-0.2767672538757324,-0.2656688094139099,0.37814575721863253,0.001,0.42278633722282716,10000.0,0.3765097926377035,10000.0,0.3932212293148041
T11,T11_day325,T11_day444,120,119,325,0.17251643538475037,0.17331010103225708,0.1763562262058258,0.15468940138816833,0.1559477150440216,0.252848088468917,0.001,0.31081801439095674,10000.0,0.29370719812177787,10000.0,0.1839088797569275
T11,T11_day325,T11_day814,480,489,325,-0.9264684319496155,-0.9235413074493408,-0.9315528869628906,-0.8573489189147949,-0.8493640422821045,0.06481807610903101,0.0001,0.19284310344434197,100000.0,0.14168745824830975,10000.0,0.178076833486557
T11,T11_day328,T11_day357,30,29,328,0.12249955534934998,0.12250319123268127,0.1137000024318695,0.050908684730529785,0.05099788308143616,0.11373340861974701,100.0,0.051145503102604406,1000000.0,0.12748775630705256,1000000.0,0.2532286047935486
T11,T11_day328,T11_day444,120,116,328,0.09371718764305115,0.09205573797225952,0.09536498785018921,0.08793053030967712,0.07847949862480164,0.23347023978818332,0.001,0.31081801439095674,10000.0,0.28790983655208235,10000.0,0.1839088797569275
T11,T11_day328,T11_day814,480,486,328,-0.8375030159950256,-0.8375750780105591,-0.8701761364936829,-0.8095876574516296,-0.8158962726593018,0.04865183166583226,0.0001,0.19284310344434197,100000.0,0.1516382297449238,10000.0,0.178076833486557
T11,T11_day338,T11_day339,1,1,338,0.010034680366516113,0.009725332260131836,0.011538386344909668,0.019130408763885498,0.010822147130966187,-0.005377091605793527,0.01,0.004860975198096362,100000.0,0.02732655953722457,100000.0,0.0386735200881958
T11,T11_day338,T11_day346,7,8,338,-0.03284090757369995,-0.03159153461456299,-0.02452331781387329,-0.03623497486114502,-0.03469425439834595,0.07634381041217086,0.0001,0.09830927530693878,100000.0,0.06014589805654447,100000.0,0.1454494595527649
T11,T11_day338,T11_day367,30,29,338,-0.05548381805419922,-0.04965245723724365,0.006804138422012329,0.016363322734832764,0.018129348754882812,0.06311917710876203,1.0,-0.002314837315780971,1000000.0,0.018030708868009504,1000000.0,0.019440561532974243
T11,T11_day338,T11_day456,120,118,338,-0.7523906826972961,-0.7479057908058167,-1.130942463874817,-0.542558491230011,-0.636175811290741,-0.40497605370411605,0.001,-0.6922557743486493,10000.0,-1.0765788512885561,10000.0,-326.53607177734375
T11,T11_day338,T11_day814,480,476,338,-0.4912837743759155,-0.4931032061576843,-0.5097053647041321,-0.5710049867630005,-0.5753709077835083,0.10374739375983105,0.0001,0.19284310344434197,100000.0,0.18411824271285532,10000.0,0.178076833486557
T11,T11_day339,T11_day346,7,7,339,0.04216751456260681,0.043123841285705566,0.0477103590965271,0.05153423547744751,0.05174076557159424,0.08253626737329911,0.0001,0.09830927530693878,100000.0,0.08231496799249655,100000.0,0.1454494595527649
T11,T11_day339,T11_day367,30,28,339,0.019978255033493042,0.02564355731010437,0.06884247064590454,0.07311296463012695,0.07515010237693787,0.06891234272856711,100.0,-0.002314837315780971,1000000.0,0.07484251933662756,1000000.0,0.019440561532974243
T11,T11_day339,T11_day461,120,122,339,0.07291379570960999,0.07352626323699951,-0.006097257137298584,-0.05631795525550842,-0.032479673624038696,0.06719897460838004,0.001,-0.06898320637976746,10000.0,0.06544296855183362,10000.0,-11.928503036499023
T11,T11_day339,T11_day814,480,475,339,-0.7480575442314148,-0.7513288855552673,-0.787912905216217,-0.7674485445022583,-0.7839751839637756,0.08337930684785722,1e-05,0.19284310344434197,100000.0,0.15818418776054805,10000.0,0.178076833486557
T11,T11_day342,T11_day372,30,30,342,0.21722948551177979,0.21506106853485107,0.1995343267917633,-0.0027340352535247803,-0.029874533414840698,0.340726743182614,0.001,0.3989192991498798,10000.0,0.3846889046174771,10000.0,0.20126396417617798
T11,T11_day342,T11_day461,120,119,342,0.053787827491760254,0.05307406187057495,-0.09834003448486328,-0.029565870761871338,-0.026338964700698853,-0.1811282943198116,0.0001,-0.06898320637976746,10000.0,-0.03253965935305847,1000000.0,-11.928503036499023
T11,T11_day342,T11_day814,480,472,342,-0.8168474435806274,-0.8095374703407288,-0.829965353012085,-0.9150845408439636,-0.9120730757713318,0.020634199152515742,0.0001,0.19284310344434197,100000.0,0.1357660517458414,10000.0,0.178076833486557
T11,T11_day346,T11_day353,7,7,346,0.27163922786712646,0.2637898027896881,0.25304463505744934,0.10429450869560242,0.0942588746547699,0.42066486220942867,0.001,0.42278633722282716,10000.0,0.40458206076496805,10000.0,0.3932212293148041
T11,T11_day346,T11_day373,30,27,346,0.3818666338920593,0.3816230893135071,0.3733099699020386,0.11304545402526855,0.10665398836135864,0.40135779810524674,0.01,0.4265942908668273,10000.0,0.40288386317639613,100000.0,0.4691375195980072
T11,T11_day346,T11_day464,120,118,346,0.12916243076324463,0.12995260953903198,0.12319740653038025,0.11297425627708435,0.10683953762054443,0.23287704589913472,0.0001,0.2760695127009115,10000.0,0.2806953664255207,10000.0,0.2658979892730713
T11,T11_day346,T11_day814,480,468,346,-0.7684306502342224,-0.7694189548492432,-0.7932010889053345,-0.7984552979469299,-0.8040466904640198,0.06650255802407845,0.0001,0.19284310344434197,100000.0,0.13764525289191032,10000.0,0.178076833486557
T11,T11_day353,T11_day359,7,6,353,0.20364370942115784,0.19719764590263367,0.20162758231163025,0.14952698349952698,0.1402132511138916,0.31478508997171134,0.0001,0.3393703346137518,100000.0,0.3208776264149703,100000.0,0.38046982884407043
T11,T11_day353,T11_day385,30,32,353,-0.03814533352851868,-0.04091233015060425,-0.04195019602775574,-0.043438106775283813,-0.04226267337799072,-0.04161456421094928,100.0,-0.0224658470791419,100000.0,-0.040103301141934444,1000000.0,-0.04529041051864624
T11,T11_day353,T11_day471,120,118,353,0.18681833148002625,0.18628528714179993,0.18638411164283752,0.1720903515815735,0.14056742191314697,0.30206035690976424,0.001,0.3340617928926931,100000.0,0.33114961914763313,10000.0,0.2457515299320221
T11,T11_day353,T11_day841,480,488,353,-0.05223047733306885,-0.052406489849090576,-0.05694669485092163,-0.03110724687576294,-0.1846456527709961,0.24979166906800143,1e-05,0.36107798932144153,10000.0,0.3615970467808859,10000.0,0.39610588550567627
T11,T11_day357,T11_day359,1,2,357,0.3017875552177429,0.30163899064064026,0.30279046297073364,0.28405699133872986,0.28098413348197937,0.3034594016447864,100.0,0.3393703346137518,100000.0,0.31263022922976924,1000000.0,0.38046982884407043
T11,T11_day357,T11_day364,7,7,357,0.2501557767391205,0.2494429647922516,0.24835988879203796,0.24123892188072205,0.24356356263160706,0.27063173536201196,0.001,0.11847629424733613,100000.0,0.2642613693023485,100000.0,0.016396433115005493
T11,T11_day357,T11_day385,30,28,357,-0.016418397426605225,-0.017579466104507446,-0.019943177700042725,-0.02015438675880432,-0.021687805652618408,-0.019939273850243744,100.0,-0.0224658470791419,100000.0,-0.021056205999519517,1000000.0,-0.04529041051864624
T11,T11_day357,T11_day476,120,119,357,0.34138625860214233,0.3410036265850067,0.3358108401298523,0.21400797367095947,0.17529651522636414,0.45569561952516985,1e-05,0.49010416923524697,10000.0,0.48956748564338404,10000.0,0.4739336669445038
T11,T11_day357,T11_day841,480,484,357,0.03350535035133362,0.03071722388267517,0.030137836933135986,-0.10471183061599731,0.032085269689559937,0.19864618320749816,1e-05,0.36107798932144153,10000.0,0.36586209100644224,10000.0,0.39610588550567627
T11,T11_day359,T11_day367,7,8,359,0.22341811656951904,0.22335979342460632,0.22640672326087952,0.21549391746520996,0.21325650811195374,0.22630899720770764,100.0,-0.002314837315780971,1000000.0,0.22897523923341995,1000000.0,0.019440561532974243
T11,T11_day359,T11_day391,30,32,359,-0.05395078659057617,-0.055675208568573,-0.05092334747314453,-0.03570669889450073,-0.043373167514801025,-0.11445718145331452,0.001,-0.09808808611881359,100000.0,-0.08281246441955847,10000.0,-0.16205370426177979
T11,T11_day359,T11_day476,120,117,359,0.3851805031299591,0.3859502673149109,0.38257989287376404,0.17070996761322021,0.16273322701454163,0.46310811309974675,0.0001,0.49010416923524697,10000.0,0.4910265958618618,10000.0,0.4739336669445038
T11,T11_day359,T11_day841,480,482,359,0.059820473194122314,0.05893149971961975,0.05771288275718689,-0.08301198482513428,-0.07500869035720825,0.22326871365413292,1e-05,0.36107798932144153,10000.0,0.3691594275225837,10000.0,0.39610588550567627
T11,T11_day364,T11_day372,7,8,364,-3.132615327835083,-3.137662887573242,-4.708993911743164,-2.456407070159912,-2.48142671585083,0.14829110228149456,0.01,0.3989192991498798,10000.0,0.2544676738503197,1000.0,0.20126396417617798
T11,T11_day364,T11_day391,30,27,364,-1.2605431079864502,-1.250913381576538,-1.4144682884216309,-1.7998188734054565,-1.393810510635376,-0.11257299635517626,0.0001,-0.09808808611881359,100000.0,-0.11474279375581065,1000.0,-0.16205370426177979
T11,T11_day364,T11_day484,120,120,364,-1.4042704105377197,-1.4072520732879639,-1.5383045673370361,-1.075706124305725,-1.232062816619873,0.03867913644456611,0.0001,0.11128605010991965,10000.0,0.046129549364452294,1000.0,0.05007338523864746
T11,T11_day364,T11_day842,480,478,364,-2.4936609268188477,-2.494035482406616,-8.01664924621582,-7.798714637756348,-7.751104354858398,0.280832141626887,0.001,0.3861840897422553,100000.0,0.19098155192864746,1000.0,0.15866810083389282
T11,T11_day367,T11_day373,7,6,367,-29.100849151611328,-29.112747192382812,-41.818695068359375,-53.419010162353516,-49.377079010009766,0.367441699913455,0.001,0.4265942908668273,10000.0,0.37843857457536695,100.0,0.4691375195980072
T11,T11_day367,T11_day401,30,34,367,-34.3052978515625,-34.44526672363281,-50.822601318359375,-52.667083740234375,-52.52665710449219,0.3877222362924152,0.0001,0.48110226851515836,10000.0,0.42686169611069597,100.0,0.42756786942481995
T11,T11_day367,T11_day484,120,117,367,-44.65191650390625,-44.66869354248047,-67.67962646484375,-63.58003234863281,-69.37870788574219,0.008292180950830619,0.0001,0.11128605010991965,10000.0,0.03925360841086195,1000.0,0.05007338523864746
T11,T11_day367,T11_day842,480,475,367,-22.066829681396484,-22.068218231201172,-27.136085510253906,-36.77561569213867,-36.871734619140625,0.2756746720897459,0.0001,0.3861840897422553,100000.0,0.15870339627778118,10.0,0.15866810083389282
T11,T11_day372,T11_day373,1,1,372,-25.96009063720703,-25.956649780273438,-46.59684753417969,-48.29004669189453,-48.1135139465332,0.4118429191715154,1e-05,0.4265942908668273,10000.0,0.3769990587924609,100.0,0.4691375195980072
T11,T11_day372,T11_day401,30,29,372,-33.10195541381836,-33.35343933105469,-62.027992248535156,-61.603981018066406,-61.902469635009766,0.4241449610382928,0.0001,0.48110226851515836,10000.0,0.4248770888326141,100.0,0.42756786942481995
T11,T11_day372,T11_day492,120,120,372,-51.59796905517578,-51.74966049194336,-88.50566101074219,-60.383056640625,-59.9200439453125,-0.36591912309079055,0.0001,-0.18674708351422853,10000.0,-0.21617973357962017,10.0,-0.21656185388565063
T11,T11_day372,T11_day842,480,470,372,-26.647417068481445,-26.671762466430664,-34.54393768310547,-31.212535858154297,-31.280437469482422,0.22761758977131025,0.001,0.3861840897422553,100000.0,0.15294103274020515,100.0,0.15866810083389282
T11,T11_day373,T11_day401,30,28,373,0.4004957377910614,0.4004100561141968,0.38572433590888977,0.3017778694629669,0.28592729568481445,0.3856903987170466,100.0,0.48110226851515836,10000.0,0.47532344399891424,10000.0,0.42756786942481995
T11,T11_day373,T11_day492,120,119,373,-0.17569464445114136,-0.17584210634231567,-0.22907620668411255,-0.2512986660003662,-0.27783894538879395,-0.10208869424421607,0.001,-0.18674708351422853,10000.0,-0.13479192447232236,100000.0,-0.21656185388565063
T11,T11_day373,T11_day842,480,469,373,0.20949777960777283,0.20895835757255554,0.19573789834976196,0.1824347972869873,0.16367405652999878,0.3459528006300974,0.001,0.3861840897422553,100000.0,0.36157339497921037,100000.0,0.15866810083389282
T11,T11_day385,T11_day391,7,6,385,-0.3287992477416992,-0.2751616835594177,-0.39198505878448486,-0.26296085119247437,-0.277340829372406,-0.10222830779425007,0.001,-0.09808808611881359,100000.0,-0.12547412300665994,1000.0,-0.16205370426177979
T11,T11_day385,T11_day415,30,30,385,-66.66520690917969,-67.54624938964844,-92.22157287597656,-91.67507934570312,-93.19307708740234,-0.06755547816252738,0.0001,-0.031783439056217166,100000.0,-0.3908427536819338,100.0,-0.6373163461685181
T11,T11_day385,T11_day505,120,120,385,-70.44839477539062,-70.0073471069336,-105.90376281738281,-112.47637176513672,-110.39717102050781,-0.10244684926086939,0.001,-0.03179381430220485,10000.0,-13.651068313134331,100.0,-102.96626281738281
T11,T11_day385,T11_day868,480,483,385,-78.53585815429688,-78.62255859375,-150.70245361328125,-135.46078491210938,-147.107666015625,0.20449223101373748,1e-05,0.17814020674934794,10000.0,0.06476980014944389,1.0,0.06477367877960205
T11,T11_day391,T11_day420,30,29,391,-0.9008650779724121,-0.8979661464691162,-1.3506654500961304,-0.7515512108802795,-0.8107653856277466,0.2705525146955363,0.001,0.2557014292702057,100000.0,-0.44334804192558175,100000.0,0.11538061499595642
T11,T11_day391,T11_day511,120,120,391,-0.5809911489486694,-0.6341466903686523,-0.9042601585388184,-0.8711830973625183,-0.9137852787971497,0.28904140497862774,1e-06,0.35793038811598366,0.1,0.35793172458375355,0.1,0.3579304814338684
T11,T11_day391,T11_day870,480,479,391,-0.7630021572113037,-0.8165913224220276,-1.0921978950500488,-0.985898494720459,-0.9515185356140137,0.300035213948659,0.0001,0.3902358896025695,10000.0,0.38076072855589044,1000.0,0.3810665011405945
T11,T11_day401,T11_day409,7,8,401,-0.041599929332733154,-0.041786372661590576,-0.007714122533798218,-0.17689132690429688,-0.19136103987693787,0.1610153260668727,0.0001,0.15707691083789976,10000.0,0.13509363932469437,10000.0,0.17911085486412048
T11,T11_day401,T11_day428,30,27,401,0.19868803024291992,0.19794833660125732,0.20462566614151,0.1807020604610443,0.11232006549835205,0.25082326886239914,0.001,0.2603593925064657,10000.0,0.1682154343480568,10000.0,0.13749420642852783
T11,T11_day401,T11_day521,120,120,401,-0.1354207992553711,-0.13388925790786743,-0.12539100646972656,-0.13207858800888062,-0.14233440160751343,0.07429693018964206,0.0001,0.12403576002936445,10000.0,0.11577408850309917,10000.0,0.11548274755477905
T11,T11_day401,T11_day882,480,481,401,-0.23111844062805176,-0.22115826606750488,-0.21240532398223877,-0.27775925397872925,-0.28870129585266113,-0.08422278699154112,0.0001,-0.0122575958502949,10000.0,-0.06948913357297648,10000.0,-5.400036811828613
T11,T11_day405,T11_day406,1,1,405,0.2535083591938019,0.25319331884384155,0.22158703207969666,0.05739438533782959,0.020015597343444824,0.3075444468961639,0.0001,0.30726310151955727,10000.0,0.31155306761724244,10000.0,0.2860936224460602
T11,T11_day405,T11_day412,7,7,405,0.005938708782196045,0.005149513483047485,0.01540595293045044,-0.029878079891204834,-0.050128281116485596,-0.07980325621006273,0.001,-0.14163304798191795,100000.0,0.0017833461123424876,100000.0,-0.14135444164276123
T11,T11_day405,T11_day437,30,32,405,-0.04761204123497009,-0.047335028648376465,-0.04662215709686279,-0.0684083104133606,-0.05488616228103638,-0.042040865124107984,10.0,-0.01704465002484834,1000000.0,-0.04266752049508604,1000000.0,-0.1571250557899475
T11,T11_day405,T11_day524,120,119,405,0.14084500074386597,0.13618186116218567,0.1390402913093567,0.1524888575077057,0.1671513020992279,0.22782696335270547,0.001,0.30606474797803795,10000.0,0.31100096892954804,10000.0,0.30300018191337585
T11,T11_day405,T11_day882,480,477,405,-0.32455193996429443,-0.3398820757865906,-0.390333890914917,-0.3672083616256714,-0.3764927387237549,-0.09429052082479195,0.0001,-0.0122575958502949,10000.0,-0.11617228595240026,10000.0,-5.400036811828613
T11,T11_day406,T11_day413,7,7,406,-0.15116864442825317,-0.14683198928833008,-0.13504695892333984,-3.0990986824035645,-1.8827770948410034,-0.046777165431139855,0.01,-0.04252322877417092,100000.0,-0.238113880786477,10000.0,-16918.4609375
T11,T11_day406,T11_day437,30,31,406,-0.04185283184051514,-0.041359663009643555,-0.04384130239486694,-0.05206489562988281,-0.026639670133590698,-0.001473669245395548,0.001,-0.01704465002484834,1000000.0,-0.04127564592566052,1000000.0,-0.1571250557899475
T11,T11_day406,T11_day527,120,121,406,0.3479708433151245,0.3500852584838867,0.350689172744751,0.3307899832725525,0.3106338679790497,0.4630723589339149,0.001,0.5153458886415387,10000.0,0.5116259322985643,10000.0,0.484952449798584
T11,T11_day406,T11_day888,480,482,406,-0.01462620496749878,-0.011942744255065918,-0.008700370788574219,-0.12081599235534668,-0.16867506504058838,0.22466340737971124,0.0001,0.33253464110390607,10000.0,0.3047538081885686,10000.0,0.23064512014389038
T11,T11_day409,T11_day415,7,6,409,-0.020580410957336426,-0.02118775248527527,-0.023132771253585815,-0.03998678922653198,-0.0363004207611084,-0.02325394534365549,100.0,-0.031783439056217166,100000.0,-0.01962538074570719,100000.0,-0.6373163461685181
T11,T11_day409,T11_day440,30,31,409,0.10633772611618042,0.1063479483127594,0.10673463344573975,0.1032014787197113,0.10489803552627563,0.1040019397237828,0.0001,0.09821226865271171,100000.0,0.14562328794743723,100000.0,0.09608611464500427
T11,T11_day409,T11_day527,120,118,409,0.39500394463539124,0.39563003182411194,0.40624627470970154,0.35656309127807617,0.35236164927482605,0.4771497345280616,0.001,0.5153458886415387,10000.0,0.5157204018719611,10000.0,0.484952449798584
T11,T11_day409,T11_day888,480,479,409,-0.03845161199569702,-0.038363099098205566,-0.047300755977630615,-0.09868651628494263,-0.17726469039916992,0.22594662853714276,0.0001,0.33253464110390607,10000.0,0.30041276551840973,10000.0,0.23064512014389038
T11,T11_day412,T11_day413,1,1,412,-0.26343369483947754,-0.26561278104782104,-0.43151599168777466,-0.5976772308349609,-0.620083749294281,-0.3106266940325779,0.01,-0.04252322877417092,100000.0,-0.3114703670477791,10000.0,-16918.4609375
T11,T11_day412,T11_day420,7,8,412,0.16116303205490112,0.1513347029685974,0.15902206301689148,0.1247231662273407,0.08984014391899109,0.24016356480639345,0.01,0.2557014292702057,100000.0,0.2657976798262752,10000.0,0.11538061499595642
T11,T11_day412,T11_day441,30,29,412,0.20010113716125488,0.2050037980079651,0.15667355060577393,0.09446325898170471,-0.05609902739524841,0.31638496859802073,0.0001,0.3373855442735855,10000.0,0.3276453790898321,10000.0,0.3081395626068115
T11,T11_day412,T11_day535,120,123,412,0.23670604825019836,0.23795300722122192,0.223111093044281,0.12561029195785522,0.008805274963378906,0.3300847917305482,0.001,0.3801413302884922,10000.0,0.3616049338986607,10000.0,0.34118199348449707
T11,T11_day412,T11_day891,480,479,412,-0.00030288100242614746,-0.0075362324714660645,-0.013623863458633423,-0.051893919706344604,-0.14062261581420898,0.3365096426885008,0.0001,0.4098273623540565,10000.0,0.4012626571529883,10000.0,0.390423059463501
T11,T11_day413,T11_day414,1,1,413,-22574.09375,-22574.587890625,-1586969.375,-1273315.75,-1263021.125,-1.2039190043628683,1e-06,-0.0003674332544107983,1000000.0,-173.64488044057757,0.1,-177.55810546875
T11,T11_day413,T11_day420,7,7,413,-50956.30859375,-50997.71875,-54937.71875,-47956.55859375,-47839.78125,0.056916290145407666,0.01,0.2557014292702057,100000.0,0.1137365578103594,1.0,0.11538061499595642
T11,T11_day413,T11_day443,30,30,413,-42677.15625,-42691.0625,-47514.73828125,-42701.1640625,-43015.69921875,0.08725497472888682,0.001,0.29233493665622434,10000.0,0.2523349838606282,0.1,0.2523883283138275
T11,T11_day413,T11_day535,120,122,413,-40047.63671875,-40035.31640625,-42604.23828125,-37970.5625,-37859.86328125,0.13334796971014884,0.0001,0.3801413302884922,10000.0,0.3290661753833114,10.0,0.34118199348449707
T11,T11_day413,T11_day891,480,478,413,-40937.68359375,-40945.57421875,-46289.0234375,-39631.4609375,-39676.0234375,0.09506234168394168,0.0001,0.4098273623540565,10000.0,0.39041498817422177,0.1,0.390423059463501
T11,T11_day414,T11_day415,1,1,414,-122.9798583984375,-123.9618148803711,-50.522682189941406,-42.909061431884766,-42.40614318847656,-0.056602174288656215,0.001,-0.031783439056217166,100000.0,-0.5294165796394631,100.0,-0.6373163461685181
T11,T11_day414,T11_day420,7,6,414,-1085.6234130859375,-1087.50634765625,-268.8204345703125,-175.42495727539062,-170.25340270996094,0.286404992429382,0.001,0.2557014292702057,100000.0,0.1002469754669818,100.0,0.11538061499595642
T11,T11_day414,T11_day444,30,30,414,-450.2218322753906,-450.0584716796875,-83.14656066894531,-78.79450988769531,-78.86339569091797,0.2778141298498515,0.0001,0.31081801439095674,10000.0,0.18616043232563956,10.0,0.1839088797569275
T11,T11_day414,T11_day535,120,121,414,-666.855224609375,-666.26123046875,-213.84756469726562,-130.1356964111328,-130.52130126953125,0.3179460489025011,0.001,0.3801413302884922,10000.0,0.3437818462252505,100.0,0.34118199348449707
T11,T11_day414,T11_day891,480,477,414,-442.0934753417969,-442.3976135253906,-100.83119201660156,-84.18115234375,-85.73588562011719,0.2746723916965452,0.0001,0.4098273623540565,10000.0,0.3903489900957915,10.0,0.390423059463501
T11,T11_day415,T11_day444,30,29,415,-102.75221252441406,-102.66499328613281,-56.2724723815918,-50.504730224609375,-49.16674041748047,0.21109808028654525,0.0001,0.31081801439095674,10000.0,0.1957068219287631,100.0,0.1839088797569275
T11,T11_day415,T11_day535,120,120,415,-95.47039794921875,-95.44252014160156,-62.804420471191406,-47.634952545166016,-51.28474426269531,0.3150376306585597,1e-05,0.3801413302884922,10000.0,0.34399176828207023,100.0,0.34118199348449707
T11,T11_day415,T11_day891,480,476,415,-85.40204620361328,-85.42645263671875,-55.58266830444336,-42.381553649902344,-42.1892204284668,0.29223352526043056,0.0001,0.4098273623540565,10000.0,0.3907991619302625,100.0,0.390423059463501
T11,T11_day420,T11_day427,7,7,420,-1.1366722583770752,-1.1494154930114746,-1.2901337146759033,-1.0470006465911865,-1.0263984203338623,-0.012605891889929388,0.0001,0.017619582368656017,100000.0,-0.13661953729463017,1000.0,-959.0703125
T11,T11_day420,T11_day454,30,34,420,-0.22000670433044434,-0.2105366587638855,-0.3448292016983032,-0.29807108640670776,-0.31203436851501465,-0.002411984365559783,0.0001,0.07927639159570216,10000.0,0.04906367099511777,10000.0,0.08673533797264099
T11,T11_day420,T11_day539,120,119,420,0.0846538245677948,0.07103422284126282,-0.24600815773010254,-0.4261764883995056,-0.4266294240951538,0.0303540648862341,0.01,0.1663932991636049,100000.0,-0.20043729826271084,1000000.0,-0.30660659074783325
T11,T11_day420,T11_day905,480,485,420,-0.16042035818099976,-0.16306298971176147,-0.24312514066696167,-0.23178350925445557,-0.23074102401733398,0.017800525693848712,0.001,0.06836752756211212,10000.0,0.0011122106262672071,10000.0,-0.0643816590309143
T11,T11_day427,T11_day428,1,1,427,-4849.7294921875,-4849.2890625,-10016.515625,-9269.5380859375,-9273.716796875,0.11780165643123025,0.0001,0.2603593925064657,10000.0,-1.4996771666662885,0.1,0.13749420642852783
T11,T11_day427,T11_day456,30,29,427,-6554.6337890625,-6554.0263671875,-19744.384765625,-18485.90625,-18206.3125,-0.7587981366940043,0.0001,-0.6922557743486493,10000.0,-39.38527010916143,10.0,-326.53607177734375
T11,T11_day427,T11_day548,120,121,427,-4848.1513671875,-4848.10888671875,-10735.390625,-10267.8779296875,-10272.939453125,0.18610935728317596,0.0001,0.4112733591629393,10000.0,-0.10569068978157553,100.0,0.2334580421447754
T11,T11_day427,T11_day905,480,478,427,-1047.5819091796875,-1048.633544921875,-1966.4443359375,-1788.606689453125,-1846.463134765625,0.04106431227084395,0.001,0.06836752756211212,10000.0,-0.062357198194132435,1.0,-0.0643816590309143
T11,T11_day428,T11_day456,30,28,428,-1.5329039096832275,-1.5353467464447021,-2.5211782455444336,-1.9161083698272705,-3.2271344661712646,-0.6223308913192869,0.001,-0.6922557743486493,10000.0,-1.4076142238235576,10000.0,-326.53607177734375
T11,T11_day428,T11_day548,120,120,428,0.25671395659446716,0.2565539479255676,0.21233311295509338,-0.01173633337020874,0.07565745711326599,0.39566544694784256,0.001,0.4112733591629393,10000.0,0.38549033425409795,10000.0,0.2334580421447754
T11,T11_day428,T11_day905,480,477,428,0.025665849447250366,0.03166148066520691,0.030377238988876343,0.02512180805206299,0.03575098514556885,0.03867107930285607,0.01,0.06836752756211212,10000.0,0.07790040752166522,10000.0,-0.0643816590309143
T11,T11_day437,T11_day444,7,7,437,-1.1489070653915405,-1.1432334184646606,-1.7376855611801147,-1.9626072645187378,-2.1018636226654053,0.17065159069417135,0.0001,0.31081801439095674,10000.0,0.21042579614726314,1000.0,0.1839088797569275
T11,T11_day437,T11_day468,30,31,437,-1.5242159366607666,-1.5267813205718994,-4.087005615234375,-3.9850680828094482,-4.041058540344238,-1.4314491255754058,0.001,0.15684832550866928,10000.0,-1.5977224845272477,1000.0,-16.088703155517578
T11,T11_day437,T11_day555,120,118,437,-1.5293469429016113,-1.5291506052017212,-2.627012014389038,-3.416414499282837,-11.952140808105469,-0.025402661331131282,0.001,0.4171396157672809,10000.0,-0.18674597322821224,1000.0,-6.608066082000732
T11,T11_day437,T11_day924,480,487,437,-2.534468173980713,-2.5058364868164062,-4.3616719245910645,-3.9073333740234375,-4.182184219360352,-0.02393142995791686,0.0001,0.17416641939863775,10000.0,0.1429350912802378,100.0,0.14220952987670898
T11,T11_day440,T11_day441,1,1,440,0.2879217565059662,0.2915263772010803,0.23019853234291077,-0.14340335130691528,-0.10341095924377441,0.3205628505967886,0.0001,0.3373855442735855,10000.0,0.3514053794872254,10000.0,0.3081395626068115
T11,T11_day440,T11_day469,30,29,440,0.32654568552970886,0.3260165750980377,0.3068661391735077,0.0072238147258758545,0.010250478982925415,0.4276598261222349,0.001,0.43743258755038245,10000.0,0.46100543848248543,10000.0,0.38677698373794556
T11,T11_day440,T11_day560,120,120,440,-0.2920086979866028,-0.2925087809562683,-0.37106770277023315,-0.3958887457847595,-0.38078272342681885,-0.11857746756744814,0.0001,-0.04686427920642067,10000.0,-0.056791027922611925,10000.0,-0.0715286135673523
T11,T11_day440,T11_day924,480,484,440,-0.6077544093132019,-0.6148763298988342,-0.6563641428947449,-0.5844007730484009,-0.5927648544311523,0.09328006476631845,0.0001,0.17416641939863775,10000.0,0.12213535442800455,10000.0,0.14220952987670898
T11,T11_day441,T11_day443,1,2,441,0.006545811891555786,0.0005608201026916504,0.014583170413970947,0.02148553729057312,-0.009146243333816528,0.19877495155088204,0.001,0.29233493665622434,10000.0,0.29943620134787957,10000.0,0.2523883283138275
T11,T11_day441,T11_day471,30,30,441,0.2708605229854584,0.26656919717788696,0.2762320935726166,0.24695029854774475,0.21050933003425598,0.28802019008455276,0.1,0.3340617928926931,100000.0,0.2927596640507818,1000000.0,0.2457515299320221
T11,T11_day441,T11_day560,120,119,441,-0.22743302583694458,-0.2299627661705017,-0.2463991641998291,-0.5082768797874451,-0.3953559994697571,-0.12697772887995473,0.0001,-0.04686427920642067,10000.0,-0.05828276632064311,10000.0,-0.0715286135673523
T11,T11_day441,T11_day924,480,483,441,-0.4527718424797058,-0.4600396156311035,-0.4293944239616394,-0.5084859728813171,-0.5468251705169678,0.15289153178885817,0.0001,0.17416641939863775,10000.0,0.14080496670519227,10000.0,0.14220952987670898
T11,T11_day443,T11_day444,1,1,443,0.006064802408218384,0.005444198846817017,0.0009473860263824463,-0.13936418294906616,-0.5074760913848877,0.27031856533945914,0.0001,0.31081801439095674,10000.0,0.2830002281718347,10000.0,0.1839088797569275
T11,T11_day443,T11_day471,30,28,443,0.1985040307044983,0.1967172622680664,0.16988977789878845,0.1415102183818817,0.09373944997787476,0.32090315177805695,0.001,0.3340617928926931,100000.0,0.34240118068361963,10000.0,0.2457515299320221
T11,T11_day443,T11_day563,120,120,443,0.01085713505744934,0.004143238067626953,0.005464404821395874,-0.01877853274345398,0.03760206699371338,0.3036346123244956,0.0001,0.34741370282521794,10000.0,0.3253245560996794,10000.0,0.33150938153266907
T11,T11_day443,T11_day924,480,481,443,-0.5332693457603455,-0.5339887738227844,-0.5432881116867065,-0.6533111333847046,-0.6976073384284973,0.05629359848832194,0.0001,0.17416641939863775,10000.0,0.13714844793926984,10000.0,0.14220952987670898
T11,T11_day444,T11_day476,30,32,444,0.07446521520614624,0.07339403033256531,-0.06769540905952454,-0.30717623233795166,-0.30301129817962646,0.4453802982218104,0.0001,0.49010416923524697,10000.0,0.4765300569042525,1000.0,0.4739336669445038
T11,T11_day444,T11_day563,120,119,444,-0.061152637004852295,-0.05873951315879822,-0.17856529355049133,-0.2567688226699829,-0.2831936478614807,0.3022213144870878,0.0001,0.34741370282521794,10000.0,0.3324028546181971,1000.0,0.33150938153266907
T11,T11_day444,T11_day924,480,480,444,-0.6210057735443115,-0.621028482913971,-0.7556397318840027,-0.6574099659919739,-0.656034529209137,0.12245091531558255,0.0001,0.17416641939863775,10000.0,0.12569611449142382,10000.0,0.14220952987670898
T11,T11_day454,T11_day456,1,2,454,-0.9273945093154907,-0.9331797957420349,-1.611538052558899,-2.5003862380981445,-1.7576967477798462,-0.7069578885407017,0.001,-0.6922557743486493,10000.0,-1.4593364321581246,100000.0,-326.53607177734375
T11,T11_day454,T11_day461,7,7,454,-0.04861855506896973,-0.04702603816986084,-0.2816276550292969,-0.31371980905532837,-0.3926318287849426,-0.3316536245325108,0.001,-0.06898320637976746,10000.0,-0.08604489739350418,10000.0,-11.928503036499023
T11,T11_day454,T11_day484,30,30,454,-0.05066782236099243,-0.049861907958984375,-0.09049755334854126,-0.11377173662185669,-0.05845522880554199,0.0518930260318366,0.0001,0.11128605010991965,10000.0,0.08778064901158306,10000.0,0.05007338523864746
T11,T11_day454,T11_day575,120,121,454,0.08449345827102661,0.08189737796783447,0.06429386138916016,0.08061006665229797,0.06576400995254517,0.3328322273442711,0.0001,0.31297285297335625,100000.0,0.33384227260481486,10000.0,0.30597057938575745
T11,T11_day454,T11_day938,480,484,454,-1.0779879093170166,-1.0783969163894653,-0.8917466402053833,-1.3658781051635742,-1.4427366256713867,-0.32443122126759216,0.0001,-0.07856387275072574,100000.0,-0.4069981099133858,10000.0,-1.2801791429519653
T11,T11_day456,T11_day463,7,7,456,-63.187416076660156,-63.17491912841797,-34.0622444152832,-46.439735412597656,-92.99149322509766,0.20491685396902726,0.0001,0.20852310763947285,100000.0,0.08315724620193221,100.0,0.07718577980995178
T11,T11_day456,T11_day484,30,28,456,-272.4178161621094,-272.40496826171875,-225.47079467773438,-266.07037353515625,-250.7179412841797,0.11545259858291729,0.0001,0.11128605010991965,10000.0,-0.058871821326477225,1000.0,0.05007338523864746
T11,T11_day456,T11_day576,120,120,456,-149.16848754882812,-149.2909698486328,-103.85090637207031,-212.02569580078125,-217.80987548828125,0.45211857554604473,0.0001,0.47806006235904247,10000.0,0.4495178017813474,10.0,0.4500413239002228
T11,T11_day456,T11_day938,480,482,456,-133.03680419921875,-133.00387573242188,-66.0763931274414,-114.2081298828125,-146.26516723632812,-0.2751964708057616,0.0001,-0.07856387275072574,100000.0,-1.2522135519507442,10.0,-1.2801791429519653
T11,T11_day461,T11_day463,1,2,461,-5.46406888961792,-5.466824531555176,-3.7928619384765625,-5.734713554382324,-5.047807693481445,0.21533496006124547,0.0001,0.20852310763947285,100000.0,0.0825577462668955,1000.0,0.07718577980995178
T11,T11_day461,T11_day468,7,7,461,-14.504510879516602,-14.504349708557129,-16.158733367919922,-14.080517768859863,-16.480987548828125,-0.3757152598998361,0.001,0.15684832550866928,10000.0,-2.7301670999407026,1000.0,-16.088703155517578
T11,T11_day461,T11_day490,30,29,461,-9.858657836914062,-9.873696327209473,-9.580756187438965,-13.075173377990723,-12.602240562438965,-0.061352718814857654,0.0001,-0.06085435969270814,10000.0,-0.21058099466915436,100.0,-0.24068045616149902
T11,T11_day461,T11_day583,120,122,461,-8.620501518249512,-8.546343803405762,-6.79440975189209,-5.515091896057129,-5.864336967468262,0.4964671445947691,0.0001,0.5228132791739262,10000.0,0.512807944063558,100.0,0.5128169655799866
T11,T11_day461,T11_day940,480,479,461,-4.253063201904297,-4.260567665100098,-3.1621294021606445,-3.4585564136505127,-3.5282018184661865,0.034647825301415414,0.001,0.27717818762512375,10000.0,-1.7495998900841403,1000.0,-157.16659545898438
T11,T11_day463,T11_day464,1,1,463,0.14581644535064697,0.14495700597763062,0.14057692885398865,0.13562044501304626,0.1361253261566162,0.22669880864893777,0.001,0.2760695127009115,10000.0,0.2746874724178986,10000.0,0.2658979892730713
T11,T11_day463,T11_day469,7,6,463,0.3240985870361328,0.3245285451412201,0.2978556454181671,0.06568759679794312,0.038865476846694946,0.4050651705535921,0.001,0.43743258755038245,10000.0,0.4253714173942581,10000.0,0.38677698373794556
T11,T11_day463,T11_day492,30,29,463,-0.3010251522064209,-0.30027759075164795,-0.4849681854248047,-0.5952666997909546,-0.6622762084007263,-0.26474320032875165,0.001,-0.18674708351422853,10000.0,-0.17122747703454633,10000.0,-0.21656185388565063
T11,T11_day463,T11_day583,120,120,463,0.2497827410697937,0.2522929012775421,0.22363469004631042,0.08396598696708679,0.07856148481369019,0.4932953871625284,0.0001,0.5228132791739262,10000.0,0.522375540218251,10000.0,0.5128169655799866
T11,T11_day463,T11_day940,480,477,463,0.021298885345458984,0.017921149730682373,0.008925765752792358,0.031499892473220825,0.017013728618621826,0.022449589099964806,0.1,0.27717818762512375,10000.0,0.26418684188030933,10000.0,-157.16659545898438
T11,T11_day464,T11_day471,7,7,464,0.20535582304000854,0.2048955261707306,0.18179059028625488,0.1443173587322235,0.12209388613700867,0.3212165198732788,0.001,0.3340617928926931,100000.0,0.298030927045985,100000.0,0.2457515299320221
T11,T11_day464,T11_day492,30,28,464,-0.2283303141593933,-0.2306104302406311,-0.27435439825057983,-0.5217163562774658,-0.45470255613327026,-0.2645360163340862,0.001,-0.18674708351422853,10000.0,-0.16628408156227603,10000.0,-0.21656185388565063
T11,T11_day464,T11_day583,120,119,464,0.21511498093605042,0.2165154218673706,0.1929703652858734,-0.15276315808296204,-0.08061596751213074,0.47215122204818855,0.0001,0.5228132791739262,10000.0,0.5164244697049452,10000.0,0.5128169655799866
T11,T11_day464,T11_day940,480,476,464,-0.12847492098808289,-0.12796971201896667,-0.14521941542625427,-0.07560497522354126,-0.07356828451156616,-0.03553960429770758,0.01,0.27717818762512375,10000.0,0.1719388496702437,10000.0,-157.16659545898438
T11,T11_day468,T11_day469,1,1,468,-9284.7578125,-9285.1953125,-13712.7734375,-13677.666015625,-13867.3876953125,0.43095392326867393,0.0001,0.43743258755038245,10000.0,0.386988275086749,1.0,0.38677698373794556
T11,T11_day468,T11_day476,7,8,468,-9250.7890625,-9253.1025390625,-14552.060546875,-14485.6259765625,-14675.357421875,0.44904409789348204,0.0001,0.49010416923524697,10000.0,0.47393359000852714,0.1,0.4739336669445038
T11,T11_day468,T11_day496,30,28,468,-10188.388671875,-10186.9140625,-10416.2275390625,-12255.91015625,-14492.193359375,0.09397824634807939,0.001,0.2720747851657624,10000.0,-6.909941281905659,0.1,-6.195405006408691
T11,T11_day468,T11_day587,120,119,468,-8506.369140625,-8507.2890625,-11730.400390625,-12439.7216796875,-12376.345703125,-0.1628139106287625,1e-05,-0.1521639439334883,10000.0,-0.16070488114839332,1.0,-0.11275768280029297
T11,T11_day468,T11_day952,480,484,468,-8394.966796875,-8398.9892578125,-13430.73046875,-16169.234375,-15862.0107421875,0.26487208435029885,1e-05,0.388730994016179,10000.0,-0.3365434260832785,0.1,-0.35272711515426636
T11,T11_day469,T11_day471,1,2,469,0.2788391709327698,0.27664515376091003,0.2554943859577179,0.24291259050369263,0.1117616593837738,0.3271294805505162,0.001,0.3340617928926931,100000.0,0.3311346763247829,10000.0,0.2457515299320221
T11,T11_day469,T11_day476,7,7,469,0.32820045948028564,0.3245701789855957,0.3141132891178131,0.3018353581428528,0.28764626383781433,0.4741525619865482,0.0001,0.49010416923524697,10000.0,0.4794415588368293,10000.0,0.4739336669445038
T11,T11_day469,T11_day496,30,27,469,0.16745507717132568,0.16471436619758606,0.15524181723594666,0.18687042593955994,0.15715482831001282,0.2538533178086921,0.001,0.2720747851657624,10000.0,0.26677306082735514,10000.0,-6.195405006408691
T11,T11_day469,T11_day589,120,120,469,0.2857697606086731,0.28323647379875183,0.28208819031715393,0.29404476284980774,0.3009060323238373,0.4728547746251867,0.0001,0.5356580985793,10000.0,0.5288167699159085,1000.0,0.5491034388542175
T11,T11_day469,T11_day952,480,483,469,-0.1235472559928894,-0.13311076164245605,-0.15043312311172485,-0.10524064302444458,-0.19506114721298218,0.3264649054688629,0.0001,0.388730994016179,10000.0,0.35525810791360124,10000.0,-0.35272711515426636
T11,T11_day471,T11_day503,30,32,471,0.17657151818275452,0.17512458562850952,0.19714316725730896,0.038214802742004395,-0.021059811115264893,0.35134443407006494,0.001,0.38207232691836307,10000.0,0.3587205121959635,10000.0,0.3266836702823639
T11,T11_day471,T11_day590,120,119,471,-0.5003913044929504,-0.5039018988609314,-16.82863998413086,-7.147743225097656,-18.474292755126953,-10.719627060451707,0.01,-30.50954975002238,10000.0,-24.26396241268296,10000.0,-108.60279846191406
T11,T11_day471,T11_day952,480,481,471,-0.1826852560043335,-0.1809977889060974,-0.16800612211227417,-0.2076331377029419,-0.25662994384765625,0.29153604460167626,0.0001,0.388730994016179,10000.0,0.35340370147229405,10000.0,-0.35272711515426636
T11,T11_day476,T11_day484,7,8,476,0.027034759521484375,0.02811610698699951,0.02345755696296692,0.0440957248210907,0.062713623046875,0.1060892999111937,0.0001,0.11128605010991965,10000.0,0.13221982423635342,100000.0,0.05007338523864746
T11,T11_day476,T11_day505,30,29,476,-0.065561443567276,-0.0655965805053711,-0.16962197422981262,-0.321082204580307,-0.09408807754516602,-0.16962241764212527,100.0,-0.03179381430220485,10000.0,-0.08128279430976054,100000.0,-102.96626281738281
T11,T11_day476,T11_day596,120,120,476,-0.21507087349891663,-0.21604984998703003,-0.23836180567741394,-0.1480276882648468,-0.163535475730896,0.11664474619441756,0.0001,0.12216682287289488,10000.0,0.1128549149550972,10000.0,0.06581500172615051
T11,T11_day476,T11_day952,480,476,476,0.014427781105041504,0.01256418228149414,0.012000679969787598,-0.03152167797088623,-0.009549379348754883,0.2590439552879928,0.0001,0.388730994016179,10000.0,0.3732327241473039,10000.0,-0.35272711515426636
T11,T11_day484,T11_day490,7,6,484,-0.1289995014667511,-0.12875330448150635,-0.17620933055877686,-0.2174130082130432,-0.21878713369369507,-0.03592407848994872,0.0001,-0.06085435969270814,10000.0,-0.0451971815011491,10000.0,-0.24068045616149902
T11,T11_day484,T11_day511,30,27,484,0.04812419414520264,0.03948959708213806,0.026491761207580566,-0.11599743366241455,-0.10953021049499512,0.31990077001442235,1e-06,0.35793038811598366,0.1,0.35794273858854897,1.0,0.3579304814338684
T11,T11_day484,T11_day604,120,120,484,0.15248748660087585,0.15140274167060852,0.1349109709262848,0.036461442708969116,0.068357914686203,0.28028401093817396,0.0001,0.3494128045489099,10000.0,0.35485839920881435,10000.0,-0.6984933614730835
T11,T11_day484,T11_day952,480,468,484,-0.12357816100120544,-0.13097631931304932,-0.14311137795448303,-0.18790563941001892,-0.18051034212112427,0.34235845121459585,0.0001,0.388730994016179,10000.0,0.3519524633592676,10000.0,-0.35272711515426636
T11,T11_day490,T11_day492,1,2,490,-0.5822708606719971,-0.5857434272766113,-0.5265988111495972,-0.49387693405151367,-0.5517709851264954,-0.22419095573546277,0.0001,-0.18674708351422853,10000.0,-0.18401490294363954,10000.0,-0.21656185388565063
T11,T11_day490,T11_day496,7,6,490,0.09321281313896179,0.09574928879737854,0.15657669305801392,-0.017242372035980225,0.00779271125793457,0.15676676256309519,100.0,0.2720747851657624,10000.0,0.23329274016335472,10000.0,-6.195405006408691
T11,T11_day490,T11_day521,30,31,490,-0.14264988899230957,-0.137046217918396,-0.11627861857414246,-0.07041862607002258,-0.11694461107254028,0.07408761610085346,0.001,0.12403576002936445,10000.0,0.10528217523051092,10000.0,0.11548274755477905
T11,T11_day490,T11_day610,120,120,490,-0.07642567157745361,-0.07994937896728516,-0.19396409392356873,-0.06932303309440613,-0.07069727778434753,0.1242748677257064,0.0001,0.22969969987345884,10000.0,0.24692257022020925,10000.0,0.21050527691841125
T11,T11_day490,T11_day987,480,497,490,-0.168695867061615,-0.16778606176376343,-0.2163657546043396,-0.2487667202949524,-0.2520880103111267,-0.046456895923767894,0.0001,0.03520808646250079,100000.0,-0.102585698116886,10000.0,-0.4885719418525696
T11,T11_day492,T11_day521,30,29,492,-0.0773131251335144,-0.07258439064025879,-0.05905628204345703,-0.06568354368209839,-0.10155761241912842,-0.00906760300977405,0.001,0.12403576002936445,10000.0,0.053328299667545376,100000.0,0.11548274755477905
T11,T11_day492,T11_day610,120,118,492,-0.005432814359664917,0.009034276008605957,0.005528151988983154,-0.03973543643951416,-0.020562946796417236,0.13317749551278396,0.0001,0.22969969987345884,10000.0,0.2167650836991991,10000.0,0.21050527691841125
T11,T11_day492,T11_day987,480,495,492,-0.14703816175460815,-0.14459997415542603,-0.1679031252861023,-0.23529380559921265,-0.3961535096168518,-0.04884100399486624,0.0001,0.03520808646250079,100000.0,-0.050679059870082366,100000.0,-0.4885719418525696
T11,T11_day496,T11_day503,7,7,496,-2.993755340576172,-3.000128984451294,-3.329423666000366,-3.633068799972534,-3.6755313873291016,0.3860981191991636,0.001,0.38207232691836307,10000.0,0.33019210152002865,100.0,0.3266836702823639
T11,T11_day496,T11_day527,30,31,496,-0.9114357829093933,-0.914928674697876,-0.6677559614181519,-0.7714570164680481,-0.8703221678733826,0.47666964060391487,0.0001,0.5153458886415387,10000.0,0.48837134864878745,1000.0,0.484952449798584
T11,T11_day496,T11_day617,120,121,496,-3.3106350898742676,-3.34932279586792,-4.8113789558410645,-4.6367926597595215,-4.689956188201904,0.2915335378184444,0.001,0.411856270049923,10000.0,0.3876977328094857,1000.0,0.3876352608203888
T11,T11_day496,T11_day987,480,491,496,-2.0366692543029785,-2.035137176513672,-5.220922470092773,-5.132342338562012,-5.298606872558594,-0.08280321840665233,0.0001,0.03520808646250079,100000.0,-0.3339801742384003,100.0,-0.4885719418525696
T11,T11_day503,T11_day504,1,1,503,0.3775767982006073,0.3739452064037323,0.3817201554775238,0.3796486258506775,0.37905973196029663,0.3817118063640247,100.0,0.3729568177933386,10000.0,0.38486072223766515,1000000.0,0.3428586721420288
T11,T11_day503,T11_day511,7,8,503,-1.2654200792312622,-1.2458248138427734,0.11255863308906555,0.0706123411655426,0.06999126076698303,0.34320875205818907,1e-06,0.35793038811598366,0.1,0.3579307894632068,0.1,0.3579304814338684
T11,T11_day503,T11_day535,30,32,503,-0.7976282835006714,-0.7768939733505249,0.3520072400569916,0.33219435811042786,0.32283782958984375,0.3706083202177669,0.0001,0.3801413302884922,10000.0,0.3883242650820249,10000.0,0.34118199348449707
T11,T11_day503,T11_day623,120,120,503,0.14919662475585938,0.1525680124759674,0.12822940945625305,0.14036867022514343,0.07811269164085388,0.23733741757734278,0.001,0.2423696100601775,10000.0,0.10033075706372424,1000.0,0.052654772996902466
T11,T11_day503,T11_day987,480,484,503,-1.410886287689209,-1.4045376777648926,-1.2483692169189453,-1.3728203773498535,-1.4726674556732178,-0.012588453937632027,0.0001,0.03520808646250079,100000.0,-0.3399641763413792,100.0,-0.4885719418525696
T11,T11_day504,T11_day505,1,1,504,-0.6351924538612366,-0.6345561742782593,-1.041459560394287,-1.005202054977417,-1.0662801265716553,-0.13607824891944442,0.001,-0.03179381430220485,10000.0,-1.3626479846113224,1000.0,-102.96626281738281
T11,T11_day504,T11_day511,7,7,504,0.07442465424537659,0.07022377848625183,0.07500898838043213,-0.05854806303977966,-0.03739669919013977,0.37061833593771354,1e-06,0.35793038811598366,0.1,0.3579478493396394,1.0,0.3579304814338684
T11,T11_day504,T11_day535,30,31,504,0.26824232935905457,0.26861146092414856,0.2648353576660156,0.24636855721473694,0.2155686914920807,0.36285694232436183,0.0001,0.3801413302884922,10000.0,0.35876344977439933,10000.0,0.34118199348449707
T11,T11_day504,T11_day623,120,119,504,-0.05700647830963135,-0.056951671838760376,-0.04505115747451782,-0.035298675298690796,-0.0887780487537384,0.20859292630200943,0.001,0.2423696100601775,10000.0,0.09962594761606713,1000.0,0.052654772996902466
T11,T11_day504,T11_day987,480,483,504,-0.5053078532218933,-0.5073000192642212,-1.357515573501587,-1.3567750453948975,-1.3129808902740479,-0.07264356097419744,0.001,0.03520808646250079,100000.0,-0.3346145255844418,100.0,-0.4885719418525696
T11,T11_day505,T11_day511,7,6,505,-25.61113739013672,-25.71811294555664,-30.849349975585938,-25.84910011291504,-26.118087768554688,0.33845036692306585,1e-06,0.35793038811598366,0.1,0.3579256930620036,1.0,0.3579304814338684
T11,T11_day505,T11_day535,30,30,505,-15.841577529907227,-15.84732437133789,-16.829357147216797,-14.795443534851074,-14.892391204833984,0.3665233366798109,0.001,0.3801413302884922,10000.0,0.3450425275555974,100.0,0.34118199348449707
T11,T11_day505,T11_day623,120,118,505,-9.931180000305176,-9.91009521484375,-12.396489143371582,-6.9126996994018555,-8.832828521728516,0.13947971029159495,0.001,0.2423696100601775,10000.0,0.05812731425130302,10.0,0.052654772996902466
T11,T11_day505,T11_day987,480,482,505,-17.07053565979004,-17.062898635864258,-17.317302703857422,-22.051109313964844,-20.786026000976562,-0.05363713187508645,0.0001,0.03520808646250079,100000.0,-0.2260781408056003,1000.0,-0.4885719418525696
T11,T11_day511,T11_day539,30,28,511,0.14131847023963928,0.14477476477622986,0.0760008692741394,-0.29300224781036377,-0.3394876718521118,0.11627749672237842,0.1,0.1663932991636049,100000.0,0.08205107234621706,1000000.0,-0.30660659074783325
T11,T11_day511,T11_day630,120,119,511,-0.31302207708358765,-0.3148953318595886,-0.4092150926589966,-0.28280019760131836,-0.23178818821907043,0.2741984400594517,1e-05,0.3212450061085607,10000.0,0.31847032441349,1000.0,0.3209618926048279
T11,T11_day511,T11_day987,480,476,511,-0.2935343384742737,-0.2934557795524597,-0.3250659108161926,-0.3699200749397278,-0.5059152245521545,-0.1089517410795553,0.001,0.03520808646250079,100000.0,-0.047330308085390516,10000.0,-0.4885719418525696
T11,T11_day521,T11_day527,7,6,521,0.32543402910232544,0.32508525252342224,0.3536953032016754,0.3175792694091797,0.3206702768802643,0.4712405966150508,0.001,0.5153458886415387,10000.0,0.504912593951856,10000.0,0.484952449798584
T11,T11_day521,T11_day552,30,31,521,-0.5116328597068787,-0.5149943232536316,-0.5313528776168823,-0.46548300981521606,-0.7631254196166992,-0.09444029245073482,0.0001,-0.019901610589958985,10000.0,-0.056539807630824335,10000.0,-0.04289984703063965
T11,T11_day521,T11_day639,120,118,521,-0.02195987105369568,-0.07124611735343933,0.03916919231414795,0.12676167488098145,0.1321871280670166,0.4462010128628536,0.0001,0.4481213918316623,10000.0,0.42999068305296717,10000.0,0.4347725808620453
T11,T11_day521,T11_day1001,480,480,521,-0.0522196888923645,-0.05343294143676758,-0.07740956544876099,-0.09416502714157104,-0.15753203630447388,0.2985876158635186,0.0001,0.3776571885160457,10000.0,0.3308908150593281,10000.0,-0.15143460035324097
T11,T11_day524,T11_day555,30,31,524,-7.919686317443848,-7.921075820922852,-19.470537185668945,-13.936772346496582,-20.230018615722656,0.3055606284577195,0.0001,0.4171396157672809,10000.0,-3.5809860834449667,10.0,-6.608066082000732
T11,T11_day524,T11_day643,120,119,524,-8.382230758666992,-8.356470108032227,-14.452896118164062,-13.893759727478027,-13.546887397766113,0.33566825810868006,0.0001,0.33249568519250333,10000.0,0.22067799733870896,1000.0,-0.19692033529281616
T11,T11_day524,T11_day1001,480,477,524,-4.560688018798828,-4.567149639129639,-7.585923194885254,-8.500200271606445,-8.489051818847656,0.29000712130157996,0.0001,0.3776571885160457,10000.0,0.22980779144401342,1000.0,-0.15143460035324097
T11,T11_day527,T11_day535,7,8,527,0.22574126720428467,0.22562295198440552,0.22298601269721985,0.23997575044631958,0.22101044654846191,0.34891850054589857,0.001,0.3801413302884922,10000.0,0.3608225332605582,10000.0,0.34118199348449707
T11,T11_day527,T11_day555,30,28,527,0.16189631819725037,0.16218605637550354,-0.12946167588233948,-1.1866602897644043,-3.7838778495788574,0.1581415504396917,0.001,0.4171396157672809,10000.0,0.15251565728325694,10000.0,-6.608066082000732
T11,T11_day527,T11_day646,120,119,527,-0.12387341260910034,-0.12704581022262573,-0.14856183528900146,-0.20769238471984863,-1.003357172012329,0.02101972502776256,0.0001,0.0923481023323009,10000.0,-0.024588280407009444,100000.0,-119.93632507324219
T11,T11_day527,T11_day1001,480,474,527,-0.12354937195777893,-0.12359926104545593,-0.184670090675354,-0.1807866394519806,-0.15704575181007385,0.30079318799997995,0.0001,0.3776571885160457,10000.0,0.3429486109221544,10000.0,-0.15143460035324097
T11,T11_day535,T11_day563,30,28,535,-0.8810937404632568,-0.8810548782348633,-1.4784319400787354,-1.5721248388290405,-1.5785495042800903,0.33116748136036084,0.0001,0.34741370282521794,10000.0,0.3315260374944023,10.0,0.33150938153266907
T11,T11_day535,T11_day658,120,123,535,-2.44730281829834,-2.450498104095459,-4.837894439697266,-4.651376247406006,-4.658159255981445,0.03292048761066624,0.0001,0.07433442677045149,10000.0,0.06401781685642133,100.0,0.06380999088287354
T11,T11_day535,T11_day1017,480,482,535,-3.8319201469421387,-3.841855049133301,-19.6137638092041,-15.956422805786133,-18.17403221130371,0.1973278786223076,1e-06,0.2341107487777469,0.1,0.23407578904060306,0.1,0.23411151766777039
T11,T11_day538,T11_day539,1,1,538,0.3288581371307373,0.3251018822193146,0.31103867292404175,0.23347637057304382,0.17768779397010803,0.3109968899738357,100.0,0.1663932991636049,100000.0,0.30210512215495616,1000000.0,-0.30660659074783325
T11,T11_day538,T11_day563,30,25,538,0.24244534969329834,0.2431875467300415,0.24832424521446228,0.25197359919548035,0.2588807940483093,0.3199353254997422,0.0001,0.34741370282521794,10000.0,0.3363317472929868,10000.0,0.33150938153266907
T11,T11_day538,T11_day658,120,120,538,-0.07966256141662598,-0.07828444242477417,-0.09069210290908813,-0.11246967315673828,-0.06791490316390991,0.03548550903930031,1e-05,0.07433442677045149,10000.0,0.06184421183417216,10000.0,0.06380999088287354
T11,T11_day538,T11_day1017,480,479,538,-0.1558537483215332,-0.1649080514907837,-0.28018903732299805,-0.18375742435455322,-0.20338952541351318,0.24943807683032537,1e-06,0.2341107487777469,0.1,0.2341101238776656,0.1,0.23411151766777039
T11,T11_day539,T11_day563,30,24,539,-0.11250633001327515,-0.11719807982444763,-0.1404198408126831,-0.1066480278968811,-0.13743793964385986,0.3150100365862277,0.0001,0.34741370282521794,10000.0,0.332801103190859,1000.0,0.33150938153266907
T11,T11_day539,T11_day658,120,119,539,-0.22576260566711426,-0.22518539428710938,-0.2921130657196045,-0.29995816946029663,-0.3585277199745178,0.006849752872450543,0.0001,0.07433442677045149,10000.0,0.06358440677325322,1000.0,0.06380999088287354
T11,T11_day539,T11_day1017,480,478,539,-0.31498587131500244,-0.315079927444458,-0.4147093892097473,-0.4128456711769104,-0.3294209837913513,0.2404500482886689,1e-06,0.2341107487777469,0.1,0.23411140913748318,0.1,0.23411151766777039
T11,T11_day548,T11_day555,7,7,548,-965.96533203125,-967.273681640625,-879.9475708007812,-740.2825927734375,-1733.016357421875,0.24977404217425658,0.0001,0.4171396157672809,10000.0,-539.5165850714345,100000.0,-6.608066082000732
T11,T11_day548,T11_day576,30,28,548,-188.60409545898438,-188.69461059570312,-209.74346923828125,-171.67132568359375,-188.32156372070312,0.44963664081631677,0.0001,0.47806006235904247,10000.0,0.45014762531681185,10.0,0.4500413239002228
T11,T11_day548,T11_day665,120,117,548,-53.263938903808594,-53.23484802246094,-36.524261474609375,-57.39253616333008,-55.25932312011719,0.2630897928885452,0.0001,0.35950753187855977,10000.0,0.3187835809863572,10.0,0.2999425232410431
T11,T11_day548,T11_day1025,480,477,548,-151.5131072998047,-153.07969665527344,-195.813232421875,-196.11325073242188,-201.99090576171875,0.33481533093979404,1e-05,0.4150705176470477,10000.0,0.38417561135708306,10.0,0.3848510980606079
T11,T11_day552,T11_day560,7,8,552,-0.1779937744140625,-0.17489182949066162,-0.20150822401046753,-0.17416739463806152,-0.1643196940422058,-0.14082491863570912,0.0001,-0.04686427920642067,10000.0,-0.12727648232165978,100000.0,-0.0715286135673523
T11,T11_day552,T11_day583,30,31,552,0.3903692066669464,0.38701650500297546,0.39057713747024536,0.3617999255657196,0.38037109375,0.5093052939171292,0.0001,0.5228132791739262,10000.0,0.5213161998466704,10000.0,0.5128169655799866
T11,T11_day552,T11_day672,120,120,552,0.0520118772983551,0.05237951874732971,0.04806801676750183,0.008946806192398071,-0.03057458996772766,0.13986035645443412,0.0001,0.20736997572476618,10000.0,0.19517809200791164,10000.0,0.15144312381744385
T11,T11_day552,T11_day1025,480,473,552,0.1378156542778015,0.13930818438529968,0.14349934458732605,0.13501301407814026,0.148225337266922,0.345540054525524,0.0001,0.4150705176470477,10000.0,0.41519403163735535,10000.0,0.3848510980606079
T11,T11_day555,T11_day563,7,8,555,-32.43975830078125,-32.50315475463867,-23.467845916748047,-20.551223754882812,-20.32278823852539,0.33224845352324617,0.0001,0.34741370282521794,10000.0,0.33134448906430936,100.0,0.33150938153266907
T11,T11_day555,T11_day583,30,28,555,-42.591773986816406,-42.66896438598633,-33.26987075805664,-27.411930084228516,-27.689756393432617,0.512418922645131,0.0001,0.5228132791739262,10000.0,0.512851219774058,10.0,0.5128169655799866
T11,T11_day555,T11_day675,120,120,555,-41.76536178588867,-41.728641510009766,-30.58639144897461,-30.0435791015625,-30.360950469970703,-0.6044816974159886,0.0001,-0.24789972702614704,10000.0,-0.37685589751990944,1000.0,-0.37761396169662476
T11,T11_day555,T11_day1025,480,470,555,-55.77447509765625,-57.01005554199219,-50.83489227294922,-39.400657653808594,-40.07597351074219,0.35926093036909096,1e-06,0.4150705176470477,10000.0,0.38052283464543946,100.0,0.3848510980606079
T11,T11_day560,T11_day590,30,30,560,-0.9828071594238281,-0.9883769750595093,-13.663396835327148,-14.826828002929688,-13.855401039123535,-13.493429371698726,1.0,-30.50954975002238,10000.0,-13.248826244579785,100000.0,-108.60279846191406
T11,T11_day560,T11_day681,120,121,560,0.265737384557724,0.265521764755249,0.26350489258766174,0.23380106687545776,0.22528234124183655,0.33196110525151207,0.001,0.43821450758196295,10000.0,0.4357007504994887,10000.0,0.40656813979148865
T11,T11_day560,T11_day1025,480,465,560,0.055350303649902344,0.055229365825653076,0.046347737312316895,0.0671568512916565,0.15252846479415894,0.37417602911399417,1e-05,0.4150705176470477,10000.0,0.4072454023923127,10000.0,0.3848510980606079
T11,T11_day563,T11_day590,30,27,563,-0.6736546754837036,-0.6796269416809082,-33.555442810058594,-55.726566314697266,-105.08779907226562,-33.6185702538409,1.0,-30.50954975002238,10000.0,-34.63983816559851,100000.0,-108.60279846191406
T11,T11_day563,T11_day681,120,118,563,0.28922173380851746,0.2873455286026001,0.28556299209594727,0.2587844133377075,0.25067731738090515,0.2842562088202228,10.0,0.43821450758196295,10000.0,0.4317293102473054,10000.0,0.40656813979148865
T11,T11_day563,T11_day1057,480,494,563,-0.25110143423080444,-0.2462809681892395,-0.16695153713226318,0.050429731607437134,-0.020482003688812256,0.404534043238664,1e-05,0.47383143526068655,10000.0,0.45508093212316414,1000.0,0.4238515794277191
T11,T11_day575,T11_day576,1,1,575,0.32402199506759644,0.3146904706954956,0.2992875277996063,0.09629741311073303,0.035452693700790405,0.44368680509276126,0.0001,0.47806006235904247,10000.0,0.45630143022503444,10000.0,0.4500413239002228
T11,T11_day575,T11_day583,7,8,575,0.3843366503715515,0.3839990198612213,0.3722158372402191,0.13354140520095825,0.07998862862586975,0.49684551681143285,0.0001,0.5228132791739262,10000.0,0.5222731326159125,10000.0,0.5128169655799866
T11,T11_day575,T11_day604,30,29,575,0.27384400367736816,0.2660008370876312,0.25818654894828796,0.1666872501373291,0.10752728581428528,0.3205235975812667,0.0001,0.3494128045489099,10000.0,0.35752688891074264,10000.0,-0.6984933614730835
T11,T11_day575,T11_day692,120,117,575,0.2613348662853241,0.25845471024513245,0.2600504159927368,0.029149889945983887,0.08746311068534851,0.40341661470420176,0.0001,0.44278092403157426,10000.0,0.45654800167714205,10000.0,0.42446115612983704
T11,T11_day575,T11_day1057,480,482,575,-0.10461997985839844,-0.10401368141174316,-0.10636895895004272,-0.09655731916427612,-0.12378543615341187,0.4211772270815842,0.0001,0.47383143526068655,10000.0,0.4548585957289635,1000.0,0.4238515794277191
T11,T11_day576,T11_day583,7,7,576,0.46238088607788086,0.4595867097377777,0.4578125774860382,0.4418388605117798,0.43856585025787354,0.5018740495977945,0.001,0.5228132791739262,10000.0,0.5028700796038975,100000.0,0.5128169655799866
T11,T11_day576,T11_day604,30,28,576,0.2641139328479767,0.26358088850975037,0.2597542703151703,0.25348231196403503,0.2505033016204834,0.31228426065154746,0.0001,0.3494128045489099,10000.0,0.36270322355016044,10000.0,-0.6984933614730835
T11,T11_day576,T11_day692,120,116,576,0.18945595622062683,0.18919098377227783,0.21433252096176147,0.2920662462711334,0.23233196139335632,0.4231653125667206,0.0001,0.44278092403157426,10000.0,0.44692296655641917,10000.0,0.42446115612983704
T11,T11_day576,T11_day1057,480,481,576,-0.4116479754447937,-0.4145110845565796,-0.2637064456939697,-0.1402302384376526,0.05324918031692505,0.3973193459509023,0.0001,0.47383143526068655,10000.0,0.45401631011622756,1000.0,0.4238515794277191
T11,T11_day583,T11_day590,7,7,583,-0.011989295482635498,-0.012905120849609375,-28.29119873046875,-63.13935852050781,-154.91305541992188,-28.28986199079685,100.0,-30.50954975002238,10000.0,-30.22017241727587,10000.0,-108.60279846191406
T11,T11_day583,T11_day610,30,27,583,0.08262169361114502,0.08621612191200256,0.07181736826896667,-0.01749366521835327,-0.03134831786155701,0.09026574338769544,0.0001,0.22969969987345884,10000.0,0.21592413311669173,10000.0,0.21050527691841125
T11,T11_day583,T11_day702,120,119,583,-0.5429051518440247,-0.5383919477462769,-0.5425603985786438,-0.626903772354126,-0.9176057577133179,-0.03843361882956531,0.0001,0.028995202015388022,100000.0,-0.055906723113910206,10000.0,-0.22018218040466309
T11,T11_day583,T11_day1064,480,481,583,-0.12559783458709717,-0.12260854244232178,-0.11629176139831543,-0.08075359463691711,-0.10820731520652771,0.31336064179240974,0.0001,0.44512015415395445,10000.0,0.4308088063131163,10000.0,0.4316669702529907
T11,T11_day587,T11_day589,1,2,587,0.45660826563835144,0.45688173174858093,0.45766717195510864,0.39421480894088745,0.38108718395233154,0.5116315288809369,0.0001,0.5356580985793,10000.0,0.5352250353553858,10000.0,0.5491034388542175
T11,T11_day587,T11_day617,30,30,587,0.28333669900894165,0.288376122713089,0.28346553444862366,0.19213008880615234,0.1760413646697998,0.3698219015509634,0.001,0.411856270049923,10000.0,0.4242881732248355,10000.0,0.3876352608203888
T11,T11_day587,T11_day706,120,119,587,-0.18776839971542358,-0.17696762084960938,-0.18884438276290894,-0.22540748119354248,-0.2753106951713562,-0.031251006684585914,0.0001,-0.0159250679906367,10000.0,-0.09224031684074252,100000.0,-0.20348763465881348
T11,T11_day587,T11_day1064,480,477,587,-0.10118669271469116,-0.0978141725063324,-0.09505799412727356,0.014238744974136353,0.009027242660522461,0.36197898244877674,0.0001,0.44512015415395445,10000.0,0.42869356304799,10000.0,0.4316669702529907
T11,T11_day589,T11_day590,1,1,589,0.0024392306804656982,0.00045105814933776855,-87.526123046875,-265.85870361328125,-152.76409912109375,-87.03004722458613,1.0,-30.50954975002238,10000.0,-68.31609007787435,100000.0,-108.60279846191406
T11,T11_day589,T11_day596,7,7,589,0.16049662232398987,0.1593364179134369,0.15079477429389954,0.1343677043914795,-0.3257499635219574,0.11000571015499255,0.0001,0.12216682287289488,10000.0,0.10609233282045899,10000.0,0.06581500172615051
T11,T11_day589,T11_day617,30,28,589,0.30842041969299316,0.3136555552482605,0.30711960792541504,0.29461589455604553,0.23787888884544373,0.39013506709702034,0.0001,0.411856270049923,10000.0,0.4193301725472541,10000.0,0.3876352608203888
T11,T11_day589,T11_day709,120,120,589,0.19832241535186768,0.19812864065170288,0.19593366980552673,0.1689317524433136,0.15480676293373108,0.39913343365104487,0.0001,0.4547661935554427,10000.0,0.4309345095415893,10000.0,0.4063018262386322
T11,T11_day589,T11_day1064,480,475,589,-0.043528735637664795,-0.04246705770492554,-0.04862380027770996,0.05728378891944885,0.0015251636505126953,0.3362086837923583,0.0001,0.44512015415395445,10000.0,0.43310448045824707,10000.0,0.4316669702529907
T11,T11_day590,T11_day596,7,6,590,-27.57923126220703,-27.594310760498047,-0.3699217438697815,-0.31847453117370605,-0.857650876045227,0.1166910776065671,0.0001,0.12216682287289488,10000.0,0.08247972125908098,1000.0,0.06581500172615051
T11,T11_day590,T11_day617,30,27,590,-4.759269714355469,-4.684179782867432,-0.0369282066822052,-0.1351199746131897,-0.1498868465423584,0.35760932907859266,0.0001,0.411856270049923,10000.0,0.39612367967421064,1000.0,0.3876352608203888
T11,T11_day590,T11_day709,120,119,590,-8.8504056930542,-8.773944854736328,-0.25985342264175415,-0.23975920677185059,-0.25362712144851685,0.37648306084374106,0.0001,0.4547661935554427,10000.0,0.409081541577457,10000.0,0.4063018262386322
T11,T11_day590,T11_day1064,480,474,590,-21.619476318359375,-21.740489959716797,-0.523118257522583,-0.32503390312194824,-0.35598522424697876,0.34420834716586285,0.0001,0.44512015415395445,10000.0,0.4336182795795495,1000.0,0.4316669702529907
T11,T11_day596,T11_day602,7,6,596,-0.27458488941192627,-0.274189293384552,-0.30076032876968384,-0.21048033237457275,-0.9892097115516663,-0.30096548296759806,100.0,-0.14923473471573245,10000.0,-0.4288660364251461,100000.0,-0.23205888271331787
T11,T11_day596,T11_day623,30,27,596,0.1521822214126587,0.152525395154953,0.13750293850898743,0.21263256669044495,0.2089930772781372,0.19021347965016405,0.001,0.2423696100601775,10000.0,0.18461026034547473,10000.0,0.052654772996902466
T11,T11_day596,T11_day715,120,119,596,-0.16731899976730347,-0.1632859706878662,-0.16170579195022583,-0.19467812776565552,-0.1986250877380371,-0.010297088349014882,0.001,0.05938495603946331,100000.0,0.05082322627438557,10000.0,-0.03874155879020691
T11,T11_day596,T11_day1064,480,468,596,-0.021650075912475586,-0.01873454451560974,-0.01354566216468811,0.09625786542892456,0.07296499609947205,0.3834653700325196,0.0001,0.44512015415395445,10000.0,0.43608600367680195,10000.0,0.4316669702529907
T11,T11_day602,T11_day604,1,2,602,0.25106096267700195,0.24315118789672852,0.23736220598220825,0.1193041205406189,0.06630674004554749,0.3212907429300553,0.0001,0.3494128045489099,10000.0,0.35287603315594795,10000.0,-0.6984933614730835
T11,T11_day602,T11_day610,7,8,602,0.1270166039466858,0.1251676380634308,0.09222486615180969,-0.1649714708328247,-0.1444379687309265,0.17876046908672655,0.0001,0.22969969987345884,10000.0,0.21545829502010766,10000.0,0.21050527691841125
T11,T11_day602,T11_day632,30,30,602,0.031155318021774292,0.02613082528114319,0.0014197230339050293,0.02002367377281189,0.0003910362720489502,0.0019135977134579485,100.0,0.06323522869375053,10000.0,0.03501520602901281,10000.0,-0.08255600929260254
T11,T11_day602,T11_day727,120,125,602,0.20226559042930603,0.20226165652275085,0.19101151823997498,0.20535427331924438,0.202448308467865,0.26744013922211374,0.0001,0.35720212749866226,10000.0,0.33441521422416864,10000.0,0.27096080780029297
T11,T11_day602,T11_day1092,480,490,602,-0.01586577296257019,-0.011608153581619263,-0.02507007122039795,-0.012851417064666748,0.008525222539901733,0.3497357530813346,0.0001,0.454443672086747,10000.0,0.439442641230367,10000.0,0.424832284450531
T11,T11_day604,T11_day610,7,6,604,-4.693130970001221,-4.692840576171875,-11.529868125915527,-15.9099702835083,-16.115692138671875,0.19753112368804931,0.0001,0.22969969987345884,10000.0,0.21257401251863572,100.0,0.21050527691841125
T11,T11_day604,T11_day632,30,28,604,-8.764898300170898,-8.824151039123535,-15.757776260375977,-14.580709457397461,-14.464530944824219,0.11287344739217942,0.001,0.06323522869375053,10000.0,-0.08257659947837659,100.0,-0.08255600929260254
T11,T11_day604,T11_day727,120,123,604,-4.543635368347168,-4.543914794921875,-8.05626392364502,-6.98529052734375,-7.127363204956055,0.29446140360405076,0.0001,0.35720212749866226,10000.0,0.2845289238800692,1000.0,0.27096080780029297
T11,T11_day604,T11_day1092,480,488,604,-7.081694602966309,-7.098121643066406,-12.480415344238281,-11.83251953125,-11.871541976928711,0.37270274996379554,0.0001,0.454443672086747,10000.0,0.42421838041615517,1000.0,0.424832284450531
T11,T11_day610,T11_day617,7,7,610,0.31270545721054077,0.3145886957645416,0.31720784306526184,0.2946278154850006,0.29818040132522583,0.38397604789630213,0.0001,0.411856270049923,10000.0,0.40722896882707643,10000.0,0.3876352608203888
T11,T11_day610,T11_day639,30,29,610,0.33316320180892944,0.331932008266449,0.3299911618232727,0.30777785181999207,0.2997462749481201,0.43256907913543613,0.0001,0.4481213918316623,10000.0,0.43637993770921385,10000.0,0.4347725808620453
T11,T11_day610,T11_day727,120,117,610,0.2474190592765808,0.24652022123336792,0.25275468826293945,0.2100137174129486,0.23364093899726868,0.31265228738095313,0.0001,0.35720212749866226,10000.0,0.3413611083341412,10000.0,0.27096080780029297
T11,T11_day610,T11_day1092,480,482,610,0.0487329363822937,0.05078497529029846,0.059553682804107666,0.00871354341506958,0.08346235752105713,0.3526991868985319,0.0001,0.454443672086747,10000.0,0.4452173270394026,10000.0,0.424832284450531
T11,T11_day617,T11_day623,7,6,617,0.20883136987686157,0.21380141377449036,0.2021300494670868,0.2595515847206116,0.2190939486026764,0.22553449193892455,0.01,0.2423696100601775,10000.0,0.21721143684089705,10000.0,0.052654772996902466
T11,T11_day617,T11_day646,30,29,617,-0.7864095568656921,-0.8321815133094788,-0.6233416795730591,-0.09400779008865356,-0.2932092547416687,0.0325085457925019,0.001,0.0923481023323009,10000.0,0.021027925727035213,1000000.0,-119.93632507324219
T11,T11_day617,T11_day737,120,120,617,-0.9428048133850098,-0.9940210580825806,-588.4453735351562,-1159.91357421875,-774.038818359375,-701.852832464396,0.01,-513.5812420472173,10000.0,-581.8223261628754,10000.0,-60332.765625
T11,T11_day617,T11_day1092,480,475,617,-0.12729287147521973,-0.12701794505119324,-0.12803348898887634,-0.02296626567840576,-0.048711955547332764,0.36594258755886394,0.0001,0.454443672086747,10000.0,0.44054515767527197,10000.0,0.424832284450531
T11,T11_day623,T11_day630,7,7,623,-0.4063633680343628,-0.41115713119506836,-0.4542975425720215,-0.5907060503959656,-0.5445200800895691,0.28770849759409406,0.0001,0.3212450061085607,10000.0,0.31084753957899086,1000.0,0.3209618926048279
T11,T11_day623,T11_day658,30,35,623,-0.3116242289543152,-0.3123827576637268,-0.5016875863075256,-0.5879877805709839,-0.41427910327911377,0.08814975533397645,0.0001,0.07433442677045149,10000.0,0.06548481554805763,1000.0,0.06380999088287354
T11,T11_day623,T11_day744,120,121,623,-0.2857884168624878,-0.29080092906951904,-0.5635371804237366,-0.5293777585029602,-0.48746126890182495,-0.035982738305699535,0.01,0.32032075579377506,10000.0,-0.28271841478245185,100000.0,-6.483580112457275
T11,T11_day623,T11_day1092,480,469,623,-0.8656487464904785,-0.8627186417579651,-0.9200189113616943,-0.3794524073600769,-0.34406834840774536,0.36626374710863324,0.0001,0.454443672086747,10000.0,0.4108082116304612,10000.0,0.424832284450531
T11,T11_day630,T11_day632,1,2,630,0.11326956748962402,0.11077669262886047,0.10872909426689148,-0.0163038969039917,-0.023889660835266113,0.10928111122691087,100.0,0.06323522869375053,10000.0,0.10830549329026357,100000.0,-0.08255600929260254
T11,T11_day630,T11_day658,30,28,630,-0.011882185935974121,-0.011994123458862305,-0.03432956337928772,-0.23688101768493652,-0.0013552308082580566,0.04814564997248433,0.0001,0.07433442677045149,10000.0,0.07483039992036178,10000.0,0.06380999088287354
T11,T11_day630,T11_day749,120,119,630,-0.22710049152374268,-0.2285863161087036,-0.37474292516708374,-0.5355883836746216,-0.8132577538490295,-0.36076791406179376,0.001,-0.45555042428193027,10000.0,-0.49781168400817477,10000.0,-5.93787145614624
T11,T11_day630,T11_day1125,480,495,630,-0.04438084363937378,-0.04709351062774658,-0.04799950122833252,-0.05388253927230835,-0.0930599570274353,-0.026299578758115283,0.0001,-0.01989288832455649,10000.0,-0.023801844436642683,10000.0,-0.03956860303878784
T11,T11_day632,T11_day639,7,7,632,0.31747764348983765,0.2971198558807373,0.2959422171115875,0.26704007387161255,0.265201598405838,0.4353787494030814,0.0001,0.4481213918316623,10000.0,0.444774321068595,10000.0,0.4347725808620453
T11,T11_day632,T11_day665,30,33,632,0.13987630605697632,0.12855899333953857,0.14325931668281555,0.19278103113174438,0.20304378867149353,0.2946923908535869,0.0001,0.35950753187855977,10000.0,0.35950122582676564,10000.0,0.2999425232410431
T11,T11_day632,T11_day751,120,119,632,-0.0699087381362915,-0.06623440980911255,-0.06412380933761597,-0.060980260372161865,-0.06919741630554199,0.10951524059866807,0.0001,0.22144207771161378,10000.0,0.21530943955404985,10000.0,0.22780591249465942
T11,T11_day632,T11_day1125,480,493,632,-0.11935889720916748,-0.1083681583404541,-0.10363602638244629,-0.21479374170303345,-0.21005165576934814,-0.03029517423320416,0.0001,-0.01989288832455649,10000.0,-0.025578757186032974,10000.0,-0.03956860303878784
T11,T11_day639,T11_day646,7,7,639,-1.0751798152923584,-1.073404312133789,-1.2784733772277832,-0.7538463473320007,-0.9848284125328064,-1.27297336490853,10.0,0.0923481023323009,10000.0,-0.18675777921983383,1000000.0,-119.93632507324219
T11,T11_day639,T11_day672,30,33,639,0.059176623821258545,0.059480756521224976,0.06045639514923096,0.010157793760299683,0.027941077947616577,0.18096226785350777,0.0001,0.20736997572476618,10000.0,0.20513517392503577,10000.0,0.15144312381744385
T11,T11_day639,T11_day758,120,119,639,0.10246869921684265,0.10337516665458679,0.09694209694862366,0.021305590867996216,0.07787513732910156,0.36657521772737756,1e-06,0.4479181190525733,10000.0,0.43874607409321464,10000.0,0.44404715299606323
T11,T11_day639,T11_day1125,480,486,639,-0.08688193559646606,-0.0925595760345459,-0.09209209680557251,-0.12711894512176514,-0.13631200790405273,-0.022676332312431158,0.0001,-0.01989288832455649,10000.0,-0.02076902282646309,10000.0,-0.03956860303878784
T11,T11_day643,T11_day672,30,29,643,-0.5451567769050598,-0.5435504913330078,-0.3258248567581177,-0.4553704261779785,-0.5678203701972961,0.172388884876025,0.0001,0.20736997572476618,10000.0,0.09221187565295247,10000.0,0.15144312381744385
T11,T11_day643,T11_day764,120,121,643,-0.45606011152267456,-0.45857691764831543,-0.37808918952941895,-0.3448088765144348,-0.37316834926605225,0.29422581978052875,0.0001,0.34955381516015344,10000.0,0.3339721287317992,1000.0,0.33293649554252625
T11,T11_day643,T11_day1125,480,482,643,-0.18601453304290771,-0.18906140327453613,-0.15845423936843872,-0.16269105672836304,-0.17661786079406738,-0.0451303716898398,0.0001,-0.01989288832455649,10000.0,-0.03412406245883992,10000.0,-0.03956860303878784
T11,T11_day646,T11_day675,30,29,646,-579.21142578125,-579.3726806640625,-536.4223022460938,-464.49603271484375,-459.3323974609375,-0.3719711979465328,0.0001,-0.24789972702614704,10000.0,-0.37773367862771456,10.0,-0.37761396169662476
T11,T11_day646,T11_day764,120,118,646,-599.010986328125,-619.7262573242188,-562.8182373046875,-501.49737548828125,-501.41278076171875,0.3096356030700687,0.0001,0.34955381516015344,10000.0,0.3329348084946565,0.1,0.33293649554252625
T11,T11_day646,T11_day1125,480,479,646,-270.2236022949219,-271.5157165527344,-257.1600646972656,-297.09375,-291.76116943359375,-0.03968207345589181,0.0001,-0.01989288832455649,10000.0,-0.03900584109587679,100.0,-0.03956860303878784
T11,T11_day658,T11_day665,7,7,658,0.24698293209075928,0.2466045618057251,0.24946951866149902,0.26581722497940063,0.17349150776863098,0.32557641733823556,0.0001,0.35950753187855977,10000.0,0.3356617254991146,100000.0,0.2999425232410431
T11,T11_day658,T11_day689,30,31,658,-0.11283564567565918,-0.1138300895690918,-0.10214382410049438,-0.30445563793182373,-0.5846689343452454,-0.09126137618442143,0.001,-0.004828905800865146,100000.0,-0.044112063175376304,100000.0,-0.4650028347969055
T11,T11_day658,T11_day783,120,125,658,0.15422597527503967,0.15235936641693115,0.15640291571617126,0.05777484178543091,0.1943928301334381,0.37983723776032763,0.0001,0.3963511135693968,100000.0,0.4393779993959124,10000.0,0.2767004668712616
T11,T11_day658,T11_day1139,480,481,658,-0.06777209043502808,-0.06685087084770203,-0.10329270362854004,-0.030661284923553467,-0.027462780475616455,0.29299657971523363,0.0001,0.3950901145488626,10000.0,0.3908347360274198,10000.0,0.34502267837524414
T11,T11_day665,T11_day672,7,7,665,0.12301531434059143,0.12288159132003784,0.12734612822532654,0.042066872119903564,0.0007045269012451172,0.1795167284173494,0.001,0.20736997572476618,10000.0,0.1711727262572761,10000.0,0.15144312381744385
T11,T11_day665,T11_day692,30,27,665,0.34204670786857605,0.34245583415031433,0.3476177453994751,0.2509879767894745,0.2184230387210846,0.4503507828902179,0.0001,0.44278092403157426,10000.0,0.4458950809873815,10000.0,0.42446115612983704
T11,T11_day665,T11_day784,120,119,665,-0.44939303398132324,-0.4686753749847412,-0.48143255710601807,-0.4676584005355835,-0.44315338134765625,-0.45966058120994213,10.0,0.22316051043552165,10000.0,-0.13418401191580037,100000.0,0.18522301316261292
T11,T11_day665,T11_day1139,480,474,665,-0.14094996452331543,-0.1408645510673523,-0.2510448694229126,-0.09367597103118896,-0.06837290525436401,0.3322592272614773,0.0001,0.3950901145488626,10000.0,0.3826981773376611,10000.0,0.34502267837524414
T11,T11_day672,T11_day702,30,30,672,-0.3518615961074829,-0.34865236282348633,-0.3406136631965637,-0.23206311464309692,-0.23096221685409546,-0.04307810580987492,0.0001,0.028995202015388022,100000.0,-0.0969989920517309,100000.0,-0.22018218040466309
T11,T11_day672,T11_day790,120,118,672,-0.09529292583465576,-0.09212714433670044,-0.13677269220352173,-0.21030420064926147,-0.2237492799758911,0.09944930247083278,0.001,0.1468254388130118,10000.0,0.11118098058531267,10000.0,0.09612658619880676
T11,T11_day672,T11_day1139,480,467,672,-0.18040251731872559,-0.18001586198806763,-0.3487001657485962,-0.2279861569404602,-0.28081125020980835,0.3197066925388331,0.0001,0.3950901145488626,10000.0,0.36794954168729477,10000.0,0.34502267837524414
T11,T11_day675,T11_day681,7,6,675,0.053871870040893555,0.047080427408218384,0.11579936742782593,0.10551488399505615,0.09064242243766785,0.3053595935223685,0.01,0.43821450758196295,10000.0,0.43021412711396045,10000.0,0.40656813979148865
T11,T11_day675,T11_day706,30,31,675,-0.1870267391204834,-0.2032092809677124,-0.19450438022613525,-0.23366433382034302,-0.2434767484664917,-0.04534806170282146,0.001,-0.0159250679906367,10000.0,-0.12768944144586158,100000.0,-0.20348763465881348
T11,T11_day675,T11_day790,120,115,675,-0.11484801769256592,-0.11306154727935791,-0.10053598880767822,-0.19468194246292114,-0.1836424469947815,0.09133559179493267,0.001,0.1468254388130118,10000.0,0.10610961288716614,10000.0,0.09612658619880676
T11,T11_day675,T11_day1139,480,464,675,-0.09336715936660767,-0.09386414289474487,-0.18424510955810547,-0.19970422983169556,-0.14163702726364136,0.2640042844928313,0.0001,0.3950901145488626,10000.0,0.37188878011849025,10000.0,0.34502267837524414
T11,T11_day681,T11_day689,7,8,681,-0.4042956829071045,-0.40371036529541016,-0.31934869289398193,-0.45067453384399414,-0.4762141704559326,-0.036090660321939194,0.0001,-0.004828905800865146,100000.0,-0.14119011110868995,10000.0,-0.4650028347969055
T11,T11_day681,T11_day709,30,28,681,-0.11796680092811584,-0.11251047253608704,-0.0676005482673645,-0.10269653797149658,-0.10695108771324158,0.3782030548793491,0.0001,0.4547661935554427,10000.0,0.4258571457446324,10000.0,0.4063018262386322
T11,T11_day681,T11_day790,120,109,681,-0.15963155031204224,-0.16343504190444946,-0.16185206174850464,-0.16018128395080566,-0.1606108546257019,0.05383774842595135,0.001,0.1468254388130118,10000.0,0.10850896592783349,10000.0,0.09612658619880676
T11,T11_day681,T11_day1181,480,500,681,-0.1711025834083557,-0.18513846397399902,-0.16488707065582275,-0.206318199634552,-0.21736741065979004,0.004426441545569648,0.0001,0.013369421085455746,10000.0,0.044554967843679294,10000.0,-0.011722773313522339
T11,T11_day689,T11_day715,30,26,689,0.015053123235702515,0.007915914058685303,0.002490788698196411,-0.04661303758621216,-0.05506223440170288,0.043877945616762726,0.0001,0.05938495603946331,100000.0,0.07729589148822691,10000.0,-0.03874155879020691
T11,T11_day689,T11_day814,120,125,689,-1.0331809520721436,-1.0669817924499512,-1.1513307094573975,-1.244227409362793,-1.2634785175323486,0.1329502250051805,0.0001,0.19284310344434197,100000.0,0.12707971020023767,10000.0,0.178076833486557
T11,T11_day689,T11_day1181,480,492,689,-0.4608806371688843,-0.46019357442855835,-0.49294745922088623,-0.490827739238739,-0.47649645805358887,-0.02984268107201493,0.0001,0.013369421085455746,10000.0,-0.008117849745845451,10000.0,-0.011722773313522339
T11,T11_day692,T11_day727,30,35,692,0.2325778603553772,0.23140022158622742,0.22497183084487915,0.1863137185573578,0.21194329857826233,0.3266628421441836,0.0001,0.35720212749866226,10000.0,0.3373464965777777,10000.0,0.27096080780029297
T11,T11_day692,T11_day814,120,122,692,-0.2704669237136841,-0.26913541555404663,-0.2649698555469513,-0.4556550979614258,-0.45752036571502686,0.1636352158701901,0.0001,0.19284310344434197,100000.0,0.17256357376550818,10000.0,0.178076833486557
T11,T11_day692,T11_day1181,480,489,692,-0.1880839467048645,-0.202764630317688,-0.20358699560165405,-0.22694748640060425,-0.21260935068130493,0.004862411115430676,0.0001,0.013369421085455746,10000.0,0.005964817341794937,10000.0,-0.011722773313522339
T11,T11_day702,T11_day709,7,7,702,0.07331213355064392,0.07343941926956177,0.02663937211036682,0.03625151515007019,-0.0027734041213989258,0.42204377528474113,0.0001,0.4547661935554427,10000.0,0.41701534149688346,10000.0,0.4063018262386322
T11,T11_day702,T11_day727,30,25,702,0.0804344117641449,0.0772038996219635,0.014440864324569702,0.050827234983444214,0.031738072633743286,0.28179932183050743,0.0001,0.35720212749866226,10000.0,0.3298231321489261,10000.0,0.27096080780029297
T11,T11_day702,T11_day814,120,112,702,-0.9063951373100281,-0.9304632544517517,-1.1331455707550049,-0.9680233001708984,-0.9319531917572021,0.14471469132692438,1e-05,0.19284310344434197,100000.0,0.13378149022175828,10000.0,0.178076833486557
T11,T11_day702,T11_day1181,480,479,702,-0.4181845188140869,-0.40779685974121094,-0.49735206365585327,-0.4795570969581604,-0.42273974418640137,-0.031288559084257594,1e-06,0.013369421085455746,10000.0,-0.0019138063134637173,1000.0,-0.011722773313522339
T11,T11_day706,T11_day737,30,31,706,-0.9814493060112,-1.016576886177063,-920.763916015625,-975.3626708984375,-1028.0830078125,-920.5248442003399,100.0,-513.5812420472173,10000.0,-1301.4750257998862,100000.0,-60332.765625
T11,T11_day706,T11_day814,120,108,706,-0.779865026473999,-0.7791891098022461,-0.7979324460029602,-0.7633935809135437,-0.7582473754882812,0.09985166250221572,0.0001,0.19284310344434197,100000.0,0.1622669284343748,10000.0,0.178076833486557
T11,T11_day706,T11_day1181,480,475,706,-0.46292752027511597,-0.48543500900268555,-0.4830780625343323,-0.49125003814697266,-0.4754456877708435,-0.009253900115569869,0.0001,0.013369421085455746,10000.0,-0.00674688324722017,10000.0,-0.011722773313522339
T11,T11_day709,T11_day715,7,6,709,0.01569339632987976,0.01478925347328186,0.007568806409835815,-0.0006606876850128174,-0.005706429481506348,0.046564570211161505,0.001,0.05938495603946331,100000.0,0.050493719094598044,100000.0,-0.03874155879020691
T11,T11_day709,T11_day737,30,28,709,-0.8150848150253296,-0.8484721779823303,-665.4952392578125,-1025.1064453125,-811.690185546875,-665.4364924674384,100.0,-513.5812420472173,10000.0,-908.0170457307454,10000.0,-60332.765625
T11,T11_day709,T11_day841,120,132,709,0.1671682894229889,0.16678830981254578,0.1675826907157898,0.03304484486579895,-0.009849011898040771,0.2580585178732641,1e-05,0.36107798932144153,10000.0,0.36590325362776255,10000.0,0.39610588550567627
T11,T11_day709,T11_day1181,480,472,709,-0.2775757908821106,-0.2790755033493042,-0.2905821204185486,-0.3182438611984253,-0.304720938205719,-0.011155146232336322,0.0001,0.013369421085455746,10000.0,-0.0004103212302678516,10000.0,-0.011722773313522339
T11,T11_day715,T11_day744,30,29,715,0.0766468346118927,0.09653177857398987,0.07099482417106628,0.07691240310668945,0.07484641671180725,0.18698582596519064,0.01,0.32032075579377506,10000.0,0.274163488804773,10000.0,-6.483580112457275
T11,T11_day715,T11_day841,120,126,715,-0.06174516677856445,-0.06326961517333984,-0.06585842370986938,-0.14555180072784424,-0.146914541721344,0.17833129539459158,1e-05,0.36107798932144153,10000.0,0.356275212801067,1000.0,0.39610588550567627
T11,T11_day715,T11_day1181,480,466,715,-0.262673020362854,-0.2679811716079712,-0.29351353645324707,-0.3196563720703125,-0.3028971552848816,-0.04551310842407019,0.0001,0.013369421085455746,10000.0,0.027875220573278958,10000.0,-0.011722773313522339
T11,T11_day727,T11_day756,30,29,727,-0.1451505422592163,-0.143618643283844,-0.2637816071510315,-0.3286154270172119,-0.27695614099502563,-0.29805856396700814,0.01,-0.03846300965437288,10000.0,-0.1560594193797772,10000.0,-31.452125549316406
T11,T11_day727,T11_day842,120,115,727,0.08460697531700134,0.08239257335662842,-0.39678049087524414,-0.3890719413757324,-0.3775573968887329,0.2863218806498128,0.001,0.3861840897422553,100000.0,0.30423362355056033,10000.0,0.15866810083389282
T11,T11_day727,T11_day1181,480,454,727,-0.2476426362991333,-0.26347988843917847,-0.28671103715896606,-0.34033507108688354,-0.3312002420425415,0.003600547321075953,0.0001,0.013369421085455746,10000.0,0.013096306009007297,10000.0,-0.011722773313522339
T11,T11_day737,T11_day744,7,7,737,-17908.1328125,-17847.498046875,-5.156736850738525,-5.197783470153809,-5.14570426940918,0.06192603786137768,0.01,0.32032075579377506,10000.0,0.13454699510727647,1000.0,-6.483580112457275
T11,T11_day737,T11_day764,30,27,737,-16193.0,-16210.7666015625,-6.810685157775879,-6.682256698608398,-6.721299648284912,0.32239375152475047,0.0001,0.34955381516015344,10000.0,0.33305367593713275,100.0,0.33293649554252625
T11,T11_day737,T11_day868,120,131,737,-70642.640625,-71100.0859375,-8.09582233428955,-7.1864705085754395,-7.071230411529541,0.29103578483293463,0.001,0.17814020674934794,10000.0,0.0649764024375748,10.0,0.06477367877960205
T11,T11_day737,T11_day1251,480,514,737,-22883.259765625,-22881.66796875,-7.0256195068359375,-4.6005859375,-4.8006510734558105,-0.0542264571771211,0.0001,-0.012442109730027628,100000.0,-0.06860993102666785,1000.0,-0.07216048240661621
T11,T11_day741,T11_day749,7,8,741,-2.6035256385803223,-2.595780372619629,-5.258078575134277,-4.855776786804199,-4.982819557189941,-0.4194269050162762,0.001,-0.45555042428193027,10000.0,-1.7709212089168997,1000.0,-5.93787145614624
T11,T11_day741,T11_day770,30,29,741,-0.5449251532554626,-0.5451425313949585,-0.9860482811927795,-1.0466972589492798,-1.084734320640564,0.34997254166833053,0.0001,0.40755091273082883,10000.0,0.3867611915504201,1000.0,0.38032862544059753
T11,T11_day741,T11_day868,120,127,741,-0.5730212330818176,-0.5829914808273315,-0.9494307637214661,-1.2383697032928467,-1.2482953071594238,0.21647962195165565,0.0001,0.17814020674934794,10000.0,0.08030007541684248,1000.0,0.06477367877960205
T11,T11_day741,T11_day1251,480,510,741,-0.673995316028595,-0.6754027009010315,-0.5908138155937195,-0.9626724720001221,-0.7739051580429077,-0.045312202276664104,0.0001,-0.012442109730027628,100000.0,-0.06486888192625728,1000.0,-0.07216048240661621
T11,T11_day744,T11_day751,7,7,744,-9.072785377502441,-9.075485229492188,-8.915225982666016,-10.799436569213867,-10.571128845214844,0.17135132441801032,0.0001,0.22144207771161378,10000.0,0.2196931059199297,0.1,0.22780591249465942
T11,T11_day744,T11_day770,30,26,744,-17.026626586914062,-17.121044158935547,-13.35053825378418,-11.292966842651367,-11.260819435119629,0.3672603689900172,0.001,0.40755091273082883,10000.0,0.3809467854694227,100.0,0.38032862544059753
T11,T11_day744,T11_day868,120,124,744,-9.381889343261719,-9.407715797424316,-9.146976470947266,-7.515508651733398,-7.523586273193359,0.30876729017279714,0.0001,0.17814020674934794,10000.0,0.06886702677561862,100.0,0.06477367877960205
T11,T11_day744,T11_day1251,480,507,744,-6.466561317443848,-6.465981483459473,-4.061566352844238,-2.5126843452453613,-2.472200870513916,-0.05244162550545778,0.0001,-0.012442109730027628,100000.0,-0.12030064085829817,1000.0,-0.07216048240661621
T11,T11_day749,T11_day751,1,2,749,-2.489144802093506,-2.4951281547546387,-1.508987545967102,-1.013404130935669,-0.9886825084686279,0.201942420601329,0.0001,0.22144207771161378,10000.0,0.22016481339487565,1000.0,0.22780591249465942
T11,T11_day749,T11_day756,7,7,749,-1.0957351922988892,-1.1106752157211304,-0.8797268867492676,-0.7517160177230835,-0.957472026348114,-0.0686671695993939,0.001,-0.03846300965437288,10000.0,-0.30762241232502274,10000.0,-31.452125549316406
T11,T11_day749,T11_day783,30,34,749,-1.534399390220642,-1.5621497631072998,-1.003021240234375,-0.8639986515045166,-0.5191679000854492,0.3904267942296834,0.0001,0.3963511135693968,100000.0,0.410401464657813,10000.0,0.2767004668712616
T11,T11_day749,T11_day868,120,119,749,-1.007691502571106,-1.007676362991333,-0.5800720453262329,-0.6396268606185913,-0.45028144121170044,0.3213410988788368,0.0001,0.17814020674934794,10000.0,0.08807857863604951,1000.0,0.06477367877960205
T11,T11_day749,T11_day1251,480,502,749,-0.605217456817627,-0.5998648405075073,-0.26655465364456177,-0.9505910873413086,-0.5602134466171265,-0.051511096650318056,0.0001,-0.012442109730027628,100000.0,-0.05505268286299558,10000.0,-0.07216048240661621
T11,T11_day751,T11_day758,7,7,751,0.23339933156967163,0.23358416557312012,0.23521190881729126,0.04734247922897339,0.14446762204170227,0.3993830945966738,1e-05,0.4479181190525733,10000.0,0.44193556669073303,10000.0,0.44404715299606323
T11,T11_day751,T11_day783,30,32,751,0.18379446864128113,0.1727452278137207,0.19453606009483337,0.1655721366405487,0.17818254232406616,0.3708134240963585,0.001,0.3963511135693968,100000.0,0.38337738925862547,100000.0,0.2767004668712616
T11,T11_day751,T11_day870,120,119,751,0.19185572862625122,0.19070807099342346,0.1913413107395172,0.22248104214668274,0.22911766171455383,0.324874106256211,0.0001,0.3902358896025695,10000.0,0.3903599329395583,10000.0,0.3810665011405945
T11,T11_day751,T11_day1251,480,500,751,-0.17705941200256348,-0.1801457405090332,-0.13747131824493408,-0.20253825187683105,-0.20324140787124634,-0.03226725149044157,0.0001,-0.012442109730027628,100000.0,-0.03862493550533397,10000.0,-0.07216048240661621
T11,T11_day756,T11_day758,1,2,756,-67.75344848632812,-67.69731140136719,-64.9300537109375,-48.00993728637695,-47.92974853515625,0.39287780081290397,1e-05,0.4479181190525733,10000.0,0.4440463925682427,0.1,0.44404715299606323
T11,T11_day756,T11_day764,7,8,756,-52.547142028808594,-52.534706115722656,-54.926734924316406,-46.32558822631836,-46.348419189453125,0.3312836038909677,0.0001,0.34955381516015344,10000.0,0.33288411705220716,10.0,0.33293649554252625
T11,T11_day756,T11_day784,30,28,756,-64.02995300292969,-64.06684875488281,-63.31975555419922,-57.84160614013672,-57.84642028808594,0.05334225050388619,0.01,0.22316051043552165,10000.0,0.1852874265723533,1.0,0.18522301316261292
T11,T11_day756,T11_day870,120,114,756,-57.280242919921875,-57.30036163330078,-55.346492767333984,-43.095436096191406,-42.95322036743164,0.32161967709417566,0.0001,0.3902358896025695,10000.0,0.3810428443208958,10.0,0.3810665011405945
T11,T11_day756,T11_day1251,480,495,756,-58.42906188964844,-58.436012268066406,-34.788719177246094,-11.62838363647461,-11.643295288085938,-0.04576847275804469,0.0001,-0.012442109730027628,100000.0,-0.30812621676382246,1000.0,-0.07216048240661621
T11,T11_day758,T11_day764,7,6,758,0.2761872112751007,0.26958051323890686,0.26914864778518677,0.09622406959533691,0.042074888944625854,0.33879146482744005,0.0001,0.34955381516015344,10000.0,0.34191963913688644,10000.0,0.33293649554252625
T11,T11_day758,T11_day790,30,32,758,0.06850329041481018,0.06802019476890564,0.06587523221969604,0.028138458728790283,0.01081344485282898,0.10457115746323759,0.01,0.1468254388130118,10000.0,0.10360998764945811,100000.0,0.09612658619880676
T11,T11_day758,T11_day882,120,124,758,-0.09973430633544922,-0.10120564699172974,-0.10614800453186035,-0.15689921379089355,-0.18118590116500854,-0.07331363310952577,0.0001,-0.0122575958502949,10000.0,-0.06437833825025563,10000.0,-5.400036811828613
T11,T11_day758,T11_day1251,480,493,758,-0.12408387660980225,-0.12551414966583252,-0.09183382987976074,-0.6796789169311523,-1.1491825580596924,-0.04758593525618626,0.001,-0.012442109730027628,100000.0,-0.0315815303423414,10000.0,-0.07216048240661621
T11,T11_day764,T11_day770,7,6,764,0.38897910714149475,0.38862401247024536,0.3897767961025238,0.3912963271141052,0.39036864042282104,0.41439468439738464,0.001,0.40755091273082883,10000.0,0.44020910111789924,100000.0,0.38032862544059753
T11,T11_day764,T11_day790,30,26,764,0.03893172740936279,0.04328012466430664,0.042556315660476685,0.04760259389877319,0.048597127199172974,0.09337425338504685,0.001,0.1468254388130118,10000.0,0.11912229215223119,10000.0,0.09612658619880676
T11,T11_day764,T11_day882,120,118,764,-0.11113417148590088,-0.12518048286437988,-0.10945326089859009,-0.12794452905654907,-0.12408363819122314,-0.07309661720484611,0.001,-0.0122575958502949,10000.0,-0.0500481411285183,10000.0,-5.400036811828613
T11,T11_day764,T11_day1251,480,487,764,-0.2650662064552307,-0.2652600407600403,-0.2020079493522644,-0.5213110446929932,-0.311559796333313,-0.04248398572652934,0.0001,-0.012442109730027628,100000.0,-0.042962126040409276,10000.0,-0.07216048240661621
T11,T11_day770,T11_day891,120,121,770,0.10118257999420166,0.09989476203918457,0.11477530002593994,0.14647763967514038,0.1411176323890686,0.3464533006348439,1e-05,0.4098273623540565,10000.0,0.40484176670340266,10000.0,0.390423059463501
T11,T11_day770,T11_day1251,480,481,770,-0.3439907431602478,-0.34274154901504517,-0.2572404146194458,-0.4069189429283142,-0.7052217721939087,-0.048778242532015126,0.001,-0.012442109730027628,100000.0,-0.03661757159111345,10000.0,-0.07216048240661621
T11,T11_day783,T11_day784,1,1,783,-0.3873217701911926,-0.4301239848136902,-0.4447020888328552,-0.3497381806373596,-0.3387082815170288,-0.4445924812972397,100.0,0.22316051043552165,10000.0,0.12444236466032849,10000.0,0.18522301316261292
T11,T11_day783,T11_day790,7,7,783,-0.6196073889732361,-0.6171228289604187,-0.6747791171073914,-0.6664502024650574,-0.6703181862831116,0.1207552497302225,0.001,0.1468254388130118,10000.0,0.10127932489097413,1000.0,0.09612658619880676
T11,T11_day783,T11_day814,30,31,783,-1.0005781650543213,-1.0148807764053345,-1.1029998064041138,-0.9901708364486694,-0.9562922716140747,0.19568627047175213,0.0001,0.19284310344434197,100000.0,0.1801095918531846,1000.0,0.178076833486557
T11,T11_day783,T11_day905,120,122,783,-0.7359346151351929,-0.7338022589683533,-0.7198976874351501,-0.754726767539978,-0.719986081123352,0.0005902935359629047,0.001,0.06836752756211212,10000.0,-0.21195242162038797,10000.0,-0.0643816590309143
T11,T11_day783,T11_day1261,480,478,783,-1.3656432628631592,-1.3688561916351318,-1.1926772594451904,-0.6732641458511353,-0.6475730538368225,0.13950764066881832,1e-05,0.18390103679436381,10000.0,0.1625667656092431,1000.0,0.15701591968536377
T11,T11_day784,T11_day790,7,6,784,-0.02774786949157715,-0.025863200426101685,-0.03854694962501526,-0.03245341777801514,-0.049378424882888794,0.10223991908995178,0.001,0.1468254388130118,10000.0,0.11346382972824476,10000.0,0.09612658619880676
T11,T11_day784,T11_day814,30,30,784,-0.2664613723754883,-0.2771303057670593,-0.2774866223335266,-0.3270009756088257,-0.3488473892211914,0.11737953643734444,0.0001,0.19284310344434197,100000.0,0.1754378043380751,10000.0,0.178076833486557
T11,T11_day784,T11_day905,120,121,784,-0.004630625247955322,-0.011138707399368286,-0.010557293891906738,-0.009491711854934692,-0.007308781147003174,-0.010325572836864083,100.0,0.06836752756211212,10000.0,0.03738016782007969,100000.0,-0.0643816590309143
T11,T11_day784,T11_day1261,480,477,784,0.017458826303482056,0.012651801109313965,0.010230690240859985,-0.07670670747756958,-0.03799718618392944,0.1449605792975327,1e-05,0.18390103679436381,10000.0,0.18021458248073075,10000.0,0.15701591968536377
T11,T11_day790,T11_day814,30,24,790,-0.6618480682373047,-0.6539136171340942,-0.6428207159042358,-0.7454368472099304,-0.7657843828201294,0.15243053464683026,0.0001,0.19284310344434197,100000.0,0.1371026103540982,10000.0,0.178076833486557
T11,T11_day790,T11_day905,120,115,790,-0.028988808393478394,-0.03223705291748047,-0.026736795902252197,-0.0088273286819458,-0.016280829906463623,0.019757975076162948,0.001,0.06836752756211212,10000.0,0.02393488023977336,100000.0,-0.0643816590309143
T11,T11_day790,T11_day1268,480,478,790,0.1367652416229248,0.14149942994117737,0.1335974633693695,0.08835774660110474,0.16734948754310608,0.42176460480091715,0.0001,0.4344226548045176,10000.0,0.4331570633699557,10000.0,0.43190819025039673
T11,T11_day814,T11_day842,30,28,814,0.22899353504180908,0.23960822820663452,0.22442275285720825,0.16850629448890686,0.17448794841766357,0.34737232710957555,0.001,0.3861840897422553,100000.0,0.35663850991047635,100000.0,0.15866810083389282
T11,T11_day814,T11_day938,120,124,814,-0.7110849022865295,-0.7013731002807617,-0.5672462582588196,-0.9082945585250854,-1.0130435228347778,-0.32439150805263006,0.001,-0.07856387275072574,100000.0,-0.3328755782956129,10000.0,-1.2801791429519653
T11,T11_day814,T11_day1303,480,489,814,-0.05781099200248718,-0.05744108557701111,-0.07788804173469543,-0.06511303782463074,-0.05282899737358093,0.2482892555935039,1e-05,0.3032359280232556,10000.0,0.29860832123136305,1000.0,0.29651176929473877
T11,T11_day841,T11_day842,1,1,841,0.39811956882476807,0.40247634053230286,0.38704296946525574,0.30712562799453735,0.31309592723846436,0.39878498059794665,0.001,0.3861840897422553,100000.0,0.43402213614430174,100000.0,0.15866810083389282
T11,T11_day841,T11_day870,30,29,841,0.2684895396232605,0.27008020877838135,0.2666645646095276,0.26732954382896423,0.2981455624103546,0.3502961547480041,0.0001,0.3902358896025695,10000.0,0.3932583142801539,10000.0,0.3810665011405945
T11,T11_day841,T11_day952,120,111,841,0.2307834029197693,0.23177087306976318,0.22402024269104004,0.13587868213653564,0.1392384171485901,0.38649487291646895,0.0001,0.388730994016179,10000.0,0.38501369880199054,10000.0,-0.35272711515426636
T11,T11_day841,T11_day1324,480,483,841,0.16026315093040466,0.1572989821434021,-5.468808650970459,-6.4390740394592285,-5.210626125335693,-2.0454355913169016,0.001,-1.839884603473379,10000.0,-5.942980103155675,10000.0,-6.583719730377197
T11,T11_day842,T11_day870,30,28,842,-0.13543486595153809,-0.11280009150505066,-0.1361193060874939,-0.16814172267913818,-0.19647866487503052,0.31858740596004215,1e-05,0.3902358896025695,10000.0,0.382858479995269,1000.0,0.3810665011405945
T11,T11_day842,T11_day952,120,110,842,-0.37026047706604004,-0.345559298992157,-0.4979756474494934,-0.6264098286628723,-0.6301038265228271,0.3347534273162726,0.0001,0.388730994016179,10000.0,0.3246511809694204,1000.0,-0.35272711515426636
T11,T11_day842,T11_day1324,480,482,842,-0.42201006412506104,-0.40945881605148315,-56.11389923095703,-50.799137115478516,-48.103668212890625,-15.744421734881906,0.001,-1.839884603473379,10000.0,-12.63320809823189,1000.0,-6.583719730377197
T11,T11_day868,T11_day870,1,2,868,0.29853954911231995,0.29232028126716614,0.27529415488243103,0.22854521870613098,0.24300172924995422,0.3803101181485876,0.0001,0.3902358896025695,10000.0,0.38528876919928523,10000.0,0.3810665011405945
T11,T11_day868,T11_day891,30,23,868,0.2484923005104065,0.2530118227005005,0.2490023970603943,0.2783990800380707,0.23573866486549377,0.39586731582631635,0.0001,0.4098273623540565,10000.0,0.40686048480641634,10000.0,0.390423059463501
T11,T11_day868,T11_day987,120,119,868,-0.25799447298049927,-0.2546273469924927,-0.3059720993041992,-0.5998127460479736,-0.7450917959213257,-0.05332113387083082,0.0001,0.03520808646250079,100000.0,-0.10390354386551981,100000.0,-0.4885719418525696
T11,T11_day868,T11_day1352,480,484,868,0.2606586217880249,0.2523236870765686,0.23260536789894104,0.24720677733421326,0.21483847498893738,0.49860539190367514,0.0001,0.5464932866955808,10000.0,0.5411318003974412,10000.0,0.5349375009536743
T11,T11_day870,T11_day905,30,35,870,0.05005308985710144,0.05298274755477905,0.04518163204193115,0.05749747157096863,0.04774954915046692,0.05184785297206462,0.001,0.06836752756211212,10000.0,0.0748734490491691,100000.0,-0.0643816590309143
T11,T11_day870,T11_day987,120,117,870,-0.11924761533737183,-0.11980235576629639,-0.11987036466598511,-0.14005279541015625,-0.1117781400680542,-0.11982418259040384,100.0,0.03520808646250079,100000.0,-0.05691982695049613,100000.0,-0.4885719418525696
T11,T11_day870,T11_day1352,480,482,870,0.2890224754810333,0.28848060965538025,0.28531670570373535,0.20672214031219482,0.26557207107543945,0.47271891758792156,1e-05,0.5464932866955808,10000.0,0.5432377383200887,10000.0,0.5349375009536743
T11,T11_day882,T11_day888,7,6,882,-5.9220428466796875,-5.930658340454102,-5.922385215759277,-6.661941051483154,-7.422276973724365,0.29355250542633515,0.0001,0.33253464110390607,10000.0,0.2451611760591833,100.0,0.23064512014389038
T11,T11_day882,T11_day905,30,23,882,-5.150660991668701,-5.151981353759766,-4.410353183746338,-4.531483173370361,-4.417888641357422,0.04666110043569799,0.0001,0.06836752756211212,10000.0,-0.18657900553154383,1000.0,-0.0643816590309143
T11,T11_day882,T11_day1001,120,119,882,-3.153534412384033,-3.1678688526153564,-3.3317837715148926,-3.6097068786621094,-3.782449245452881,0.3591829059385848,0.0001,0.3776571885160457,10000.0,0.23414366344181253,1000.0,-0.15143460035324097
T11,T11_day882,T11_day1352,480,470,882,-6.640920162200928,-6.6160783767700195,-6.476180076599121,-7.194954872131348,-7.400643825531006,0.5033120922007273,1e-05,0.5464932866955808,10000.0,0.5353042962219859,100.0,0.5349375009536743
T11,T11_day888,T11_day924,30,36,888,-0.4402140974998474,-0.44623053073883057,-0.47746968269348145,-0.40266746282577515,-0.41638511419296265,0.11184007134754437,0.001,0.17416641939863775,10000.0,0.1393990301882293,10000.0,0.14220952987670898
T11,T11_day888,T11_day1001,120,113,888,0.06063702702522278,0.06188499927520752,-0.018025964498519897,0.046057283878326416,0.05643048882484436,0.3546972344009182,0.0001,0.3776571885160457,10000.0,0.3330098287935822,10000.0,-0.15143460035324097
T11,T11_day888,T11_day1352,480,464,888,0.08004003763198853,0.07842543721199036,0.006686478853225708,-0.13595882058143616,-0.16455012559890747,0.5314419181290321,0.0001,0.5464932866955808,10000.0,0.5359403846621495,1000.0,0.5349375009536743
T11,T11_day891,T11_day924,30,33,891,-0.08624428510665894,-0.09191298484802246,-0.11271518468856812,-0.11042451858520508,-0.11699581146240234,0.14470470548337094,0.0001,0.17416641939863775,10000.0,0.15130362504690775,10000.0,0.14220952987670898
T11,T11_day891,T11_day1017,120,126,891,0.19348964095115662,0.2035880982875824,0.1269230842590332,0.14278271794319153,0.08699825406074524,0.2868556953936802,1e-06,0.2341107487777469,0.1,0.2341145941283604,0.1,0.23411151766777039
T11,T11_day891,T11_day1352,480,461,891,0.2565256655216217,0.25748223066329956,0.24571308493614197,0.24535998702049255,0.20194849371910095,0.5018358517891246,1e-05,0.5464932866955808,10000.0,0.541588783635351,10000.0,0.5349375009536743
T11,T11_day905,T11_day938,30,33,905,-2.706602096557617,-2.6952896118164062,-2.6554653644561768,-2.1047439575195312,-2.1748557090759277,-0.3723632393559936,0.0001,-0.07856387275072574,100000.0,-0.8648772032556632,10000.0,-1.2801791429519653
T11,T11_day905,T11_day1025,120,120,905,-0.6735315322875977,-0.6720107793807983,-0.8141129612922668,-1.0228980779647827,-0.9903925657272339,0.4213235534559633,1e-05,0.4150705176470477,10000.0,0.38644290648740903,1000.0,0.3848510980606079
T11,T11_day905,T11_day1395,480,490,905,-1.337153434753418,-1.3299447298049927,-2.0030581951141357,-1.5149681568145752,-1.4660627841949463,-0.054801717798226735,0.001,0.019821908449399628,100000.0,-0.7644508663518461,1000.0,-15.406529426574707
T11,T11_day924,T11_day952,30,28,924,0.09070640802383423,0.09089702367782593,0.09281870722770691,0.04633784294128418,0.03527900576591492,0.3047324494717206,0.001,0.388730994016179,10000.0,0.357087659124048,10000.0,-0.35272711515426636
T11,T11_day924,T11_day1057,120,133,924,-0.1485626995563507,-0.15692463517189026,0.019464880228042603,-0.0020302534103393555,-0.005965709686279297,0.4340387029158726,0.0001,0.47383143526068655,10000.0,0.4575591785826428,1000.0,0.4238515794277191
T11,T11_day924,T11_day1398,480,474,924,-0.3952210545539856,-0.39249616861343384,-0.3956959843635559,-0.30999571084976196,-0.3438783288002014,0.13551362755908664,0.0001,0.21855252648756845,10000.0,0.20240432346649623,10000.0,-2.6432387828826904
T11,T11_day938,T11_day940,1,2,938,-0.30875879526138306,-0.32288265228271484,-0.5192186236381531,-0.5137637257575989,-0.5120967030525208,0.1915177273666246,0.001,0.27717818762512375,10000.0,0.10158589583895805,10000.0,-157.16659545898438
T11,T11_day938,T11_day1057,120,119,938,0.1201326847076416,0.12052971124649048,0.17685076594352722,-0.01778590679168701,-0.1205328106880188,0.4133852552128129,0.0001,0.47383143526068655,10000.0,0.4340898059230772,1000.0,0.4238515794277191
T11,T11_day938,T11_day1426,480,488,938,-1.2651610374450684,-1.2744344472885132,-1.4856964349746704,-1.147990345954895,-1.2503418922424316,0.194320804273303,1e-05,0.26637567654826183,10000.0,0.25041451836162487,1000.0,0.24965572357177734
T11,T11_day940,T11_day1059,120,119,940,-204.47439575195312,-204.4857177734375,-244.15167236328125,-6389.9833984375,-1698.79052734375,-3.1854391992810376,0.0001,-13.096551493221185,10000.0,-128.698222555707,10.0,-129.3627166748047
T11,T11_day940,T11_day1426,480,486,940,-205.50914001464844,-205.7705841064453,-230.30194091796875,-126.55183410644531,-127.12992858886719,0.19363243982468847,0.0001,0.26637567654826183,10000.0,0.24980486648495215,10.0,0.24965572357177734
T11,T11_day952,T11_day987,30,35,952,-0.4006054997444153,-0.40112555027008057,-0.40985822677612305,-0.29164808988571167,-0.30286169052124023,-0.11865219173129338,0.001,0.03520808646250079,100000.0,-0.07864204776576877,10000.0,-0.4885719418525696
T11,T11_day952,T11_day1064,120,112,952,-0.15227562189102173,-0.15451866388320923,-0.1418384313583374,-0.12883180379867554,-0.15663456916809082,0.4170221486751889,0.0001,0.44512015415395445,10000.0,0.434381068868296,1000.0,0.4316669702529907
T11,T11_day952,T11_day1430,480,478,952,-0.3927984833717346,-0.405071496963501,-0.36037957668304443,-0.30232101678848267,-0.2946804165840149,0.0006109020775300067,0.0001,0.010325036404828791,100000.0,-0.03080624666203391,10000.0,-31.983367919921875
T11,T11_day987,T11_day1017,30,30,987,-0.42441439628601074,-0.4638364911079407,-0.14000484347343445,-0.2262873649597168,-0.2527765929698944,0.30960841579522913,1e-06,0.2341107487777469,0.1,0.23416249401252676,1.0,0.23411151766777039
T11,T11_day987,T11_day1092,120,105,987,-0.3728601932525635,-0.3718557059764862,0.01916748285293579,-0.07341483235359192,-0.0734519362449646,0.37041544309288144,0.001,0.454443672086747,10000.0,0.4289763169540885,10000.0,0.424832284450531
T11,T11_day987,T11_day1461,480,474,987,-0.9590157866477966,-0.959265947341919,-0.5660018920898438,-0.4881352186203003,-0.5116607546806335,-0.03423330014109238,0.0001,0.0020625293447040782,100000.0,-0.2182977968403187,10000.0,-0.4358065724372864
T11,T11_day996,T11_day1025,30,29,996,0.128981351852417,0.11973828077316284,0.16813594102859497,0.10374513268470764,0.09434422850608826,0.3967162087625717,0.0001,0.4150705176470477,10000.0,0.39809460060181784,10000.0,0.3848510980606079
T11,T11_day996,T11_day1125,120,129,996,-0.228543221950531,-0.21228301525115967,-0.14874690771102905,-0.25911951065063477,-0.3076198101043701,-0.04061179016778227,0.0001,-0.01989288832455649,10000.0,-0.03058280390023449,10000.0,-0.03956860303878784
T11,T11_day996,T11_day1461,480,465,996,-0.4676675796508789,-0.43914246559143066,-0.3971216678619385,-0.4443201422691345,-0.3609830141067505,-0.04969541249866183,0.0001,0.0020625293447040782,100000.0,-0.10585867816524075,10000.0,-0.4358065724372864
T11,T11_day1001,T11_day1025,30,24,1001,-0.11636924743652344,-0.12460798025131226,-0.09986215829849243,-0.23868894577026367,-0.25579965114593506,0.41169934719987344,0.0001,0.4150705176470477,10000.0,0.38975920155940597,1000.0,0.3848510980606079
T11,T11_day1001,T11_day1125,120,124,1001,-0.28022903203964233,-0.26870453357696533,-0.20971673727035522,-0.26191985607147217,-0.3145935535430908,-0.05340578952337449,0.0001,-0.01989288832455649,10000.0,-0.038908245731560376,1000.0,-0.03956860303878784
T11,T11_day1001,T11_day1461,480,460,1001,-0.858710765838623,-0.8379836678504944,-0.7636868357658386,-0.7474192976951599,-0.7454703450202942,-0.09757910320179952,0.0001,0.0020625293447040782,100000.0,-0.21396443126750753,10000.0,-0.4358065724372864
T11,T11_day1017,T11_day1025,7,8,1017,0.07231125235557556,0.056350648403167725,0.1673397719860077,0.12002286314964294,0.07828167080879211,0.3786899244385322,0.0001,0.4150705176470477,10000.0,0.39419170148495336,10000.0,0.3848510980606079
T11,T11_day1017,T11_day1139,120,122,1017,0.08375152945518494,0.08850705623626709,0.1751779317855835,0.19174891710281372,0.17558735609054565,0.3540433650824082,1e-05,0.3950901145488626,10000.0,0.4035821546349938,10000.0,0.34502267837524414
T11,T11_day1017,T11_day1505,480,488,1017,-0.4334036707878113,-0.4162546992301941,-0.3201277256011963,-0.2934114336967468,-0.316139280796051,-0.07762881701695612,0.001,0.0529675680981585,10000.0,0.01221976045604567,10000.0,-178.30902099609375
T11,T11_day1022,T11_day1057,30,35,1022,0.3849170207977295,0.38504573702812195,0.4025353789329529,0.39239686727523804,0.31922513246536255,0.4758325410555621,0.001,0.47383143526068655,10000.0,0.47730960835696307,10000.0,0.4238515794277191
T11,T11_day1022,T11_day1139,120,117,1022,0.0820971429347992,0.07677814364433289,0.078868567943573,0.15130069851875305,0.13908237218856812,0.3196078289913446,0.0001,0.3950901145488626,10000.0,0.3993944800939098,10000.0,0.34502267837524414
T11,T11_day1022,T11_day1505,480,483,1022,-0.3700740337371826,-0.38532108068466187,-0.35536158084869385,-0.4290688633918762,-0.39434194564819336,0.006472561225731532,0.0001,0.0529675680981585,10000.0,0.01919616063402929,10000.0,-178.30902099609375
T11,T11_day1025,T11_day1057,30,32,1025,0.4252512753009796,0.4273379445075989,0.42664599418640137,0.43277496099472046,0.4126974940299988,0.47364537742913015,0.001,0.47383143526068655,10000.0,0.4773136557492892,10000.0,0.4238515794277191
T11,T11_day1025,T11_day1139,120,114,1025,0.18372845649719238,0.18309056758880615,0.2081998884677887,0.1900128722190857,0.1805233359336853,0.32221862060957246,0.0001,0.3950901145488626,10000.0,0.39916298956717106,10000.0,0.34502267837524414
T11,T11_day1025,T11_day1505,480,480,1025,-0.34470468759536743,-0.3549441695213318,-0.32977235317230225,-0.3701630234718323,-0.3943195343017578,-0.06541466185834444,0.0001,0.0529675680981585,10000.0,0.02786871668321117,10000.0,-178.30902099609375
T11,T11_day1057,T11_day1059,1,2,1057,-0.3775933086872101,-0.37439990043640137,-1993.142578125,-3013.158935546875,-2508.974365234375,-19.13547035279927,0.0001,-13.096551493221185,10000.0,-65.93759023360158,1000.0,-129.3627166748047
T11,T11_day1057,T11_day1064,7,7,1057,-0.18500691652297974,-0.17826873064041138,-0.5283374190330505,-0.47070878744125366,-0.49587464332580566,0.4045441469382293,0.0001,0.44512015415395445,10000.0,0.4337833226557253,1000.0,0.4316669702529907
T11,T11_day1057,T11_day1092,30,35,1057,-0.030741900205612183,-0.027800321578979492,-0.30779343843460083,-0.22959214448928833,-0.20892375707626343,0.39864637058173313,0.0001,0.454443672086747,10000.0,0.43427007919680516,10000.0,0.424832284450531
T11,T11_day1057,T11_day1181,120,124,1057,-0.34521031379699707,-0.33226269483566284,-0.6824062466621399,-0.6977028846740723,-0.6639066934585571,-0.004782948115156893,0.0001,0.013369421085455746,10000.0,-0.0005577559902921192,1000.0,-0.011722773313522339
T11,T11_day1057,T11_day1535,480,478,1057,-0.7409566640853882,-0.7451373338699341,-1.373129963874817,-1.1529862880706787,-1.2706272602081299,0.3739839452507523,0.0001,0.4499485534982462,100000.0,0.46070217160287946,10000.0,0.48019084334373474
T11,T11_day1059,T11_day1092,30,33,1059,-30.52625274658203,-30.322738647460938,0.18728294968605042,0.15607589483261108,0.1652984321117401,0.3426653175494141,0.001,0.454443672086747,10000.0,0.4432384772321697,10000.0,0.424832284450531
T11,T11_day1059,T11_day1181,120,122,1059,-33.45026397705078,-33.6636848449707,-0.15454506874084473,-0.2160172462463379,-0.1917184591293335,0.011532423852639306,0.0001,0.013369421085455746,10000.0,0.006876314577666853,10000.0,-0.011722773313522339
T11,T11_day1059,T11_day1535,480,476,1059,-102.25364685058594,-101.99158477783203,-0.47610121965408325,-0.7472081780433655,-0.5434205532073975,0.42204299430223374,1e-05,0.4499485534982462,100000.0,0.47387579284369746,10000.0,0.48019084334373474
T11,T11_day1064,T11_day1092,30,28,1064,0.27893394231796265,0.2776762545108795,0.27619561553001404,0.2426677644252777,0.23433759808540344,0.3993449728498299,0.001,0.454443672086747,10000.0,0.4487724209315178,10000.0,0.424832284450531
T11,T11_day1064,T11_day1181,120,117,1064,0.03380817174911499,0.02651926875114441,0.024178534746170044,0.0245419442653656,0.024037957191467285,-0.000747563185224509,0.0001,0.013369421085455746,10000.0,0.06570320104124844,10000.0,-0.011722773313522339
T11,T11_day1064,T11_day1549,480,485,1064,-0.6788640022277832,-0.6588888764381409,-0.661693274974823,-1.030318260192871,-1.014261245727539,-0.6329922531902419,0.0001,-0.5350257229145102,100000.0,-0.44662400615891784,10000.0,-0.5250368714332581
T11,T11_day1092,T11_day1125,30,33,1092,-0.041791439056396484,-0.04041975736618042,-0.03311198949813843,-0.05559408664703369,-0.05557239055633545,-0.055849001748735194,0.001,-0.01989288832455649,10000.0,-0.028395646416945253,10000.0,-0.03956860303878784
T11,T11_day1092,T11_day1577,480,485,1092,-0.3084856867790222,-0.3239462375640869,-0.32304972410202026,-0.3441375494003296,-0.3241080641746521,-0.05608236454797866,1e-05,-0.17844449483847047,10000.0,-0.21235419187831694,10000.0,-0.26615655422210693
T11,T11_day1125,T11_day1251,120,126,1125,-0.28878897428512573,-0.291440486907959,-0.2391875982284546,-0.1800837516784668,-0.14671707153320312,-0.04525640696351113,0.001,-0.012442109730027628,100000.0,-0.041083053295358385,10000.0,-0.07216048240661621
T11,T11_day1125,T11_day1605,480,480,1125,-0.21773433685302734,-0.21171414852142334,-0.18776154518127441,-0.5934262275695801,-0.6406909823417664,0.414390973362674,0.0001,0.4763124595845765,10000.0,0.4007141127071206,10000.0,0.4224746823310852
T11,T11_day1139,T11_day1261,120,122,1139,-0.6511003375053406,-0.6425732374191284,-0.2980934977531433,-0.17905646562576294,-0.18594717979431152,0.17249884860663944,0.0001,0.18390103679436381,10000.0,0.16013700742092796,1000.0,0.15701591968536377
T11,T11_day1139,T11_day1625,480,486,1139,-0.7906509041786194,-0.7853627800941467,-0.6910246014595032,-0.6651728749275208,-0.6821461915969849,0.11692046414873097,1e-05,0.1965912695474129,10000.0,0.14564446621776922,10000.0,0.19694852828979492
T11,T11_day1181,T11_day1303,120,122,1181,0.14084213972091675,0.13818839192390442,0.13094782829284668,0.1073259711265564,0.11839514970779419,0.22911355846487103,0.0001,0.3032359280232556,10000.0,0.3088817177517945,10000.0,0.29651176929473877
T11,T11_day1181,T11_day1661,480,480,1181,-0.3587324619293213,-0.35809236764907837,-0.3387356996536255,-0.5242429375648499,-0.3820706009864807,0.45298584777477524,0.0001,0.535787362246434,10000.0,0.5139874260245256,1000.0,0.5047411918640137
T11,T11_day1251,T11_day1282,30,31,1251,-0.024613618850708008,-0.022949248552322388,-0.0529574453830719,-0.03238287568092346,-0.04418286681175232,-0.0031628140376220304,0.01,0.09887152809406136,10000.0,0.10290138026670326,10000.0,-0.488632470369339
T11,T11_day1251,T11_day1352,120,101,1251,0.3632369041442871,0.36432430148124695,0.32884329557418823,0.02809351682662964,0.10566765069961548,0.5130961277004517,0.0001,0.5464932866955808,10000.0,0.546340008227981,10000.0,0.5349375009536743
T11,T11_day1251,T11_day1710,480,459,1251,-0.46337002515792847,-0.43292105197906494,-0.5595837235450745,-0.4786840081214905,-0.45806819200515747,0.3165234008428586,0.0001,0.39382850967304106,10000.0,0.35735169105491266,1000.0,-3.8923559188842773
T11,T11_day1261,T11_day1268,7,7,1261,0.4011850357055664,0.40155476331710815,0.39894554018974304,0.39147746562957764,0.4068073332309723,0.4407445455521043,0.0001,0.4344226548045176,10000.0,0.44190787739398213,10000.0,0.43190819025039673
T11,T11_day1261,T11_day1395,120,134,1261,-0.26731759309768677,-0.26940464973449707,-0.28154200315475464,-0.4526292085647583,-0.36507678031921387,-0.03399239010455224,0.001,0.019821908449399628,100000.0,-0.08557245388194779,10000.0,-15.406529426574707
T11,T11_day1261,T11_day1710,480,449,1261,-0.3006970286369324,-0.3226814270019531,-0.3077280521392822,-0.684420645236969,-0.7927653193473816,0.3278553015128283,1e-05,0.39382850967304106,10000.0,0.35992538422120157,1000.0,-3.8923559188842773
T11,T11_day1268,T11_day1303,30,35,1268,0.2787919044494629,0.2791042923927307,0.2681008279323578,0.26008090376853943,0.24995893239974976,0.28359932796425474,0.01,0.3032359280232556,10000.0,0.31925591384226665,10000.0,0.29651176929473877
T11,T11_day1268,T11_day1395,120,127,1268,-0.3431748151779175,-0.3464008569717407,-0.4275757670402527,-2.695612668991089,-4.396225452423096,-0.132361171853142,0.001,0.019821908449399628,100000.0,-0.15928803429403005,10000.0,-15.406529426574707
T11,T11_day1268,T11_day1710,480,442,1268,-0.4570104479789734,-0.4530544877052307,-0.4686387777328491,-0.7509242296218872,-0.7197388410568237,0.32786859064736185,1e-05,0.39382850967304106,10000.0,0.35785522538845765,1000.0,-3.8923559188842773
T11,T11_day1279,T11_day1307,30,28,1279,0.012003481388092041,0.014586120843887329,-0.061017751693725586,-0.1108630895614624,-0.13098716735839844,0.05337827993189209,0.0001,0.0977130048489328,100000.0,0.02213239032064751,10000.0,-0.04156976938247681
T11,T11_day1279,T11_day1398,120,119,1279,-0.19708466529846191,-0.19777590036392212,-0.18242168426513672,-0.2583470344543457,-0.23739075660705566,0.1537895258051647,0.0001,0.21855252648756845,10000.0,0.20301514045976743,10000.0,-2.6432387828826904
T11,T11_day1279,T11_day1710,480,431,1279,-0.4546971917152405,-0.4351012706756592,-0.4088229537010193,-0.7693861126899719,-0.9989804625511169,0.31984842568136945,0.0001,0.39382850967304106,10000.0,0.35943234485453274,1000.0,-3.8923559188842773
T11,T11_day1282,T11_day1307,30,25,1282,-1.1773555278778076,-1.179636836051941,-0.9999186396598816,-0.8525058627128601,-0.8391498327255249,0.006440124383105483,0.001,0.0977130048489328,100000.0,-0.04998644805049557,10000.0,-0.04156976938247681
T11,T11_day1282,T11_day1398,120,116,1282,-0.8987738490104675,-0.8984880447387695,-0.8032016754150391,-0.7185811400413513,-0.6658005118370056,0.1493230110977029,0.0001,0.21855252648756845,10000.0,-0.09994074054437074,1000.0,-2.6432387828826904
T11,T11_day1282,T11_day1710,480,428,1282,-1.4267511367797852,-1.4203908443450928,-1.2184662818908691,-1.0807874202728271,-1.2609835863113403,0.2994139919658087,1e-05,0.39382850967304106,10000.0,0.35587322752371975,1000.0,-3.8923559188842773
T11,T11_day1303,T11_day1338,30,35,1303,0.09841740131378174,0.1004500687122345,-0.012342989444732666,-0.118843674659729,-0.204388827085495,0.20206748406249575,0.001,0.3291456258168173,10000.0,0.2981492149223334,10000.0,0.24278762936592102
T11,T11_day1303,T11_day1426,120,123,1303,-0.4195362329483032,-0.4465970993041992,-0.5476019978523254,-0.462047815322876,-0.42491447925567627,0.18293842833305246,0.0001,0.26637567654826183,10000.0,0.2522670986239491,1000.0,0.24965572357177734
T11,T11_day1303,T11_day1710,480,407,1303,-0.5810233950614929,-0.5799520015716553,-0.6171415448188782,-0.7196526527404785,-0.8554448485374451,0.2903839942791421,0.0001,0.39382850967304106,10000.0,0.3593166432076679,1000.0,-3.8923559188842773
T11,T11_day1307,T11_day1338,30,31,1307,0.00158768892288208,0.002705991268157959,-0.013847827911376953,-0.03838855028152466,-0.052468717098236084,0.17287493398952114,0.001,0.3291456258168173,10000.0,0.2843234913418086,10000.0,0.24278762936592102
T11,T11_day1307,T11_day1426,120,119,1307,-0.5857933759689331,-0.5798813700675964,-0.5012254118919373,-0.43698084354400635,-0.45420360565185547,0.2271546378353766,0.0001,0.26637567654826183,10000.0,0.2515840454931714,1000.0,0.24965572357177734
T11,T11_day1307,T11_day1710,480,403,1307,-0.6464707851409912,-0.6736654043197632,-0.5623230934143066,-0.5827967524528503,-0.5221372842788696,0.29847940288054275,0.0001,0.39382850967304106,10000.0,0.36190416143039833,1000.0,-3.8923559188842773
T11,T11_day1324,T11_day1352,30,28,1324,-2.1504549980163574,-2.1453683376312256,0.13577017188072205,0.15693476796150208,0.14194893836975098,0.51842257291695,0.0001,0.5464932866955808,10000.0,0.535071573681861,1000.0,0.5349375009536743
T11,T11_day1324,T11_day1430,120,106,1324,-4.513693809509277,-4.578241348266602,-0.40489858388900757,-0.38771963119506836,-0.39229416847229004,0.0022476117645043314,0.0001,0.010325036404828791,100000.0,-0.026077710281856792,10000.0,-31.983367919921875
T11,T11_day1324,T11_day1710,480,386,1324,-4.4595513343811035,-4.4912261962890625,-0.8066955208778381,-0.7982087731361389,-0.9189164638519287,0.2807584768309766,1e-05,0.39382850967304106,10000.0,0.36509573926813854,1000.0,-3.8923559188842773
T11,T11_day1338,T11_day1461,120,123,1338,-0.31877434253692627,-0.32318204641342163,-0.2967876195907593,-0.30194658041000366,-0.2966400384902954,-0.048708585330760945,0.0001,0.0020625293447040782,100000.0,-0.18274905401341535,10000.0,-0.4358065724372864
T11,T11_day1338,T11_day1710,480,372,1338,-0.6175850033760071,-0.6283295154571533,-0.5700094103813171,-0.32544130086898804,-0.3471029996871948,0.31507770833513726,0.0001,0.39382850967304106,10000.0,0.3672836529617505,1000.0,-3.8923559188842773
T11,T11_day1352,T11_day1461,120,109,1352,-0.24836444854736328,-0.2439899444580078,-0.19663995504379272,-0.2799071669578552,-0.22358351945877075,-0.04255406165588854,0.0001,0.0020625293447040782,100000.0,-0.14028910100308412,10000.0,-0.4358065724372864
T11,T11_day1395,T11_day1426,30,31,1395,-7.9195876121521,-7.945213794708252,-8.224841117858887,-8.222990036010742,-8.228715896606445,0.1879481401209651,1e-05,0.26637567654826183,10000.0,0.25118326890913806,100.0,0.24965572357177734
T11,T11_day1395,T11_day1519,120,124,1395,-9.794565200805664,-9.769847869873047,-9.986678123474121,-9.077777862548828,-9.579752922058105,0.1269868489913486,0.0001,0.1835605394741331,100000.0,0.07567435932419142,100.0,0.24736696481704712
T11,T11_day1398,T11_day1426,30,28,1398,-4.972867965698242,-4.98826789855957,-4.858054161071777,-4.616328716278076,-4.557803153991699,0.16870220994140445,1e-06,0.26637567654826183,10000.0,0.2498099530823471,100.0,0.24965572357177734
T11,T11_day1398,T11_day1519,120,121,1398,-4.4194841384887695,-4.419137001037598,-3.757084608078003,-3.5595436096191406,-3.555158853530884,0.1676173794820806,0.0001,0.1835605394741331,100000.0,0.05533987799394807,1000.0,0.24736696481704712
T11,T11_day1426,T11_day1461,30,35,1426,-0.3289734125137329,-0.3342418670654297,-0.30542534589767456,-0.3812405467033386,-0.5347110033035278,-0.013051780265635582,0.0001,0.0020625293447040782,100000.0,-0.13404711968467853,10000.0,-0.4358065724372864
T11,T11_day1426,T11_day1549,120,123,1426,-0.9869151711463928,-0.9612350463867188,-0.9678686261177063,-1.261153221130371,-1.0197060108184814,-0.6143231185547099,0.0001,-0.5350257229145102,100000.0,-0.5007673770698122,10000.0,-0.5250368714332581
T11,T11_day1430,T11_day1461,30,31,1430,-265.3421936035156,-265.3209533691406,-524.1780395507812,-422.822265625,-570.7415771484375,-0.18990966812042265,0.0001,0.0020625293447040782,100000.0,-0.435755590771866,0.1,-0.4358065724372864
T11,T11_day1430,T11_day1549,120,119,1430,-1636.4827880859375,-1642.39208984375,-1843.255615234375,-1195.8193359375,-1204.5330810546875,-0.5764878573146202,0.001,-0.5350257229145102,100000.0,-0.5247509491326624,10.0,-0.5250368714332581
T11,T11_day1461,T11_day1577,120,116,1461,-0.3188377022743225,-0.31988412141799927,-0.1763264536857605,-0.1275472640991211,-0.13885384798049927,-0.28154093825094284,0.0001,-0.17844449483847047,10000.0,-0.18897220107302048,10000.0,-0.26615655422210693
T11,T11_day1505,T11_day1535,30,30,1505,-328.3917236328125,-327.70684814453125,-379.04681396484375,-372.8345947265625,-343.85980224609375,0.4635819741008759,0.0001,0.4499485534982462,100000.0,0.4801895836865812,0.1,0.48019084334373474
T11,T11_day1505,T11_day1625,120,120,1505,-171.3700714111328,-171.49554443359375,-173.48529052734375,-197.0435791015625,-199.25247192382812,0.1317082411638606,0.0001,0.1965912695474129,10000.0,0.19695325932931218,1.0,0.19694852828979492
T11,T11_day1519,T11_day1549,30,30,1519,-0.4346241354942322,-0.43493276834487915,-0.4159820079803467,-0.45743656158447266,-0.4416593909263611,-0.5352756694195586,0.001,-0.5350257229145102,100000.0,-0.4411607087595936,10000.0,-0.5250368714332581
T11,T11_day1519,T11_day1633,120,114,1519,-0.4586540460586548,-0.454667329788208,-1.2531675100326538,-1.1875648498535156,-1.1705467700958252,-1.2526727020849662,100.0,-0.02987917814385066,100000.0,-1.211960116788316,1000000.0,-2.2732534408569336
T11,T11_day1528,T11_day1535,7,7,1528,0.31189844012260437,0.29649633169174194,0.27252885699272156,0.2793896198272705,0.2814420759677887,0.47207509884126614,0.0001,0.4499485534982462,100000.0,0.48454252661347386,10000.0,0.48019084334373474
T11,T11_day1528,T11_day1661,120,133,1528,0.40977898240089417,0.408009797334671,0.4010483920574188,0.4349290430545807,0.4416434168815613,0.5137719174220408,1e-05,0.535787362246434,10000.0,0.53312164515174,10000.0,0.5047411918640137
T11,T11_day1535,T11_day1661,120,126,1535,0.29385268688201904,0.2919529676437378,0.2694457769393921,0.24454551935195923,0.2568204402923584,0.5143977925165506,1e-05,0.535787362246434,10000.0,0.5056716107448658,100.0,0.5047411918640137
T11,T11_day1549,T11_day1577,30,28,1549,-0.08606642484664917,-0.08582478761672974,-0.0800015926361084,-0.21542924642562866,-0.16027146577835083,-0.15111533152828938,0.001,-0.17844449483847047,10000.0,-0.20487877189641157,10000.0,-0.26615655422210693
T11,T11_day1549,T11_day1661,120,112,1549,0.36917075514793396,0.3675399720668793,0.3628416657447815,0.3259563446044922,0.3422684967517853,0.5124676469010612,1e-05,0.535787362246434,10000.0,0.5128515780277305,1000.0,0.5047411918640137
T11,T11_day1577,T11_day1605,30,28,1577,0.3673679530620575,0.3673062026500702,0.36117592453956604,0.27132663130760193,0.2615987956523895,0.45392898614852517,0.0001,0.4763124595845765,10000.0,0.47018396764452913,10000.0,0.4224746823310852
T11,T11_day1577,T11_day1703,120,126,1577,-0.41711854934692383,-0.4249792695045471,-0.45440757274627686,-0.4792459011077881,-0.47364360094070435,0.23427566335562627,1e-05,0.3390303527099737,10000.0,0.3312444825617758,1000.0,0.3942936062812805
T11,T11_day1591,T11_day1625,30,34,1591,-0.15282511711120605,-0.1546468734741211,-0.16526281833648682,-0.18549364805221558,-0.18244796991348267,0.046597496311573894,1e-05,0.1965912695474129,10000.0,0.1855334290721723,10000.0,0.19694852828979492
T11,T11_day1591,T11_day1710,120,119,1591,-0.4639628529548645,-0.4671730399131775,-0.4364206790924072,-0.7922344207763672,-0.58905428647995,0.31099596586583667,0.0001,0.39382850967304106,10000.0,0.36278101471783913,1000.0,-3.8923559188842773
T11,T11_day1605,T11_day1633,30,28,1605,-0.41313695907592773,-0.415657639503479,-1.33174467086792,-1.3452295064926147,-1.3730864524841309,-1.3315809609662135,100.0,-0.02987917814385066,100000.0,-1.0454640968097242,100000.0,-2.2732534408569336
T11,T11_day1605,T11_day1710,120,105,1605,-0.5590503811836243,-0.5416143536567688,-0.5441094636917114,-0.50722336769104,-0.5921576023101807,0.2918226686827261,0.0001,0.39382850967304106,10000.0,0.36407156737164864,1000.0,-3.8923559188842773
T11,T11_day1625,T11_day1633,7,8,1625,-0.4106621742248535,-0.4115239977836609,-1.3164615631103516,-1.3281434774398804,-1.452383041381836,-1.3161316771715819,100.0,-0.02987917814385066,100000.0,-1.261404269236145,1000000.0,-2.2732534408569336
T11,T11_day1625,T11_day1661,30,36,1625,0.44228243827819824,0.4398547410964966,0.4634345769882202,0.35344401001930237,0.3262166976928711,0.511486114650924,1e-05,0.535787362246434,10000.0,0.5402078546350977,10000.0,0.5047411918640137
T11,T11_day1633,T11_day1661,30,28,1633,-1.6040124893188477,-1.603743553161621,-1.6782407760620117,-2.441009044647217,-1.7001591920852661,0.46606643541915005,0.0001,0.535787362246434,10000.0,0.506880219329154,1000.0,0.5047411918640137
T11,T11_day1703,T11_day1710,7,7,1703,-0.299427330493927,-0.30142486095428467,-0.2854269742965698,-0.6442728042602539,-0.3690623641014099,0.33127107479348755,1e-05,0.39382850967304106,10000.0,0.36408824639070836,1000.0,-3.8923559188842773
