mode,train,test,train_style,test_style,days,r2,r2_pos,r2_vel,f_mean_shift,f_std_logratio,f_subspace,f_disagree,f_pred_vel_bias,f_pred_pos_var,f_imp_logratio,f_dead
fixed,2020-01-27_CO,2020-01-27_CO,CO,CO,0,0.34583938121795654,0.41886046528816223,0.27281826734542847,0.06313726305961609,0.018202034756541252,0.19208037853240967,0.0005318168550729752,0.0004451184067875147,-0.8979476690292358,0.0,0
renorm,2020-01-27_CO,2020-01-27_CO,CO,CO,0,0.3487374782562256,0.4238215386867523,0.27365338802337646,0.06313726305961609,0.018202034756541252,0.19208037853240967,0.0005215827841311693,0.0004548914439510554,-0.9076594114303589,0.0,0
fixed,2020-01-27_CO,2020-01-30_CO,CO,CO,3,-0.767697274684906,-1.1642532348632812,-0.3711412847042084,0.4375724494457245,0.11759405583143234,0.4131351709365845,0.001060066744685173,0.00914604403078556,-0.6574991941452026,0.0,4
fixed,2020-01-30_CO,2020-01-30_CO,CO,CO,0,0.29972147941589355,0.3297826647758484,0.2696602940559387,0.04793305695056915,0.019538922235369682,0.14822643995285034,0.0004542312235571444,0.00010448036482557654,-0.6193078756332397,0.0,0
renorm,2020-01-27_CO,2020-01-30_CO,CO,CO,3,0.22108295559883118,0.24482524394989014,0.19734066724777222,0.04793305695056915,0.019538922235369682,0.25061070919036865,0.0005284110666252673,0.00017587747424840927,-1.050134539604187,0.0,4
renorm,2020-01-30_CO,2020-01-30_CO,CO,CO,0,0.30699431896209717,0.3441343605518341,0.26985427737236023,0.04793305695056915,0.019538922235369682,0.14822643995285034,0.00044893843005411327,0.00011097858805442229,-0.6283071041107178,0.0,0
fixed,2020-01-27_CO,2020-02-04_CO,CO,CO,8,-0.2581000328063965,-0.20163440704345703,-0.31456562876701355,0.4694087505340576,0.12174814939498901,0.3927307724952698,0.0018769330345094204,0.005923341494053602,-0.7053455710411072,0.0,7
fixed,2020-01-30_CO,2020-02-04_CO,CO,CO,5,0.043690845370292664,-0.03482303023338318,0.1222047209739685,0.4660753309726715,0.12308651208877563,0.3868964910507202,0.003236983437091112,0.0024314080365002155,-0.7249857783317566,0.0,10
fixed,2020-02-04_CO,2020-02-04_CO,CO,CO,0,0.27877163887023926,0.292069673538208,0.2654736042022705,0.04601658508181572,0.02250756323337555,0.13606178760528564,0.00046791884233243763,0.0002253355924040079,-0.7361936569213867,0.0,0
renorm,2020-01-27_CO,2020-02-04_CO,CO,CO,8,0.1514759361743927,0.13087964057922363,0.17207223176956177,0.04601658508181572,0.02250756323337555,0.3033057451248169,0.0005471596377901733,0.0012959304731339216,-1.0262084007263184,0.0,7
renorm,2020-01-30_CO,2020-02-04_CO,CO,CO,5,0.20709583163261414,0.2282673418521881,0.18592432141304016,0.04601658508181572,0.02250756323337555,0.22195041179656982,0.0004665489250328392,0.0005984001327306032,-0.6883699893951416,0.0,10
renorm,2020-02-04_CO,2020-02-04_CO,CO,CO,0,0.2840074300765991,0.3013131022453308,0.26670172810554504,0.04601658508181572,0.02250756323337555,0.13606178760528564,0.0004618812818080187,0.00023607179173268378,-0.752417266368866,0.0,0
fixed,2020-01-27_CO,2020-02-05_CO,CO,CO,9,-0.9460710883140564,-1.6319481134414673,-0.26019400358200073,0.5122559070587158,0.14543983340263367,0.44352781772613525,0.0013277092948555946,0.008399422280490398,-0.7586660981178284,0.0,5
fixed,2020-01-30_CO,2020-02-05_CO,CO,CO,6,-2.0583853721618652,-3.643017292022705,-0.47375357151031494,0.5065540671348572,0.14333878457546234,0.5025125741958618,0.0018799544777721167,0.009690044447779655,-0.35584986209869385,0.0,6
fixed,2020-02-04_CO,2020-02-05_CO,CO,CO,1,-0.3567102253437042,-0.838607132434845,0.12518665194511414,0.46670398116111755,0.13780653476715088,0.4716273546218872,0.0016914273146539927,0.002970897126942873,-0.7661442160606384,0.0,3
fixed,2020-02-05_CO,2020-02-05_CO,CO,CO,0,0.29580196738243103,0.3231664001941681,0.26843753457069397,0.06829959899187088,0.021975846961140633,0.1855602264404297,0.0005402341485023499,0.0004793079278897494,-0.7635779976844788,0.0,0
renorm,2020-01-27_CO,2020-02-05_CO,CO,CO,9,0.18917743861675262,0.1646292507648468,0.21372562646865845,0.06829959899187088,0.021975846961140633,0.3104620575904846,0.0005115294479764998,0.00047631931374780834,-1.1705495119094849,0.0,5
renorm,2020-01-30_CO,2020-02-05_CO,CO,CO,6,0.18555006384849548,0.1706685721874237,0.20043155550956726,0.06829959899187088,0.021975846961140633,0.2690853476524353,0.0004447887185961008,0.0007308244821615517,-0.8165616393089294,0.0,6
renorm,2020-02-04_CO,2020-02-05_CO,CO,CO,1,0.1930604726076126,0.17375600337982178,0.21236494183540344,0.06829959899187088,0.021975846961140633,0.27623307704925537,0.0004828987584915012,0.0006116636213846505,-1.030329704284668,0.0,3
renorm,2020-02-05_CO,2020-02-05_CO,CO,CO,0,0.3023371696472168,0.3343338668346405,0.2703404724597931,0.06829959899187088,0.021975846961140633,0.1855602264404297,0.0005302654462866485,0.0004949416616000235,-0.7985968589782715,0.0,0
fixed,2020-01-27_CO,2020-02-06_CO,CO,CO,10,-0.7778591513633728,-0.4525020718574524,-1.1032161712646484,0.6670013070106506,0.18089957535266876,0.5457700490951538,0.004809452686458826,0.010184495709836483,-0.6185378432273865,,6
fixed,2020-01-30_CO,2020-02-06_CO,CO,CO,7,-1.6040958166122437,-2.004117250442505,-1.204074501991272,0.6402367353439331,0.17364482581615448,0.5685933232307434,0.006144898012280464,0.010677682235836983,-0.6182703375816345,,9
fixed,2020-02-04_CO,2020-02-06_CO,CO,CO,2,-2.069354772567749,-2.9367709159851074,-1.2019383907318115,0.5851261615753174,0.17610490322113037,0.558857798576355,0.002253626473248005,0.01249997690320015,-0.7529581785202026,,3
fixed,2020-02-05_CO,2020-02-06_CO,CO,CO,1,-0.16384197771549225,-0.20935264229774475,-0.11833131313323975,0.5361048579216003,0.13790744543075562,0.5044232606887817,0.002056646393612027,0.004753540735691786,-0.9497538805007935,,4
fixed,2020-02-06_CO,2020-02-06_CO,CO,CO,0,0.27999499440193176,0.31339359283447266,0.24659639596939087,0.10272026062011719,0.0395691804587841,0.19546401500701904,0.0005015648202970624,0.000138087198138237,-0.6979554891586304,,0
renorm,2020-01-27_CO,2020-02-06_CO,CO,CO,10,0.09579205513000488,0.020088672637939453,0.1714954376220703,0.10272026062011719,0.0395691804587841,0.33905279636383057,0.0005681033944711089,0.00016527836851309985,-1.1785377264022827,,6
renorm,2020-01-30_CO,2020-02-06_CO,CO,CO,7,0.14144682884216309,0.10735082626342773,0.17554283142089844,0.10272026062011719,0.0395691804587841,0.32061731815338135,0.0004650685586966574,0.0004986083367839456,-0.8534538745880127,,9
renorm,2020-02-04_CO,2020-02-06_CO,CO,CO,2,0.16379526257514954,0.10444453358650208,0.223145991563797,0.10272026062011719,0.0395691804587841,0.32383036613464355,0.0005127392360009253,0.0002432890614727512,-0.9753190279006958,,3
renorm,2020-02-05_CO,2020-02-06_CO,CO,CO,1,0.2017163187265396,0.19440612196922302,0.2090265154838562,0.10272026062011719,0.0395691804587841,0.27240604162216187,0.000602356914896518,0.0008205506601370871,-0.8865083456039429,,4
renorm,2020-02-06_CO,2020-02-06_CO,CO,CO,0,0.2843484878540039,0.32089200615882874,0.2478049397468567,0.10272026062011719,0.0395691804587841,0.19546401500701904,0.00047568665468133986,0.00014119526895228773,-0.7115209102630615,,0
fixed,2020-01-27_CO,2020-02-11_CO,CO,CO,15,-0.35772889852523804,-0.46300798654556274,-0.25244978070259094,0.5907495617866516,0.14575840532779694,0.41351139545440674,0.0027222703211009502,0.006464764475822449,-1.1175003051757812,,6
fixed,2020-01-30_CO,2020-02-11_CO,CO,CO,12,-1.8490941524505615,-3.705902338027954,0.007714211940765381,0.5500850677490234,0.13967876136302948,0.37061750888824463,0.0018230110872536898,0.0057051898911595345,-0.7347084283828735,,9
fixed,2020-02-04_CO,2020-02-11_CO,CO,CO,7,-0.3154814839363098,-0.5633304119110107,-0.0676325261592865,0.48929670453071594,0.13898618519306183,0.4316769242286682,0.0029863284435123205,0.006169183645397425,-0.9138855934143066,,4
fixed,2020-02-05_CO,2020-02-11_CO,CO,CO,6,-0.1000216007232666,-0.15455341339111328,-0.04548978805541992,0.5308551788330078,0.16310031712055206,0.38510268926620483,0.0016483167419210076,0.005021162796765566,-0.9655959606170654,,6
fixed,2020-02-06_CO,2020-02-11_CO,CO,CO,5,-0.3908403813838959,-0.6725205779075623,-0.10916018486022949,0.5981545448303223,0.1815628558397293,0.4422144889831543,0.005361402407288551,0.006686617620289326,-0.7830259799957275,,5
fixed,2020-02-11_CO,2020-02-11_CO,CO,CO,0,0.2867926359176636,0.3314036428928375,0.24218159914016724,0.04709775745868683,0.021371925249695778,0.09741461277008057,0.0005215004784986377,0.00041932822205126286,-0.767604410648346,,0
renorm,2020-01-27_CO,2020-02-11_CO,CO,CO,15,0.16746924817562103,0.14700961112976074,0.18792888522148132,0.04709775745868683,0.021371925249695778,0.24235892295837402,0.0005893540801480412,0.00011219249427085742,-1.1872448921203613,,6
renorm,2020-01-30_CO,2020-02-11_CO,CO,CO,12,0.20447982847690582,0.21939870715141296,0.18956094980239868,0.04709775745868683,0.021371925249695778,0.2007819414138794,0.0004801836621481925,0.00040843142778612673,-0.9405616521835327,,9
renorm,2020-02-04_CO,2020-02-11_CO,CO,CO,7,0.22844821214675903,0.2457261085510254,0.21117031574249268,0.04709775745868683,0.021371925249695778,0.2195228934288025,0.0005006240680813789,0.0003893270040862262,-0.9979712963104248,,4
renorm,2020-02-05_CO,2020-02-11_CO,CO,CO,6,0.2060771882534027,0.2517637014389038,0.1603906750679016,0.04709775745868683,0.021371925249695778,0.19360971450805664,0.0005774551536887884,0.0009426831966266036,-0.8816466331481934,,6
renorm,2020-02-06_CO,2020-02-11_CO,CO,CO,5,0.1350691318511963,0.143898606300354,0.12623965740203857,0.04709775745868683,0.021371925249695778,0.27782928943634033,0.0005446544382721186,0.0009080112213268876,-0.7727142572402954,,5
renorm,2020-02-11_CO,2020-02-11_CO,CO,CO,0,0.28835904598236084,0.33383071422576904,0.24288740754127502,0.04709775745868683,0.021371925249695778,0.09741461277008057,0.0005143274320289493,0.00040842979797162116,-0.7804438471794128,,0
fixed,2020-01-27_CO,2020-02-22_CO,CO,CO,26,-0.2992171347141266,-0.15960749983787537,-0.4388267397880554,0.5834501385688782,0.16956205666065216,0.4824327826499939,0.002758343704044819,0.007061779499053955,-0.782859742641449,,7
fixed,2020-01-30_CO,2020-02-22_CO,CO,CO,23,-0.16781120002269745,-0.03547903895378113,-0.30014336109161377,0.6441336274147034,0.167965367436409,0.5133019685745239,0.004517671186476946,0.006072472780942917,-0.9917027950286865,,10
fixed,2020-02-04_CO,2020-02-22_CO,CO,CO,18,-0.509670615196228,-0.7920594215393066,-0.22728171944618225,0.5126539468765259,0.1535719335079193,0.48460638523101807,0.0024052951484918594,0.006054539233446121,-0.7462794780731201,,5
fixed,2020-02-05_CO,2020-02-22_CO,CO,CO,17,-0.8079881072044373,-1.7469968795776367,0.13102075457572937,0.5655634999275208,0.16016419231891632,0.5049924254417419,0.004770543891936541,0.0011209181975573301,-0.5896158218383789,,6
fixed,2020-02-06_CO,2020-02-22_CO,CO,CO,16,-0.21968123316764832,-0.040990471839904785,-0.39837199449539185,0.6245035529136658,0.18258945643901825,0.5228545069694519,0.0018057272536680102,0.006382096093147993,-0.5149397850036621,,5
fixed,2020-02-11_CO,2020-02-22_CO,CO,CO,11,-0.41148436069488525,-0.24644914269447327,-0.5765195488929749,0.5647901892662048,0.16480495035648346,0.5388168692588806,0.006788512226194143,0.007224210072308779,-0.1975368708372116,,5
fixed,2020-02-22_CO,2020-02-22_CO,CO,CO,0,0.2832537293434143,0.3185647428035736,0.24794268608093262,0.068181611597538,0.019372330978512764,0.1897578239440918,0.0004085250257048756,0.00026374016306363046,-0.6046189665794373,,0
renorm,2020-01-27_CO,2020-02-22_CO,CO,CO,26,0.013317957520484924,-0.027082055807113647,0.053717970848083496,0.068181611597538,0.019372330978512764,0.2831454873085022,0.0005724192596971989,0.0002516205422580242,-1.0194817781448364,,7
renorm,2020-01-30_CO,2020-02-22_CO,CO,CO,23,0.056987375020980835,-0.011641532182693481,0.12561628222465515,0.068181611597538,0.019372330978512764,0.26853352785110474,0.0004667415050789714,0.0003863380989059806,-0.8519214987754822,,10
renorm,2020-02-04_CO,2020-02-22_CO,CO,CO,18,0.14342473447322845,0.13490614295005798,0.15194332599639893,0.068181611597538,0.019372330978512764,0.2881885766983032,0.0005117590771988034,0.00014267706137616187,-1.0057977437973022,,5
renorm,2020-02-05_CO,2020-02-22_CO,CO,CO,17,0.1279076784849167,0.13150742650032043,0.12430793046951294,0.068181611597538,0.019372330978512764,0.27701812982559204,0.0005902651464566588,0.0005162408924661577,-0.799680233001709,,6
renorm,2020-02-06_CO,2020-02-22_CO,CO,CO,16,0.08526134490966797,0.10280647873878479,0.06771621108055115,0.068181611597538,0.019372330978512764,0.3236757516860962,0.0005453181802295148,0.0006837917608208954,-0.6745191216468811,,5
renorm,2020-02-11_CO,2020-02-22_CO,CO,CO,11,0.12189030647277832,0.132574200630188,0.11120641231536865,0.068181611597538,0.019372330978512764,0.25105082988739014,0.0005518534453585744,0.00041015789611265063,-0.7510085701942444,,5
renorm,2020-02-22_CO,2020-02-22_CO,CO,CO,0,0.2927793860435486,0.33758053183555603,0.24797824025154114,0.068181611597538,0.019372330978512764,0.1897578239440918,0.00040384349995292723,0.00026199419517070055,-0.6194415092468262,,0
fixed,2020-01-27_CO,2020-02-24_CO,CO,CO,28,-1.7638872861862183,-2.6188926696777344,-0.9088820815086365,0.6152498722076416,0.16811013221740723,0.48770445585250854,0.0026997094973921776,0.011923798359930515,-1.0637106895446777,,9
fixed,2020-01-30_CO,2020-02-24_CO,CO,CO,25,-0.790810227394104,-1.3064930438995361,-0.27512747049331665,0.5473266243934631,0.15256167948246002,0.5102055668830872,0.0018076238920912147,0.008654928766191006,-1.0680441856384277,,13
fixed,2020-02-04_CO,2020-02-24_CO,CO,CO,20,-0.7736262679100037,-1.59225594997406,0.045003414154052734,0.5343437790870667,0.15957053005695343,0.5104082822799683,0.0023548032622784376,0.004527490120381117,-1.0408847332000732,,7
fixed,2020-02-05_CO,2020-02-24_CO,CO,CO,19,-1.9535160064697266,-2.914865016937256,-0.992167055606842,0.6355345845222473,0.18304578959941864,0.5279368162155151,0.0024628478568047285,0.01225903257727623,-0.8174775242805481,,9
fixed,2020-02-06_CO,2020-02-24_CO,CO,CO,18,-1.4461926221847534,-1.2312365770339966,-1.6611487865447998,0.6538715362548828,0.19526807963848114,0.5728907585144043,0.0025738542899489403,0.015514527447521687,-0.6949242353439331,,8
fixed,2020-02-11_CO,2020-02-24_CO,CO,CO,13,-0.6630836129188538,-0.6956857442855835,-0.630481481552124,0.5669348835945129,0.1508646011352539,0.5219016671180725,0.0017116924282163382,0.010522711090743542,-0.8043379783630371,,7
fixed,2020-02-22_CO,2020-02-24_CO,CO,CO,2,-0.2310086488723755,-0.4453466236591339,-0.016670674085617065,0.474077433347702,0.13321304321289062,0.46172839403152466,0.002166543621569872,0.005982520990073681,-1.0838088989257812,,5
fixed,2020-02-24_CO,2020-02-24_CO,CO,CO,0,0.2564168870449066,0.2969135046005249,0.21592026948928833,0.0401790626347065,0.01683221571147442,0.17672699689865112,0.0005304202786646783,0.0005112598882988095,-0.754111111164093,,0
renorm,2020-01-27_CO,2020-02-24_CO,CO,CO,28,0.08329735696315765,0.05059647560119629,0.11599823832511902,0.0401790626347065,0.01683221571147442,0.28807365894317627,0.00058512989198789,0.0010183900594711304,-1.0650874376296997,,9
renorm,2020-01-30_CO,2020-02-24_CO,CO,CO,25,0.11953945457935333,0.066922128200531,0.17215678095817566,0.0401790626347065,0.01683221571147442,0.2890772223472595,0.000458903523394838,0.0004486548714339733,-1.0008960962295532,,13
renorm,2020-02-04_CO,2020-02-24_CO,CO,CO,20,0.16338686645030975,0.15660837292671204,0.17016535997390747,0.0401790626347065,0.01683221571147442,0.31605201959609985,0.000509062607306987,0.0005305751110427082,-1.029948353767395,,7
renorm,2020-02-05_CO,2020-02-24_CO,CO,CO,19,0.0864974856376648,0.0700041651725769,0.10299080610275269,0.0401790626347065,0.01683221571147442,0.3248337507247925,0.0005880211829207838,0.0003870928194373846,-0.9026013612747192,,9
renorm,2020-02-06_CO,2020-02-24_CO,CO,CO,18,0.04853758215904236,0.009806275367736816,0.0872688889503479,0.0401790626347065,0.01683221571147442,0.3787975311279297,0.0005296538001857698,0.0003100948815699667,-0.7741342782974243,,8
renorm,2020-02-11_CO,2020-02-24_CO,CO,CO,13,0.16209663450717926,0.14980700612068176,0.17438626289367676,0.0401790626347065,0.01683221571147442,0.305606484413147,0.0005074029322713614,0.0007094910833984613,-0.8488105535507202,,7
renorm,2020-02-22_CO,2020-02-24_CO,CO,CO,2,0.18204742670059204,0.1785481572151184,0.18554669618606567,0.0401790626347065,0.01683221571147442,0.2704331874847412,0.0004076231853105128,0.000822298345156014,-0.9411194920539856,,5
renorm,2020-02-24_CO,2020-02-24_CO,CO,CO,0,0.2612215578556061,0.30625519156455994,0.21618792414665222,0.0401790626347065,0.01683221571147442,0.17672699689865112,0.0005238502053543925,0.0005099843256175518,-0.7716554999351501,,0
fixed,2020-01-27_CO,2020-02-25_CO,CO,CO,29,-2.1899752616882324,-0.44370877742767334,-3.936241865158081,0.677837610244751,0.17363578081130981,0.5385129451751709,0.0035586899612098932,0.021694010123610497,-1.0587594509124756,,9
fixed,2020-01-30_CO,2020-02-25_CO,CO,CO,26,-2.5810415744781494,-3.5939741134643555,-1.568109154701233,0.6193017959594727,0.16857266426086426,0.5056745409965515,0.0019439839525148273,0.014982917346060276,-0.7398215532302856,,11
fixed,2020-02-04_CO,2020-02-25_CO,CO,CO,21,-1.744652509689331,-2.98542857170105,-0.5038765072822571,0.6372610926628113,0.18166737258434296,0.571827232837677,0.004042438231408596,0.007908660918474197,-0.5269303321838379,,7
fixed,2020-02-05_CO,2020-02-25_CO,CO,CO,20,-3.0280532836914062,-5.247237205505371,-0.8088693618774414,0.6497538685798645,0.18360048532485962,0.5342201590538025,0.004289350472390652,0.010972017422318459,-0.5320730805397034,,8
fixed,2020-02-06_CO,2020-02-25_CO,CO,CO,19,-2.759140968322754,-3.744744062423706,-1.7735377550125122,0.5966478586196899,0.18752719461917877,0.5661823749542236,0.0033625925425440073,0.015236744657158852,-0.40864118933677673,,7
fixed,2020-02-11_CO,2020-02-25_CO,CO,CO,14,-1.3570903539657593,-0.3381693661212921,-2.376011371612549,0.6401423811912537,0.16890238225460052,0.5644699335098267,0.0032458517234772444,0.01660703308880329,-0.9086883068084717,,8
fixed,2020-02-22_CO,2020-02-25_CO,CO,CO,3,-2.24735164642334,-3.68513822555542,-0.8095651268959045,0.519346296787262,0.13714076578617096,0.44113099575042725,0.0021243877708911896,0.011884951964020729,-0.47644954919815063,,6
fixed,2020-02-24_CO,2020-02-25_CO,CO,CO,1,-1.0913119316101074,-1.779933214187622,-0.40269050002098083,0.3568623960018158,0.08597176522016525,0.4008190631866455,0.0012662369990721345,0.007366140838712454,-0.606403112411499,,2
fixed,2020-02-25_CO,2020-02-25_CO,CO,CO,0,0.2084876149892807,0.20524704456329346,0.21172818541526794,0.053062643855810165,0.015563911758363247,0.15613508224487305,0.0004884412046521902,0.0001298499119002372,-0.7655122876167297,,0
renorm,2020-01-27_CO,2020-02-25_CO,CO,CO,29,-0.013815194368362427,-0.05460089445114136,0.026970505714416504,0.053062643855810165,0.015563911758363247,0.2861291170120239,0.0005603292374871671,8.291902304335963e-06,-1.2606840133666992,,9
renorm,2020-01-30_CO,2020-02-25_CO,CO,CO,26,0.01611386239528656,-0.08338338136672974,0.11561110615730286,0.053062643855810165,0.015563911758363247,0.3155364394187927,0.0004804492637049407,7.682052091695368e-05,-1.1667176485061646,,11
renorm,2020-02-04_CO,2020-02-25_CO,CO,CO,21,0.01287280023097992,-0.051693618297576904,0.07743921875953674,0.053062643855810165,0.015563911758363247,0.34198540449142456,0.000493880535941571,0.0003686301351990551,-1.132663369178772,,7
renorm,2020-02-05_CO,2020-02-25_CO,CO,CO,20,0.03846988081932068,-0.011693209409713745,0.0886329710483551,0.053062643855810165,0.015563911758363247,0.3142244219779968,0.000568453804589808,0.00032217256375588477,-0.9983495473861694,,8
renorm,2020-02-06_CO,2020-02-25_CO,CO,CO,19,-0.004180386662483215,-0.0453220009803772,0.03696122765541077,0.053062643855810165,0.015563911758363247,0.3782697916030884,0.0005329776904545724,0.00025180482771247625,-0.8324347734451294,,7
renorm,2020-02-11_CO,2020-02-25_CO,CO,CO,14,0.023588523268699646,-0.012507230043411255,0.05968427658081055,0.053062643855810165,0.015563911758363247,0.3123360872268677,0.0005071132909506559,0.0003511758695822209,-0.945990800857544,,8
renorm,2020-02-22_CO,2020-02-25_CO,CO,CO,3,0.11163647472858429,0.03634142875671387,0.1869315207004547,0.053062643855810165,0.015563911758363247,0.29644256830215454,0.00041159894317388535,9.37579752644524e-05,-0.8324382901191711,,6
renorm,2020-02-24_CO,2020-02-25_CO,CO,CO,1,0.09740953147411346,0.04706084728240967,0.14775821566581726,0.053062643855810165,0.015563911758363247,0.221532940864563,0.0005222080508247018,0.00020431267330422997,-0.9314612150192261,,2
renorm,2020-02-25_CO,2020-02-25_CO,CO,CO,0,0.21203653514385223,0.20923548936843872,0.21483758091926575,0.053062643855810165,0.015563911758363247,0.15613508224487305,0.0004833104903809726,0.00011376049951650202,-0.7714170217514038,,0
fixed,2020-01-27_CO,2020-02-28_RD,CO,RD,32,0.05502016842365265,0.042085349559783936,0.06795498728752136,0.517095148563385,0.15575353801250458,0.4322758913040161,0.001716818893328309,0.004884406924247742,-1.0912597179412842,,9
fixed,2020-01-30_CO,2020-02-28_RD,CO,RD,29,0.04889000952243805,0.05482172966003418,0.04295828938484192,0.5422260165214539,0.1531897336244583,0.42607778310775757,0.0014587282203137875,0.0055021801963448524,-1.024531364440918,,10
fixed,2020-02-04_CO,2020-02-28_RD,CO,RD,24,0.08551056683063507,0.12701597809791565,0.04400515556335449,0.4846455156803131,0.1651424616575241,0.431740939617157,0.0025615119375288486,0.004723321180790663,-0.9045985341072083,,6
fixed,2020-02-05_CO,2020-02-28_RD,CO,RD,23,0.03545214235782623,0.00010973215103149414,0.07079455256462097,0.5195038318634033,0.16223064064979553,0.4643253684043884,0.004960149992257357,0.004303243011236191,-1.082852840423584,,6
fixed,2020-02-06_CO,2020-02-28_RD,CO,RD,22,-0.06312911212444305,-0.18792754411697388,0.06166931986808777,0.5866958498954773,0.17827542126178741,0.48844778537750244,0.0028250059112906456,0.003868217347189784,-0.7457236051559448,,5
fixed,2020-02-11_CO,2020-02-28_RD,CO,RD,17,-0.3966040015220642,-0.31084105372428894,-0.4823669493198395,0.573053777217865,0.15883244574069977,0.49931734800338745,0.0055080889724195,0.010168495588004589,-0.46734118461608887,,9
fixed,2020-02-22_CO,2020-02-28_RD,CO,RD,6,0.07457204163074493,-0.03283444046974182,0.1819785237312317,0.4783916175365448,0.11765337735414505,0.387498140335083,0.0015664289239794016,0.002413343172520399,-0.761721670627594,,6
fixed,2020-02-24_CO,2020-02-28_RD,CO,RD,4,0.13791877031326294,0.23138746619224548,0.044450074434280396,0.48344993591308594,0.10999090224504471,0.3968886137008667,0.00145768653601408,0.006102913059294224,-0.5417705774307251,,4
fixed,2020-02-25_CO,2020-02-28_RD,CO,RD,3,-0.10538315773010254,-0.2821435332298279,0.0713772177696228,0.44392046332359314,0.11061382293701172,0.3651247024536133,0.0030780297238379717,0.005201348103582859,-0.6851101517677307,,4
fixed,2020-02-28_RD,2020-02-28_RD,RD,RD,0,0.3499235510826111,0.42504483461380005,0.2748022675514221,0.038695331662893295,0.01425099279731512,0.15984928607940674,0.0005724793300032616,0.00026959789101965725,-0.7667048573493958,,0
renorm,2020-01-27_CO,2020-02-28_RD,CO,RD,32,0.14129012823104858,0.11589738726615906,0.1666828691959381,0.038695331662893295,0.01425099279731512,0.26349014043807983,0.0005479551036842167,0.0009495205013081431,-1.0585811138153076,,9
renorm,2020-01-30_CO,2020-02-28_RD,CO,RD,29,0.15339557826519012,0.10296180844306946,0.2038293480873108,0.038695331662893295,0.01425099279731512,0.25243866443634033,0.0005032584303990006,0.0005787116824649274,-0.8535223603248596,,10
renorm,2020-02-04_CO,2020-02-28_RD,CO,RD,24,0.16993767023086548,0.15981757640838623,0.18005776405334473,0.038695331662893295,0.01425099279731512,0.26423758268356323,0.0005720368935726583,0.0008407451678067446,-0.9145572781562805,,6
renorm,2020-02-05_CO,2020-02-28_RD,CO,RD,23,0.16327939927577972,0.14046064019203186,0.1860981583595276,0.038695331662893295,0.01425099279731512,0.27407658100128174,0.0006146011874079704,0.0006022403249517083,-0.8392273783683777,,6
renorm,2020-02-06_CO,2020-02-28_RD,CO,RD,22,0.14502352476119995,0.12462121248245239,0.1654258370399475,0.038695331662893295,0.01425099279731512,0.32704854011535645,0.000519700872246176,0.0005051169428043067,-0.579238772392273,,5
renorm,2020-02-11_CO,2020-02-28_RD,CO,RD,17,0.1668086051940918,0.143405944108963,0.19021126627922058,0.038695331662893295,0.01425099279731512,0.2586706876754761,0.0005812000599689782,0.0006206154357641935,-0.6831292510032654,,9
renorm,2020-02-22_CO,2020-02-28_RD,CO,RD,6,0.2277948409318924,0.24448907375335693,0.21110060811042786,0.038695331662893295,0.01425099279731512,0.2051122784614563,0.00042708247201517224,0.0006923482287675142,-0.601330041885376,,6
renorm,2020-02-24_CO,2020-02-28_RD,CO,RD,4,0.21377451717853546,0.20373687148094177,0.22381216287612915,0.038695331662893295,0.01425099279731512,0.21010702848434448,0.0005755540332756937,0.0008501199772581458,-0.6251310110092163,,4
renorm,2020-02-25_CO,2020-02-28_RD,CO,RD,3,0.19716386497020721,0.19250574707984924,0.20182198286056519,0.038695331662893295,0.01425099279731512,0.21847409009933472,0.0005572640220634639,6.143728387542069e-05,-0.690820038318634,,4
renorm,2020-02-28_RD,2020-02-28_RD,RD,RD,0,0.3503042757511139,0.4249594807624817,0.2756490707397461,0.038695331662893295,0.01425099279731512,0.15984928607940674,0.000565632595680654,0.0002818238572217524,-0.7738968729972839,,0
fixed,2020-01-27_CO,2020-03-02_RD,CO,RD,35,-0.036863937973976135,0.17359939217567444,-0.2473272681236267,0.5698567032814026,0.1343836933374405,0.4034166932106018,0.001670851488597691,0.010249827057123184,-1.4373764991760254,,5
fixed,2020-01-30_CO,2020-03-02_RD,CO,RD,32,-0.03210717439651489,0.09171441197395325,-0.15592876076698303,0.5887877941131592,0.1431979387998581,0.4538552165031433,0.0010927311377599835,0.008715212345123291,-1.1950926780700684,,8
fixed,2020-02-04_CO,2020-03-02_RD,CO,RD,27,0.07204946875572205,0.1503290832042694,-0.006230145692825317,0.5622913241386414,0.15405131876468658,0.476684033870697,0.0035422914661467075,0.005939071532338858,-1.100154161453247,,3
fixed,2020-02-05_CO,2020-03-02_RD,CO,RD,26,0.11446230113506317,0.13259926438331604,0.0963253378868103,0.6851593852043152,0.18811483681201935,0.5180768370628357,0.0027192728593945503,0.0033030305057764053,-1.2297892570495605,,6
fixed,2020-02-06_CO,2020-03-02_RD,CO,RD,25,-0.12723787128925323,-0.13328179717063904,-0.12119394540786743,0.6543658375740051,0.1895417720079422,0.5331171751022339,0.005008213222026825,0.007345115765929222,-0.9311220049858093,,5
fixed,2020-02-11_CO,2020-03-02_RD,CO,RD,20,-0.8630486726760864,-1.4420795440673828,-0.2840178608894348,0.5694794654846191,0.14105181396007538,0.49261415004730225,0.0036096067633479834,0.010427132248878479,-0.7295535206794739,,6
fixed,2020-02-22_CO,2020-03-02_RD,CO,RD,9,-0.073142409324646,-0.21946609020233154,0.07318127155303955,0.5386489629745483,0.15573692321777344,0.3866463303565979,0.0028887223452329636,0.005118217319250107,-0.9995119571685791,,5
fixed,2020-02-24_CO,2020-03-02_RD,CO,RD,7,-0.018921062350273132,0.21139895915985107,-0.24924108386039734,0.4913153648376465,0.11573022603988647,0.4254370927810669,0.002745209028944373,0.01038508489727974,-0.7803313732147217,,1
fixed,2020-02-25_CO,2020-03-02_RD,CO,RD,6,-0.18718785047531128,-0.2788853645324707,-0.09549033641815186,0.47336113452911377,0.12223175913095474,0.4265950322151184,0.0032063722610473633,0.007228724658489227,-0.7584972977638245,,2
fixed,2020-02-28_RD,2020-03-02_RD,RD,RD,3,0.0484340637922287,0.13812360167503357,-0.04125547409057617,0.4423644542694092,0.11499723047018051,0.37079817056655884,0.0031912007834762335,0.006237362511456013,-1.113450527191162,,6
fixed,2020-03-02_RD,2020-03-02_RD,RD,RD,0,0.33794933557510376,0.456057608127594,0.21984106302261353,0.04521818831562996,0.035813868045806885,0.15077942609786987,0.0007218339596875012,0.000295605743303895,-0.610044002532959,,0
renorm,2020-01-27_CO,2020-03-02_RD,CO,RD,35,0.11168065667152405,0.08271372318267822,0.14064759016036987,0.04521818831562996,0.035813868045806885,0.26922136545181274,0.0005559308920055628,0.0004505499091465026,-1.186463713645935,,5
renorm,2020-01-30_CO,2020-03-02_RD,CO,RD,32,0.10530076920986176,0.026858508586883545,0.18374302983283997,0.04521818831562996,0.035813868045806885,0.26330024003982544,0.0004912596778012812,0.000706860504578799,-0.9608038663864136,,8
renorm,2020-02-04_CO,2020-03-02_RD,CO,RD,27,0.13272051513195038,0.10192292928695679,0.16351810097694397,0.04521818831562996,0.035813868045806885,0.27946996688842773,0.0005555756506510079,0.0003812821814790368,-1.0476384162902832,,3
renorm,2020-02-05_CO,2020-03-02_RD,CO,RD,26,0.13550391793251038,0.1256716549396515,0.14533618092536926,0.04521818831562996,0.035813868045806885,0.2944594621658325,0.0006124894716776907,0.0002494706423021853,-0.9124871492385864,,6
renorm,2020-02-06_CO,2020-03-02_RD,CO,RD,25,0.06256397068500519,0.004310399293899536,0.12081754207611084,0.04521818831562996,0.035813868045806885,0.3458644151687622,0.0005666043143719435,0.0002878812956623733,-0.7666006088256836,,5
renorm,2020-02-11_CO,2020-03-02_RD,CO,RD,20,0.16878178715705872,0.18294882774353027,0.15461474657058716,0.04521818831562996,0.035813868045806885,0.26310592889785767,0.0005390061414800584,0.0005663376650772989,-0.7133930921554565,,6
renorm,2020-02-22_CO,2020-03-02_RD,CO,RD,9,0.20119664072990417,0.20719283819198608,0.19520044326782227,0.04521818831562996,0.035813868045806885,0.23436987400054932,0.00044521476957015693,0.00041638067341409624,-0.7869172692298889,,5
renorm,2020-02-24_CO,2020-03-02_RD,CO,RD,7,0.19029472768306732,0.1949889063835144,0.18560054898262024,0.04521818831562996,0.035813868045806885,0.20494616031646729,0.0005424407427199185,0.0009097502334043384,-0.7177854776382446,,1
renorm,2020-02-25_CO,2020-03-02_RD,CO,RD,6,0.21088795363903046,0.22916021943092346,0.19261568784713745,0.04521818831562996,0.035813868045806885,0.21521055698394775,0.0005286220111884177,0.0007355256238952279,-0.6688132286071777,,2
renorm,2020-02-28_RD,2020-03-02_RD,RD,RD,3,0.266435831785202,0.32887259125709534,0.20399907231330872,0.04521818831562996,0.035813868045806885,0.19262760877609253,0.0006152013665996492,0.0009187714895233512,-1.0638177394866943,,6
renorm,2020-03-02_RD,2020-03-02_RD,RD,RD,0,0.3380860686302185,0.4563095271587372,0.21986261010169983,0.04521818831562996,0.035813868045806885,0.15077942609786987,0.0007178714731708169,0.00029323395574465394,-0.612945020198822,,0
fixed,2020-01-27_CO,2020-03-10_RD,CO,RD,43,-2.2072958946228027,-3.4655613899230957,-0.9490302205085754,0.5893161296844482,0.14708207547664642,0.49225276708602905,0.002218118868768215,0.01472538523375988,-0.31412428617477417,,5
fixed,2020-01-30_CO,2020-03-10_RD,CO,RD,40,-0.8691299557685852,-1.837340235710144,0.09908026456832886,0.6483014822006226,0.14720304310321808,0.5088214874267578,0.0022606239654123783,0.00545174814760685,-0.20685507357120514,,7
fixed,2020-02-04_CO,2020-03-10_RD,CO,RD,35,0.02977617084980011,-0.02657008171081543,0.08612242341041565,0.6420766711235046,0.16416238248348236,0.5402457118034363,0.0036242976784706116,0.004410817287862301,-0.36810365319252014,,2
fixed,2020-02-05_CO,2020-03-10_RD,CO,RD,34,0.03062954545021057,-0.015464812517166138,0.07672390341758728,0.59828782081604,0.18236343562602997,0.5019208192825317,0.0032283500768244267,0.004948884714394808,-0.5350416302680969,,4
fixed,2020-02-06_CO,2020-03-10_RD,CO,RD,33,0.06649968028068542,0.06531724333763123,0.06768211722373962,0.7617986798286438,0.21602660417556763,0.6125233173370361,0.005995079409331083,0.003537910059094429,-0.19745700061321259,,3
fixed,2020-02-11_CO,2020-03-10_RD,CO,RD,28,-1.3191027641296387,-2.659123420715332,0.020917922258377075,0.6318836212158203,0.15983454883098602,0.5651086568832397,0.007591301575303078,0.005894585512578487,0.3242259621620178,,3
fixed,2020-02-22_CO,2020-03-10_RD,CO,RD,17,0.039199575781822205,-0.09549763798713684,0.17389678955078125,0.6552805304527283,0.16799525916576385,0.47738057374954224,0.003508726367726922,0.0038091863971203566,-0.25019899010658264,,3
fixed,2020-02-24_CO,2020-03-10_RD,CO,RD,15,-0.35293322801589966,-0.6292939186096191,-0.07657250761985779,0.7343692183494568,0.1803404688835144,0.5333647727966309,0.011579143814742565,0.006766829639673233,-0.06939662247896194,,1
fixed,2020-02-25_CO,2020-03-10_RD,CO,RD,14,-1.9163743257522583,-3.5294251441955566,-0.30332356691360474,0.6257689595222473,0.16195650398731232,0.5334945917129517,0.0035145175643265247,0.010070102289319038,0.18180221319198608,,3
fixed,2020-02-28_RD,2020-03-10_RD,RD,RD,11,-2.7558846473693848,-5.648701190948486,0.13693183660507202,0.5591535568237305,0.1519981026649475,0.4302840232849121,0.005291486158967018,0.004151680041104555,0.1421596109867096,,4
fixed,2020-03-02_RD,2020-03-10_RD,RD,RD,8,-3.570671558380127,-6.820266246795654,-0.3210771679878235,0.6041337251663208,0.1476038694381714,0.45328158140182495,0.006926678121089935,0.010871704667806625,0.40054526925086975,,4
fixed,2020-03-10_RD,2020-03-10_RD,RD,RD,0,0.403825044631958,0.5046465396881104,0.30300357937812805,0.0389605350792408,0.02122361958026886,0.14293038845062256,0.0005723756621591747,0.001216338248923421,-0.4910147190093994,,0
renorm,2020-01-27_CO,2020-03-10_RD,CO,RD,43,0.16815754771232605,0.1340702772140503,0.2022448182106018,0.0389605350792408,0.02122361958026886,0.292513906955719,0.0005516398814506829,0.0014535151422023773,-0.9646648168563843,,5
renorm,2020-01-30_CO,2020-03-10_RD,CO,RD,40,0.14012165367603302,0.05165213346481323,0.2285911738872528,0.0389605350792408,0.02122361958026886,0.32861608266830444,0.00048227907973341644,0.0012702136300504208,-0.8043872714042664,,7
renorm,2020-02-04_CO,2020-03-10_RD,CO,RD,35,0.18069729208946228,0.15051189064979553,0.21088269352912903,0.0389605350792408,0.02122361958026886,0.32132357358932495,0.0005061113042756915,0.0014397285412997007,-0.8826026916503906,,2
renorm,2020-02-05_CO,2020-03-10_RD,CO,RD,34,0.165705144405365,0.14342001080513,0.18799027800559998,0.0389605350792408,0.02122361958026886,0.31054580211639404,0.0006029469077475369,0.0015271157026290894,-0.7893177270889282,,4
renorm,2020-02-06_CO,2020-03-10_RD,CO,RD,33,0.11496983468532562,0.08719679713249207,0.14274287223815918,0.0389605350792408,0.02122361958026886,0.36345595121383667,0.0005649866070598364,0.0010702470317482948,-0.7345225214958191,,3
renorm,2020-02-11_CO,2020-03-10_RD,CO,RD,28,0.17390882968902588,0.13511806726455688,0.21269959211349487,0.0389605350792408,0.02122361958026886,0.2763787508010864,0.0005490806070156395,0.0012907851487398148,-0.7660028338432312,,3
renorm,2020-02-22_CO,2020-03-10_RD,CO,RD,17,0.21970759332180023,0.20575553178787231,0.23365965485572815,0.0389605350792408,0.02122361958026886,0.30579668283462524,0.0004278295673429966,0.0011961095733568072,-0.5945731401443481,,3
renorm,2020-02-24_CO,2020-03-10_RD,CO,RD,15,0.18624071776866913,0.16186562180519104,0.21061581373214722,0.0389605350792408,0.02122361958026886,0.3050694465637207,0.0005371755687519908,0.001244736253283918,-0.6717212796211243,,1
renorm,2020-02-25_CO,2020-03-10_RD,CO,RD,14,0.20207229256629944,0.21584591269493103,0.18829867243766785,0.0389605350792408,0.02122361958026886,0.2889145016670227,0.0005358846974559128,0.0009818405378609896,-0.5621146559715271,,3
renorm,2020-02-28_RD,2020-03-10_RD,RD,RD,11,0.3164573907852173,0.37754541635513306,0.2553693652153015,0.0389605350792408,0.02122361958026886,0.22366243600845337,0.0005685653886757791,0.0008456225623376667,-0.8323389291763306,,4
renorm,2020-03-02_RD,2020-03-10_RD,RD,RD,8,0.30744147300720215,0.37015703320503235,0.24472588300704956,0.0389605350792408,0.02122361958026886,0.2453288435935974,0.000782452174462378,0.0009633628651499748,-0.6005569100379944,,4
renorm,2020-03-10_RD,2020-03-10_RD,RD,RD,0,0.404556006193161,0.5057880878448486,0.3033239245414734,0.0389605350792408,0.02122361958026886,0.14293038845062256,0.0005654154228977859,0.001223486615344882,-0.5006300210952759,,0
fixed,2020-01-27_CO,2020-03-13_RD,CO,RD,46,-1.0824496746063232,-1.1844114065170288,-0.9804878234863281,0.6124919056892395,0.16245412826538086,0.4995116591453552,0.00167071761097759,0.014148957096040249,-1.096950650215149,,7
fixed,2020-01-30_CO,2020-03-13_RD,CO,RD,43,0.03904278576374054,-0.05306580662727356,0.13115137815475464,0.5467392206192017,0.13607482612133026,0.49468541145324707,0.0017681780736893415,0.0019174907356500626,-1.1788567304611206,,10
fixed,2020-02-04_CO,2020-03-13_RD,CO,RD,38,0.034602612257003784,-0.06012856960296631,0.12933379411697388,0.573278546333313,0.17075367271900177,0.5242178440093994,0.003890934633091092,0.0010791138047352433,-0.6774624586105347,,3
fixed,2020-02-05_CO,2020-03-13_RD,CO,RD,37,-0.3038991689682007,-0.4533156156539917,-0.15448275208473206,0.6467877626419067,0.18144433200359344,0.5142158269882202,0.0028033789712935686,0.005765972658991814,-0.6847224831581116,,6
fixed,2020-02-06_CO,2020-03-13_RD,CO,RD,36,-0.2823817729949951,-0.4467045068740845,-0.11805906891822815,0.6420800089836121,0.19032502174377441,0.5221108198165894,0.0027196798473596573,0.006691664457321167,-0.6040458679199219,,4
fixed,2020-02-11_CO,2020-03-13_RD,CO,RD,31,-0.8171157240867615,0.008091449737548828,-1.6423228979110718,0.6422514319419861,0.1635793298482895,0.5738410353660583,0.003131589852273464,0.01627594418823719,-0.7256222367286682,,6
fixed,2020-02-22_CO,2020-03-13_RD,CO,RD,20,-0.07495613396167755,-0.27138835191726685,0.12147608399391174,0.5956809520721436,0.14244623482227325,0.46325910091400146,0.0033981124870479107,0.002399989403784275,-0.8344911932945251,,5
fixed,2020-02-24_CO,2020-03-13_RD,CO,RD,18,-0.5223641991615295,-0.5895686149597168,-0.4551597833633423,0.5388340353965759,0.10758507251739502,0.45662230253219604,0.003110676072537899,0.010958476923406124,-0.6669517159461975,,2
fixed,2020-02-25_CO,2020-03-13_RD,CO,RD,17,-1.128368616104126,-0.803952157497406,-1.4527852535247803,0.4662933051586151,0.11116576194763184,0.46509748697280884,0.0011284282663837075,0.01716962456703186,-0.5645841360092163,,4
fixed,2020-02-28_RD,2020-03-13_RD,RD,RD,14,-0.15686093270778656,-0.4314667880535126,0.11774492263793945,0.5140829682350159,0.11092523485422134,0.44061338901519775,0.0026778492610901594,0.0030555808916687965,-1.0522758960723877,,5
fixed,2020-03-02_RD,2020-03-13_RD,RD,RD,11,-0.1766795963048935,0.06039553880691528,-0.41375473141670227,0.5037214756011963,0.11114412546157837,0.5110666751861572,0.002681300276890397,0.009634431451559067,-0.5174371600151062,,5
fixed,2020-03-10_RD,2020-03-13_RD,RD,RD,3,-0.20479102432727814,-0.5025484561920166,0.09296640753746033,0.42953094840049744,0.13706985116004944,0.45856571197509766,0.002550571458414197,0.004197657573968172,-0.7964997887611389,,5
fixed,2020-03-13_RD,2020-03-13_RD,RD,RD,0,0.29078924655914307,0.3355379104614258,0.24604055285453796,0.05398942157626152,0.02663494646549225,0.19436198472976685,0.0006947635556571186,0.00024086191842798144,-0.7151473760604858,,0
renorm,2020-01-27_CO,2020-03-13_RD,CO,RD,46,0.08389846980571747,0.019288241863250732,0.1485086977481842,0.05398942157626152,0.02663494646549225,0.2928013205528259,0.0005748578696511686,0.00045885852887295187,-1.0525336265563965,,7
renorm,2020-01-30_CO,2020-03-13_RD,CO,RD,43,0.05593410134315491,-0.0440068244934082,0.15587502717971802,0.05398942157626152,0.02663494646549225,0.32636505365371704,0.00048674677964299917,0.0006864037713967264,-0.9432549476623535,,10
renorm,2020-02-04_CO,2020-03-13_RD,CO,RD,38,0.09849020838737488,0.04753142595291138,0.14944899082183838,0.05398942157626152,0.02663494646549225,0.323689341545105,0.0005418160581029952,0.00020312628475949168,-0.8747869729995728,,3
renorm,2020-02-05_CO,2020-03-13_RD,CO,RD,37,0.10735836625099182,0.06320518255233765,0.151511549949646,0.05398942157626152,0.02663494646549225,0.32002270221710205,0.0006494274130091071,0.00022188240836840123,-0.7820488214492798,,6
renorm,2020-02-06_CO,2020-03-13_RD,CO,RD,36,0.04109616577625275,-0.024346649646759033,0.10653898119926453,0.05398942157626152,0.02663494646549225,0.33455926179885864,0.0005972417420707643,0.0007320931181311607,-0.6362529993057251,,4
renorm,2020-02-11_CO,2020-03-13_RD,CO,RD,31,0.0915931910276413,0.06387263536453247,0.11931374669075012,0.05398942157626152,0.02663494646549225,0.30963581800460815,0.0005696956650353968,0.0008253048872575164,-0.8613916039466858,,6
renorm,2020-02-22_CO,2020-03-13_RD,CO,RD,20,0.131871297955513,0.09402623772621155,0.16971635818481445,0.05398942157626152,0.02663494646549225,0.2991269826889038,0.0004660041013266891,0.000488582591060549,-0.7043874859809875,,5
renorm,2020-02-24_CO,2020-03-13_RD,CO,RD,18,0.08938999474048615,0.05309286713600159,0.1256871223449707,0.05398942157626152,0.02663494646549225,0.26479458808898926,0.0005481595289893448,0.0012390962801873684,-0.736539900302887,,2
renorm,2020-02-25_CO,2020-03-13_RD,CO,RD,17,0.13292431831359863,0.15957820415496826,0.106270432472229,0.05398942157626152,0.02663494646549225,0.2515484094619751,0.0005915492074564099,0.00026938103837892413,-0.6799026727676392,,4
renorm,2020-02-28_RD,2020-03-13_RD,RD,RD,14,0.19721287488937378,0.22682884335517883,0.16759690642356873,0.05398942157626152,0.02663494646549225,0.2487095594406128,0.0006184953381307423,0.000603454012889415,-1.0802228450775146,,5
renorm,2020-03-02_RD,2020-03-13_RD,RD,RD,11,0.2338232845067978,0.29121947288513184,0.17642709612846375,0.05398942157626152,0.02663494646549225,0.21790844202041626,0.0008676061988808215,0.00078027811832726,-0.7089599370956421,,5
renorm,2020-03-10_RD,2020-03-13_RD,RD,RD,3,0.2662147879600525,0.3236424922943115,0.20878708362579346,0.05398942157626152,0.02663494646549225,0.2404872179031372,0.0006389343761838973,0.0003444695321377367,-0.7605814933776855,,5
renorm,2020-03-13_RD,2020-03-13_RD,RD,RD,0,0.2918921113014221,0.33748260140419006,0.24630165100097656,0.05398942157626152,0.02663494646549225,0.19436198472976685,0.0006817062967456877,0.00023855781182646751,-0.7191823124885559,,0
fixed,2020-01-27_CO,2020-03-17_RD,CO,RD,50,-1.232093095779419,-0.20452523231506348,-2.2596607208251953,0.7800052762031555,0.17899949848651886,0.5821262001991272,0.007638854905962944,0.022863183170557022,-0.19383317232131958,,6
fixed,2020-01-30_CO,2020-03-17_RD,CO,RD,47,-1.8301820755004883,-0.8744626641273499,-2.7859013080596924,0.7529959678649902,0.16917073726654053,0.5630371570587158,0.004821578040719032,0.024024471640586853,-0.08643951267004013,,11
fixed,2020-02-04_CO,2020-03-17_RD,CO,RD,42,-2.0485262870788574,-3.6935346126556396,-0.40351787209510803,0.7668769359588623,0.1844870001077652,0.6166754364967346,0.011173117905855179,0.008503487333655357,0.08124596625566483,,6
fixed,2020-02-05_CO,2020-03-17_RD,CO,RD,41,-1.784412145614624,-2.655196189880371,-0.9136278629302979,0.744485080242157,0.20638644695281982,0.5749543309211731,0.010159329511225224,0.01418426726013422,-0.2728140652179718,,6
fixed,2020-02-06_CO,2020-03-17_RD,CO,RD,40,-1.9757530689239502,-2.085594654083252,-1.8659114837646484,0.8686492443084717,0.22452564537525177,0.587897777557373,0.004711640998721123,0.020525306463241577,-0.04106859862804413,,5
fixed,2020-02-11_CO,2020-03-17_RD,CO,RD,35,-1.5397539138793945,-2.6303138732910156,-0.44919419288635254,0.7586982250213623,0.16642539203166962,0.6202028393745422,0.01018853671848774,0.011750474572181702,0.472539484500885,,8
fixed,2020-02-22_CO,2020-03-17_RD,CO,RD,24,-3.1320838928222656,-5.742502689361572,-0.5216647386550903,0.8023066520690918,0.19908148050308228,0.6058559417724609,0.0012861930299550295,0.01139749027788639,0.12204121798276901,,6
fixed,2020-02-24_CO,2020-03-17_RD,CO,RD,22,-3.594316244125366,-5.611114978790283,-1.5775175094604492,0.8063061833381653,0.17945225536823273,0.5811435580253601,0.0059381769970059395,0.017109530046582222,0.20121262967586517,,3
fixed,2020-02-25_CO,2020-03-17_RD,CO,RD,21,-1.5045109987258911,-2.2262039184570312,-0.7828179001808167,0.6904537081718445,0.16221682727336884,0.5515516400337219,0.0039691864512860775,0.013772515580058098,0.042247675359249115,,4
fixed,2020-02-28_RD,2020-03-17_RD,RD,RD,18,-7.134077072143555,-14.201086044311523,-0.06706821918487549,0.7396578788757324,0.18018096685409546,0.5247189998626709,0.009175445884466171,0.006676962599158287,0.21960976719856262,,7
fixed,2020-03-02_RD,2020-03-17_RD,RD,RD,15,-6.958218097686768,-13.541478157043457,-0.37495851516723633,0.8084912300109863,0.18198038637638092,0.5990668535232544,0.005930367391556501,0.007128474302589893,0.41382649540901184,,9
fixed,2020-03-10_RD,2020-03-17_RD,RD,RD,7,-4.482329845428467,-8.770137786865234,-0.1945222020149231,0.5969793796539307,0.14457547664642334,0.5685550570487976,0.005504682194441557,0.008749525994062424,-0.18133479356765747,,8
fixed,2020-03-13_RD,2020-03-17_RD,RD,RD,4,-1.630630612373352,-2.6075098514556885,-0.6537512540817261,0.6885576844215393,0.15080182254314423,0.5959771275520325,0.006834614090621471,0.013107167556881905,0.0021446580067276955,,7
fixed,2020-03-17_RD,2020-03-17_RD,RD,RD,0,0.36978042125701904,0.44377973675727844,0.29578110575675964,0.07754620909690857,0.034484703093767166,0.09030359983444214,0.0007088762358762324,0.00046928226947784424,-0.47526073455810547,,0
renorm,2020-01-27_CO,2020-03-17_RD,CO,RD,50,0.150611013174057,0.1267504096031189,0.17447161674499512,0.07754620909690857,0.034484703093767166,0.30099380016326904,0.0005982328439131379,0.0007686835597269237,-0.9673656225204468,,6
renorm,2020-01-30_CO,2020-03-17_RD,CO,RD,47,0.16141916811466217,0.09153139591217041,0.23130694031715393,0.07754620909690857,0.034484703093767166,0.21637392044067383,0.0004825514042750001,0.00040405962499789894,-0.77897047996521,,11
renorm,2020-02-04_CO,2020-03-17_RD,CO,RD,42,0.1697050929069519,0.12278968095779419,0.21662050485610962,0.07754620909690857,0.034484703093767166,0.22684752941131592,0.0004864743386860937,0.0010161804966628551,-0.9556322693824768,,6
renorm,2020-02-05_CO,2020-03-17_RD,CO,RD,41,0.15142837166786194,0.10164061188697815,0.20121613144874573,0.07754620909690857,0.034484703093767166,0.26543813943862915,0.0005524091538973153,0.0008931680931709707,-0.7947535514831543,,6
renorm,2020-02-06_CO,2020-03-17_RD,CO,RD,40,0.16380593180656433,0.13661357760429382,0.19099828600883484,0.07754620909690857,0.034484703093767166,0.2864903211593628,0.0005508845206350088,0.0010618709493428469,-0.7232611179351807,,5
renorm,2020-02-11_CO,2020-03-17_RD,CO,RD,35,0.185257226228714,0.1612936556339264,0.2092207968235016,0.07754620909690857,0.034484703093767166,0.2140359878540039,0.0005754060694016516,0.0009868433699011803,-0.7524201273918152,,8
renorm,2020-02-22_CO,2020-03-17_RD,CO,RD,24,0.21946918964385986,0.22278490662574768,0.21615347266197205,0.07754620909690857,0.034484703093767166,0.2551339268684387,0.0003946696815546602,0.0007439517648890615,-0.7311426401138306,,6
renorm,2020-02-24_CO,2020-03-17_RD,CO,RD,22,0.1811017245054245,0.17244529724121094,0.18975815176963806,0.07754620909690857,0.034484703093767166,0.2691977024078369,0.00056865019723773,0.0017371545545756817,-0.7406473159790039,,3
renorm,2020-02-25_CO,2020-03-17_RD,CO,RD,21,0.20180943608283997,0.194658100605011,0.20896077156066895,0.07754620909690857,0.034484703093767166,0.267312228679657,0.0005233809351921082,0.0007852831040509045,-0.8496930599212646,,4
renorm,2020-02-28_RD,2020-03-17_RD,RD,RD,18,0.28162243962287903,0.332044780254364,0.23120009899139404,0.07754620909690857,0.034484703093767166,0.20027124881744385,0.0006301588146016002,0.0009041914599947631,-0.9407854080200195,,7
renorm,2020-03-02_RD,2020-03-17_RD,RD,RD,15,0.25083690881729126,0.30331912636756897,0.19835472106933594,0.07754620909690857,0.034484703093767166,0.24760043621063232,0.0007291539222933352,0.0008569220080971718,-0.8528769612312317,,9
renorm,2020-03-10_RD,2020-03-17_RD,RD,RD,7,0.2687961459159851,0.30932334065437317,0.22826892137527466,0.07754620909690857,0.034484703093767166,0.22604453563690186,0.0005595723632723093,0.0007719931309111416,-0.7385464310646057,,8
renorm,2020-03-13_RD,2020-03-17_RD,RD,RD,4,0.26687756180763245,0.32054251432418823,0.21321260929107666,0.07754620909690857,0.034484703093767166,0.24916088581085205,0.0006346351583488286,0.0012126693036407232,-0.886111319065094,,7
renorm,2020-03-17_RD,2020-03-17_RD,RD,RD,0,0.37487202882766724,0.45402708649635315,0.2957169711589813,0.07754620909690857,0.034484703093767166,0.09030359983444214,0.0007020412012934685,0.0004670936905313283,-0.48486047983169556,,0
fixed,2020-01-27_CO,2020-03-18_RD,CO,RD,51,-0.9112036824226379,-0.45084482431411743,-1.3715626001358032,0.6726318001747131,0.1684672236442566,0.559341311454773,0.0037914332933723927,0.016971927136182785,-0.6653684973716736,,5
fixed,2020-01-30_CO,2020-03-18_RD,CO,RD,48,-1.038712739944458,-1.1615976095199585,-0.9158279895782471,0.7068142890930176,0.16073660552501678,0.536895215511322,0.0029924483969807625,0.013848820701241493,-0.401684045791626,,9
fixed,2020-02-04_CO,2020-03-18_RD,CO,RD,43,-1.689280390739441,-3.4717228412628174,0.09316208958625793,0.6766861081123352,0.1838703155517578,0.6289555430412292,0.005835311487317085,0.003802415682002902,-0.18238990008831024,,5
fixed,2020-02-05_CO,2020-03-18_RD,CO,RD,42,-2.0354602336883545,-3.681685447692871,-0.38923531770706177,0.7218222618103027,0.19888724386692047,0.5647614598274231,0.007425288204103708,0.01029662974178791,-0.3213774263858795,,5
fixed,2020-02-06_CO,2020-03-18_RD,CO,RD,41,-2.0636191368103027,-2.7733535766601562,-1.3538844585418701,0.8507651686668396,0.2319505661725998,0.6097058057785034,0.005400652997195721,0.016529973596334457,-0.20534974336624146,,4
fixed,2020-02-11_CO,2020-03-18_RD,CO,RD,36,-1.8278639316558838,-2.402050733566284,-1.2536768913269043,0.7158805727958679,0.18279439210891724,0.6032284498214722,0.006468786392360926,0.011031284928321838,-0.18029466271400452,,7
fixed,2020-02-22_CO,2020-03-18_RD,CO,RD,25,-2.897592544555664,-5.328264236450195,-0.4669208526611328,0.7505763173103333,0.18494968116283417,0.5689476728439331,0.001887737074866891,0.011019882746040821,-0.1640305519104004,,4
fixed,2020-02-24_CO,2020-03-18_RD,CO,RD,23,-2.807067632675171,-4.268307685852051,-1.3458274602890015,0.7002062201499939,0.14796698093414307,0.5926636457443237,0.003981307614594698,0.01471733022481203,-0.22136013209819794,,2
fixed,2020-02-25_CO,2020-03-18_RD,CO,RD,22,-1.326218843460083,-1.5944443941116333,-1.0579934120178223,0.6797162890434265,0.1522393822669983,0.5626932382583618,0.002562869107350707,0.015059085562825203,-0.28406840562820435,,3
fixed,2020-02-28_RD,2020-03-18_RD,RD,RD,19,-3.2730016708374023,-6.653397560119629,0.107394278049469,0.6823058724403381,0.16151084005832672,0.5275708436965942,0.003341022413223982,0.003755224635824561,-0.43292173743247986,,6
fixed,2020-03-02_RD,2020-03-18_RD,RD,RD,16,-3.741579294204712,-7.180550575256348,-0.30260804295539856,0.8009195923805237,0.16310591995716095,0.5532262325286865,0.0048630572855472565,0.007040982600301504,-0.036580901592969894,,7
fixed,2020-03-10_RD,2020-03-18_RD,RD,RD,8,-3.8881821632385254,-7.806753158569336,0.030389100313186646,0.5544077754020691,0.13614821434020996,0.487185537815094,0.004550013225525618,0.005218000616878271,-0.42290544509887695,,6
fixed,2020-03-13_RD,2020-03-18_RD,RD,RD,5,-1.8605072498321533,-3.710265636444092,-0.010748714208602905,0.5932335257530212,0.13053299486637115,0.5085586309432983,0.005551313050091267,0.004115796647965908,-0.29001525044441223,,6
fixed,2020-03-17_RD,2020-03-18_RD,RD,RD,1,0.20331114530563354,0.3382355272769928,0.06838676333427429,0.3759422302246094,0.11901115626096725,0.43681615591049194,0.0027194260619580746,0.004127593245357275,-0.8135682940483093,,2
fixed,2020-03-18_RD,2020-03-18_RD,RD,RD,0,0.34790027141571045,0.4208480417728424,0.2749524712562561,0.06436953693628311,0.0344141386449337,0.11845749616622925,0.0012443121522665024,0.001265347353182733,-0.6999902129173279,,0
renorm,2020-01-27_CO,2020-03-18_RD,CO,RD,51,0.169185072183609,0.15550130605697632,0.1828688383102417,0.06436953693628311,0.0344141386449337,0.28240716457366943,0.0005862315301783383,0.0011719721369445324,-1.0703457593917847,,5
renorm,2020-01-30_CO,2020-03-18_RD,CO,RD,48,0.16919288039207458,0.1325543224811554,0.20583143830299377,0.06436953693628311,0.0344141386449337,0.2475864291191101,0.0004929548013024032,0.001410766621120274,-0.8456416130065918,,9
renorm,2020-02-04_CO,2020-03-18_RD,CO,RD,43,0.178971067070961,0.16228726506233215,0.19565486907958984,0.06436953693628311,0.0344141386449337,0.25514447689056396,0.0005309698171913624,0.001375232357531786,-0.974444568157196,,5
renorm,2020-02-05_CO,2020-03-18_RD,CO,RD,42,0.17020508646965027,0.15109428763389587,0.18931588530540466,0.06436953693628311,0.0344141386449337,0.2565089464187622,0.0006160936318337917,0.0015467385528609157,-0.872420072555542,,5
renorm,2020-02-06_CO,2020-03-18_RD,CO,RD,41,0.15900683403015137,0.1485472321510315,0.16946643590927124,0.06436953693628311,0.0344141386449337,0.30415046215057373,0.0005345643730834126,0.0019214942585676908,-0.7718773484230042,,4
renorm,2020-02-11_CO,2020-03-18_RD,CO,RD,36,0.18930450081825256,0.19153457880020142,0.1870744228363037,0.06436953693628311,0.0344141386449337,0.24117517471313477,0.0005323096993379295,0.0008027573931030929,-0.9303701519966125,,7
renorm,2020-02-22_CO,2020-03-18_RD,CO,RD,25,0.25364309549331665,0.2694375216960907,0.2378486692905426,0.06436953693628311,0.0344141386449337,0.25993144512176514,0.00044176154187880456,0.0006115008145570755,-0.7592626214027405,,4
renorm,2020-02-24_CO,2020-03-18_RD,CO,RD,23,0.18293319642543793,0.1712416708469391,0.19462472200393677,0.06436953693628311,0.0344141386449337,0.26778697967529297,0.0006060369196347892,0.002164687030017376,-0.8371778726577759,,2
renorm,2020-02-25_CO,2020-03-18_RD,CO,RD,22,0.1714855581521988,0.1803102195262909,0.1626608967781067,0.06436953693628311,0.0344141386449337,0.25304698944091797,0.0005287931417115033,0.0019976242911070585,-0.7721827030181885,,3
renorm,2020-02-28_RD,2020-03-18_RD,RD,RD,19,0.23324961960315704,0.2763463258743286,0.19015291333198547,0.06436953693628311,0.0344141386449337,0.21394556760787964,0.0006152971764095128,0.0024286387488245964,-1.148640513420105,,6
renorm,2020-03-02_RD,2020-03-18_RD,RD,RD,16,0.21341046690940857,0.23721835017204285,0.1896025836467743,0.06436953693628311,0.0344141386449337,0.24617058038711548,0.0007988314027898014,0.0010219363030046225,-0.8022164106369019,,7
renorm,2020-03-10_RD,2020-03-18_RD,RD,RD,8,0.22807835042476654,0.2304750382900238,0.22568166255950928,0.06436953693628311,0.0344141386449337,0.2184026837348938,0.0006153996801003814,0.00042865972500294447,-0.7857409119606018,,6
renorm,2020-03-13_RD,2020-03-18_RD,RD,RD,5,0.26288068294525146,0.29959163069725037,0.22616973519325256,0.06436953693628311,0.0344141386449337,0.24144768714904785,0.0006548446835950017,0.0005939945112913847,-0.8249207139015198,,6
renorm,2020-03-17_RD,2020-03-18_RD,RD,RD,1,0.28627946972846985,0.3326798677444458,0.2398790717124939,0.06436953693628311,0.0344141386449337,0.14160805940628052,0.0007024221122264862,0.0007780543528497219,-0.619953989982605,,2
renorm,2020-03-18_RD,2020-03-18_RD,RD,RD,0,0.3479202389717102,0.4199399948120117,0.2759004533290863,0.06436953693628311,0.0344141386449337,0.11845749616622925,0.0012388412142172456,0.0012795747024938464,-0.7050699591636658,,0
fixed,2020-01-27_CO,2020-03-19_RD,CO,RD,52,0.004410937428474426,-0.059023529291152954,0.0678454041481018,0.5640284419059753,0.1486288607120514,0.47896820306777954,0.002424266654998064,0.004523804876953363,-0.6796542406082153,,9
fixed,2020-01-30_CO,2020-03-19_RD,CO,RD,49,0.14460568130016327,0.1414245069026947,0.14778685569763184,0.5802583694458008,0.14246736466884613,0.41697704792022705,0.0031773678492754698,0.003083382500335574,-0.5347496867179871,,13
fixed,2020-02-04_CO,2020-03-19_RD,CO,RD,44,0.08778904378414154,0.0981130599975586,0.07746502757072449,0.5374564528465271,0.1480427235364914,0.4715724587440491,0.004023040644824505,0.004218838643282652,-0.5748049020767212,,7
fixed,2020-02-05_CO,2020-03-19_RD,CO,RD,43,-0.12524142861366272,-0.25918132066726685,0.008698463439941406,0.562710702419281,0.17584753036499023,0.4734627604484558,0.006019081454724073,0.004753600340336561,-0.6531476974487305,,10
fixed,2020-02-06_CO,2020-03-19_RD,CO,RD,42,-0.2783518433570862,-0.12982937693595886,-0.4268743395805359,0.7550384998321533,0.21227021515369415,0.48872846364974976,0.005771880503743887,0.01016541663557291,-0.3924037218093872,,8
fixed,2020-02-11_CO,2020-03-19_RD,CO,RD,37,-0.8128265142440796,-1.0095739364624023,-0.6160790920257568,0.6106239557266235,0.16064368188381195,0.4378417730331421,0.004607277922332287,0.011980651877820492,-0.18789340555667877,,11
fixed,2020-02-22_CO,2020-03-19_RD,CO,RD,26,0.11389650404453278,0.20232966542243958,0.025463342666625977,0.6554337739944458,0.167716383934021,0.47607505321502686,0.0025252518244087696,0.0063551864586770535,-0.7521710395812988,,8
fixed,2020-02-24_CO,2020-03-19_RD,CO,RD,24,0.11423636972904205,0.07911348342895508,0.14935925602912903,0.7093496322631836,0.16380248963832855,0.47266584634780884,0.005663090851157904,0.0023485927376896143,-0.5817639231681824,,6
fixed,2020-02-25_CO,2020-03-19_RD,CO,RD,23,-0.21494048833847046,-0.32813894748687744,-0.10174202919006348,0.6913557052612305,0.17079532146453857,0.48438525199890137,0.0024302597157657146,0.007094629108905792,-0.3821927607059479,,8
fixed,2020-02-28_RD,2020-03-19_RD,RD,RD,20,-0.8201911449432373,-1.7620136737823486,0.1216314435005188,0.552439272403717,0.145144984126091,0.4387933015823364,0.002607503440231085,0.004909940995275974,-0.783305823802948,,7
fixed,2020-03-02_RD,2020-03-19_RD,RD,RD,17,-1.2192462682724,-1.9454841613769531,-0.49300843477249146,0.7359409332275391,0.15945065021514893,0.46746981143951416,0.007271983660757542,0.011948354542255402,-0.10869202017784119,,12
fixed,2020-03-10_RD,2020-03-19_RD,RD,RD,9,-0.45589402318000793,-0.8595952987670898,-0.052192747592926025,0.49805235862731934,0.13306809961795807,0.3855501413345337,0.005842030514031649,0.008004085160791874,-0.6919344663619995,,10
fixed,2020-03-13_RD,2020-03-19_RD,RD,RD,6,-0.014841839671134949,-0.2511032819747925,0.22141960263252258,0.5848626494407654,0.13348279893398285,0.40919727087020874,0.0032201427966356277,0.001962358597666025,-0.2319611757993698,,9
fixed,2020-03-17_RD,2020-03-19_RD,RD,RD,2,-0.5946298837661743,-0.6641342639923096,-0.5251255035400391,0.4928077161312103,0.15918345749378204,0.383462131023407,0.003364947624504566,0.00977765116840601,-0.9007066488265991,,6
fixed,2020-03-18_RD,2020-03-19_RD,RD,RD,1,-0.8949739336967468,-1.254665732383728,-0.5352821350097656,0.3931773602962494,0.10275141149759293,0.3439200520515442,0.008075752295553684,0.012858252972364426,-0.7079368829727173,,7
fixed,2020-03-19_RD,2020-03-19_RD,RD,RD,0,0.3609389662742615,0.4320882558822632,0.28978967666625977,0.0450998954474926,0.032252922654151917,0.11225759983062744,0.0006344091380015016,0.0011611160589382052,-0.849933922290802,,0
renorm,2020-01-27_CO,2020-03-19_RD,CO,RD,52,0.1867900937795639,0.1879633367061615,0.1856168508529663,0.0450998954474926,0.032252922654151917,0.28744763135910034,0.0005630307132378221,0.0007299873977899551,-1.136552333831787,,9
renorm,2020-01-30_CO,2020-03-19_RD,CO,RD,49,0.1632247418165207,0.12640437483787537,0.20004510879516602,0.0450998954474926,0.032252922654151917,0.24464523792266846,0.0004910982097499073,0.0010989544680342078,-0.8021103143692017,,13
renorm,2020-02-04_CO,2020-03-19_RD,CO,RD,44,0.17386966943740845,0.14519503712654114,0.20254430174827576,0.0450998954474926,0.032252922654151917,0.2554473876953125,0.0004931301227770746,0.0005911607295274734,-1.0321557521820068,,7
renorm,2020-02-05_CO,2020-03-19_RD,CO,RD,43,0.17026236653327942,0.15729397535324097,0.18323075771331787,0.0450998954474926,0.032252922654151917,0.26785850524902344,0.000619264377746731,0.0007159750675782561,-0.888917863368988,,10
renorm,2020-02-06_CO,2020-03-19_RD,CO,RD,42,0.17313481867313385,0.17766410112380981,0.16860553622245789,0.0450998954474926,0.032252922654151917,0.27783364057540894,0.0005233594565652311,0.00034561590291559696,-0.7611367106437683,,8
renorm,2020-02-11_CO,2020-03-19_RD,CO,RD,37,0.18070296943187714,0.19299572706222534,0.16841021180152893,0.0450998954474926,0.032252922654151917,0.23327291011810303,0.0005260970210656524,0.0006383906584233046,-0.9229721426963806,,11
renorm,2020-02-22_CO,2020-03-19_RD,CO,RD,26,0.19593200087547302,0.18546491861343384,0.2063990831375122,0.0450998954474926,0.032252922654151917,0.2892179489135742,0.0004109462315682322,0.000826576491817832,-0.8711207509040833,,8
renorm,2020-02-24_CO,2020-03-19_RD,CO,RD,24,0.18990276753902435,0.17792919278144836,0.20187634229660034,0.0450998954474926,0.032252922654151917,0.28007757663726807,0.0005907618324272335,0.0010098187485709786,-0.9503222703933716,,6
renorm,2020-02-25_CO,2020-03-19_RD,CO,RD,23,0.17517155408859253,0.17173832654953003,0.17860478162765503,0.0450998954474926,0.032252922654151917,0.2841724157333374,0.0005230496753938496,0.0007835890864953399,-0.8518543839454651,,8
renorm,2020-02-28_RD,2020-03-19_RD,RD,RD,20,0.25513485074043274,0.27524706721305847,0.235022634267807,0.0450998954474926,0.032252922654151917,0.249902606010437,0.0006473547546193004,0.0010197879746556282,-1.1282238960266113,,7
renorm,2020-03-02_RD,2020-03-19_RD,RD,RD,17,0.2773386240005493,0.3230029046535492,0.23167431354522705,0.0450998954474926,0.032252922654151917,0.2684992551803589,0.0008037458173930645,0.0008954654913395643,-0.6957485675811768,,12
renorm,2020-03-10_RD,2020-03-19_RD,RD,RD,9,0.27656471729278564,0.32197457551956177,0.23115485906600952,0.0450998954474926,0.032252922654151917,0.25804340839385986,0.0006017079576849937,0.0007057670736685395,-0.7311578392982483,,10
renorm,2020-03-13_RD,2020-03-19_RD,RD,RD,6,0.31350821256637573,0.3720661699771881,0.25495028495788574,0.0450998954474926,0.032252922654151917,0.23806607723236084,0.0006903133471496403,0.0012659342028200626,-0.7672145962715149,,9
renorm,2020-03-17_RD,2020-03-19_RD,RD,RD,2,0.2638046443462372,0.2928573489189148,0.23475193977355957,0.0450998954474926,0.032252922654151917,0.19058525562286377,0.0007444000220857561,0.0008474485948681831,-0.7030869722366333,,6
renorm,2020-03-18_RD,2020-03-19_RD,RD,RD,1,0.28581202030181885,0.3279358446598053,0.2436881959438324,0.0450998954474926,0.032252922654151917,0.17993032932281494,0.0011826400877907872,0.000663514481857419,-0.7302008867263794,,7
renorm,2020-03-19_RD,2020-03-19_RD,RD,RD,0,0.36061882972717285,0.4308990240097046,0.2903386354446411,0.0450998954474926,0.032252922654151917,0.11225759983062744,0.0006324893911369145,0.0011763705406337976,-0.8574498891830444,,0
fixed,2020-01-27_CO,2020-03-20_RD,CO,RD,53,-0.08102193474769592,-0.17022442817687988,0.008180558681488037,0.567533016204834,0.15410275757312775,0.4129043221473694,0.0028776726685464382,0.0050292592495679855,-0.9781390428543091,,7
fixed,2020-01-30_CO,2020-03-20_RD,CO,RD,50,0.029997259378433228,0.019742250442504883,0.04025226831436157,0.5672658681869507,0.1485927551984787,0.4207402467727661,0.00293590291403234,0.005089570768177509,-1.300595760345459,,11
fixed,2020-02-04_CO,2020-03-20_RD,CO,RD,45,-0.019982129335403442,-0.06462523341178894,0.024660974740982056,0.5195699334144592,0.16279739141464233,0.44599562883377075,0.002862591063603759,0.0035774658899754286,-1.1905956268310547,,7
fixed,2020-02-05_CO,2020-03-20_RD,CO,RD,44,0.02391645312309265,0.06035447120666504,-0.012521564960479736,0.5617523789405823,0.17929942905902863,0.4101775884628296,0.0019770890939980745,0.0038437126204371452,-1.137558102607727,,8
fixed,2020-02-06_CO,2020-03-20_RD,CO,RD,43,0.036346182227134705,0.04602089524269104,0.02667146921157837,0.6440466046333313,0.19718821346759796,0.5122899413108826,0.0032312367111444473,0.0037490217946469784,-0.9166619777679443,,8
fixed,2020-02-11_CO,2020-03-20_RD,CO,RD,38,-0.8103929758071899,-0.9949982166290283,-0.6257877945899963,0.5443573594093323,0.15474151074886322,0.5333231687545776,0.0015105215134099126,0.012176182121038437,-0.36776548624038696,,10
fixed,2020-02-22_CO,2020-03-20_RD,CO,RD,27,-0.011615931987762451,-0.1662907600402832,0.1430588960647583,0.5612298846244812,0.15996091067790985,0.4002988934516907,0.0029545382130891085,0.0007724242168478668,-0.9335028529167175,,8
fixed,2020-02-24_CO,2020-03-20_RD,CO,RD,25,-0.179310604929924,-0.411684513092041,0.05306330323219299,0.5272282958030701,0.12270164489746094,0.43723392486572266,0.0028587819542735815,0.004234099294990301,-0.6522151231765747,,3
fixed,2020-02-25_CO,2020-03-20_RD,CO,RD,24,-0.42779386043548584,-0.45111721754074097,-0.4044705331325531,0.5154471397399902,0.1322190910577774,0.4441102147102356,0.001666826894506812,0.00993128027766943,-0.613383412361145,,5
fixed,2020-02-28_RD,2020-03-20_RD,RD,RD,21,-0.44458258152008057,-1.0202447175979614,0.13107949495315552,0.4847666919231415,0.11937763541936874,0.37792086601257324,0.0026645460166037083,0.002488848054781556,-0.8853661417961121,,8
fixed,2020-03-02_RD,2020-03-20_RD,RD,RD,18,-1.4847911596298218,-2.695659637451172,-0.2739226818084717,0.5212083458900452,0.11699732393026352,0.45315247774124146,0.004887573421001434,0.009387916885316372,-0.4729989469051361,,9
fixed,2020-03-10_RD,2020-03-20_RD,RD,RD,10,-0.24119845032691956,-0.4465344548225403,-0.03586244583129883,0.4313717186450958,0.13081781566143036,0.3786558508872986,0.0012920985464006662,0.007359667681157589,-1.2527185678482056,,9
fixed,2020-03-13_RD,2020-03-20_RD,RD,RD,7,-0.47222721576690674,-0.7453409433364868,-0.19911348819732666,0.4675118029117584,0.10613993555307388,0.38638222217559814,0.0014772008871659636,0.009949352592229843,-0.6411275267601013,,8
fixed,2020-03-17_RD,2020-03-20_RD,RD,RD,3,-1.0787148475646973,-1.7302625179290771,-0.4271671175956726,0.4874137341976166,0.17839495837688446,0.44645512104034424,0.002157253911718726,0.009260199032723904,-1.2708301544189453,,5
fixed,2020-03-18_RD,2020-03-20_RD,RD,RD,2,-1.493299961090088,-2.731003761291504,-0.2555961608886719,0.46763646602630615,0.1450614184141159,0.38560163974761963,0.007047722116112709,0.010065002366900444,-1.0282361507415771,,7
fixed,2020-03-19_RD,2020-03-20_RD,RD,RD,1,-0.06356507539749146,-0.029217064380645752,-0.09791308641433716,0.4348630905151367,0.14753757417201996,0.4023579955101013,0.0015997192822396755,0.00847790390253067,-1.0554240942001343,,6
fixed,2020-03-20_RD,2020-03-20_RD,RD,RD,0,0.29125118255615234,0.35743704438209534,0.22506529092788696,0.048047155141830444,0.013437207788228989,0.1544480323791504,0.000742301985155791,0.00011729326797649264,-0.8640934824943542,,0
renorm,2020-01-27_CO,2020-03-20_RD,CO,RD,53,0.1224541962146759,0.12576672434806824,0.11914166808128357,0.048047155141830444,0.013437207788228989,0.2594829797744751,0.0005490418407134712,0.0009181489003822207,-1.1744649410247803,,7
renorm,2020-01-30_CO,2020-03-20_RD,CO,RD,50,0.11675432324409485,0.08267086744308472,0.15083777904510498,0.048047155141830444,0.013437207788228989,0.2735172510147095,0.00045960801071487367,0.0005992749938741326,-1.0957962274551392,,11
renorm,2020-02-04_CO,2020-03-20_RD,CO,RD,45,0.13552716374397278,0.14315956830978394,0.12789475917816162,0.048047155141830444,0.013437207788228989,0.3008004426956177,0.0005286767845973372,4.34562170994468e-05,-1.0547003746032715,,7
renorm,2020-02-05_CO,2020-03-20_RD,CO,RD,44,0.1287994086742401,0.14087510108947754,0.11672371625900269,0.048047155141830444,0.013437207788228989,0.2825673818588257,0.0005505589651875198,0.00011250328680034727,-0.9169168472290039,,8
renorm,2020-02-06_CO,2020-03-20_RD,CO,RD,43,0.1064624935388565,0.10700002312660217,0.10592496395111084,0.048047155141830444,0.013437207788228989,0.3268493413925171,0.0005031261243857443,0.0003265025152359158,-0.8525811433792114,,8
renorm,2020-02-11_CO,2020-03-20_RD,CO,RD,38,0.16593854129314423,0.1950545608997345,0.13682252168655396,0.048047155141830444,0.013437207788228989,0.22525310516357422,0.0005092812934890389,0.00023699773009866476,-0.84648597240448,,10
renorm,2020-02-22_CO,2020-03-20_RD,CO,RD,27,0.1774284541606903,0.19593271613121033,0.1589241921901703,0.048047155141830444,0.013437207788228989,0.2607777714729309,0.000418168114265427,0.0001920198992593214,-0.794089674949646,,8
renorm,2020-02-24_CO,2020-03-20_RD,CO,RD,25,0.160356804728508,0.15991991758346558,0.16079369187355042,0.048047155141830444,0.013437207788228989,0.2534201741218567,0.0005486738518811762,0.0008344670059159398,-0.7561765909194946,,3
renorm,2020-02-25_CO,2020-03-20_RD,CO,RD,24,0.10910974442958832,0.0887727439403534,0.12944674491882324,0.048047155141830444,0.013437207788228989,0.24606525897979736,0.0005287949461489916,0.0010480235796421766,-0.7811868786811829,,5
renorm,2020-02-28_RD,2020-03-20_RD,RD,RD,21,0.2135823518037796,0.24208202958106995,0.18508267402648926,0.048047155141830444,0.013437207788228989,0.21521538496017456,0.0005947224562987685,0.0007856081938371062,-1.0567419528961182,,8
renorm,2020-03-02_RD,2020-03-20_RD,RD,RD,18,0.2286759465932846,0.275991290807724,0.18136060237884521,0.048047155141830444,0.013437207788228989,0.2015601396560669,0.0007429771940223873,0.0006656793993897736,-0.840375542640686,,9
renorm,2020-03-10_RD,2020-03-20_RD,RD,RD,10,0.2186896800994873,0.2626427710056305,0.17473658919334412,0.048047155141830444,0.013437207788228989,0.20388329029083252,0.0005880272947251797,0.0009240704821422696,-0.8385850787162781,,9
renorm,2020-03-13_RD,2020-03-20_RD,RD,RD,7,0.23884521424770355,0.28325188159942627,0.19443854689598083,0.048047155141830444,0.013437207788228989,0.22537147998809814,0.0006216824403963983,0.000399813026888296,-0.8650824427604675,,8
renorm,2020-03-17_RD,2020-03-20_RD,RD,RD,3,0.23179127275943756,0.2949947714805603,0.16858777403831482,0.048047155141830444,0.013437207788228989,0.22575831413269043,0.0007020123885013163,1.5819126929272898e-05,-0.757551908493042,,5
renorm,2020-03-18_RD,2020-03-20_RD,RD,RD,2,0.23253650963306427,0.2804534435272217,0.18461957573890686,0.048047155141830444,0.013437207788228989,0.2368088960647583,0.001104918192140758,0.0003287550644017756,-0.8281973600387573,,7
renorm,2020-03-19_RD,2020-03-20_RD,RD,RD,1,0.24419404566287994,0.2966628074645996,0.19172528386116028,0.048047155141830444,0.013437207788228989,0.2052164077758789,0.0007072429871186614,0.0002761018695309758,-0.8933902978897095,,6
renorm,2020-03-20_RD,2020-03-20_RD,RD,RD,0,0.2904741168022156,0.35549506545066833,0.22545313835144043,0.048047155141830444,0.013437207788228989,0.1544480323791504,0.0007386629586108029,0.00012484114267863333,-0.8723236322402954,,0
fixed,2020-01-27_CO,2020-06-26_CO,CO,CO,151,-0.8083362579345703,-1.40070378780365,-0.21596860885620117,0.9465057849884033,0.2703922986984253,0.47040486335754395,0.002299668500199914,0.005111507140100002,-1.15671706199646,,9
fixed,2020-01-30_CO,2020-06-26_CO,CO,CO,148,-1.5265355110168457,-1.9703683853149414,-1.08270263671875,0.9997170567512512,0.27689680457115173,0.4657672643661499,0.002196214161813259,0.014255519025027752,-0.8409097194671631,,13
fixed,2020-02-04_CO,2020-06-26_CO,CO,CO,143,-0.5253848433494568,-0.8053841590881348,-0.24538549780845642,0.7882111668586731,0.23903946578502655,0.391845703125,0.003665379947051406,0.004703777376562357,-0.7364741563796997,,7
fixed,2020-02-05_CO,2020-06-26_CO,CO,CO,142,-0.9945077300071716,-1.8927205801010132,-0.09629496932029724,0.9821228981018066,0.2930937111377716,0.45422178506851196,0.004464005585759878,0.004006003029644489,-0.5550106167793274,,11
fixed,2020-02-06_CO,2020-06-26_CO,CO,CO,141,-2.111400842666626,-3.8880810737609863,-0.3347204327583313,0.9745061993598938,0.3036549985408783,0.4967496991157532,0.006922049447894096,0.00762675516307354,-0.41401368379592896,,9
fixed,2020-02-11_CO,2020-06-26_CO,CO,CO,136,-1.414136528968811,-2.5104713439941406,-0.3178017735481262,0.7589502930641174,0.2074633091688156,0.40439730882644653,0.0026953178457915783,0.00783531740307808,-0.9694441556930542,,8
fixed,2020-02-22_CO,2020-06-26_CO,CO,CO,125,-1.4914928674697876,-3.0131568908691406,0.030171126127243042,0.8308144211769104,0.22516803443431854,0.4342995285987854,0.0014242968754842877,0.0020140795968472958,-0.4249480962753296,,9
fixed,2020-02-24_CO,2020-06-26_CO,CO,CO,123,-3.1389923095703125,-4.650437831878662,-1.627546787261963,0.8124001622200012,0.19114749133586884,0.41346585750579834,0.0019295725505799055,0.013428950682282448,-0.5297289490699768,,6
fixed,2020-02-25_CO,2020-06-26_CO,CO,CO,122,-2.1986823081970215,-4.236215591430664,-0.16114890575408936,0.8066697716712952,0.20020277798175812,0.4269827604293823,0.002111495705321431,0.004012704361230135,-0.5808134078979492,,8
fixed,2020-02-28_RD,2020-06-26_CO,RD,CO,119,-5.853824138641357,-11.691308975219727,-0.01633933186531067,0.796763002872467,0.19923901557922363,0.45548397302627563,0.0041525037959218025,0.0021068144124001265,-0.7981657981872559,,11
fixed,2020-03-02_RD,2020-06-26_CO,RD,CO,116,-9.08022403717041,-17.890153884887695,-0.27029258012771606,0.6920059323310852,0.17031605541706085,0.37190890312194824,0.0023306128568947315,0.004810875281691551,-0.2952102720737457,,11
fixed,2020-03-10_RD,2020-06-26_CO,RD,CO,108,-6.082435607910156,-12.175296783447266,0.010425150394439697,0.7683231830596924,0.2342749983072281,0.43645715713500977,0.003913648892194033,0.000984310288913548,-0.46519961953163147,,10
fixed,2020-03-13_RD,2020-06-26_CO,RD,CO,105,-9.95090389251709,-19.843544006347656,-0.058264970779418945,0.8280817866325378,0.21045120060443878,0.44071441888809204,0.004169628024101257,0.0038813373539596796,-0.6617745161056519,,8
fixed,2020-03-17_RD,2020-06-26_CO,RD,CO,101,-0.25869467854499817,-0.47002893686294556,-0.04736042022705078,0.8290309906005859,0.2757067382335663,0.45762521028518677,0.004371751099824905,0.004532388411462307,-1.0985463857650757,,9
fixed,2020-03-18_RD,2020-06-26_CO,RD,CO,100,-0.48363399505615234,-0.7245539426803589,-0.2427140474319458,0.8408491611480713,0.2445286065340042,0.43748247623443604,0.002713056281208992,0.006348935887217522,-0.9835189580917358,,9
fixed,2020-03-19_RD,2020-06-26_CO,RD,CO,99,-7.537540435791016,-15.043275833129883,-0.03180509805679321,0.8242926597595215,0.25573182106018066,0.41197192668914795,0.0018152660923078656,0.0033921024296432734,-0.7831142544746399,,9
fixed,2020-03-20_RD,2020-06-26_CO,RD,CO,98,-11.47148323059082,-21.75465965270996,-1.1883069276809692,0.8067941069602966,0.19244694709777832,0.4153904914855957,0.002088074339553714,0.009103439748287201,-0.39436075091362,,7
fixed,2020-06-26_CO,2020-06-26_CO,CO,CO,0,0.18123191595077515,0.19828706979751587,0.16417676210403442,0.0425906740128994,0.01944533921778202,0.16053855419158936,0.00040175364119932055,3.151074633933604e-05,-0.8276590704917908,,0
renorm,2020-01-27_CO,2020-06-26_CO,CO,CO,151,-0.28741133213043213,-0.534611165523529,-0.04021152853965759,0.0425906740128994,0.01944533921778202,0.3379487991333008,0.0006129167159087956,0.0005968938348814845,-1.0142115354537964,,9
renorm,2020-01-30_CO,2020-06-26_CO,CO,CO,148,-0.17795099318027496,-0.3696668744087219,0.013764888048171997,0.0425906740128994,0.01944533921778202,0.2889109253883362,0.0005319053307175636,0.00038870435673743486,-0.8404380679130554,,13
renorm,2020-02-04_CO,2020-06-26_CO,CO,CO,143,-0.10025741159915924,-0.23184353113174438,0.0313287079334259,0.0425906740128994,0.01944533921778202,0.2858024835586548,0.000566717644687742,0.00043681132956407964,-0.7617192268371582,,7
renorm,2020-02-05_CO,2020-06-26_CO,CO,CO,142,-0.16694927215576172,-0.3023250699043274,-0.031573474407196045,0.0425906740128994,0.01944533921778202,0.3153632879257202,0.0006417081458494067,0.0004223557189106941,-0.6496173143386841,,11
renorm,2020-02-06_CO,2020-06-26_CO,CO,CO,141,-0.20598682761192322,-0.3592131733894348,-0.05276048183441162,0.0425906740128994,0.01944533921778202,0.32923829555511475,0.0006352919153869152,0.0004971385933458805,-0.5598776936531067,,9
renorm,2020-02-11_CO,2020-06-26_CO,CO,CO,136,-0.13817572593688965,-0.2876511812210083,0.011299729347229004,0.0425906740128994,0.01944533921778202,0.24934542179107666,0.0005747467512264848,0.00047748995712026954,-0.8299385905265808,,8
renorm,2020-02-22_CO,2020-06-26_CO,CO,CO,125,-0.08336226642131805,-0.2053583860397339,0.03863385319709778,0.0425906740128994,0.01944533921778202,0.30782806873321533,0.0004575593047775328,0.00041578320087864995,-0.5621386766433716,,9
renorm,2020-02-24_CO,2020-06-26_CO,CO,CO,123,-0.04751861095428467,-0.13238292932510376,0.037345707416534424,0.0425906740128994,0.01944533921778202,0.2823415994644165,0.0005654473206959665,0.00021965567430015653,-0.753353476524353,,6
renorm,2020-02-25_CO,2020-06-26_CO,CO,CO,122,-0.1919899731874466,-0.3479909300804138,-0.03598901629447937,0.0425906740128994,0.01944533921778202,0.3121069669723511,0.0005467779701575637,0.00054263009224087,-0.587592363357544,,8
renorm,2020-02-28_RD,2020-06-26_CO,RD,CO,119,-0.31871140003204346,-0.650712788105011,0.01329001784324646,0.0425906740128994,0.01944533921778202,0.27657151222229004,0.0006693179020658135,0.00042322586523368955,-0.9162458777427673,,11
renorm,2020-03-02_RD,2020-06-26_CO,RD,CO,116,-0.4152950048446655,-0.8044226765632629,-0.026167333126068115,0.0425906740128994,0.01944533921778202,0.27494925260543823,0.000861231004819274,0.000965979415923357,-0.6912841200828552,,11
renorm,2020-03-10_RD,2020-06-26_CO,RD,CO,108,-0.4507743716239929,-0.8680995106697083,-0.033449262380599976,0.0425906740128994,0.01944533921778202,0.3203850984573364,0.0006539584137499332,0.0006334959180094302,-0.7344732284545898,,10
renorm,2020-03-13_RD,2020-06-26_CO,RD,CO,105,-0.3370335102081299,-0.6853309869766235,0.01126396656036377,0.0425906740128994,0.01944533921778202,0.2964026927947998,0.0007031478453427553,0.0006523587508127093,-0.9706592559814453,,8
renorm,2020-03-17_RD,2020-06-26_CO,RD,CO,101,-0.4325767755508423,-0.8514906167984009,-0.013662964105606079,0.0425906740128994,0.01944533921778202,0.28882718086242676,0.000794852850958705,0.0005376069457270205,-0.6906219720840454,,9
renorm,2020-03-18_RD,2020-06-26_CO,RD,CO,100,-0.439252108335495,-0.8373709321022034,-0.04113328456878662,0.0425906740128994,0.01944533921778202,0.2696411609649658,0.0012300128582865,0.0008183543686755002,-0.8540847897529602,,9
renorm,2020-03-19_RD,2020-06-26_CO,RD,CO,99,-0.44334566593170166,-0.8710125088691711,-0.015678852796554565,0.0425906740128994,0.01944533921778202,0.267856240272522,0.000731379899661988,0.0008405776461586356,-0.9906919002532959,,9
renorm,2020-03-20_RD,2020-06-26_CO,RD,CO,98,-0.38762757182121277,-0.7648705244064331,-0.010384619235992432,0.0425906740128994,0.01944533921778202,0.26114165782928467,0.0008535987581126392,0.0006390733760781586,-0.8752123713493347,,7
renorm,2020-06-26_CO,2020-06-26_CO,CO,CO,0,0.18396982550621033,0.20336711406707764,0.16457253694534302,0.0425906740128994,0.01944533921778202,0.16053855419158936,0.0003989297547377646,2.8766949981218204e-05,-0.8380144834518433,,0
fixed,2020-01-27_CO,2020-07-08_CO,CO,CO,163,-2.524043083190918,-1.5516095161437988,-3.496476411819458,0.8707771897315979,0.2427886575460434,0.5602881908416748,0.003194969380274415,0.019882887601852417,-1.1274796724319458,0.7371854782104492,16
fixed,2020-01-30_CO,2020-07-08_CO,CO,CO,160,-0.9334688782691956,-1.1954665184020996,-0.6714711785316467,0.9433185458183289,0.24781982600688934,0.5903806090354919,0.0046922024339437485,0.009878321550786495,-1.2128270864486694,0.7371854782104492,23
fixed,2020-02-04_CO,2020-07-08_CO,CO,CO,155,-2.08551025390625,-4.09472131729126,-0.07629936933517456,0.7839892506599426,0.23034770786762238,0.49739181995391846,0.004741281270980835,0.004771891050040722,-0.5794572234153748,0.7371854782104492,14
fixed,2020-02-05_CO,2020-07-08_CO,CO,CO,154,-2.5807859897613525,-3.400031566619873,-1.7615406513214111,0.9752836227416992,0.2753337323665619,0.6040841341018677,0.006495289970189333,0.012661674991250038,-0.5430901050567627,0.7371854782104492,19
fixed,2020-02-06_CO,2020-07-08_CO,CO,CO,153,-2.0470402240753174,-2.9320759773254395,-1.1620045900344849,0.9743370413780212,0.2792484164237976,0.6586464047431946,0.004717541858553886,0.009524515829980373,-0.5554366111755371,,16
fixed,2020-02-11_CO,2020-07-08_CO,CO,CO,148,-0.35386016964912415,-0.41870632767677307,-0.2890140116214752,0.7633774876594543,0.21690785884857178,0.5809934139251709,0.0026011269073933363,0.00607939762994647,-1.1561251878738403,,17
fixed,2020-02-22_CO,2020-07-08_CO,CO,CO,137,-0.46533024311065674,-0.9247725605964661,-0.0058879554271698,0.7806934714317322,0.19942033290863037,0.4800359010696411,0.0021724815014749765,0.004027524963021278,-0.9196733236312866,,16
fixed,2020-02-24_CO,2020-07-08_CO,CO,CO,135,-1.3465746641159058,-2.7539284229278564,0.06077888607978821,0.7684793472290039,0.18449528515338898,0.5045756101608276,0.004933336284011602,0.0032175867818295956,-0.849554181098938,,13
fixed,2020-02-25_CO,2020-07-08_CO,CO,CO,134,-1.6913414001464844,-3.100531578063965,-0.28215116262435913,0.7857272028923035,0.18530763685703278,0.47221124172210693,0.0038040836807340384,0.0067620351910591125,-0.7946486473083496,,15
fixed,2020-02-28_RD,2020-07-08_CO,RD,CO,131,-4.607859134674072,-9.180041313171387,-0.0356772243976593,0.8354604244232178,0.1964348405599594,0.5667353272438049,0.006370196584612131,0.0049679516814649105,-1.1195192337036133,,18
fixed,2020-03-02_RD,2020-07-08_CO,RD,CO,128,-5.006843090057373,-5.7311015129089355,-4.282584190368652,0.6731213927268982,0.16032588481903076,0.5362496376037598,0.00516610499471426,0.01641951873898506,-0.665219783782959,,19
fixed,2020-03-10_RD,2020-07-08_CO,RD,CO,120,-9.22821044921875,-17.2100830078125,-1.2463369369506836,0.7879309058189392,0.22341299057006836,0.5362733602523804,0.0030270013958215714,0.010518145747482777,-0.4629374146461487,,19
fixed,2020-03-13_RD,2020-07-08_CO,RD,CO,117,-6.291101455688477,-9.742347717285156,-2.839855432510376,0.8041535019874573,0.18879930675029755,0.5532947778701782,0.005926799960434437,0.017301328480243683,-0.956110954284668,,16
fixed,2020-03-17_RD,2020-07-08_CO,RD,CO,113,-1.4865443706512451,-1.2017743587493896,-1.7713143825531006,0.8632194399833679,0.27855101227760315,0.5670607089996338,0.006207815371453762,0.014610562473535538,-1.2169580459594727,,15
fixed,2020-03-18_RD,2020-07-08_CO,RD,CO,112,-1.4858818054199219,-2.3753621578216553,-0.596401572227478,0.8549631237983704,0.24944539368152618,0.5384057760238647,0.010207409039139748,0.007655538152903318,-1.1194376945495605,,15
fixed,2020-03-19_RD,2020-07-08_CO,RD,CO,111,-7.5575385093688965,-14.102180480957031,-1.0128967761993408,0.8517901301383972,0.25859078764915466,0.5697752833366394,0.0016313374508172274,0.012299902737140656,-1.1126339435577393,,14
fixed,2020-03-20_RD,2020-07-08_CO,RD,CO,110,-8.141972541809082,-15.620720863342285,-0.6632241010665894,0.840160071849823,0.1951499730348587,0.585875391960144,0.006366930902004242,0.008825413882732391,-0.7716758847236633,,15
fixed,2020-06-26_CO,2020-07-08_CO,CO,CO,12,-0.44212859869003296,-0.09907490015029907,-0.7851822972297668,0.6341971755027771,0.13723807036876678,0.5517686605453491,0.003091190941631794,0.0075660767033696175,-0.9245119094848633,,11
fixed,2020-07-08_CO,2020-07-08_CO,CO,CO,0,0.3025723099708557,0.3121683895587921,0.2929762601852417,0.04569518566131592,0.012937796302139759,0.17509448528289795,0.00048154001706279814,9.246911213267595e-05,-0.8970993757247925,0.0,0
renorm,2020-01-27_CO,2020-07-08_CO,CO,CO,163,-0.10000579059123993,-0.24930739402770996,0.0492958128452301,0.04569518566131592,0.012937796302139759,0.29951274394989014,0.0005728797987103462,0.00029868033016100526,-1.1998603343963623,0.7371854782104492,16
renorm,2020-01-30_CO,2020-07-08_CO,CO,CO,160,0.02932821214199066,-0.08814465999603271,0.14680108428001404,0.04569518566131592,0.012937796302139759,0.3085402250289917,0.0004966134438291192,0.0008165956824086607,-1.22067391872406,0.7371854782104492,23
renorm,2020-02-04_CO,2020-07-08_CO,CO,CO,155,0.06374183297157288,-0.0010710060596466064,0.12855467200279236,0.04569518566131592,0.012937796302139759,0.33983665704727173,0.0005223534535616636,0.00021576807193923742,-1.02427339553833,0.7371854782104492,14
renorm,2020-02-05_CO,2020-07-08_CO,CO,CO,154,-0.022471144795417786,-0.13679096102714539,0.09184867143630981,0.04569518566131592,0.012937796302139759,0.34082645177841187,0.0006020971341058612,0.00046423583989962935,-0.7535085678100586,0.7371854782104492,19
renorm,2020-02-06_CO,2020-07-08_CO,CO,CO,153,-0.03127869963645935,-0.12072020769119263,0.058162808418273926,0.04569518566131592,0.012937796302139759,0.3929547071456909,0.0005630088271573186,0.0006419981364160776,-0.8345732688903809,,16
renorm,2020-02-11_CO,2020-07-08_CO,CO,CO,148,0.050983041524887085,0.006346851587295532,0.09561923146247864,0.04569518566131592,0.012937796302139759,0.28310197591781616,0.000513987266458571,0.0008700291509740055,-1.0890177488327026,,17
renorm,2020-02-22_CO,2020-07-08_CO,CO,CO,137,0.07808151841163635,0.00569528341293335,0.15046775341033936,0.04569518566131592,0.012937796302139759,0.3031933903694153,0.00046041750465519726,0.0007220251718536019,-0.9793461561203003,,16
renorm,2020-02-24_CO,2020-07-08_CO,CO,CO,135,0.11941438913345337,0.09953135251998901,0.13929742574691772,0.04569518566131592,0.012937796302139759,0.28662097454071045,0.0005382613162510097,0.0004886668757535517,-0.9837087392807007,,13
renorm,2020-02-25_CO,2020-07-08_CO,CO,CO,134,-0.007439061999320984,-0.11815255880355835,0.10327443480491638,0.04569518566131592,0.012937796302139759,0.27547717094421387,0.0005572341033257544,0.0004861151101067662,-0.8935779333114624,,15
renorm,2020-02-28_RD,2020-07-08_CO,RD,CO,131,0.011377513408660889,-0.08558660745620728,0.10834163427352905,0.04569518566131592,0.012937796302139759,0.28835999965667725,0.0006495132693089545,0.0010580711532384157,-1.3250997066497803,,18
renorm,2020-03-02_RD,2020-07-08_CO,RD,CO,128,-0.02605278789997101,-0.13931763172149658,0.08721205592155457,0.04569518566131592,0.012937796302139759,0.2425403594970703,0.0008243530755862594,0.000652103393804282,-1.1141319274902344,,19
renorm,2020-03-10_RD,2020-07-08_CO,RD,CO,120,-0.15222395956516266,-0.3991408944129944,0.09469297528266907,0.04569518566131592,0.012937796302139759,0.29848629236221313,0.0007064547971822321,0.0003110083343926817,-0.9697102308273315,,19
renorm,2020-03-13_RD,2020-07-08_CO,RD,CO,117,-0.13539621233940125,-0.35504579544067383,0.08425337076187134,0.04569518566131592,0.012937796302139759,0.2917904257774353,0.0006505706114694476,0.00108805438503623,-1.1877161264419556,,16
renorm,2020-03-17_RD,2020-07-08_CO,RD,CO,113,-0.1259746104478836,-0.3617779612541199,0.10982874035835266,0.04569518566131592,0.012937796302139759,0.32158857583999634,0.0008088349713943899,0.0008232725085690618,-1.015756368637085,,15
renorm,2020-03-18_RD,2020-07-08_CO,RD,CO,112,-0.15160810947418213,-0.3760749101638794,0.07285869121551514,0.04569518566131592,0.012937796302139759,0.31976771354675293,0.0011749434052035213,0.0008470091852359474,-1.2325150966644287,,15
renorm,2020-03-19_RD,2020-07-08_CO,RD,CO,111,-0.24457736313343048,-0.5709900259971619,0.0818352997303009,0.04569518566131592,0.012937796302139759,0.2645716071128845,0.0007069632993079722,0.0008293202263303101,-1.1856516599655151,,14
renorm,2020-03-20_RD,2020-07-08_CO,RD,CO,110,-0.08320347964763641,-0.2686314284801483,0.10222446918487549,0.04569518566131592,0.012937796302139759,0.242581307888031,0.0008469585445709527,0.000537863583303988,-1.2785979509353638,,15
renorm,2020-06-26_CO,2020-07-08_CO,CO,CO,12,0.1739831417798996,0.12160485982894897,0.22636142373085022,0.04569518566131592,0.012937796302139759,0.21859151124954224,0.0004013312282040715,0.0002536821411922574,-1.026724100112915,,11
renorm,2020-07-08_CO,2020-07-08_CO,CO,CO,0,0.3053131699562073,0.3145449161529541,0.29608139395713806,0.04569518566131592,0.012937796302139759,0.17509448528289795,0.0004739926662296057,7.929490675451234e-05,-0.9005321860313416,0.0,0
fixed,2020-01-27_CO,2020-07-14_CO,CO,CO,169,-1.512998104095459,-1.104736328125,-1.9212599992752075,1.1849461793899536,0.2920612394809723,0.46803587675094604,0.0015172231942415237,0.01567024365067482,-1.5287436246871948,0.7371854782104492,5
fixed,2020-01-30_CO,2020-07-14_CO,CO,CO,166,-0.8069027066230774,-0.16249406337738037,-1.4513113498687744,1.2513266801834106,0.30444028973579407,0.5206724405288696,0.0018744338303804398,0.01416027545928955,-1.5926216840744019,0.7371854782104492,8
fixed,2020-02-04_CO,2020-07-14_CO,CO,CO,161,-0.23214904963970184,-0.3429192304611206,-0.12137886881828308,1.0961322784423828,0.2951544225215912,0.5051153898239136,0.003175273071974516,0.004930767230689526,-1.2617406845092773,0.7371854782104492,4
fixed,2020-02-05_CO,2020-07-14_CO,CO,CO,160,-1.6387712955474854,-2.128633499145508,-1.148909091949463,1.2583218812942505,0.3197610676288605,0.4979360103607178,0.0014041553949937224,0.010094375349581242,-1.0395777225494385,0.7371854782104492,5
fixed,2020-02-06_CO,2020-07-14_CO,CO,CO,159,-0.8967260122299194,-1.5986149311065674,-0.19483709335327148,1.1956325769424438,0.3191063404083252,0.5548068881034851,0.008535649627447128,0.005790784023702145,-1.1444921493530273,,4
fixed,2020-02-11_CO,2020-07-14_CO,CO,CO,154,-0.9216197729110718,-1.2698949575424194,-0.5733445882797241,1.0267552137374878,0.25028178095817566,0.5376098155975342,0.00186835415661335,0.007291159126907587,-1.4014437198638916,,5
fixed,2020-02-22_CO,2020-07-14_CO,CO,CO,143,-0.052044808864593506,-0.09034836292266846,-0.013741254806518555,1.0748132467269897,0.2634856402873993,0.5240270495414734,0.00247620465233922,0.00424555828794837,-1.245466709136963,,3
fixed,2020-02-24_CO,2020-07-14_CO,CO,CO,141,-0.6370219588279724,-0.703064501285553,-0.5709793567657471,1.015788197517395,0.21540260314941406,0.46765708923339844,0.001684430055320263,0.007739747874438763,-1.1631872653961182,,2
fixed,2020-02-25_CO,2020-07-14_CO,CO,CO,140,-0.24105848371982574,-0.11255890130996704,-0.36955806612968445,1.0510917901992798,0.2393999844789505,0.5112329721450806,0.0025175013579428196,0.0069677578285336494,-1.427536964416504,,4
fixed,2020-02-28_RD,2020-07-14_CO,RD,CO,137,-3.4148366451263428,-6.942922115325928,0.11324885487556458,1.0851877927780151,0.23146040737628937,0.5279402136802673,0.0037457309663295746,0.0015258847270160913,-1.3106704950332642,,1
fixed,2020-03-02_RD,2020-07-14_CO,RD,CO,134,-3.627732038497925,-6.893516540527344,-0.3619471490383148,0.8912863731384277,0.19621850550174713,0.4100697636604309,0.0012495247647166252,0.005113315302878618,-1.0498690605163574,,5
fixed,2020-03-10_RD,2020-07-14_CO,RD,CO,126,-4.800076484680176,-9.444742202758789,-0.15541046857833862,1.0616616010665894,0.2903187572956085,0.509387731552124,0.008536514826118946,0.004516334272921085,-1.11629319190979,,4
fixed,2020-03-13_RD,2020-07-14_CO,RD,CO,123,-6.208277225494385,-12.357690811157227,-0.058863937854766846,1.108378529548645,0.24946467578411102,0.47792577743530273,0.005163419991731644,0.0029674742836505175,-1.2936385869979858,,3
fixed,2020-03-17_RD,2020-07-14_CO,RD,CO,119,-1.0473222732543945,-1.6507905721664429,-0.44385403394699097,1.1120303869247437,0.32941076159477234,0.5211381912231445,0.0064034415408968925,0.008207181468605995,-1.3707904815673828,,3
fixed,2020-03-18_RD,2020-07-14_CO,RD,CO,118,-0.7392560839653015,-1.3638416528701782,-0.1146705150604248,1.1670341491699219,0.3082137107849121,0.49964869022369385,0.008171290159225464,0.0049915192648768425,-1.3607978820800781,,4
fixed,2020-03-19_RD,2020-07-14_CO,RD,CO,117,-8.875880241394043,-17.840850830078125,0.08908942341804504,1.1767269372940063,0.31790778040885925,0.5314553380012512,0.0036625016946345568,0.0024530759546905756,-1.282461166381836,,1
fixed,2020-03-20_RD,2020-07-14_CO,RD,CO,116,-15.21298599243164,-30.122787475585938,-0.3031838536262512,1.0564814805984497,0.2252468317747116,0.48421502113342285,0.0044281757436692715,0.007278183475136757,-0.6103715896606445,,2
fixed,2020-06-26_CO,2020-07-14_CO,CO,CO,18,-1.4000409841537476,-0.3491673469543457,-2.4509146213531494,0.6872888207435608,0.1570029854774475,0.5135658383369446,0.003690452082082629,0.01580936834216118,-1.0769234895706177,,4
fixed,2020-07-08_CO,2020-07-14_CO,CO,CO,6,-0.1372188776731491,-0.38563328981399536,0.11119553446769714,0.6740803718566895,0.15177495777606964,0.41011011600494385,0.0017137732356786728,0.002926137298345566,-0.9519160985946655,0.0,2
fixed,2020-07-14_CO,2020-07-14_CO,CO,CO,0,0.2748762369155884,0.2752237319946289,0.27452877163887024,0.0550505630671978,0.01863129250705242,0.21350014209747314,0.00048639639862813056,0.00022197185899131,-0.9973906874656677,0.0,0
renorm,2020-01-27_CO,2020-07-14_CO,CO,CO,169,-0.09108583629131317,-0.20833086967468262,0.026159197092056274,0.0550505630671978,0.01863129250705242,0.35194671154022217,0.0005694721476174891,0.0002723658690229058,-1.3921823501586914,0.7371854782104492,5
renorm,2020-01-30_CO,2020-07-14_CO,CO,CO,166,-0.08255119621753693,-0.24002587795257568,0.07492348551750183,0.0550505630671978,0.01863129250705242,0.3602762222290039,0.00046188346459530294,6.587799725821242e-05,-1.2466496229171753,0.7371854782104492,8
renorm,2020-02-04_CO,2020-07-14_CO,CO,CO,161,0.005053028464317322,-0.10075575113296509,0.11086180806159973,0.0550505630671978,0.01863129250705242,0.3308281898498535,0.0005326065584085882,9.489896183367819e-05,-1.169715166091919,0.7371854782104492,4
renorm,2020-02-05_CO,2020-07-14_CO,CO,CO,160,-0.027234435081481934,-0.09573441743850708,0.04126554727554321,0.0550505630671978,0.01863129250705242,0.3604186773300171,0.0005723751382902265,4.5199896703707054e-05,-1.0510623455047607,0.7371854782104492,5
renorm,2020-02-06_CO,2020-07-14_CO,CO,CO,159,-0.06531715393066406,-0.14707565307617188,0.01644134521484375,0.0550505630671978,0.01863129250705242,0.3635677099227905,0.0005568209453485906,0.000228167133172974,-1.07148277759552,,4
renorm,2020-02-11_CO,2020-07-14_CO,CO,CO,154,0.010018706321716309,-0.0400775671005249,0.06011497974395752,0.0550505630671978,0.01863129250705242,0.30739933252334595,0.0005358144408091903,0.0002847427094820887,-1.1755253076553345,,5
renorm,2020-02-22_CO,2020-07-14_CO,CO,CO,143,0.027845636010169983,-0.057176172733306885,0.11286744475364685,0.0550505630671978,0.01863129250705242,0.3469621539115906,0.00043929528328590095,0.00022310458007268608,-1.1407917737960815,,3
renorm,2020-02-24_CO,2020-07-14_CO,CO,CO,141,0.0836896002292633,0.050804197788238525,0.11657500267028809,0.0550505630671978,0.01863129250705242,0.32496559619903564,0.000539610453415662,0.0003127143136225641,-1.0938255786895752,,2
renorm,2020-02-25_CO,2020-07-14_CO,CO,CO,140,-0.006113529205322266,-0.07848960161209106,0.06626254320144653,0.0550505630671978,0.01863129250705242,0.32969415187835693,0.0005288859829306602,0.0005379615467973053,-0.9347326755523682,,4
renorm,2020-02-28_RD,2020-07-14_CO,RD,CO,137,-0.026730075478553772,-0.1338334083557129,0.08037325739860535,0.0550505630671978,0.01863129250705242,0.31434881687164307,0.0006284372648224235,0.0001654947263887152,-1.4125609397888184,,1
renorm,2020-03-02_RD,2020-07-14_CO,RD,CO,134,-0.04085640609264374,-0.182620108127594,0.10090729594230652,0.0550505630671978,0.01863129250705242,0.29829317331314087,0.00078058015787974,0.00048825054545886815,-1.1143306493759155,,5
renorm,2020-03-10_RD,2020-07-14_CO,RD,CO,126,-0.16249997913837433,-0.3842368721961975,0.05923691391944885,0.0550505630671978,0.01863129250705242,0.33470743894577026,0.0006189472042024136,0.00028215706697665155,-1.0288078784942627,,4
renorm,2020-03-13_RD,2020-07-14_CO,RD,CO,123,-0.08130230009555817,-0.2248099446296692,0.062205344438552856,0.0550505630671978,0.01863129250705242,0.32588136196136475,0.0006469272775575519,0.00027899135602638125,-1.248901128768921,,3
renorm,2020-03-17_RD,2020-07-14_CO,RD,CO,119,-0.12841685116291046,-0.3030192255973816,0.04618552327156067,0.0550505630671978,0.01863129250705242,0.3246985077857971,0.0007527671405114233,0.00030980014707893133,-1.0187184810638428,,3
renorm,2020-03-18_RD,2020-07-14_CO,RD,CO,118,-0.14372798800468445,-0.34209513664245605,0.05463916063308716,0.0550505630671978,0.01863129250705242,0.3116456866264343,0.001177147845737636,0.0003337981179356575,-1.1533870697021484,,4
renorm,2020-03-19_RD,2020-07-14_CO,RD,CO,117,-0.12042678892612457,-0.31382936239242554,0.07297578454017639,0.0550505630671978,0.01863129250705242,0.31108367443084717,0.0007152964826673269,0.00039035017834976315,-1.2704119682312012,,1
renorm,2020-03-20_RD,2020-07-14_CO,RD,CO,116,-0.03805959224700928,-0.17654037475585938,0.10042119026184082,0.0550505630671978,0.01863129250705242,0.2864997386932373,0.0008123937877826393,0.0004601391847245395,-1.250707745552063,,2
renorm,2020-06-26_CO,2020-07-14_CO,CO,CO,18,0.08476872742176056,-0.0014640390872955322,0.17100149393081665,0.0550505630671978,0.01863129250705242,0.2534511089324951,0.00040543926297686994,0.00010518496128497645,-1.1485921144485474,,4
renorm,2020-07-08_CO,2020-07-14_CO,CO,CO,6,0.1253952980041504,0.060894906520843506,0.18989568948745728,0.0550505630671978,0.01863129250705242,0.2548118829727173,0.0004782967153005302,0.00048506754683330655,-1.055060625076294,0.0,2
renorm,2020-07-14_CO,2020-07-14_CO,CO,CO,0,0.27713435888290405,0.2786056399345398,0.2756631076335907,0.0550505630671978,0.01863129250705242,0.21350014209747314,0.00047620749683119357,0.00023355870507657528,-1.0051416158676147,0.0,0
fixed,2020-01-27_CO,2020-07-29_RD,CO,RD,184,-0.5396993160247803,-0.07329243421554565,-1.0061062574386597,1.3472895622253418,0.3117744028568268,0.517706573009491,0.0016469100955873728,0.01751353032886982,-1.271160364151001,0.40646663308143616,11
fixed,2020-01-30_CO,2020-07-29_RD,CO,RD,181,-0.3694956600666046,0.075280100107193,-0.8142714500427246,1.4219754934310913,0.33413684368133545,0.5505979657173157,0.002331940922886133,0.01045933086425066,-0.8435730934143066,0.40646663308143616,13
fixed,2020-02-04_CO,2020-07-29_RD,CO,RD,176,-0.018240660429000854,-0.08302146196365356,0.046540141105651855,1.2715030908584595,0.32261478900909424,0.5535026788711548,0.00394526869058609,0.000817361637018621,-0.5069946646690369,0.40646663308143616,7
fixed,2020-02-05_CO,2020-07-29_RD,CO,RD,175,-0.1800512671470642,-0.11328953504562378,-0.24681299924850464,1.3955787420272827,0.3378417491912842,0.5030076503753662,0.004276948515325785,0.009872915223240852,-0.6548042297363281,0.40646663308143616,10
fixed,2020-02-06_CO,2020-07-29_RD,CO,RD,174,-0.24218964576721191,-0.07579612731933594,-0.4085831642150879,1.336667537689209,0.3409927785396576,0.5732730627059937,0.00648112315684557,0.009928803890943527,-0.6454728245735168,,8
fixed,2020-02-11_CO,2020-07-29_RD,CO,RD,169,-0.06965731084346771,0.02758464217185974,-0.16689926385879517,1.2013975381851196,0.26224133372306824,0.5028780698776245,0.0028138295747339725,0.007629510946571827,-1.1720930337905884,,7
fixed,2020-02-22_CO,2020-07-29_RD,CO,RD,158,-0.04052896797657013,0.19216546416282654,-0.2732234001159668,1.2523592710494995,0.2676461637020111,0.49097979068756104,0.002201572060585022,0.009288224391639233,-0.724045991897583,,8
fixed,2020-02-24_CO,2020-07-29_RD,CO,RD,156,-0.0707658976316452,-0.18729537725448608,0.04576358199119568,1.2042068243026733,0.23836898803710938,0.5145837068557739,0.003386968281120062,0.002605707850307226,-0.5642306208610535,,5
fixed,2020-02-25_CO,2020-07-29_RD,CO,RD,155,-0.19735115766525269,-0.09127956628799438,-0.303422749042511,1.2080320119857788,0.24584615230560303,0.5265224575996399,0.001484823995269835,0.008671575225889683,-0.5487638115882874,,7
fixed,2020-02-28_RD,2020-07-29_RD,RD,RD,152,-0.18381497263908386,-0.3542899489402771,-0.013339996337890625,1.2623730897903442,0.24084186553955078,0.5049715042114258,0.005225218832492828,0.0056700194254517555,-0.7357103824615479,,8
fixed,2020-03-02_RD,2020-07-29_RD,RD,RD,149,-0.2106025218963623,-0.1418743133544922,-0.2793307304382324,1.0495585203170776,0.2147727757692337,0.4966784715652466,0.0028211830649524927,0.010245945304632187,-0.32397186756134033,,9
fixed,2020-03-10_RD,2020-07-29_RD,RD,RD,141,-1.2473595142364502,-2.457244396209717,-0.03747466206550598,1.1789640188217163,0.2887824475765228,0.47740763425827026,0.005384344141930342,0.005887143313884735,-0.5530233383178711,,8
fixed,2020-03-13_RD,2020-07-29_RD,RD,RD,138,-0.47260868549346924,-0.5007621049880981,-0.44445526599884033,1.2347413301467896,0.25265371799468994,0.4755786657333374,0.003528172615915537,0.011459782719612122,-0.7946154475212097,,6
fixed,2020-03-17_RD,2020-07-29_RD,RD,RD,134,-0.1461915820837021,-0.3789774775505066,0.08659431338310242,1.2453351020812988,0.3406071960926056,0.44772350788116455,0.002979304874315858,0.0017112446948885918,-1.2841718196868896,,8
fixed,2020-03-18_RD,2020-07-29_RD,RD,RD,133,-0.063518226146698,-0.12845584750175476,0.0014193952083587646,1.2943172454833984,0.31121477484703064,0.503045916557312,0.004816659260541201,0.003913882654160261,-1.0745521783828735,,9
fixed,2020-03-19_RD,2020-07-29_RD,RD,RD,132,-0.3955669105052948,-0.40274596214294434,-0.38838785886764526,1.2899810075759888,0.31943070888519287,0.513210654258728,0.0006064142216928303,0.009684297256171703,-0.9776172637939453,,6
fixed,2020-03-20_RD,2020-07-29_RD,RD,RD,131,-1.0283253192901611,-2.014094829559326,-0.042555809020996094,1.2173668146133423,0.24585162103176117,0.5556958913803101,0.0022953851148486137,0.00661013089120388,-0.3436022102832794,,8
fixed,2020-06-26_CO,2020-07-29_RD,CO,RD,33,-0.3366028666496277,-0.14280486106872559,-0.5304008722305298,0.9017613530158997,0.16716821491718292,0.5479660630226135,0.0027143359184265137,0.013770069926977158,-0.766333818435669,,5
fixed,2020-07-08_CO,2020-07-29_RD,CO,RD,21,0.1163254976272583,0.32267454266548157,-0.09002354741096497,0.8408626914024353,0.15943342447280884,0.43048107624053955,0.002225934760645032,0.005868826527148485,-0.7122707366943359,0.34867793321609497,1
fixed,2020-07-14_CO,2020-07-29_RD,CO,RD,15,-0.5168225765228271,-0.8919126987457275,-0.14173251390457153,0.6260316371917725,0.13583987951278687,0.5058741569519043,0.00496714049950242,0.007501836866140366,-0.9110828638076782,0.34867793321609497,27
fixed,2020-07-29_RD,2020-07-29_RD,RD,RD,0,0.3482702076435089,0.4922841787338257,0.20425626635551453,0.051670122891664505,0.03369413688778877,0.19243937730789185,0.0005552122020162642,0.001695252489298582,-0.5973234176635742,0.0,0
renorm,2020-01-27_CO,2020-07-29_RD,CO,RD,184,0.10515850782394409,0.1578666865825653,0.052450329065322876,0.051670122891664505,0.03369413688778877,0.3369278907775879,0.000581530446652323,0.0002099207486025989,-1.1118478775024414,0.40646663308143616,11
renorm,2020-01-30_CO,2020-07-29_RD,CO,RD,181,0.10554620623588562,0.13745686411857605,0.07363554835319519,0.051670122891664505,0.03369413688778877,0.3018075227737427,0.0004603358975145966,0.0008176369592547417,-0.8116016387939453,0.40646663308143616,13
renorm,2020-02-04_CO,2020-07-29_RD,CO,RD,176,0.07795795798301697,0.09672918915748596,0.059186726808547974,0.051670122891664505,0.03369413688778877,0.2882192134857178,0.000555967097170651,0.0006927807116881013,-0.6726052761077881,0.40646663308143616,7
renorm,2020-02-05_CO,2020-07-29_RD,CO,RD,175,0.09118424355983734,0.13440638780593872,0.04796209931373596,0.051670122891664505,0.03369413688778877,0.32989972829818726,0.0006220253999345005,0.000452469103038311,-0.6869252324104309,0.40646663308143616,10
renorm,2020-02-06_CO,2020-07-29_RD,CO,RD,174,0.05572831630706787,0.07731658220291138,0.034140050411224365,0.051670122891664505,0.03369413688778877,0.3260098099708557,0.0005844856495968997,0.0006321043474599719,-0.6872602105140686,,8
renorm,2020-02-11_CO,2020-07-29_RD,CO,RD,169,0.10885386168956757,0.14890345931053162,0.06880426406860352,0.051670122891664505,0.03369413688778877,0.24003338813781738,0.000542511697858572,0.0006622456712648273,-0.8869179487228394,,7
renorm,2020-02-22_CO,2020-07-29_RD,CO,RD,158,0.11873415112495422,0.1576310694217682,0.07983723282814026,0.051670122891664505,0.03369413688778877,0.32470786571502686,0.00042266256059519947,0.0007340774172917008,-0.7224303483963013,,8
renorm,2020-02-24_CO,2020-07-29_RD,CO,RD,156,0.10180854797363281,0.15356242656707764,0.05005466938018799,0.051670122891664505,0.03369413688778877,0.32937633991241455,0.0005444966373033822,0.0019177771173417568,-0.809339702129364,,5
renorm,2020-02-25_CO,2020-07-29_RD,CO,RD,155,0.03487282991409302,0.039765387773513794,0.02998027205467224,0.051670122891664505,0.03369413688778877,0.3505786657333374,0.000550613331142813,0.0012544364435598254,-0.47488757967948914,,7
renorm,2020-02-28_RD,2020-07-29_RD,RD,RD,152,0.11538879573345184,0.17479339241981506,0.05598419904708862,0.051670122891664505,0.03369413688778877,0.311423659324646,0.0006156915915198624,0.0013928379630669951,-0.7103517055511475,,8
renorm,2020-03-02_RD,2020-07-29_RD,RD,RD,149,0.1383143961429596,0.22886845469474792,0.047760337591171265,0.051670122891664505,0.03369413688778877,0.3185756802558899,0.0008030953467823565,0.0007002896163612604,-0.45168864727020264,,9
renorm,2020-03-10_RD,2020-07-29_RD,RD,RD,141,0.07924170792102814,0.09863176941871643,0.059851646423339844,0.051670122891664505,0.03369413688778877,0.29353654384613037,0.0006398425903171301,0.00048771483125165105,-0.5738878846168518,,8
renorm,2020-03-13_RD,2020-07-29_RD,RD,RD,138,0.17597843706607819,0.27875450253486633,0.07320237159729004,0.051670122891664505,0.03369413688778877,0.3288297653198242,0.0006634391029365361,0.00014288013335317373,-0.7630077004432678,,6
renorm,2020-03-17_RD,2020-07-29_RD,RD,RD,134,0.13307219743728638,0.1892702877521515,0.07687410712242126,0.051670122891664505,0.03369413688778877,0.2666267156600952,0.0007497293991036713,0.0008773274021223187,-0.6028481721878052,,8
renorm,2020-03-18_RD,2020-07-29_RD,RD,RD,133,0.07106728851795197,0.09526720643043518,0.04686737060546875,0.051670122891664505,0.03369413688778877,0.26422131061553955,0.001055023167282343,0.0009605699451640248,-0.7203097939491272,,9
renorm,2020-03-19_RD,2020-07-29_RD,RD,RD,132,0.11083491146564484,0.16287803649902344,0.058791786432266235,0.051670122891664505,0.03369413688778877,0.2895161509513855,0.0006805028533563018,0.0007264016894623637,-0.9118017554283142,,6
renorm,2020-03-20_RD,2020-07-29_RD,RD,RD,131,0.1521446704864502,0.23360708355903625,0.07068225741386414,0.051670122891664505,0.03369413688778877,0.2801927924156189,0.0008390182047151029,0.0006285406998358667,-0.7300846576690674,,8
renorm,2020-06-26_CO,2020-07-29_RD,CO,RD,33,0.0701921135187149,0.046635955572128296,0.09374827146530151,0.051670122891664505,0.03369413688778877,0.23775255680084229,0.00042063507135026157,0.0009709428995847702,-0.8680325150489807,,5
renorm,2020-07-08_CO,2020-07-29_RD,CO,RD,21,0.1914122849702835,0.2583504915237427,0.12447407841682434,0.051670122891664505,0.03369413688778877,0.2621488571166992,0.00044584888382814825,0.0011318675242364407,-0.6458032727241516,0.34867793321609497,1
renorm,2020-07-14_CO,2020-07-29_RD,CO,RD,15,0.1364428848028183,0.1873186230659485,0.08556714653968811,0.051670122891664505,0.03369413688778877,0.27780354022979736,0.0005602096789516509,0.0009068420040421188,-0.8942901492118835,0.34867793321609497,27
renorm,2020-07-29_RD,2020-07-29_RD,RD,RD,0,0.34804362058639526,0.4911855459213257,0.20490169525146484,0.051670122891664505,0.03369413688778877,0.19243937730789185,0.0005462709232233465,0.001693905796855688,-0.5998578071594238,0.0,0
fixed,2020-01-27_CO,2020-07-31_CO,CO,CO,186,-0.8712722063064575,-0.9580039978027344,-0.7845403552055359,0.8531481623649597,0.6039990782737732,0.517623782157898,0.002674700226634741,0.009381543844938278,-1.2382088899612427,0.40646663308143616,7
fixed,2020-01-30_CO,2020-07-31_CO,CO,CO,183,-0.6280800104141235,-0.07168340682983398,-1.184476613998413,0.8414154052734375,0.5957089066505432,0.5106295943260193,0.0015994885470718145,0.012689497321844101,-1.0600485801696777,0.40646663308143616,7
fixed,2020-02-04_CO,2020-07-31_CO,CO,CO,178,-0.4202864468097687,-0.14013522863388062,-0.7004376649856567,0.763624370098114,0.6201052665710449,0.5836475491523743,0.00234027486294508,0.007820294238626957,-0.9198300838470459,0.40646663308143616,6
fixed,2020-02-05_CO,2020-07-31_CO,CO,CO,177,-1.2994333505630493,-2.4277336597442627,-0.17113298177719116,0.8716073036193848,0.6336557269096375,0.515371561050415,0.0028632807079702616,0.0032560103572905064,-0.6517658829689026,0.40646663308143616,8
fixed,2020-02-06_CO,2020-07-31_CO,CO,CO,176,-2.1233456134796143,-3.981576681137085,-0.26511460542678833,0.934163510799408,0.6277204155921936,0.5127823948860168,0.00435603829100728,0.004610745701938868,-0.7945690751075745,,8
fixed,2020-02-11_CO,2020-07-31_CO,CO,CO,171,-0.9899996519088745,-0.9967309236526489,-0.9832683205604553,0.6916843056678772,0.6353009939193726,0.4897958040237427,0.004194899462163448,0.01170898787677288,-1.0712521076202393,,5
fixed,2020-02-22_CO,2020-07-31_CO,CO,CO,160,-0.45102009177207947,-0.8164322376251221,-0.08560794591903687,0.8531576991081238,0.6409571766853333,0.4985102415084839,0.002298362785950303,0.002776616718620062,-0.5422385931015015,,6
fixed,2020-02-24_CO,2020-07-31_CO,CO,CO,158,-2.8843438625335693,-4.652336597442627,-1.1163508892059326,0.8366596698760986,0.6559407114982605,0.4762917757034302,0.0034791023936122656,0.009487241506576538,-0.5663087368011475,,5
fixed,2020-02-25_CO,2020-07-31_CO,CO,CO,157,-1.069507122039795,-1.5238511562347412,-0.6151630878448486,0.8612565994262695,0.6473467946052551,0.508216381072998,0.0036602914333343506,0.008655427023768425,-0.7140262126922607,,5
fixed,2020-02-28_RD,2020-07-31_CO,RD,CO,154,-4.429924011230469,-8.81640625,-0.0434420108795166,0.8295100331306458,0.6499437689781189,0.4888942837715149,0.004296702798455954,0.0022935171145945787,-0.9162492156028748,,6
fixed,2020-03-02_RD,2020-07-31_CO,RD,CO,151,-2.997683525085449,-5.78200626373291,-0.21336057782173157,0.8333136439323425,0.6749377250671387,0.47640466690063477,0.0017800652422010899,0.0031470423564314842,-0.7027408480644226,,5
fixed,2020-03-10_RD,2020-07-31_CO,RD,CO,143,-3.652883768081665,-7.197939395904541,-0.10782825946807861,0.8040186762809753,0.6280645728111267,0.5198474526405334,0.002708510961383581,0.0015343985287472606,-0.9410531520843506,,6
fixed,2020-03-13_RD,2020-07-31_CO,RD,CO,140,-2.4212827682495117,-4.503961563110352,-0.3386036157608032,0.7772918343544006,0.6419944763183594,0.4734956622123718,0.003645234042778611,0.0058424388989806175,-1.0892395973205566,,5
fixed,2020-03-17_RD,2020-07-31_CO,RD,CO,136,-0.3659955859184265,-0.6464584469795227,-0.08553275465965271,0.8878610730171204,0.599747359752655,0.5518624782562256,0.004730757791548967,0.003101510927081108,-1.3349741697311401,,8
fixed,2020-03-18_RD,2020-07-31_CO,RD,CO,135,-0.8054986000061035,-1.4000005722045898,-0.21099668741226196,0.8466339111328125,0.6034784913063049,0.5710644125938416,0.004112455062568188,0.0025118605699390173,-1.0537406206130981,,7
fixed,2020-03-19_RD,2020-07-31_CO,RD,CO,134,-4.401501655578613,-8.587018966674805,-0.21598416566848755,0.7841119766235352,0.5909413695335388,0.5500794053077698,0.001906452584080398,0.004803040996193886,-1.0708129405975342,,6
fixed,2020-03-20_RD,2020-07-31_CO,RD,CO,133,-7.9663896560668945,-15.585174560546875,-0.347604364156723,0.776587963104248,0.6644786596298218,0.47526293992996216,0.0016939748311415315,0.005320123862475157,-0.4049263000488281,,5
fixed,2020-06-26_CO,2020-07-31_CO,CO,CO,35,-0.7171802520751953,-1.289544701576233,-0.1448158621788025,0.7625512480735779,0.7495695948600769,0.5331616401672363,0.002673432230949402,0.004568794276565313,-0.7473874092102051,,3
fixed,2020-07-08_CO,2020-07-31_CO,CO,CO,23,-0.7856267690658569,-1.119506597518921,-0.45174700021743774,0.838148832321167,0.7465028166770935,0.4483638405799866,0.00188335997518152,0.005258228164166212,-0.8403127193450928,0.34867793321609497,2
fixed,2020-07-14_CO,2020-07-31_CO,CO,CO,17,-0.4692569673061371,-0.2908923029899597,-0.6476216316223145,1.2107170820236206,0.7972467541694641,0.4862619638442993,0.0042783524841070175,0.006661277264356613,-1.0311411619186401,0.34867793321609497,11
fixed,2020-07-29_RD,2020-07-31_CO,RD,CO,2,-7.3778862953186035,-13.450613021850586,-1.305159568786621,1.306437373161316,0.7907198071479797,0.40782010555267334,0.0030766481067985296,0.009175939485430717,-0.5506618022918701,0.0,4
fixed,2020-07-31_CO,2020-07-31_CO,CO,CO,0,0.1961440145969391,0.22871240973472595,0.16357561945915222,0.04822920635342598,0.7069684863090515,0.080311119556427,0.000612833013292402,0.0009604362421669066,-0.6370862722396851,0.0,0
renorm,2020-01-27_CO,2020-07-31_CO,CO,CO,186,-0.3124619722366333,-0.3376801013946533,-0.28724387288093567,0.04822920635342598,0.7069684863090515,0.3777717351913452,0.0008460792596451938,0.00024371646577492356,-0.8986485600471497,0.40646663308143616,7
renorm,2020-01-30_CO,2020-07-31_CO,CO,CO,183,-0.1293714940547943,-0.1270993947982788,-0.13164359331130981,0.04822920635342598,0.7069684863090515,0.32914793491363525,0.0008495072834193707,0.00047871030983515084,-0.7644107341766357,0.40646663308143616,7
renorm,2020-02-04_CO,2020-07-31_CO,CO,CO,178,-0.09743107855319977,-0.04594367742538452,-0.14891847968101501,0.04822920635342598,0.7069684863090515,0.3241565227508545,0.0007502593216486275,0.00030972855165600777,-0.7747120261192322,0.40646663308143616,6
renorm,2020-02-05_CO,2020-07-31_CO,CO,CO,177,-0.22370460629463196,-0.0507277250289917,-0.3966814875602722,0.04822920635342598,0.7069684863090515,0.3481103777885437,0.0009393958025611937,0.000444703153334558,-0.6600875854492188,0.40646663308143616,8
renorm,2020-02-06_CO,2020-07-31_CO,CO,CO,176,-0.31418150663375854,-0.2161223590373993,-0.4122406244277954,0.04822920635342598,0.7069684863090515,0.37331777811050415,0.0009153585997410119,0.00029003946110606194,-0.30784279108047485,,8
renorm,2020-02-11_CO,2020-07-31_CO,CO,CO,171,-0.1294417381286621,-0.09630328416824341,-0.1625801920890808,0.04822920635342598,0.7069684863090515,0.297160804271698,0.0007504297536797822,0.0002991445071529597,-0.7830663323402405,,5
renorm,2020-02-22_CO,2020-07-31_CO,CO,CO,160,-0.13490109145641327,-0.10894545912742615,-0.1608567237854004,0.04822920635342598,0.7069684863090515,0.3265218734741211,0.0006829101475887001,6.366427260218188e-05,-0.6399679780006409,,6
renorm,2020-02-24_CO,2020-07-31_CO,CO,CO,158,-0.07551535964012146,-0.06434768438339233,-0.08668303489685059,0.04822920635342598,0.7069684863090515,0.3212069869041443,0.0007196125807240605,0.0007273719529621303,-0.8747502565383911,,5
renorm,2020-02-25_CO,2020-07-31_CO,CO,CO,157,-0.2798382043838501,-0.26812589168548584,-0.29155051708221436,0.04822920635342598,0.7069684863090515,0.33531880378723145,0.0007134343613870442,0.00016140303341671824,-0.5835155844688416,,5
renorm,2020-02-28_RD,2020-07-31_CO,RD,CO,154,-0.3842204511165619,-0.6112079620361328,-0.15723294019699097,0.04822920635342598,0.7069684863090515,0.3097684979438782,0.0007926066755317152,0.0006571050034835935,-0.738842248916626,,6
renorm,2020-03-02_RD,2020-07-31_CO,RD,CO,151,-0.42417001724243164,-0.6618284583091736,-0.18651160597801208,0.04822920635342598,0.7069684863090515,0.3084479570388794,0.0010051977587863803,0.0014305259101092815,-0.485317587852478,,5
renorm,2020-03-10_RD,2020-07-31_CO,RD,CO,143,-0.5372450351715088,-0.8224180936813354,-0.25207197666168213,0.04822920635342598,0.7069684863090515,0.32296907901763916,0.0008910345495678484,0.0004940698854625225,-0.5696302652359009,,6
renorm,2020-03-13_RD,2020-07-31_CO,RD,CO,140,-0.3247598707675934,-0.4373272657394409,-0.21219247579574585,0.04822920635342598,0.7069684863090515,0.33730852603912354,0.0011447633150964975,0.0005043343408033252,-0.830011248588562,,5
renorm,2020-03-17_RD,2020-07-31_CO,RD,CO,136,-0.2976726293563843,-0.44213104248046875,-0.15321418642997742,0.04822920635342598,0.7069684863090515,0.29809093475341797,0.0009661520598456264,0.0001150397292803973,-0.6388480067253113,,8
renorm,2020-03-18_RD,2020-07-31_CO,RD,CO,135,-0.5793118476867676,-0.7543936967849731,-0.4042299687862396,0.04822920635342598,0.7069684863090515,0.3129759430885315,0.0016552285524085164,0.0008878825465217233,-0.621436357498169,,7
renorm,2020-03-19_RD,2020-07-31_CO,RD,CO,134,-0.5327054858207703,-0.7669448256492615,-0.29846611618995667,0.04822920635342598,0.7069684863090515,0.3302494287490845,0.0009695897460915148,0.0007001697667874396,-0.8852930068969727,,6
renorm,2020-03-20_RD,2020-07-31_CO,RD,CO,133,-0.47412198781967163,-0.6004648804664612,-0.3477790653705597,0.04822920635342598,0.7069684863090515,0.2977434992790222,0.0010249410988762975,0.0005465812282636762,-0.642609179019928,,5
renorm,2020-06-26_CO,2020-07-31_CO,CO,CO,35,-0.005528435111045837,-0.04613801836967468,0.03508114814758301,0.04822920635342598,0.7069684863090515,0.2476927638053894,0.0005937596433795989,0.0004236981912981719,-0.857624351978302,,3
renorm,2020-07-08_CO,2020-07-31_CO,CO,CO,23,0.07004773616790771,0.09658581018447876,0.04350966215133667,0.04822920635342598,0.7069684863090515,0.27609288692474365,0.0008009463781490922,0.00028445094358175993,-0.7696675658226013,0.34867793321609497,2
renorm,2020-07-14_CO,2020-07-31_CO,CO,CO,17,-0.013573840260505676,-0.07640209794044495,0.049254417419433594,0.04822920635342598,0.7069684863090515,0.2904033064842224,0.0007188013405539095,0.00020019576186314225,-0.8596142530441284,0.34867793321609497,11
renorm,2020-07-29_RD,2020-07-31_CO,RD,CO,2,-0.14583027362823486,-0.21012663841247559,-0.08153390884399414,0.04822920635342598,0.7069684863090515,0.2488662600517273,0.0007846247171983123,0.0005548552144318819,-0.9448864459991455,0.0,4
renorm,2020-07-31_CO,2020-07-31_CO,CO,CO,0,0.1982855349779129,0.2324957251548767,0.1640753448009491,0.04822920635342598,0.7069684863090515,0.080311119556427,0.0006060543237254024,0.0009572531562298536,-0.6456331014633179,0.0,0
fixed,2020-01-27_CO,2020-08-08_RD,CO,RD,194,-2.1878483295440674,-1.7282907962799072,-2.6474056243896484,1.0624884366989136,0.2844603657722473,0.5126733183860779,0.00867819506675005,0.028737254440784454,-0.8776335716247559,0.23993343114852905,15
fixed,2020-01-30_CO,2020-08-08_RD,CO,RD,191,-0.6005287170410156,-0.48267805576324463,-0.7183793187141418,1.0648140907287598,0.2810554802417755,0.5501838326454163,0.002715917769819498,0.012776930816471577,-1.071199893951416,0.23993343114852905,19
fixed,2020-02-04_CO,2020-08-08_RD,CO,RD,186,-1.41941499710083,-2.4341681003570557,-0.40466171503067017,0.9697796702384949,0.28625258803367615,0.5725647211074829,0.004818236920982599,0.012037299573421478,-0.09958342462778091,0.23993343114852905,12
fixed,2020-02-05_CO,2020-08-08_RD,CO,RD,185,-0.11243242025375366,-0.005769193172454834,-0.2190956473350525,1.0560197830200195,0.30314871668815613,0.5179816484451294,0.0038390541449189186,0.007899199612438679,-0.6734878420829773,0.23993343114852905,15
fixed,2020-02-06_CO,2020-08-08_RD,CO,RD,184,-0.4937961995601654,-0.9737489223480225,-0.01384347677230835,0.9985876679420471,0.30102139711380005,0.565707802772522,0.005105029791593552,0.002475595101714134,-0.7059702277183533,,13
fixed,2020-02-11_CO,2020-08-08_RD,CO,RD,179,-0.8501093983650208,-0.2955888509750366,-1.4046299457550049,0.8434074521064758,0.2283562570810318,0.4554498791694641,0.0027622219640761614,0.01745685003697872,-0.6727226376533508,,13
fixed,2020-02-22_CO,2020-08-08_RD,CO,RD,168,-1.0651801824569702,-1.8890056610107422,-0.24135461449623108,0.9423511028289795,0.24758517742156982,0.4471220374107361,0.0034074177965521812,0.007554003968834877,-0.2836533486843109,,13
fixed,2020-02-24_CO,2020-08-08_RD,CO,RD,166,-1.4058815240859985,-2.296745777130127,-0.5150172710418701,0.9092532992362976,0.20172218978405,0.5092189908027649,0.0044811805710196495,0.012111526913940907,0.18190965056419373,,8
fixed,2020-02-25_CO,2020-08-08_RD,CO,RD,165,-0.5194982886314392,-0.9187730550765991,-0.12022349238395691,0.9035100340843201,0.207882359623909,0.490550696849823,0.003525949316099286,0.005156808532774448,-0.5652340650558472,,11
fixed,2020-02-28_RD,2020-08-08_RD,RD,RD,162,-1.0721333026885986,-0.7220269441604614,-1.4222396612167358,0.9229466319084167,0.20745444297790527,0.4734001159667969,0.005422875750809908,0.021482959389686584,-0.5764455795288086,,13
fixed,2020-03-02_RD,2020-08-08_RD,RD,RD,159,-1.1798973083496094,-1.3930634260177612,-0.9667309522628784,0.758040726184845,0.17334961891174316,0.4575711488723755,0.0037083926144987345,0.01774284616112709,-0.0573924221098423,,15
fixed,2020-03-10_RD,2020-08-08_RD,RD,RD,151,-0.2690209150314331,-0.3097010850906372,-0.228340744972229,0.8569914698600769,0.25348564982414246,0.44878268241882324,0.002407846739515662,0.008410260081291199,-0.737379252910614,,15
fixed,2020-03-13_RD,2020-08-08_RD,RD,RD,148,-0.261629581451416,-0.4983637034893036,-0.024895429611206055,0.8304813504219055,0.19425813853740692,0.42197299003601074,0.004152517765760422,0.003970961552113295,-1.029151201248169,,12
fixed,2020-03-17_RD,2020-08-08_RD,RD,RD,144,-1.885089635848999,-3.864309787750244,0.09413060545921326,0.9346252083778381,0.29940032958984375,0.5084205865859985,0.011164495721459389,0.0007174230413511395,-0.9133865237236023,,11
fixed,2020-03-18_RD,2020-08-08_RD,RD,RD,143,-1.8041701316833496,-3.165566921234131,-0.4427732229232788,0.971381425857544,0.2812962830066681,0.5190709829330444,0.006543969735503197,0.011891499161720276,-0.3259097933769226,,15
fixed,2020-03-19_RD,2020-08-08_RD,RD,RD,142,-0.815369725227356,-0.742368221282959,-0.8883711695671082,0.9729781150817871,0.2851788401603699,0.540314257144928,0.003194103017449379,0.013710130006074905,-0.8385937809944153,,12
fixed,2020-03-20_RD,2020-08-08_RD,RD,RD,141,-2.756869077682495,-4.921756267547607,-0.5919820666313171,0.848052978515625,0.1985766440629959,0.5227748155593872,0.005429389420896769,0.012761000543832779,-0.23867648839950562,,11
fixed,2020-06-26_CO,2020-08-08_RD,CO,RD,43,-1.7032113075256348,-2.4571356773376465,-0.9492868185043335,0.592535138130188,0.13978436589241028,0.47480177879333496,0.005890790838748217,0.01834951713681221,0.3760160505771637,,11
fixed,2020-07-08_CO,2020-08-08_RD,CO,RD,31,-0.09534627199172974,-0.2906550467014313,0.0999625027179718,0.6366714239120483,0.16597695648670197,0.4857863783836365,0.0036832960322499275,0.0025455374270677567,-0.010016310028731823,0.5914524793624878,8
fixed,2020-07-14_CO,2020-08-08_RD,CO,RD,25,-0.5604782104492188,-1.070548415184021,-0.05040806531906128,0.8122809529304504,0.1590028703212738,0.5010508298873901,0.0036745949182659388,0.007047041319310665,-0.48556607961654663,0.5914524793624878,35
fixed,2020-07-29_RD,2020-08-08_RD,RD,RD,10,-6.602907180786133,-7.584658622741699,-5.621155738830566,0.9121919274330139,0.14514470100402832,0.39010298252105713,0.004080804064869881,0.04244592413306236,0.5236249566078186,0.2629956007003784,14
fixed,2020-07-31_CO,2020-08-08_RD,CO,RD,8,-0.1996953934431076,-0.16051512956619263,-0.23887565732002258,0.7972345352172852,0.15614117681980133,0.44212251901626587,0.009129929356276989,0.008581634610891342,-0.41860419511795044,0.2629956007003784,44
fixed,2020-08-08_RD,2020-08-08_RD,RD,RD,0,0.27689605951309204,0.3519964814186096,0.20179560780525208,0.034088123589754105,0.012914680875837803,0.11217612028121948,0.00077788345515728,0.00037201185477897525,-0.7543096542358398,0.0,0
renorm,2020-01-27_CO,2020-08-08_RD,CO,RD,194,0.013668566942214966,-0.017410755157470703,0.044747889041900635,0.034088123589754105,0.012914680875837803,0.3485640287399292,0.0005626691854558885,0.00017181709699798375,-1.2648104429244995,0.23993343114852905,15
renorm,2020-01-30_CO,2020-08-08_RD,CO,RD,191,0.0324142724275589,-0.0011643767356872559,0.06599292159080505,0.034088123589754105,0.012914680875837803,0.3665473461151123,0.0005269390530884266,0.00025161265511997044,-1.0136339664459229,0.23993343114852905,19
renorm,2020-02-04_CO,2020-08-08_RD,CO,RD,186,0.03032463788986206,0.0011570155620574951,0.059492260217666626,0.034088123589754105,0.012914680875837803,0.3681660294532776,0.000566901930142194,0.000220351736061275,-0.9410718679428101,0.23993343114852905,12
renorm,2020-02-05_CO,2020-08-08_RD,CO,RD,185,0.030352264642715454,0.03422555327415466,0.026478976011276245,0.034088123589754105,0.012914680875837803,0.3554176092147827,0.0006163521902635694,0.0002735301968641579,-0.8179514408111572,0.23993343114852905,15
renorm,2020-02-06_CO,2020-08-08_RD,CO,RD,184,0.010291412472724915,0.00815609097480774,0.01242673397064209,0.034088123589754105,0.012914680875837803,0.3992060422897339,0.0005769841372966766,0.0004792300460394472,-0.7826127409934998,,13
renorm,2020-02-11_CO,2020-08-08_RD,CO,RD,179,0.04014460742473602,0.019125431776046753,0.06116378307342529,0.034088123589754105,0.012914680875837803,0.3122140169143677,0.0005773965385742486,0.0004913996090181172,-1.0435757637023926,,13
renorm,2020-02-22_CO,2020-08-08_RD,CO,RD,168,0.07199937105178833,0.0777941346168518,0.06620460748672485,0.034088123589754105,0.012914680875837803,0.3312041163444519,0.00047189113683998585,0.0005363228847272694,-0.8776199817657471,,13
renorm,2020-02-24_CO,2020-08-08_RD,CO,RD,166,0.11028757691383362,0.11203441023826599,0.10854074358940125,0.034088123589754105,0.012914680875837803,0.34079474210739136,0.0005255738506093621,0.00030011357739567757,-0.8159212470054626,,8
renorm,2020-02-25_CO,2020-08-08_RD,CO,RD,165,-0.01624874770641327,-0.08201074600219727,0.04951325058937073,0.034088123589754105,0.012914680875837803,0.33806508779525757,0.0005712377023883164,0.00033002078998833895,-0.6869249939918518,,11
renorm,2020-02-28_RD,2020-08-08_RD,RD,RD,162,0.09622238576412201,0.11140233278274536,0.08104243874549866,0.034088123589754105,0.012914680875837803,0.31356507539749146,0.0006430275971069932,0.0005435665952973068,-1.0227599143981934,,13
renorm,2020-03-02_RD,2020-08-08_RD,RD,RD,159,0.11949202418327332,0.16829609870910645,0.07068794965744019,0.034088123589754105,0.012914680875837803,0.27898138761520386,0.0008150874637067318,0.0005371321458369493,-0.7241873145103455,,15
renorm,2020-03-10_RD,2020-08-08_RD,RD,RD,151,0.0011037886142730713,-0.0705292820930481,0.07273685932159424,0.034088123589754105,0.012914680875837803,0.2996043562889099,0.0006185841048136353,0.000455467845313251,-0.7895528078079224,,15
renorm,2020-03-13_RD,2020-08-08_RD,RD,RD,148,0.06032562255859375,0.05735963582992554,0.06329160928726196,0.034088123589754105,0.012914680875837803,0.32184308767318726,0.0006821627612225711,0.0006343282875604928,-0.9748080968856812,,12
renorm,2020-03-17_RD,2020-08-08_RD,RD,RD,144,0.07700909674167633,0.07382440567016602,0.08019378781318665,0.034088123589754105,0.012914680875837803,0.33831989765167236,0.0007389493985101581,0.0008883798727765679,-0.8920994400978088,,11
renorm,2020-03-18_RD,2020-08-08_RD,RD,RD,143,0.022716030478477478,0.015214413404464722,0.030217647552490234,0.034088123589754105,0.012914680875837803,0.34948694705963135,0.001298382761888206,0.000480892660561949,-1.002333164215088,,15
renorm,2020-03-19_RD,2020-08-08_RD,RD,RD,142,0.026976123452186584,-0.023291051387786865,0.07724329829216003,0.034088123589754105,0.012914680875837803,0.3403272032737732,0.0007651172927580774,0.0005394812906160951,-1.0889378786087036,,12
renorm,2020-03-20_RD,2020-08-08_RD,RD,RD,141,0.07899226248264313,0.06396427750587463,0.09402024745941162,0.034088123589754105,0.012914680875837803,0.2830919027328491,0.0008176983683370054,0.00042724472586996853,-0.8944689035415649,,11
renorm,2020-06-26_CO,2020-08-08_RD,CO,RD,43,0.1002240926027298,0.07938584685325623,0.12106233835220337,0.034088123589754105,0.012914680875837803,0.2696508765220642,0.0004636296071112156,0.0002668650704436004,-0.7904733419418335,,11
renorm,2020-07-08_CO,2020-08-08_RD,CO,RD,31,0.18435831367969513,0.22184091806411743,0.14687570929527283,0.034088123589754105,0.012914680875837803,0.285430371761322,0.0005139389541000128,0.00029532331973314285,-0.7570688724517822,0.5914524793624878,8
renorm,2020-07-14_CO,2020-08-08_RD,CO,RD,25,0.12986743450164795,0.13645479083061218,0.12328007817268372,0.034088123589754105,0.012914680875837803,0.3271108865737915,0.0005460036336444318,0.00018263724632561207,-0.874617874622345,0.5914524793624878,35
renorm,2020-07-29_RD,2020-08-08_RD,RD,RD,10,0.18365833163261414,0.2693486213684082,0.09796804189682007,0.034088123589754105,0.012914680875837803,0.29140686988830566,0.0006422821898013353,0.00030784669797867537,-0.8411349654197693,0.2629956007003784,14
renorm,2020-07-31_CO,2020-08-08_RD,CO,RD,8,0.13481147587299347,0.12892383337020874,0.1406991183757782,0.034088123589754105,0.012914680875837803,0.25236713886260986,0.0004960650112479925,0.00028494614525698125,-0.9610037803649902,0.2629956007003784,44
renorm,2020-08-08_RD,2020-08-08_RD,RD,RD,0,0.2771608829498291,0.3524112105369568,0.20191055536270142,0.034088123589754105,0.012914680875837803,0.11217612028121948,0.0007743245223537087,0.0003696622443385422,-0.7685273289680481,0.0,0
fixed,2020-01-27_CO,2020-08-11_RD,CO,RD,197,-0.5788312554359436,-0.9127143621444702,-0.244948148727417,0.9187563061714172,0.23100309073925018,0.5518438816070557,0.003076913533732295,0.007040458731353283,-1.1106269359588623,0.23993343114852905,18
fixed,2020-01-30_CO,2020-08-11_RD,CO,RD,194,-0.5199540853500366,-0.013230174779891968,-1.0266779661178589,0.9129477143287659,0.2256661206483841,0.5731742978096008,0.0021784489508718252,0.017117852345108986,-0.9220789670944214,0.23993343114852905,22
fixed,2020-02-04_CO,2020-08-11_RD,CO,RD,189,-0.2934115529060364,-0.21441882848739624,-0.3724042773246765,0.8411681056022644,0.23072844743728638,0.581031322479248,0.009542220272123814,0.010932449251413345,-0.3379674255847931,0.23993343114852905,15
fixed,2020-02-05_CO,2020-08-11_RD,CO,RD,188,-0.4385938048362732,-0.9422836899757385,0.06509613990783691,0.906212329864502,0.25209394097328186,0.5844426155090332,0.0017783849034458399,0.0017946482403203845,-0.7131698727607727,0.23993343114852905,18
fixed,2020-02-06_CO,2020-08-11_RD,CO,RD,187,-0.533984899520874,-0.9556805491447449,-0.11228927969932556,0.8911817669868469,0.24526411294937134,0.5639194846153259,0.004884680267423391,0.005149362608790398,-0.6722521781921387,,16
fixed,2020-02-11_CO,2020-08-11_RD,CO,RD,182,-0.36571621894836426,-0.6195830702781677,-0.11184936761856079,0.6522489190101624,0.1660059690475464,0.5183919668197632,0.0032569055911153555,0.006648076232522726,-0.7521470189094543,,17
fixed,2020-02-22_CO,2020-08-11_RD,CO,RD,171,-0.537724494934082,-0.996023416519165,-0.0794256329536438,0.8758071064949036,0.20979835093021393,0.5078315734863281,0.0026022503152489662,0.0057870433665812016,-0.6238307356834412,,16
fixed,2020-02-24_CO,2020-08-11_RD,CO,RD,169,-1.8371827602386475,-3.2321791648864746,-0.4421863853931427,0.85195392370224,0.1744622439146042,0.5102039575576782,0.003383949864655733,0.010280224494636059,-0.2112782895565033,,11
fixed,2020-02-25_CO,2020-08-11_RD,CO,RD,168,-0.6269986629486084,-1.2661986351013184,0.012201368808746338,0.8686046600341797,0.18774378299713135,0.5324416160583496,0.0035492500755935907,0.0027849639300256968,-0.6336048245429993,,12
fixed,2020-02-28_RD,2020-08-11_RD,RD,RD,165,-7.407851696014404,-14.833145141601562,0.017441123723983765,0.8884637951850891,0.18944819271564484,0.49159151315689087,0.003203026484698057,0.004133463371545076,-0.097091443836689,,15
fixed,2020-03-02_RD,2020-08-11_RD,RD,RD,162,-3.7180397510528564,-7.352546215057373,-0.083533376455307,0.829951822757721,0.1622675657272339,0.4981253743171692,0.005294403061270714,0.0059731025248765945,-0.23522581160068512,,18
fixed,2020-03-10_RD,2020-08-11_RD,RD,RD,154,-4.205055236816406,-8.39814281463623,-0.011967003345489502,0.8356348872184753,0.22282415628433228,0.5548940300941467,0.006046027410775423,0.0040128775872290134,-0.18949183821678162,,18
fixed,2020-03-13_RD,2020-08-11_RD,RD,RD,151,-5.592148303985596,-11.174113273620605,-0.010183066129684448,0.8776466846466064,0.19470565021038055,0.5132805109024048,0.005663638468831778,0.004825989715754986,-0.1871386617422104,,15
fixed,2020-03-17_RD,2020-08-11_RD,RD,RD,147,-0.41665512323379517,-0.8215614557266235,-0.011748790740966797,0.8496875762939453,0.24234919250011444,0.5609490871429443,0.006718088407069445,0.004405609332025051,-0.8526369333267212,,13
fixed,2020-03-18_RD,2020-08-11_RD,RD,RD,146,-0.6818113923072815,-1.2750203609466553,-0.08860239386558533,0.8642116189002991,0.2335447520017624,0.5657377243041992,0.003841815749183297,0.005176969803869724,-0.6676977276802063,,15
fixed,2020-03-19_RD,2020-08-11_RD,RD,RD,145,-5.249693393707275,-10.513687133789062,0.014300316572189331,0.8363640904426575,0.24932961165905,0.5299896001815796,0.0036591817624866962,0.004254914820194244,-0.37183234095573425,,13
fixed,2020-03-20_RD,2020-08-11_RD,RD,RD,144,-16.599681854248047,-32.7803840637207,-0.4189791679382324,0.8205568194389343,0.17769968509674072,0.5167325735092163,0.0028595172334462404,0.009149503894150257,0.5825464725494385,,13
fixed,2020-06-26_CO,2020-08-11_RD,CO,RD,46,-1.6887139081954956,-3.2638967037200928,-0.11353105306625366,0.8997681736946106,0.16431397199630737,0.5342096090316772,0.003570324508473277,0.005456902552396059,-0.018374314531683922,,14
fixed,2020-07-08_CO,2020-08-11_RD,CO,RD,34,-0.7225075960159302,-1.4844081401824951,0.03939297795295715,0.9587066769599915,0.18358077108860016,0.5175415277481079,0.004021083004772663,0.004720350261777639,-0.24573765695095062,0.5914524793624878,10
fixed,2020-07-14_CO,2020-08-11_RD,CO,RD,28,-1.0989052057266235,-2.2662570476531982,0.0684465765953064,1.3079376220703125,0.1791854351758957,0.5462465882301331,0.002377832308411598,0.0019914889708161354,-0.14865127205848694,0.5914524793624878,37
fixed,2020-07-29_RD,2020-08-11_RD,RD,RD,13,-11.70785903930664,-21.722768783569336,-1.6929489374160767,1.5607761144638062,0.18640244007110596,0.5106315016746521,0.005239525809884071,0.020963776856660843,0.531121015548706,0.2629956007003784,16
fixed,2020-07-31_CO,2020-08-11_RD,CO,RD,11,-0.2399408370256424,-0.5131809115409851,0.03329923748970032,0.5452615022659302,0.12745706737041473,0.482006311416626,0.001630225800909102,0.0045238365419209,-0.4816898703575134,0.2629956007003784,45
fixed,2020-08-08_RD,2020-08-11_RD,RD,RD,3,-8.275137901306152,-15.961906433105469,-0.5883697867393494,1.0247995853424072,0.16087670624256134,0.45876240730285645,0.0037474962882697582,0.013976836577057838,0.1551152616739273,0.0,6
fixed,2020-08-11_RD,2020-08-11_RD,RD,RD,0,0.3444467782974243,0.45402300357818604,0.2348705530166626,0.038323745131492615,0.015320335514843464,0.08733367919921875,0.0007599283126182854,0.00029697417630814016,-0.6624607443809509,0.0,0
renorm,2020-01-27_CO,2020-08-11_RD,CO,RD,197,0.07753700017929077,0.10534796118736267,0.04972603917121887,0.038323745131492615,0.015320335514843464,0.3724020719528198,0.0005691377446055412,0.00021323026157915592,-1.2395771741867065,0.23993343114852905,18
renorm,2020-01-30_CO,2020-08-11_RD,CO,RD,194,0.09684853255748749,0.14296746253967285,0.050729602575302124,0.038323745131492615,0.015320335514843464,0.3664453625679016,0.00053990917513147,0.0004650384362321347,-0.8172376155853271,0.23993343114852905,22
renorm,2020-02-04_CO,2020-08-11_RD,CO,RD,189,0.1004401296377182,0.1377427875995636,0.0631374716758728,0.038323745131492615,0.015320335514843464,0.3902554512023926,0.0005862950929440558,8.927870658226311e-05,-0.6172076463699341,0.23993343114852905,15
renorm,2020-02-05_CO,2020-08-11_RD,CO,RD,188,0.08923040330410004,0.13803017139434814,0.04043063521385193,0.038323745131492615,0.015320335514843464,0.3716617822647095,0.0005990630597807467,0.0005239718593657017,-0.8237286806106567,0.23993343114852905,18
renorm,2020-02-06_CO,2020-08-11_RD,CO,RD,187,0.07995539903640747,0.14172503352165222,0.01818576455116272,0.038323745131492615,0.015320335514843464,0.39500564336776733,0.0005734454607591033,0.0005719570908695459,-0.7252833247184753,,16
renorm,2020-02-11_CO,2020-08-11_RD,CO,RD,182,0.07561652362346649,0.11782559752464294,0.03340744972229004,0.038323745131492615,0.015320335514843464,0.32030564546585083,0.0005737569881603122,0.0008921104017645121,-0.9131474494934082,,17
renorm,2020-02-22_CO,2020-08-11_RD,CO,RD,171,0.12016098201274872,0.1615813672542572,0.07874059677124023,0.038323745131492615,0.015320335514843464,0.3505801558494568,0.00047308107605203986,0.00019226780568715185,-0.7847241163253784,,16
renorm,2020-02-24_CO,2020-08-11_RD,CO,RD,169,0.12572047114372253,0.1684609055519104,0.08298003673553467,0.038323745131492615,0.015320335514843464,0.331057608127594,0.0005984802264720201,0.0009121393086388707,-0.718285083770752,,11
renorm,2020-02-25_CO,2020-08-11_RD,CO,RD,168,0.0469323992729187,0.03431984782218933,0.05954495072364807,0.038323745131492615,0.015320335514843464,0.3347617983818054,0.0005677153822034597,0.001008290215395391,-0.6135172843933105,,12
renorm,2020-02-28_RD,2020-08-11_RD,RD,RD,165,0.12772215902805328,0.1976282000541687,0.057816118001937866,0.038323745131492615,0.015320335514843464,0.3087659478187561,0.0006617921171709895,0.0007836876320652664,-0.7878920435905457,,15
renorm,2020-03-02_RD,2020-08-11_RD,RD,RD,162,0.10274888575077057,0.16390332579612732,0.04159444570541382,0.038323745131492615,0.015320335514843464,0.28470009565353394,0.0007299091666936874,0.0004917658516205847,-0.742660403251648,,18
renorm,2020-03-10_RD,2020-08-11_RD,RD,RD,154,0.05739745497703552,0.07260793447494507,0.04218697547912598,0.038323745131492615,0.015320335514843464,0.32269322872161865,0.0006651698495261371,0.00031779243727214634,-0.6295408010482788,,18
renorm,2020-03-13_RD,2020-08-11_RD,RD,RD,151,0.09111373126506805,0.1320330798625946,0.050194382667541504,0.038323745131492615,0.015320335514843464,0.33337604999542236,0.000654917093925178,0.0002606523921713233,-0.8215687274932861,,15
renorm,2020-03-17_RD,2020-08-11_RD,RD,RD,147,0.11800296604633331,0.12517493963241577,0.11083099246025085,0.038323745131492615,0.015320335514843464,0.357896625995636,0.0008136816904880106,9.69509783317335e-05,-0.5209145545959473,,13
renorm,2020-03-18_RD,2020-08-11_RD,RD,RD,146,0.03245903551578522,0.02690407633781433,0.038013994693756104,0.038323745131492615,0.015320335514843464,0.3603709936141968,0.0011310242116451263,0.00031742750434204936,-0.689925491809845,,15
renorm,2020-03-19_RD,2020-08-11_RD,RD,RD,145,0.0562850683927536,0.05195203423500061,0.06061810255050659,0.038323745131492615,0.015320335514843464,0.3364044427871704,0.0008153975941240788,9.080643212655559e-05,-0.8942229747772217,,13
renorm,2020-03-20_RD,2020-08-11_RD,RD,RD,144,0.113851398229599,0.1510758399963379,0.07662695646286011,0.038323745131492615,0.015320335514843464,0.289339542388916,0.0008624569745734334,0.00014705388457514346,-0.5656696557998657,,13
renorm,2020-06-26_CO,2020-08-11_RD,CO,RD,46,0.11166578531265259,0.12584558129310608,0.0974859893321991,0.038323745131492615,0.015320335514843464,0.3276802897453308,0.0004600196552928537,0.00034074950963258743,-0.8730509877204895,,14
renorm,2020-07-08_CO,2020-08-11_RD,CO,RD,34,0.20016761124134064,0.24734628200531006,0.15298894047737122,0.038323745131492615,0.015320335514843464,0.29911136627197266,0.00048500715638510883,0.0005918163224123418,-0.8041998147964478,0.5914524793624878,10
renorm,2020-07-14_CO,2020-08-11_RD,CO,RD,28,0.13273580372333527,0.15469416975975037,0.11077743768692017,0.038323745131492615,0.015320335514843464,0.3180340528488159,0.0005806898116134107,0.0006423165323212743,-0.8414155840873718,0.5914524793624878,37
renorm,2020-07-29_RD,2020-08-11_RD,RD,RD,13,0.21695484220981598,0.28579777479171753,0.14811190962791443,0.038323745131492615,0.015320335514843464,0.3301631212234497,0.0006397446850314736,0.0004687358159571886,-0.6078799962997437,0.2629956007003784,16
renorm,2020-07-31_CO,2020-08-11_RD,CO,RD,11,0.14197194576263428,0.13678699731826782,0.14715689420700073,0.038323745131492615,0.015320335514843464,0.24286866188049316,0.000509455509018153,0.0006148134707473218,-0.8790932297706604,0.2629956007003784,45
renorm,2020-08-08_RD,2020-08-11_RD,RD,RD,3,0.2456999272108078,0.3280508518218994,0.1633490025997162,0.038323745131492615,0.015320335514843464,0.19301176071166992,0.0008048265008255839,0.00034759839763864875,-0.7248313426971436,0.0,6
renorm,2020-08-11_RD,2020-08-11_RD,RD,RD,0,0.34422335028648376,0.45273616909980774,0.2357105016708374,0.038323745131492615,0.015320335514843464,0.08733367919921875,0.0007530454895459116,0.00029244081815704703,-0.663581907749176,0.0,0
fixed,2020-01-27_CO,2020-08-22_RD,CO,RD,208,-1.7670429944992065,-0.4686359167098999,-3.0654501914978027,1.153082251548767,0.35498735308647156,0.599571943283081,0.004428017418831587,0.022151023149490356,-1.1551285982131958,0.1935848891735077,13
fixed,2020-01-30_CO,2020-08-22_RD,CO,RD,205,-2.7275123596191406,-0.6154671311378479,-4.839557647705078,1.2152963876724243,0.358691930770874,0.6321007013320923,0.003626144491136074,0.026398584246635437,-0.612476110458374,0.1935848891735077,16
fixed,2020-02-04_CO,2020-08-22_RD,CO,RD,200,-1.5426461696624756,-1.19208562374115,-1.8932067155838013,1.1072965860366821,0.3563629388809204,0.619564414024353,0.007816066034138203,0.012705544009804726,-0.22043104469776154,0.1935848891735077,11
fixed,2020-02-05_CO,2020-08-22_RD,CO,RD,199,-1.5683058500289917,-0.7520276308059692,-2.3845841884613037,1.178943157196045,0.3702620565891266,0.6083514094352722,0.0020512929186224937,0.019695207476615906,-0.5337691307067871,0.1935848891735077,13
fixed,2020-02-06_CO,2020-08-22_RD,CO,RD,198,-2.4463512897491455,-1.7559654712677002,-3.136737108230591,1.1873136758804321,0.374411016702652,0.6339834332466125,0.00699404813349247,0.018881704658269882,-0.493462473154068,,12
fixed,2020-02-11_CO,2020-08-22_RD,CO,RD,193,-1.4550061225891113,-1.4426498413085938,-1.467362403869629,0.9812843203544617,0.304812490940094,0.5792394876480103,0.0084833400323987,0.013991588726639748,-0.7267702221870422,,13
fixed,2020-02-22_CO,2020-08-22_RD,CO,RD,182,-1.2508387565612793,-0.916337788105011,-1.5853395462036133,1.0807251930236816,0.328311562538147,0.5815701484680176,0.0015775386709719896,0.013924977742135525,-0.40125179290771484,,14
fixed,2020-02-24_CO,2020-08-22_RD,CO,RD,180,-1.8526736497879028,-2.295034170150757,-1.4103130102157593,1.0001157522201538,0.27276408672332764,0.5480278134346008,0.00505107082426548,0.015685422345995903,-0.30526477098464966,,11
fixed,2020-02-25_CO,2020-08-22_RD,CO,RD,179,-1.3041781187057495,-2.196026563644409,-0.4123297333717346,1.05644690990448,0.3004660904407501,0.5842180252075195,0.0022656540386378765,0.007182390429079533,-0.6350058913230896,,13
fixed,2020-02-28_RD,2020-08-22_RD,RD,RD,176,-7.072841644287109,-13.178150177001953,-0.9675332903862,1.0812201499938965,0.29401344060897827,0.6030263900756836,0.007893905974924564,0.010043605230748653,-0.07772339880466461,,14
fixed,2020-03-02_RD,2020-08-22_RD,RD,RD,173,-6.963683128356934,-11.910327911376953,-2.0170390605926514,0.9318885803222656,0.26852235198020935,0.61458420753479,0.004412994720041752,0.014257078990340233,0.1399325281381607,,17
fixed,2020-03-10_RD,2020-08-22_RD,RD,RD,165,-0.8416488170623779,-0.21160495281219482,-1.471692681312561,0.9927449822425842,0.3381876051425934,0.5478857755661011,0.002158126560971141,0.015923619270324707,-1.5168941020965576,,16
fixed,2020-03-13_RD,2020-08-22_RD,RD,RD,162,-3.397916316986084,-3.774484634399414,-3.021348237991333,1.0604405403137207,0.29695406556129456,0.5731570720672607,0.008289532735943794,0.021693116053938866,-0.7166793346405029,,13
fixed,2020-03-17_RD,2020-08-22_RD,RD,RD,158,-0.19854961335659027,-0.0695827305316925,-0.32751649618148804,1.0419421195983887,0.3765031099319458,0.6284865140914917,0.0024720015935599804,0.005846548359841108,-1.2942568063735962,,12
fixed,2020-03-18_RD,2020-08-22_RD,RD,RD,157,-0.988030731678009,-0.27595341205596924,-1.7001080513000488,1.0730923414230347,0.3558463752269745,0.5932334065437317,0.005321437027305365,0.015843406319618225,-1.3060344457626343,,15
fixed,2020-03-19_RD,2020-08-22_RD,RD,RD,156,-3.018874168395996,-5.469094276428223,-0.5686541199684143,1.152895450592041,0.3708798885345459,0.5890516638755798,0.0022274290677160025,0.0074032568372786045,-0.9252284169197083,,12
fixed,2020-03-20_RD,2020-08-22_RD,RD,RD,155,-8.616307258605957,-15.160470962524414,-2.0721435546875,1.0454198122024536,0.2769346535205841,0.6163302063941956,0.003029177663847804,0.016609802842140198,0.05929914489388466,,11
fixed,2020-06-26_CO,2020-08-22_RD,CO,RD,57,-0.6903170943260193,-1.2932579517364502,-0.08737623691558838,0.6426454782485962,0.19630414247512817,0.5371516942977905,0.002320406027138233,0.005870000924915075,-0.7471302151679993,,9
fixed,2020-07-08_CO,2020-08-22_RD,CO,RD,45,-0.6258682012557983,-0.8480137586593628,-0.4037225842475891,0.7267374992370605,0.2208436131477356,0.5860288143157959,0.0026252863463014364,0.008248208090662956,-0.4084487557411194,0.5844082832336426,6
fixed,2020-07-14_CO,2020-08-22_RD,CO,RD,39,-0.854967474937439,-0.09749573469161987,-1.6124391555786133,0.8002721667289734,0.1875038743019104,0.5770362615585327,0.005996630527079105,0.015251505188643932,-1.2412440776824951,0.5844082832336426,35
fixed,2020-07-29_RD,2020-08-22_RD,RD,RD,24,-6.395846843719482,-11.529773712158203,-1.2619194984436035,0.847823441028595,0.18707077205181122,0.5835842490196228,0.0027706383261829615,0.01537487655878067,0.0376836434006691,0.24552583694458008,14
fixed,2020-07-31_CO,2020-08-22_RD,CO,RD,22,-3.0214736461639404,-4.999313831329346,-1.0436336994171143,0.898022472858429,0.20993657410144806,0.499599814414978,0.0019220085814595222,0.013238899409770966,0.33865272998809814,0.24552583694458008,41
fixed,2020-08-08_RD,2020-08-22_RD,RD,RD,14,-5.970860004425049,-11.299219131469727,-0.642501175403595,0.6090500354766846,0.1838539093732834,0.5156659483909607,0.008051816374063492,0.00869020912796259,0.09618870913982391,0.07850855588912964,6
fixed,2020-08-11_RD,2020-08-22_RD,RD,RD,11,-1.1614627838134766,-2.041957139968872,-0.28096842765808105,1.0171160697937012,0.24430005252361298,0.5418592691421509,0.003929115366190672,0.006376949604600668,-0.2593786120414734,0.07850855588912964,8
fixed,2020-08-22_RD,2020-08-22_RD,RD,RD,0,0.29901614785194397,0.37157347798347473,0.2264588177204132,0.03220832720398903,0.012860573828220367,0.1057286262512207,0.0009423117153346539,0.0003514141426421702,-0.7685559391975403,0.0,0
renorm,2020-01-27_CO,2020-08-22_RD,CO,RD,208,-0.1357261836528778,-0.13879787921905518,-0.13265448808670044,0.03220832720398903,0.012860573828220367,0.41563713550567627,0.0006313867634162307,0.0006888075731694698,-1.0110316276550293,0.1935848891735077,13
renorm,2020-01-30_CO,2020-08-22_RD,CO,RD,205,-0.06349171698093414,-0.037080615758895874,-0.08990281820297241,0.03220832720398903,0.012860573828220367,0.4033288359642029,0.000592932861763984,0.00016189647431019694,-0.9375381469726562,0.1935848891735077,16
renorm,2020-02-04_CO,2020-08-22_RD,CO,RD,200,-0.06460416316986084,-0.04502105712890625,-0.08418726921081543,0.03220832720398903,0.012860573828220367,0.41323035955429077,0.0006079096929170191,0.00039605144411325455,-0.811743438243866,0.1935848891735077,11
renorm,2020-02-05_CO,2020-08-22_RD,CO,RD,199,-0.08285708725452423,-0.00309637188911438,-0.16261780261993408,0.03220832720398903,0.012860573828220367,0.4088090658187866,0.0007044275989755988,0.000146641512401402,-0.7445417046546936,0.1935848891735077,13
renorm,2020-02-06_CO,2020-08-22_RD,CO,RD,198,-0.04787079989910126,0.03358793258666992,-0.12932953238487244,0.03220832720398903,0.012860573828220367,0.44081294536590576,0.0006668427959084511,0.00037160603096708655,-0.6738958954811096,,12
renorm,2020-02-11_CO,2020-08-22_RD,CO,RD,193,-0.04850663244724274,-0.04587346315383911,-0.05113980174064636,0.03220832720398903,0.012860573828220367,0.37611448764801025,0.000605490175075829,0.0004980338271707296,-0.8409924507141113,,13
renorm,2020-02-22_CO,2020-08-22_RD,CO,RD,182,0.005241855978965759,0.050433218479156494,-0.039949506521224976,0.03220832720398903,0.012860573828220367,0.3879505395889282,0.0005439073429442942,0.0005994768580421805,-0.8864079713821411,,14
renorm,2020-02-24_CO,2020-08-22_RD,CO,RD,180,-0.045477405190467834,-0.03908354043960571,-0.051871269941329956,0.03220832720398903,0.012860573828220367,0.36365455389022827,0.0006559188477694988,0.0006573009304702282,-0.8005515933036804,,11
renorm,2020-02-25_CO,2020-08-22_RD,CO,RD,179,-0.14007256925106049,-0.15211006999015808,-0.1280350685119629,0.03220832720398903,0.012860573828220367,0.3913472294807434,0.0006049350486136973,0.0009690828155726194,-0.885643720626831,,13
renorm,2020-02-28_RD,2020-08-22_RD,RD,RD,176,-0.07790756225585938,-0.10321676731109619,-0.05259835720062256,0.03220832720398903,0.012860573828220367,0.369831919670105,0.0006897205603308976,0.0004771638778038323,-0.8710121512413025,,14
renorm,2020-03-02_RD,2020-08-22_RD,RD,RD,173,-0.12872958183288574,-0.11204671859741211,-0.14541244506835938,0.03220832720398903,0.012860573828220367,0.33590734004974365,0.0008834538166411221,0.0007850427646189928,-0.7312461733818054,,17
renorm,2020-03-10_RD,2020-08-22_RD,RD,RD,165,-0.13924841582775116,-0.16446316242218018,-0.11403366923332214,0.03220832720398903,0.012860573828220367,0.38096392154693604,0.000719237606972456,0.00018887314945459366,-0.8903433084487915,,16
renorm,2020-03-13_RD,2020-08-22_RD,RD,RD,162,-0.14165839552879333,-0.17963993549346924,-0.10367685556411743,0.03220832720398903,0.012860573828220367,0.3625616431236267,0.0007124830735847354,0.0006267463322728872,-0.9333741664886475,,13
renorm,2020-03-17_RD,2020-08-22_RD,RD,RD,158,-0.11814074218273163,-0.13627773523330688,-0.10000374913215637,0.03220832720398903,0.012860573828220367,0.4060766100883484,0.000851214281283319,0.00023459081421606243,-0.6767614483833313,,12
renorm,2020-03-18_RD,2020-08-22_RD,RD,RD,157,-0.2454761266708374,-0.3179556727409363,-0.17299658060073853,0.03220832720398903,0.012860573828220367,0.4022139310836792,0.0012759057572111487,0.00041239443817175925,-0.8985856175422668,,15
renorm,2020-03-19_RD,2020-08-22_RD,RD,RD,156,-0.22444185614585876,-0.3190245032310486,-0.12985920906066895,0.03220832720398903,0.012860573828220367,0.37254536151885986,0.0008628580253571272,0.00030491629149764776,-0.9629034996032715,,12
renorm,2020-03-20_RD,2020-08-22_RD,RD,RD,155,-0.07321411371231079,-0.050781428813934326,-0.09564679861068726,0.03220832720398903,0.012860573828220367,0.3339952230453491,0.0009047029889188707,0.00018201096099801362,-0.8385142683982849,,11
renorm,2020-06-26_CO,2020-08-22_RD,CO,RD,57,0.10970689356327057,0.13481369614601135,0.08460009098052979,0.03220832720398903,0.012860573828220367,0.2911977171897888,0.00047646136954426765,5.513784708455205e-05,-0.8498057723045349,,9
renorm,2020-07-08_CO,2020-08-22_RD,CO,RD,45,0.11954164505004883,0.15987154841423035,0.07921174168586731,0.03220832720398903,0.012860573828220367,0.3051643371582031,0.0005681032780557871,0.00045522343134507537,-0.7407873272895813,0.5844082832336426,6
renorm,2020-07-14_CO,2020-08-22_RD,CO,RD,39,0.010331064462661743,-0.005084991455078125,0.02574712038040161,0.03220832720398903,0.012860573828220367,0.34125757217407227,0.0005936876987107098,0.00023901302483864129,-1.0723233222961426,0.5844082832336426,35
renorm,2020-07-29_RD,2020-08-22_RD,RD,RD,24,0.05251204967498779,0.07084307074546814,0.034181028604507446,0.03220832720398903,0.012860573828220367,0.3299080729484558,0.0007178586674854159,0.00013677796232514083,-0.7618663311004639,0.24552583694458008,14
renorm,2020-07-31_CO,2020-08-22_RD,CO,RD,22,0.17522436380386353,0.203081876039505,0.14736685156822205,0.03220832720398903,0.012860573828220367,0.2742457985877991,0.0005289454129524529,0.00014523921709042042,-0.677777886390686,0.24552583694458008,41
renorm,2020-08-08_RD,2020-08-22_RD,RD,RD,14,0.031110644340515137,0.03651618957519531,0.02570509910583496,0.03220832720398903,0.012860573828220367,0.27476370334625244,0.0009065205231308937,0.00022821221500635147,-0.8953820466995239,0.07850855588912964,6
renorm,2020-08-11_RD,2020-08-22_RD,RD,RD,11,0.05646620690822601,0.12362703680992126,-0.010694622993469238,0.03220832720398903,0.012860573828220367,0.2198876142501831,0.0008704822394065559,0.0002668786619324237,-0.7774738669395447,0.07850855588912964,8
renorm,2020-08-22_RD,2020-08-22_RD,RD,RD,0,0.2998913526535034,0.37172025442123413,0.22806242108345032,0.03220832720398903,0.012860573828220367,0.1057286262512207,0.0009237691410817206,0.0003417432599235326,-0.76869136095047,0.0,0
fixed,2020-01-27_CO,2020-08-29_RD,CO,RD,215,-1.6950186491012573,-0.20319443941116333,-3.186842918395996,1.001055121421814,0.28408530354499817,0.5478077530860901,0.006309725344181061,0.028012767434120178,-0.6622583270072937,0.24727988243103027,7
fixed,2020-01-30_CO,2020-08-29_RD,CO,RD,212,-0.9450252056121826,-0.8090184330940247,-1.0810319185256958,1.0010089874267578,0.2776951491832733,0.5805331468582153,0.0027116434648633003,0.019883325323462486,-0.7129986882209778,0.24727988243103027,7
fixed,2020-02-04_CO,2020-08-29_RD,CO,RD,207,-0.7236784100532532,-1.099631428718567,-0.34772536158561707,0.9016982913017273,0.2706809937953949,0.5441017150878906,0.004088577348738909,0.012325829826295376,-0.5378364324569702,0.24727988243103027,3
fixed,2020-02-05_CO,2020-08-29_RD,CO,RD,206,-0.8609436750411987,-0.49312007427215576,-1.2287671566009521,0.9893832206726074,0.2888045310974121,0.5387158393859863,0.0022739439737051725,0.017343323677778244,-0.7059417366981506,0.24727988243103027,7
fixed,2020-02-06_CO,2020-08-29_RD,CO,RD,205,-0.36446940898895264,-0.3318289518356323,-0.39710986614227295,0.968300998210907,0.2860923707485199,0.5818464756011963,0.007174314931035042,0.01242788229137659,-0.8487890362739563,,6
fixed,2020-02-11_CO,2020-08-29_RD,CO,RD,200,-0.8686872720718384,-0.2584003806114197,-1.4789741039276123,0.7758004069328308,0.23221705853939056,0.4816738963127136,0.0026088207960128784,0.02346198260784149,-0.7532998919487,,4
fixed,2020-02-22_CO,2020-08-29_RD,CO,RD,189,-0.9501567482948303,-0.9775860905647278,-0.9227274060249329,0.9045349955558777,0.25084009766578674,0.4943866729736328,0.004719986114650965,0.019178275018930435,-0.7982047200202942,,7
fixed,2020-02-24_CO,2020-08-29_RD,CO,RD,187,-0.5777047872543335,-0.713350772857666,-0.442058801651001,0.8176417946815491,0.21219491958618164,0.5082830786705017,0.002630646573379636,0.013545758090913296,-0.5865234732627869,,4
fixed,2020-02-25_CO,2020-08-29_RD,CO,RD,186,-0.19038230180740356,-0.22494560480117798,-0.15581899881362915,0.8179518580436707,0.22791266441345215,0.5263912081718445,0.0015382870333269238,0.0068234652280807495,-0.6205794215202332,,6
fixed,2020-02-28_RD,2020-08-29_RD,RD,RD,183,-0.8897498846054077,-1.043931484222412,-0.7355682253837585,0.9071722030639648,0.2364739179611206,0.4965667128562927,0.004411053378134966,0.015460282564163208,-0.5327547788619995,,6
fixed,2020-03-02_RD,2020-08-29_RD,RD,RD,180,-0.5015594959259033,-0.270415723323822,-0.7327032089233398,0.775865375995636,0.2154914140701294,0.4993768334388733,0.0029677357524633408,0.014060428366065025,-0.42059585452079773,,6
fixed,2020-03-10_RD,2020-08-29_RD,RD,RD,172,-0.25195950269699097,-0.17170816659927368,-0.33221083879470825,0.8834080100059509,0.27528324723243713,0.5166832804679871,0.007542949169874191,0.010669847950339317,-1.0634496212005615,,6
fixed,2020-03-13_RD,2020-08-29_RD,RD,RD,169,-0.9648764133453369,-1.4122518301010132,-0.5175010561943054,0.8488872051239014,0.22630329430103302,0.559611976146698,0.0064778742380440235,0.012908674776554108,-0.5655118227005005,,5
fixed,2020-03-17_RD,2020-08-29_RD,RD,RD,165,-1.1449823379516602,-2.1798343658447266,-0.11013036966323853,0.893161952495575,0.30208131670951843,0.5433334112167358,0.004090824630111456,0.006586723029613495,-1.4339983463287354,,6
fixed,2020-03-18_RD,2020-08-29_RD,RD,RD,164,-2.7979347705841064,-5.1455793380737305,-0.4502905011177063,0.916607141494751,0.2837022840976715,0.5667306184768677,0.0071853590197861195,0.011659489013254642,-1.1082241535186768,,6
fixed,2020-03-19_RD,2020-08-29_RD,RD,RD,163,-0.8012719750404358,-1.4168859720230103,-0.1856580376625061,0.9704940915107727,0.30514976382255554,0.5860000848770142,0.006148583721369505,0.008060574531555176,-0.8374505043029785,,5
fixed,2020-03-20_RD,2020-08-29_RD,RD,RD,162,-3.1471545696258545,-5.996755599975586,-0.29755347967147827,0.8896852135658264,0.21953000128269196,0.5420443415641785,0.004168958403170109,0.01124204508960247,-0.03553728014230728,,5
fixed,2020-06-26_CO,2020-08-29_RD,CO,RD,64,-1.1779440641403198,-0.44918203353881836,-1.9067060947418213,0.6434636116027832,0.17799943685531616,0.5205345749855042,0.002619766630232334,0.02091958373785019,-0.015421737916767597,,1
fixed,2020-07-08_CO,2020-08-29_RD,CO,RD,52,-0.1922282725572586,-0.1566925048828125,-0.2277640402317047,0.5950533747673035,0.17463505268096924,0.46212828159332275,0.004279072862118483,0.0057798936031758785,-0.2698057293891907,0.5636348724365234,0
fixed,2020-07-14_CO,2020-08-29_RD,CO,RD,46,-0.3591334819793701,-0.24013245105743408,-0.47813451290130615,0.7484614253044128,0.18742191791534424,0.4948278069496155,0.003442763816565275,0.014129793271422386,-0.4290337562561035,0.5636348724365234,21
fixed,2020-07-29_RD,2020-08-29_RD,RD,RD,31,-1.8100225925445557,-0.3454746901988983,-3.2745704650878906,0.9313571453094482,0.18024520576000214,0.48016494512557983,0.0040740263648331165,0.020947959274053574,-0.17960494756698608,0.23320092260837555,3
fixed,2020-07-31_CO,2020-08-29_RD,CO,RD,29,-0.7711555361747742,-0.2254115343093872,-1.3168995380401611,0.8839476704597473,0.20497246086597443,0.4907863140106201,0.003771043149754405,0.01941748522222042,-0.33993297815322876,0.23320092260837555,26
fixed,2020-08-08_RD,2020-08-29_RD,RD,RD,21,-0.2808917760848999,-0.23461943864822388,-0.3271641135215759,0.6056143641471863,0.15863776206970215,0.4268862009048462,0.00399271585047245,0.005150903016328812,-0.5020534992218018,0.12042266130447388,0
fixed,2020-08-11_RD,2020-08-29_RD,RD,RD,18,-2.461380958557129,-3.930765151977539,-0.9919968247413635,0.9383503794670105,0.20744316279888153,0.4502342939376831,0.008737160824239254,0.012448260560631752,-0.5015703439712524,0.12042266130447388,2
fixed,2020-08-22_RD,2020-08-29_RD,RD,RD,7,-0.9910836219787598,-1.0696375370025635,-0.9125297665596008,0.6091974377632141,0.15176956355571747,0.45324385166168213,0.018553519621491432,0.012604322284460068,-0.05219889432191849,0.08437453210353851,1
fixed,2020-08-29_RD,2020-08-29_RD,RD,RD,0,0.27870428562164307,0.31403419375419617,0.24337434768676758,0.038674939423799515,0.040630776435136795,0.07033586502075195,0.0007832194096408784,0.0006402673316188157,-0.9790875911712646,0.0,0
renorm,2020-01-27_CO,2020-08-29_RD,CO,RD,215,-0.007513970136642456,-0.049351394176483154,0.03432345390319824,0.038674939423799515,0.040630776435136795,0.4020240306854248,0.0006528332596644759,0.0003303962294012308,-1.0005431175231934,0.24727988243103027,7
renorm,2020-01-30_CO,2020-08-29_RD,CO,RD,212,0.007185816764831543,-0.015086531639099121,0.029458165168762207,0.038674939423799515,0.040630776435136795,0.3900183439254761,0.0005890447064302862,0.0007171570905484259,-0.8922824263572693,0.24727988243103027,7
renorm,2020-02-04_CO,2020-08-29_RD,CO,RD,207,0.034447550773620605,0.01016893982887268,0.05872616171836853,0.038674939423799515,0.040630776435136795,0.3879850506782532,0.0005226107896305621,0.0004487516707740724,-0.8368184566497803,0.24727988243103027,3
renorm,2020-02-05_CO,2020-08-29_RD,CO,RD,206,-0.013011157512664795,-0.01939988136291504,-0.006622433662414551,0.038674939423799515,0.040630776435136795,0.3697654604911804,0.000640111044049263,0.0005834483890794218,-0.8382250070571899,0.24727988243103027,7
renorm,2020-02-06_CO,2020-08-29_RD,CO,RD,205,-0.017514124512672424,-0.02083110809326172,-0.01419714093208313,0.038674939423799515,0.040630776435136795,0.41014349460601807,0.0006822914001531899,0.0006313523044809699,-0.861347496509552,,6
renorm,2020-02-11_CO,2020-08-29_RD,CO,RD,200,0.013962581753730774,0.006036520004272461,0.021888643503189087,0.038674939423799515,0.040630776435136795,0.34030717611312866,0.0005786128458566964,0.00018471910152584314,-0.8490524291992188,,4
renorm,2020-02-22_CO,2020-08-29_RD,CO,RD,189,0.06185010075569153,0.0463106632232666,0.07738953828811646,0.038674939423799515,0.040630776435136795,0.360265851020813,0.00048332862206734717,0.0007998535293154418,-0.9455272555351257,,7
renorm,2020-02-24_CO,2020-08-29_RD,CO,RD,187,0.06118306517601013,0.06554615497589111,0.05681997537612915,0.038674939423799515,0.040630776435136795,0.37059080600738525,0.0005397294298745692,0.0010594608029350638,-0.9678778648376465,,4
renorm,2020-02-25_CO,2020-08-29_RD,CO,RD,186,0.0515064001083374,0.0705861747264862,0.0324266254901886,0.038674939423799515,0.040630776435136795,0.3840232491493225,0.0006402492290362716,0.0009803948923945427,-0.8505641222000122,,6
renorm,2020-02-28_RD,2020-08-29_RD,RD,RD,183,-0.010064467787742615,-0.04902246594429016,0.02889353036880493,0.038674939423799515,0.040630776435136795,0.33358848094940186,0.0005879094824194908,0.001069384627044201,-0.9592481851577759,,6
renorm,2020-03-02_RD,2020-08-29_RD,RD,RD,180,0.0029068738222122192,0.030308395624160767,-0.024494647979736328,0.038674939423799515,0.040630776435136795,0.3410348892211914,0.0008279558387584984,0.001828136621043086,-0.9357882142066956,,6
renorm,2020-03-10_RD,2020-08-29_RD,RD,RD,172,0.0054399073123931885,-0.03025740385055542,0.0411372184753418,0.038674939423799515,0.040630776435136795,0.34567856788635254,0.0006523607880808413,0.0007422837661579251,-0.9391499161720276,,6
renorm,2020-03-13_RD,2020-08-29_RD,RD,RD,169,0.01033775508403778,-0.004025399684906006,0.024700909852981567,0.038674939423799515,0.040630776435136795,0.3583415746688843,0.0007260462734848261,0.0017179746646434069,-1.0379327535629272,,5
renorm,2020-03-17_RD,2020-08-29_RD,RD,RD,165,-0.034640759229660034,-0.07027646899223328,0.000994950532913208,0.038674939423799515,0.040630776435136795,0.3627038598060608,0.0007392487023025751,0.0009133006096817553,-0.6967801451683044,,6
renorm,2020-03-18_RD,2020-08-29_RD,RD,RD,164,-0.032748907804489136,-0.054802656173706055,-0.010695159435272217,0.038674939423799515,0.040630776435136795,0.36508262157440186,0.0011139533016830683,0.000998749048449099,-1.0093588829040527,,6
renorm,2020-03-19_RD,2020-08-29_RD,RD,RD,163,-0.07429850101470947,-0.11122477054595947,-0.03737223148345947,0.038674939423799515,0.040630776435136795,0.3628924489021301,0.0007380308234132826,0.0018970624078065157,-1.0387681722640991,,5
renorm,2020-03-20_RD,2020-08-29_RD,RD,RD,162,-0.024990171194076538,-0.06426569819450378,0.014285355806350708,0.038674939423799515,0.040630776435136795,0.31722939014434814,0.0008003048715181649,0.0018348318990319967,-0.93914395570755,,5
renorm,2020-06-26_CO,2020-08-29_RD,CO,RD,64,-0.06807616353034973,-0.143155038356781,0.007002711296081543,0.038674939423799515,0.040630776435136795,0.3116976022720337,0.00045338054769672453,0.0011419239453971386,-0.8383923768997192,,1
renorm,2020-07-08_CO,2020-08-29_RD,CO,RD,52,0.06765137612819672,0.05554535984992981,0.07975739240646362,0.038674939423799515,0.040630776435136795,0.31154024600982666,0.0005066129378974438,0.0012747672153636813,-0.9825229048728943,0.5636348724365234,0
renorm,2020-07-14_CO,2020-08-29_RD,CO,RD,46,0.061519891023635864,0.03449162840843201,0.08854815363883972,0.038674939423799515,0.040630776435136795,0.3333030939102173,0.0005752068827860057,0.0009614242007955909,-0.9458721876144409,0.5636348724365234,21
renorm,2020-07-29_RD,2020-08-29_RD,RD,RD,31,0.08311311900615692,0.12827110290527344,0.037955135107040405,0.038674939423799515,0.040630776435136795,0.314029335975647,0.0006354339420795441,0.0016924067167565227,-0.9310851097106934,0.23320092260837555,3
renorm,2020-07-31_CO,2020-08-29_RD,CO,RD,29,0.06497018039226532,0.04066091775894165,0.08927944302558899,0.038674939423799515,0.040630776435136795,0.2398809790611267,0.0005250629619695246,0.0015841084532439709,-1.1536979675292969,0.23320092260837555,26
renorm,2020-08-08_RD,2020-08-29_RD,RD,RD,21,0.021982520818710327,0.06894943118095398,-0.024984389543533325,0.038674939423799515,0.040630776435136795,0.22648775577545166,0.0007734191603958607,0.000906655564904213,-0.9750970602035522,0.12042266130447388,0
renorm,2020-08-11_RD,2020-08-29_RD,RD,RD,18,0.00660175085067749,0.05691361427307129,-0.04371011257171631,0.038674939423799515,0.040630776435136795,0.24930739402770996,0.0009599766344763339,0.0013397816801443696,-0.7913292646408081,0.12042266130447388,2
renorm,2020-08-22_RD,2020-08-29_RD,RD,RD,7,-0.0006129294633865356,-0.011037766933441162,0.00981190800666809,0.038674939423799515,0.040630776435136795,0.273030161857605,0.0009510610834695399,0.0009707441786304116,-1.20834219455719,0.08437453210353851,1
renorm,2020-08-29_RD,2020-08-29_RD,RD,RD,0,0.27876055240631104,0.3141186237335205,0.24340248107910156,0.038674939423799515,0.040630776435136795,0.07033586502075195,0.0007792849210090935,0.0006413459777832031,-0.9795712232589722,0.0,0
fixed,2020-01-27_CO,2020-09-04_RD,CO,RD,221,-1.3976352214813232,-2.5045762062072754,-0.2906942367553711,0.9337761998176575,0.29734039306640625,0.5624440908432007,0.005174021236598492,0.0074749598279595375,1.4033558368682861,0.24727988243103027,11
fixed,2020-01-30_CO,2020-09-04_RD,CO,RD,218,-1.3820509910583496,-2.094768524169922,-0.6693336963653564,0.9980370998382568,0.293844074010849,0.5446377992630005,0.0030000251717865467,0.013676689937710762,1.1272886991500854,0.24727988243103027,16
fixed,2020-02-04_CO,2020-09-04_RD,CO,RD,213,-0.566524863243103,-1.0512690544128418,-0.08178067207336426,0.844251811504364,0.2833530604839325,0.5886996984481812,0.004852251149713993,0.0036215821746736765,0.8476483225822449,0.24727988243103027,10
fixed,2020-02-05_CO,2020-09-04_RD,CO,RD,212,-0.4390155076980591,-0.6894654631614685,-0.18856555223464966,0.9488811492919922,0.3076273202896118,0.5243743658065796,0.0036034532822668552,0.0023176013492047787,0.6800341606140137,0.24727988243103027,11
fixed,2020-02-06_CO,2020-09-04_RD,CO,RD,211,-0.4343107342720032,-0.6970548033714294,-0.1715666651725769,0.9635279178619385,0.3046797811985016,0.5446531176567078,0.007757244631648064,0.004895426332950592,0.7886145114898682,,10
fixed,2020-02-11_CO,2020-09-04_RD,CO,RD,206,-2.6290783882141113,-4.556915283203125,-0.7012410759925842,0.777766764163971,0.24848325550556183,0.49916380643844604,0.0030956945847719908,0.012828107923269272,2.2252771854400635,,10
fixed,2020-02-22_CO,2020-09-04_RD,CO,RD,195,-0.3512084484100342,-0.652599036693573,-0.04981786012649536,0.8906545639038086,0.2627929151058197,0.5602017641067505,0.0026468485593795776,0.004220124799758196,0.40329012274742126,,10
fixed,2020-02-24_CO,2020-09-04_RD,CO,RD,193,-0.7389085292816162,-1.1597156524658203,-0.3181014955043793,0.801313579082489,0.220389723777771,0.5539275407791138,0.004747201222926378,0.00853459071367979,0.9613189697265625,,7
fixed,2020-02-25_CO,2020-09-04_RD,CO,RD,192,-1.058563232421875,-1.6450940370559692,-0.47203248739242554,0.8175870776176453,0.23699434101581573,0.5588756203651428,0.0035798854660242796,0.005845473613590002,1.0295690298080444,,8
fixed,2020-02-28_RD,2020-09-04_RD,RD,RD,189,-1.6503280401229858,-3.1089887619018555,-0.191667377948761,0.7822588086128235,0.22678570449352264,0.5484210252761841,0.006912753917276859,0.005215612705796957,0.9598653316497803,,11
fixed,2020-03-02_RD,2020-09-04_RD,RD,RD,186,-2.251103639602661,-3.6595776081085205,-0.8426299691200256,0.7353633046150208,0.2169017791748047,0.5227031111717224,0.007334197871387005,0.011913024820387363,1.4495213031768799,,13
fixed,2020-03-10_RD,2020-09-04_RD,RD,RD,178,-1.3906816244125366,-2.692337989807129,-0.08902531862258911,0.7770082950592041,0.2683745324611664,0.5382188558578491,0.0037649383302778006,0.00308337714523077,-0.09668324142694473,,13
fixed,2020-03-13_RD,2020-09-04_RD,RD,RD,175,-2.0790209770202637,-3.6185567378997803,-0.5394850373268127,0.8286210894584656,0.24472267925739288,0.5165587663650513,0.011550499126315117,0.011550975032150745,1.1010940074920654,,10
fixed,2020-03-17_RD,2020-09-04_RD,RD,RD,171,-0.5143948793411255,-1.0148327350616455,-0.013956934213638306,0.8433592915534973,0.30182844400405884,0.48113834857940674,0.0047391545958817005,0.002089906018227339,0.45879924297332764,,8
fixed,2020-03-18_RD,2020-09-04_RD,RD,RD,170,-0.6463146209716797,-0.9504541754722595,-0.34217506647109985,0.8475732803344727,0.2812177240848541,0.49557310342788696,0.009105605073273182,0.006152719259262085,0.22201481461524963,,8
fixed,2020-03-19_RD,2020-09-04_RD,RD,RD,169,-1.8770829439163208,-3.4442639350891113,-0.3099020719528198,0.8829711079597473,0.2994968295097351,0.5873159170150757,0.00328777264803648,0.006588749587535858,0.32852256298065186,,8
fixed,2020-03-20_RD,2020-09-04_RD,RD,RD,168,-2.659113645553589,-4.409857273101807,-0.908369779586792,0.7592427134513855,0.2136649340391159,0.509443998336792,0.00552627956494689,0.010673587210476398,1.089499592781067,,9
fixed,2020-06-26_CO,2020-09-04_RD,CO,RD,70,-0.6677064895629883,-1.2336068153381348,-0.10180610418319702,0.6273724436759949,0.1968318670988083,0.6118859648704529,0.005492751486599445,0.004441804718226194,1.1235426664352417,,8
fixed,2020-07-08_CO,2020-09-04_RD,CO,RD,58,-0.9048670530319214,-1.7811594009399414,-0.028574734926223755,0.5819034576416016,0.20358292758464813,0.5377472043037415,0.004455994814634323,0.0027604640927165747,1.224310278892517,0.5636348724365234,3
fixed,2020-07-14_CO,2020-09-04_RD,CO,RD,52,-2.00626277923584,-3.9471075534820557,-0.06541776657104492,0.8074951171875,0.19285471737384796,0.5208514332771301,0.011037438176572323,0.004016839899122715,1.6021347045898438,0.5636348724365234,30
fixed,2020-07-29_RD,2020-09-04_RD,RD,RD,37,-2.6207234859466553,-3.9180996417999268,-1.323347568511963,0.9103686213493347,0.17901229858398438,0.48419272899627686,0.006650220602750778,0.015178002417087555,1.0487133264541626,0.23320092260837555,11
fixed,2020-07-31_CO,2020-09-04_RD,CO,RD,35,-0.9077683687210083,-1.7377365827560425,-0.07780009508132935,0.8762831687927246,0.20539851486682892,0.5396133661270142,0.010982049629092216,0.006481090560555458,-0.16364452242851257,0.23320092260837555,38
fixed,2020-08-08_RD,2020-09-04_RD,RD,RD,27,-4.206734657287598,-8.304237365722656,-0.10923242568969727,0.662061870098114,0.18850059807300568,0.622204065322876,0.019134562462568283,0.003468578914180398,1.2824909687042236,0.12042266130447388,5
fixed,2020-08-11_RD,2020-09-04_RD,RD,RD,24,-6.840989112854004,-11.677923202514648,-2.004054307937622,0.8953099250793457,0.2220134288072586,0.5406560301780701,0.016799794510006905,0.02017144300043583,1.0781500339508057,0.12042266130447388,4
fixed,2020-08-22_RD,2020-09-04_RD,RD,RD,13,-8.534321784973145,-15.044866561889648,-2.0237770080566406,0.8092333674430847,0.22023265063762665,0.6253165602684021,0.015581393614411354,0.024420788511633873,0.6303179860115051,0.08437453210353851,8
fixed,2020-08-29_RD,2020-09-04_RD,RD,RD,6,-1.283357858657837,-0.6042867302894592,-1.9624290466308594,0.5861347317695618,0.20306213200092316,0.562334418296814,0.04836282879114151,0.02344125509262085,-0.7169227600097656,0.0,17
fixed,2020-09-04_RD,2020-09-04_RD,RD,RD,0,0.3052847385406494,0.38650208711624146,0.22406736016273499,0.038253143429756165,0.030062155798077583,0.16677552461624146,0.0008286009542644024,0.0003966023796238005,-0.6279294490814209,0.0,0
renorm,2020-01-27_CO,2020-09-04_RD,CO,RD,221,0.0034287571907043457,-0.005426764488220215,0.012284278869628906,0.038253143429756165,0.030062155798077583,0.43756377696990967,0.0006641409709118307,0.00037463800981640816,-0.6713725328445435,0.24727988243103027,11
renorm,2020-01-30_CO,2020-09-04_RD,CO,RD,218,0.01890788972377777,0.013730853796005249,0.024084925651550293,0.038253143429756165,0.030062155798077583,0.39529383182525635,0.0005558845004998147,0.0005798902711831033,-0.6193742752075195,0.24727988243103027,16
renorm,2020-02-04_CO,2020-09-04_RD,CO,RD,213,0.07957033812999725,0.11287418007850647,0.04626649618148804,0.038253143429756165,0.030062155798077583,0.3918614387512207,0.0005887844017706811,0.000757466652430594,-0.8327289819717407,0.24727988243103027,10
renorm,2020-02-05_CO,2020-09-04_RD,CO,RD,212,0.05247214436531067,0.10913956165313721,-0.004195272922515869,0.038253143429756165,0.030062155798077583,0.39682257175445557,0.0006475507980212569,0.0004008059622719884,-0.7909948229789734,0.24727988243103027,11
renorm,2020-02-06_CO,2020-09-04_RD,CO,RD,211,0.0291326642036438,0.08586063981056213,-0.027595311403274536,0.038253143429756165,0.030062155798077583,0.39665597677230835,0.0007042937213554978,0.0003900279989466071,-0.7434111833572388,,10
renorm,2020-02-11_CO,2020-09-04_RD,CO,RD,206,0.09180192649364471,0.1294989287853241,0.05410492420196533,0.038253143429756165,0.030062155798077583,0.368249773979187,0.0006306949653662741,0.0007400329923257232,-0.7410140037536621,,10
renorm,2020-02-22_CO,2020-09-04_RD,CO,RD,195,0.0952078104019165,0.1250985562801361,0.0653170645236969,0.038253143429756165,0.030062155798077583,0.39160269498825073,0.00047979006194509566,0.0009557133889757097,-0.7674551606178284,,10
renorm,2020-02-24_CO,2020-09-04_RD,CO,RD,193,0.08947892487049103,0.12124043703079224,0.05771741271018982,0.038253143429756165,0.030062155798077583,0.40971535444259644,0.0006409765919670463,0.0010961341904476285,-0.7105045914649963,,7
renorm,2020-02-25_CO,2020-09-04_RD,CO,RD,192,0.030522406101226807,0.03789162635803223,0.023153185844421387,0.038253143429756165,0.030062155798077583,0.4187743067741394,0.0006297541549429297,0.0005601727170869708,-0.4263859987258911,,8
renorm,2020-02-28_RD,2020-09-04_RD,RD,RD,189,0.10310916602611542,0.16224119067192078,0.04397714138031006,0.038253143429756165,0.030062155798077583,0.39550960063934326,0.0007167627918533981,0.0007865874213166535,-0.9501955509185791,,11
renorm,2020-03-02_RD,2020-09-04_RD,RD,RD,186,0.08238516747951508,0.140648752450943,0.024121582508087158,0.038253143429756165,0.030062155798077583,0.39919328689575195,0.0009256204939447343,0.0006940747844055295,-0.7426060438156128,,13
renorm,2020-03-10_RD,2020-09-04_RD,RD,RD,178,0.059136927127838135,0.11506465077400208,0.0032092034816741943,0.038253143429756165,0.030062155798077583,0.4164118766784668,0.0007505728863179684,0.00031884422060102224,-0.9576491117477417,,13
renorm,2020-03-13_RD,2020-09-04_RD,RD,RD,175,0.07785263657569885,0.15881705284118652,-0.0031117796897888184,0.038253143429756165,0.030062155798077583,0.3986048698425293,0.0008412220631726086,5.0710717914626e-05,-0.9757230281829834,,10
renorm,2020-03-17_RD,2020-09-04_RD,RD,RD,171,0.0549607127904892,0.06110024452209473,0.04882118105888367,0.038253143429756165,0.030062155798077583,0.37747132778167725,0.0009923643665388227,0.0004044065426569432,-0.5796934366226196,,8
renorm,2020-03-18_RD,2020-09-04_RD,RD,RD,170,0.029929444193840027,0.10059961676597595,-0.0407407283782959,0.038253143429756165,0.030062155798077583,0.3649600148200989,0.001358194975182414,0.0008967826142907143,-0.8132200241088867,,8
renorm,2020-03-19_RD,2020-09-04_RD,RD,RD,169,-0.0039520263671875,0.0023171603679656982,-0.010221213102340698,0.038253143429756165,0.030062155798077583,0.3800085186958313,0.00084699533181265,0.00031281367409974337,-0.8931334018707275,,8
renorm,2020-03-20_RD,2020-09-04_RD,RD,RD,168,0.03511485457420349,0.03308698534965515,0.03714272379875183,0.038253143429756165,0.030062155798077583,0.38434934616088867,0.0009081797325052321,0.0005127289914526045,-0.8434454202651978,,9
renorm,2020-06-26_CO,2020-09-04_RD,CO,RD,70,0.004111349582672119,-0.06358480453491211,0.07180750370025635,0.038253143429756165,0.030062155798077583,0.35948628187179565,0.0005195479607209563,0.0005457602092064917,-0.7411997318267822,,8
renorm,2020-07-08_CO,2020-09-04_RD,CO,RD,58,0.1164872944355011,0.11632049083709717,0.11665409803390503,0.038253143429756165,0.030062155798077583,0.39317554235458374,0.0005702074849978089,0.0003385996096767485,-0.694823682308197,0.5636348724365234,3
renorm,2020-07-14_CO,2020-09-04_RD,CO,RD,52,0.11200250685214996,0.12040016055107117,0.10360485315322876,0.038253143429756165,0.030062155798077583,0.39502763748168945,0.0006482172757387161,0.0007453184225596488,-0.7756227254867554,0.5636348724365234,30
renorm,2020-07-29_RD,2020-09-04_RD,RD,RD,37,0.17353537678718567,0.2547323703765869,0.09233838319778442,0.038253143429756165,0.030062155798077583,0.3582097291946411,0.0007746850023977458,0.0006442934973165393,-0.8150380849838257,0.23320092260837555,11
renorm,2020-07-31_CO,2020-09-04_RD,CO,RD,35,0.06174907088279724,0.0026832520961761475,0.12081488966941833,0.038253143429756165,0.030062155798077583,0.29040342569351196,0.0006088874069973826,0.0004978306824341416,-0.9235434532165527,0.23320092260837555,38
renorm,2020-08-08_RD,2020-09-04_RD,RD,RD,27,0.14942193031311035,0.19652220606803894,0.10232165455818176,0.038253143429756165,0.030062155798077583,0.3487282395362854,0.0010165395215153694,0.00045461239642463624,-0.7627706527709961,0.12042266130447388,5
renorm,2020-08-11_RD,2020-09-04_RD,RD,RD,24,0.16756553947925568,0.21252036094665527,0.12261071801185608,0.038253143429756165,0.030062155798077583,0.34067797660827637,0.0010651119519025087,0.0010346198687329888,-0.8543194532394409,0.12042266130447388,4
renorm,2020-08-22_RD,2020-09-04_RD,RD,RD,13,-0.011631250381469727,-0.07183429598808289,0.04857179522514343,0.038253143429756165,0.030062155798077583,0.4015229344367981,0.001065008225850761,0.000770940852817148,-0.9831734299659729,0.08437453210353851,8
renorm,2020-08-29_RD,2020-09-04_RD,RD,RD,6,0.21167819201946259,0.2990373373031616,0.12431904673576355,0.038253143429756165,0.030062155798077583,0.33218634128570557,0.0014013337204232812,0.0004300806613173336,-0.8461803197860718,0.0,17
renorm,2020-09-04_RD,2020-09-04_RD,RD,RD,0,0.30548059940338135,0.38665589690208435,0.22430533170700073,0.038253143429756165,0.030062155798077583,0.16677552461624146,0.0008224049815908074,0.00039436359656974673,-0.6343117952346802,0.0,0
fixed,2020-01-27_CO,2020-09-24_CO,CO,CO,241,-6.023385047912598,-1.370741605758667,-10.676029205322266,1.0941675901412964,0.2949751019477844,0.5226516127586365,0.011925811879336834,0.031963638961315155,-0.8813333511352539,0.19809134304523468,12
fixed,2020-01-30_CO,2020-09-24_CO,CO,CO,238,-4.921586990356445,-4.065867900848389,-5.777305603027344,1.095441222190857,0.29507097601890564,0.5167105793952942,0.004672402050346136,0.019290488213300705,-0.9324076175689697,0.19809134304523468,14
fixed,2020-02-04_CO,2020-09-24_CO,CO,CO,233,-5.7255539894104,-8.132460594177246,-3.3186471462249756,1.0000489950180054,0.3008444011211395,0.5738043189048767,0.004387481603771448,0.013219363056123257,-0.2522426247596741,0.19809134304523468,8
fixed,2020-02-05_CO,2020-09-24_CO,CO,CO,232,-0.44578924775123596,-0.7468904852867126,-0.14468801021575928,1.0906063318252563,0.3244185149669647,0.49908292293548584,0.005458261352032423,0.0042727794498205185,-0.5933231115341187,0.19809134304523468,11
fixed,2020-02-06_CO,2020-09-24_CO,CO,CO,231,-1.0837453603744507,-1.8713350296020508,-0.2961556315422058,1.00224769115448,0.3096785247325897,0.5696841478347778,0.004258166067302227,0.003478897735476494,-0.9230728149414062,,10
fixed,2020-02-11_CO,2020-09-24_CO,CO,CO,226,-7.958062171936035,-3.62161922454834,-12.294506072998047,0.8543516993522644,0.24305401742458344,0.4960694909095764,0.0036011298652738333,0.026129771023988724,-0.5834305882453918,,9
fixed,2020-02-22_CO,2020-09-24_CO,CO,CO,215,-9.431114196777344,-13.299022674560547,-5.563206195831299,0.9952390193939209,0.2673359811306,0.5087023973464966,0.005585609003901482,0.018664559349417686,-0.22308634221553802,,9
fixed,2020-02-24_CO,2020-09-24_CO,CO,CO,213,-7.496647834777832,-10.959331512451172,-4.03396463394165,0.9106249809265137,0.2129419595003128,0.505201518535614,0.004038514103740454,0.012983954511582851,-0.07681114226579666,,5
fixed,2020-02-25_CO,2020-09-24_CO,CO,CO,212,-1.2861711978912354,-1.599589228630066,-0.9727532267570496,0.8728373050689697,0.2248811274766922,0.5383392572402954,0.003918296191841364,0.006533605512231588,-0.704168975353241,,7
fixed,2020-02-28_RD,2020-09-24_CO,RD,CO,209,-8.796161651611328,-8.355244636535645,-9.237077713012695,0.953310489654541,0.22887486219406128,0.48948919773101807,0.005080117844045162,0.026523137465119362,-0.626448392868042,,9
fixed,2020-03-02_RD,2020-09-24_CO,RD,CO,206,-9.635560035705566,-13.672406196594238,-5.5987138748168945,0.7986014485359192,0.192280575633049,0.48514479398727417,0.005416794680058956,0.02083674445748329,-0.2755833566188812,,10
fixed,2020-03-10_RD,2020-09-24_CO,RD,CO,198,-3.643983840942383,-2.0335235595703125,-5.254444122314453,0.8832938075065613,0.27432981133461,0.4668753743171692,0.0036399555392563343,0.01955491304397583,-0.9745171070098877,,10
fixed,2020-03-13_RD,2020-09-24_CO,RD,CO,195,-1.3872082233428955,-0.6045079827308655,-2.1699085235595703,0.9056275486946106,0.23114649951457977,0.5048035383224487,0.004691390320658684,0.014170807786285877,-1.0934114456176758,,8
fixed,2020-03-17_RD,2020-09-24_CO,RD,CO,191,-6.555950164794922,-11.736702919006348,-1.375196933746338,0.9871495366096497,0.3274541199207306,0.5865626931190491,0.00810430757701397,0.009525230154395103,-0.9260333180427551,,8
fixed,2020-03-18_RD,2020-09-24_CO,RD,CO,190,-12.93681812286377,-21.252431869506836,-4.6212053298950195,0.9973661303520203,0.30376720428466797,0.529402494430542,0.009219103492796421,0.015281897969543934,-0.41801124811172485,,9
fixed,2020-03-19_RD,2020-09-24_CO,RD,CO,189,-4.833304405212402,-4.099083423614502,-5.5675249099731445,1.0162934064865112,0.3165424168109894,0.564675509929657,0.0038317625876516104,0.01677640527486801,-0.8722331523895264,,8
fixed,2020-03-20_RD,2020-09-24_CO,RD,CO,188,-9.128728866577148,-12.852311134338379,-5.405147075653076,0.8803492188453674,0.2117176651954651,0.5387415885925293,0.004554505459964275,0.017016641795635223,-0.48646432161331177,,6
fixed,2020-06-26_CO,2020-09-24_CO,CO,CO,90,-10.297192573547363,-13.957098007202148,-6.637287139892578,0.609091579914093,0.15495100617408752,0.5362495183944702,0.005182634573429823,0.02263331040740013,0.09295129776000977,,7
fixed,2020-07-08_CO,2020-09-24_CO,CO,CO,78,-3.4315857887268066,-4.882840156555176,-1.9803318977355957,0.636637270450592,0.16911859810352325,0.477361261844635,0.0013374220579862595,0.012202378362417221,-0.16354161500930786,0.5955708622932434,4
fixed,2020-07-14_CO,2020-09-24_CO,CO,CO,72,-5.671116828918457,-7.057980537414551,-4.284252643585205,0.7570536136627197,0.14679574966430664,0.4668525457382202,0.0036205865908414125,0.014353142119944096,-0.2472100406885147,0.5955708622932434,27
fixed,2020-07-29_RD,2020-09-24_CO,RD,CO,57,-23.007017135620117,-36.843685150146484,-9.17034912109375,0.8821026682853699,0.15317614376544952,0.43517976999282837,0.006045886315405369,0.030679086223244667,0.24222257733345032,0.22505252063274384,9
fixed,2020-07-31_CO,2020-09-24_CO,CO,CO,55,-6.252607822418213,-4.9165802001953125,-7.588635444641113,0.8280537724494934,0.17569084465503693,0.47912049293518066,0.010422814637422562,0.023022621870040894,-0.412687748670578,0.22505252063274384,36
fixed,2020-08-08_RD,2020-09-24_CO,RD,CO,47,-3.639690399169922,-6.967249870300293,-0.31213080883026123,0.47687622904777527,0.11473510414361954,0.4542660117149353,0.0041519165970385075,0.003696578089147806,-0.7544841170310974,0.07962661981582642,1
fixed,2020-08-11_RD,2020-09-24_CO,RD,CO,44,-21.84072494506836,-36.580230712890625,-7.101219177246094,0.9215803146362305,0.184416726231575,0.46049344539642334,0.015025042928755283,0.027339886873960495,-0.2848450243473053,0.07962661981582642,2
fixed,2020-08-22_RD,2020-09-24_CO,RD,CO,33,-8.272526741027832,-15.638982772827148,-0.9060710668563843,0.7466812133789062,0.17808158695697784,0.5307040214538574,0.006131819449365139,0.006996975280344486,-0.0887819454073906,0.07544735074043274,7
fixed,2020-08-29_RD,2020-09-24_CO,RD,CO,26,-4.66839599609375,-8.781062126159668,-0.5557296872138977,0.4732201099395752,0.16036321222782135,0.4646289348602295,0.01729091815650463,0.005410096608102322,-0.9237484931945801,0.12166537344455719,13
fixed,2020-09-04_RD,2020-09-24_CO,RD,CO,20,-12.18267822265625,-15.99300479888916,-8.372350692749023,0.5246275067329407,0.1687438040971756,0.5133018493652344,0.01253705658018589,0.02426920458674431,-0.3438551723957062,0.12166537344455719,5
fixed,2020-09-24_CO,2020-09-24_CO,CO,CO,0,0.26341712474823,0.28511083126068115,0.2417234480381012,0.06341225653886795,0.01820206828415394,0.09848308563232422,0.0004858652828261256,0.00022925203666090965,-0.7977437973022461,0.0,0
renorm,2020-01-27_CO,2020-09-24_CO,CO,CO,241,-0.06252887845039368,-0.08169719576835632,-0.04336056113243103,0.06341225653886795,0.01820206828415394,0.364182710647583,0.0005565048195421696,0.00023268276709131896,-1.087730884552002,0.19809134304523468,12
renorm,2020-01-30_CO,2020-09-24_CO,CO,CO,238,-0.017133444547653198,-0.003088027238845825,-0.03117886185646057,0.06341225653886795,0.01820206828415394,0.35100167989730835,0.0005086659220978618,0.0004643213178496808,-0.8673381209373474,0.19809134304523468,14
renorm,2020-02-04_CO,2020-09-24_CO,CO,CO,233,-0.0032271146774291992,-0.007776767015457153,0.0013225376605987549,0.06341225653886795,0.01820206828415394,0.3418082594871521,0.000605644250754267,0.00017844092508312315,-0.7392889857292175,0.19809134304523468,8
renorm,2020-02-05_CO,2020-09-24_CO,CO,CO,232,-0.08594250679016113,-0.09886026382446289,-0.07302474975585938,0.06341225653886795,0.01820206828415394,0.33462798595428467,0.0006363053689710796,0.0006086647626943886,-0.598103940486908,0.19809134304523468,11
renorm,2020-02-06_CO,2020-09-24_CO,CO,CO,231,-0.10966572165489197,-0.07752680778503418,-0.14180463552474976,0.06341225653886795,0.01820206828415394,0.3738536834716797,0.0006380495033226907,0.00045450605102814734,-0.7698615193367004,,10
renorm,2020-02-11_CO,2020-09-24_CO,CO,CO,226,-0.04765397310256958,-0.03607115149497986,-0.0592367947101593,0.06341225653886795,0.01820206828415394,0.3024982810020447,0.0006779510295018554,0.0002503047580830753,-0.7810888290405273,,9
renorm,2020-02-22_CO,2020-09-24_CO,CO,CO,215,0.027456387877464294,0.02721548080444336,0.02769729495048523,0.06341225653886795,0.01820206828415394,0.31784653663635254,0.00046577746979892254,0.00018554700363893062,-0.7399328947067261,,9
renorm,2020-02-24_CO,2020-09-24_CO,CO,CO,213,0.03968639671802521,0.08076360821723938,-0.0013908147811889648,0.06341225653886795,0.01820206828415394,0.327972948551178,0.0005265154177322984,0.00016844275523908436,-0.7626278400421143,,5
renorm,2020-02-25_CO,2020-09-24_CO,CO,CO,212,-0.15738405287265778,-0.19339081645011902,-0.12137728929519653,0.06341225653886795,0.01820206828415394,0.33811599016189575,0.0005849691806361079,0.0005073564825579524,-0.6425083875656128,,7
renorm,2020-02-28_RD,2020-09-24_CO,RD,CO,209,-0.21317853033542633,-0.37191998958587646,-0.054437071084976196,0.06341225653886795,0.01820206828415394,0.29805952310562134,0.0006175008020363748,0.0005595950642600656,-0.8909822106361389,,9
renorm,2020-03-02_RD,2020-09-24_CO,RD,CO,206,-0.2557675838470459,-0.40507423877716064,-0.10646095871925354,0.06341225653886795,0.01820206828415394,0.2963172197341919,0.0007688154000788927,0.00015620922204107046,-0.7220562100410461,,10
renorm,2020-03-10_RD,2020-09-24_CO,RD,CO,198,-0.2983276844024658,-0.5218660831451416,-0.07478928565979004,0.06341225653886795,0.01820206828415394,0.31947630643844604,0.0006109770620241761,0.0003243902756366879,-0.8517441749572754,,10
renorm,2020-03-13_RD,2020-09-24_CO,RD,CO,195,-0.19256483018398285,-0.31891369819641113,-0.06621596217155457,0.06341225653886795,0.01820206828415394,0.3324556350708008,0.0007371925166808069,0.0005251048714853823,-1.0140058994293213,,8
renorm,2020-03-17_RD,2020-09-24_CO,RD,CO,191,-0.2794356942176819,-0.5014768242835999,-0.057394564151763916,0.06341225653886795,0.01820206828415394,0.3382423520088196,0.0007953423773869872,0.00015584110224153847,-0.7365281581878662,,8
renorm,2020-03-18_RD,2020-09-24_CO,RD,CO,190,-0.33153656125068665,-0.49216920137405396,-0.17090392112731934,0.06341225653886795,0.01820206828415394,0.3310546278953552,0.001201906707137823,0.0006297191139310598,-0.8443300127983093,,9
renorm,2020-03-19_RD,2020-09-24_CO,RD,CO,189,-0.31506577134132385,-0.5083722472190857,-0.12175929546356201,0.06341225653886795,0.01820206828415394,0.3587747812271118,0.0007719087298028171,0.00027175521245226264,-1.0782325267791748,,8
renorm,2020-03-20_RD,2020-09-24_CO,RD,CO,188,-0.2871869206428528,-0.4600030779838562,-0.11437079310417175,0.06341225653886795,0.01820206828415394,0.3116353750228882,0.0008451273897662759,0.0003348441096022725,-0.8595554828643799,,6
renorm,2020-06-26_CO,2020-09-24_CO,CO,CO,90,0.04960879683494568,0.022415995597839355,0.076801598072052,0.06341225653886795,0.01820206828415394,0.2939774990081787,0.0004474960151128471,0.0006960724713280797,-0.8805819749832153,,7
renorm,2020-07-08_CO,2020-09-24_CO,CO,CO,78,0.10574448108673096,0.12047949433326721,0.0910094678401947,0.06341225653886795,0.01820206828415394,0.3061906099319458,0.0005349040147848427,0.00035857295733876526,-0.6397428512573242,0.5955708622932434,4
renorm,2020-07-14_CO,2020-09-24_CO,CO,CO,72,0.023502960801124573,0.003097832202911377,0.04390808939933777,0.06341225653886795,0.01820206828415394,0.32686764001846313,0.0005840203375555575,0.0007831124239601195,-0.7435972094535828,0.5955708622932434,27
renorm,2020-07-29_RD,2020-09-24_CO,RD,CO,57,-0.06545475125312805,-0.07090163230895996,-0.06000787019729614,0.06341225653886795,0.01820206828415394,0.27911698818206787,0.0006367205060087144,0.00043990922858938575,-0.9741036891937256,0.22505252063274384,9
renorm,2020-07-31_CO,2020-09-24_CO,CO,CO,55,0.057750850915908813,0.019879549741744995,0.09562215209007263,0.06341225653886795,0.01820206828415394,0.20398682355880737,0.0005133931408636272,0.0001861355412984267,-0.9094696044921875,0.22505252063274384,36
renorm,2020-08-08_RD,2020-09-24_CO,RD,CO,47,-0.07762280106544495,-0.082527756690979,-0.07271784543991089,0.06341225653886795,0.01820206828415394,0.1957184076309204,0.0008048051386140287,0.0001394016871927306,-1.0090676546096802,0.07962661981582642,1
renorm,2020-08-11_RD,2020-09-24_CO,RD,CO,44,-0.20569831132888794,-0.34402209520339966,-0.06737452745437622,0.06341225653886795,0.01820206828415394,0.2659894824028015,0.0008902644622139633,0.0004189236497040838,-0.665690541267395,0.07962661981582642,2
renorm,2020-08-22_RD,2020-09-24_CO,RD,CO,33,-0.12558001279830933,-0.29547393321990967,0.044313907623291016,0.06341225653886795,0.01820206828415394,0.3129613399505615,0.0009069511434063315,0.00017558684339746833,-0.9381915330886841,0.07544735074043274,7
renorm,2020-08-29_RD,2020-09-24_CO,RD,CO,26,-0.216843843460083,-0.11246353387832642,-0.3212241530418396,0.06341225653886795,0.01820206828415394,0.23272883892059326,0.001054296619258821,0.0006025985348969698,-1.1464656591415405,0.12166537344455719,13
renorm,2020-09-04_RD,2020-09-24_CO,RD,CO,20,-0.10008494555950165,-0.11616101861000061,-0.08400887250900269,0.06341225653886795,0.01820206828415394,0.32614433765411377,0.0007752362289465964,0.0004190743202343583,-0.9295254349708557,0.12166537344455719,5
renorm,2020-09-24_CO,2020-09-24_CO,CO,CO,0,0.26374179124832153,0.28508469462394714,0.2423989176750183,0.06341225653886795,0.01820206828415394,0.09848308563232422,0.00047153892228379846,0.00023233193496707827,-0.7977288961410522,0.0,0
fixed,2020-01-27_CO,2020-09-28_CO,CO,CO,245,-8.85992431640625,-12.927911758422852,-4.791936874389648,0.9647472500801086,0.26482656598091125,0.561905026435852,0.006109469570219517,0.020185545086860657,-0.4764351546764374,0.26599571108818054,12
fixed,2020-01-30_CO,2020-09-28_CO,CO,CO,242,-5.582205772399902,-5.584458827972412,-5.579952239990234,1.0287927389144897,0.2785100042819977,0.5766509175300598,0.0052098617888987064,0.020247764885425568,-0.3996341824531555,0.26599571108818054,14
fixed,2020-02-04_CO,2020-09-28_CO,CO,CO,237,-1.1945219039916992,-1.2441543340682983,-1.1448893547058105,0.9083693027496338,0.268648624420166,0.5586588382720947,0.006896880455315113,0.009024862200021744,-0.6101843118667603,0.26599571108818054,8
fixed,2020-02-05_CO,2020-09-28_CO,CO,CO,236,-2.2028872966766357,-2.5481948852539062,-1.8575798273086548,0.9973523020744324,0.2780635356903076,0.5148495435714722,0.004883512854576111,0.013423550873994827,-0.6417462825775146,0.26599571108818054,11
fixed,2020-02-06_CO,2020-09-28_CO,CO,CO,235,-4.96041202545166,-6.556317329406738,-3.3645071983337402,1.0101500749588013,0.2880859673023224,0.58359694480896,0.007114545442163944,0.016147848218679428,-0.4744793176651001,,10
fixed,2020-02-11_CO,2020-09-28_CO,CO,CO,230,-2.6625723838806152,-2.763669490814209,-2.5614750385284424,0.8496882319450378,0.24342499673366547,0.5821864008903503,0.0022565433755517006,0.013311783783137798,-0.7495157122612,,9
fixed,2020-02-22_CO,2020-09-28_CO,CO,CO,219,-1.5844155550003052,-1.5937501192092896,-1.5750809907913208,0.9017583727836609,0.2406836301088333,0.5191865563392639,0.0034834397956728935,0.008544119074940681,-0.4798697233200073,,10
fixed,2020-02-24_CO,2020-09-28_CO,CO,CO,217,-5.544025421142578,-10.021577835083008,-1.0664726495742798,0.7974543571472168,0.18901394307613373,0.4897725582122803,0.0026981804985553026,0.009578823111951351,-0.16368383169174194,,7
fixed,2020-02-25_CO,2020-09-28_CO,CO,CO,216,-2.5537467002868652,-3.077078342437744,-2.0304152965545654,0.8092606663703918,0.20080526173114777,0.5199583768844604,0.0023035071790218353,0.009817305020987988,-0.6550964713096619,,8
fixed,2020-02-28_RD,2020-09-28_CO,RD,CO,213,-14.984092712402344,-28.124521255493164,-1.8436633348464966,0.8765191435813904,0.20257969200611115,0.541783332824707,0.005933078471571207,0.009835862554609776,-0.21913722157478333,,9
fixed,2020-03-02_RD,2020-09-28_CO,RD,CO,210,-2.1102864742279053,-2.688084602355957,-1.5324885845184326,0.7539703845977783,0.1850167065858841,0.5168946981430054,0.003130965633317828,0.011606907472014427,-0.4295579493045807,,12
fixed,2020-03-10_RD,2020-09-28_CO,RD,CO,202,-7.512979030609131,-14.705802917480469,-0.32015562057495117,0.8634219765663147,0.26281413435935974,0.6096662282943726,0.009526537731289864,0.004746955819427967,-0.7273262143135071,,11
fixed,2020-03-13_RD,2020-09-28_CO,RD,CO,199,-6.767604351043701,-11.663049697875977,-1.8721587657928467,0.9249475598335266,0.22620296478271484,0.552032470703125,0.005007593892514706,0.011690303683280945,-0.6613095998764038,,9
fixed,2020-03-17_RD,2020-09-28_CO,RD,CO,195,-1.2557145357131958,-1.2794806957244873,-1.2319483757019043,0.8917438387870789,0.2922656834125519,0.5376631021499634,0.005296496674418449,0.01128576323390007,-1.1259933710098267,,10
fixed,2020-03-18_RD,2020-09-28_CO,RD,CO,194,-1.1228992938995361,-0.4656844735145569,-1.780113935470581,0.9167926907539368,0.2577398121356964,0.5149785280227661,0.01110022235661745,0.010546058416366577,-0.962456464767456,,10
fixed,2020-03-19_RD,2020-09-28_CO,RD,CO,193,-6.255830764770508,-11.329870223999023,-1.1817913055419922,0.9574405550956726,0.28741344809532166,0.5645430684089661,0.004273491445928812,0.006963958032429218,-0.6898217797279358,,8
fixed,2020-03-20_RD,2020-09-28_CO,RD,CO,192,-21.315202713012695,-39.46878433227539,-3.161623954772949,0.8645923733711243,0.20394612848758698,0.5350080728530884,0.003803802654147148,0.01383944507688284,0.08592167496681213,,8
fixed,2020-06-26_CO,2020-09-28_CO,CO,CO,94,-3.873183012008667,-5.812471389770508,-1.9338946342468262,0.6744945049285889,0.17666666209697723,0.5798258185386658,0.00384536013007164,0.012090343981981277,-0.4750443696975708,,7
fixed,2020-07-08_CO,2020-09-28_CO,CO,CO,82,-3.3525476455688477,-4.964570999145508,-1.7405240535736084,0.5809669494628906,0.1663852035999298,0.5220030546188354,0.001980832312256098,0.01083273347467184,-0.097404845058918,0.5509034395217896,4
fixed,2020-07-14_CO,2020-09-28_CO,CO,CO,76,-0.4933153986930847,-0.21403920650482178,-0.7725915908813477,0.7413687705993652,0.151897132396698,0.5415863394737244,0.005187954753637314,0.006142689846456051,-0.519616961479187,0.5509034395217896,28
fixed,2020-07-29_RD,2020-09-28_CO,RD,CO,61,-11.540884017944336,-20.02553939819336,-3.056230068206787,0.822360098361969,0.14932465553283691,0.5253640413284302,0.0020647281780838966,0.015627538785338402,-0.007152264937758446,0.1873166859149933,8
fixed,2020-07-31_CO,2020-09-28_CO,CO,CO,59,-0.5346521139144897,-0.6496142148971558,-0.4196900725364685,0.9342867732048035,0.20193500816822052,0.5621458888053894,0.0027767550200223923,0.004670507274568081,-0.5580359697341919,0.1873166859149933,36
fixed,2020-08-08_RD,2020-09-28_CO,RD,CO,51,-6.9052276611328125,-13.310483932495117,-0.49997055530548096,0.6719607710838318,0.168527290225029,0.6164698004722595,0.0039404695853590965,0.00470962468534708,-0.13353881239891052,0.16444051265716553,3
fixed,2020-08-11_RD,2020-09-28_CO,RD,CO,48,-5.4897236824035645,-3.9116263389587402,-7.0678205490112305,0.9257125854492188,0.1725715845823288,0.5595386028289795,0.017981737852096558,0.02595832757651806,-0.5345748662948608,0.16444051265716553,4
fixed,2020-08-22_RD,2020-09-28_CO,RD,CO,37,-4.281850337982178,-6.959724426269531,-1.6039766073226929,0.8947963118553162,0.2094612866640091,0.6066709160804749,0.012242955155670643,0.011036355048418045,-0.11528825759887695,0.13746613264083862,6
fixed,2020-08-29_RD,2020-09-28_CO,RD,CO,30,-1.8677338361740112,-0.9925556778907776,-2.7429118156433105,0.6193011403083801,0.1850002557039261,0.6204199194908142,0.03575490042567253,0.014132000505924225,-0.8594289422035217,0.14454475045204163,14
fixed,2020-09-04_RD,2020-09-28_CO,RD,CO,24,-8.037328720092773,-12.183121681213379,-3.891535758972168,0.549004316329956,0.16707825660705566,0.5285009145736694,0.006635930854827166,0.014070474542677402,-0.2983722686767578,0.14454475045204163,5
fixed,2020-09-24_CO,2020-09-28_CO,CO,CO,4,-1.6753270626068115,-2.7276201248168945,-0.6230340600013733,0.5390533208847046,0.13196754455566406,0.5481602549552917,0.002431571949273348,0.00813410896807909,-0.19318634271621704,0.12570379674434662,3
fixed,2020-09-28_CO,2020-09-28_CO,CO,CO,0,0.3307841122150421,0.34637361764907837,0.31519460678100586,0.04795389249920845,0.02086702547967434,0.24906504154205322,0.00039891983033157885,0.00036033004289492965,-0.527312695980072,0.0,0
renorm,2020-01-27_CO,2020-09-28_CO,CO,CO,245,-0.17296120524406433,-0.23051655292510986,-0.1154058575630188,0.04795389249920845,0.02086702547967434,0.4291452169418335,0.0006430894718505442,0.00014142102736514062,-0.92470782995224,0.26599571108818054,12
renorm,2020-01-30_CO,2020-09-28_CO,CO,CO,242,-0.09394067525863647,-0.12934935092926025,-0.058531999588012695,0.04795389249920845,0.02086702547967434,0.3681412935256958,0.0005151345976628363,0.0007844005012884736,-0.7646878361701965,0.26599571108818054,14
renorm,2020-02-04_CO,2020-09-28_CO,CO,CO,237,-0.03776790201663971,-0.048332035541534424,-0.027203768491744995,0.04795389249920845,0.02086702547967434,0.3565468192100525,0.0005397312343120575,0.0008363042725250125,-0.8360723853111267,0.26599571108818054,8
renorm,2020-02-05_CO,2020-09-28_CO,CO,CO,236,-0.09478768706321716,-0.13743001222610474,-0.05214536190032959,0.04795389249920845,0.02086702547967434,0.3874095678329468,0.0006759291281923652,0.0006012872327119112,-0.6827235817909241,0.26599571108818054,11
renorm,2020-02-06_CO,2020-09-28_CO,CO,CO,235,-0.11206099390983582,-0.13225805759429932,-0.09186393022537231,0.04795389249920845,0.02086702547967434,0.38188374042510986,0.0005839751684106886,0.0009176044259220362,-0.7580893635749817,,10
renorm,2020-02-11_CO,2020-09-28_CO,CO,CO,230,-0.08498011529445648,-0.05952855944633484,-0.11043167114257812,0.04795389249920845,0.02086702547967434,0.3547821044921875,0.0005980536225251853,0.0008466909057460725,-0.7635456919670105,,9
renorm,2020-02-22_CO,2020-09-28_CO,CO,CO,219,-0.01654529571533203,-0.02702602744102478,-0.006064563989639282,0.04795389249920845,0.02086702547967434,0.3494764566421509,0.0004827006487175822,0.0007765166228637099,-0.6553504467010498,,10
renorm,2020-02-24_CO,2020-09-28_CO,CO,CO,217,0.004076942801475525,0.03873148560523987,-0.03057760000228882,0.04795389249920845,0.02086702547967434,0.3700278401374817,0.0005509183392859995,0.0011772210709750652,-0.5461229085922241,,7
renorm,2020-02-25_CO,2020-09-28_CO,CO,CO,216,-0.14244437217712402,-0.15225714445114136,-0.1326315999031067,0.04795389249920845,0.02086702547967434,0.3911968469619751,0.0005618588184006512,0.000839333632029593,-0.6066811084747314,,8
renorm,2020-02-28_RD,2020-09-28_CO,RD,CO,213,-0.26411062479019165,-0.4601441025733948,-0.06807714700698853,0.04795389249920845,0.02086702547967434,0.37356138229370117,0.0006446072948165238,0.000713270390406251,-0.8530974984169006,,9
renorm,2020-03-02_RD,2020-09-28_CO,RD,CO,210,-0.29424920678138733,-0.48752862215042114,-0.10096979141235352,0.04795389249920845,0.02086702547967434,0.3593422770500183,0.0008360458887182176,0.0010754521936178207,-0.6315083503723145,,12
renorm,2020-03-10_RD,2020-09-28_CO,RD,CO,202,-0.249619722366333,-0.4291679859161377,-0.07007145881652832,0.04795389249920845,0.02086702547967434,0.3918938636779785,0.0006612485740333796,0.00047293934039771557,-0.8475275039672852,,11
renorm,2020-03-13_RD,2020-09-28_CO,RD,CO,199,-0.18322844803333282,-0.3060092329978943,-0.06044766306877136,0.04795389249920845,0.02086702547967434,0.36332714557647705,0.0006862282752990723,0.0005573392263613641,-0.957622766494751,,9
renorm,2020-03-17_RD,2020-09-28_CO,RD,CO,195,-0.3401331901550293,-0.6618033647537231,-0.01846298575401306,0.04795389249920845,0.02086702547967434,0.3722182512283325,0.0007927945698611438,0.00035624083830043674,-0.5666458606719971,,10
renorm,2020-03-18_RD,2020-09-28_CO,RD,CO,194,-0.3466928005218506,-0.592953085899353,-0.10043248534202576,0.04795389249920845,0.02086702547967434,0.36183834075927734,0.0011320557678118348,0.0003509388188831508,-0.6620160937309265,,10
renorm,2020-03-19_RD,2020-09-28_CO,RD,CO,193,-0.3207322061061859,-0.5195515751838684,-0.12191283702850342,0.04795389249920845,0.02086702547967434,0.3598576784133911,0.0007764524780213833,0.0005780952633358538,-0.891318678855896,,8
renorm,2020-03-20_RD,2020-09-28_CO,RD,CO,192,-0.2628885805606842,-0.3889085650444031,-0.13686859607696533,0.04795389249920845,0.02086702547967434,0.35985124111175537,0.0008209674851968884,0.0001989449083339423,-0.802682638168335,,8
renorm,2020-06-26_CO,2020-09-28_CO,CO,CO,94,-0.028553098440170288,-0.061464548110961914,0.004358351230621338,0.04795389249920845,0.02086702547967434,0.35114192962646484,0.0004299920692574233,0.0005547924665734172,-0.9991238117218018,,7
renorm,2020-07-08_CO,2020-09-28_CO,CO,CO,82,0.08156652748584747,0.05310708284378052,0.11002597212791443,0.04795389249920845,0.02086702547967434,0.35254383087158203,0.0004898507031612098,0.0003154011210426688,-0.7328034043312073,0.5509034395217896,4
renorm,2020-07-14_CO,2020-09-28_CO,CO,CO,76,0.02998875081539154,0.0556006133556366,0.004376888275146484,0.04795389249920845,0.02086702547967434,0.36493992805480957,0.000615247874520719,0.00037999331834726036,-0.8390949368476868,0.5509034395217896,28
renorm,2020-07-29_RD,2020-09-28_CO,RD,CO,61,-0.22989901900291443,-0.3474619388580322,-0.11233609914779663,0.04795389249920845,0.02086702547967434,0.368829607963562,0.0006480801966972649,0.0009178537875413895,-0.7832881212234497,0.1873166859149933,8
renorm,2020-07-31_CO,2020-09-28_CO,CO,CO,59,-0.1013878881931305,-0.20295390486717224,0.00017812848091125488,0.04795389249920845,0.02086702547967434,0.3123168349266052,0.0005296538583934307,0.0008169751963578165,-1.055977463722229,0.1873166859149933,36
renorm,2020-08-08_RD,2020-09-28_CO,RD,CO,51,-0.2153100073337555,-0.28896814584732056,-0.14165186882019043,0.04795389249920845,0.02086702547967434,0.33520591259002686,0.000841676548589021,0.0009083107579499483,-0.7816799879074097,0.16444051265716553,3
renorm,2020-08-11_RD,2020-09-28_CO,RD,CO,48,-0.22941571474075317,-0.30206650495529175,-0.1567649245262146,0.04795389249920845,0.02086702547967434,0.32511717081069946,0.0009396842215210199,0.0011831956217065454,-0.7757144570350647,0.16444051265716553,4
renorm,2020-08-22_RD,2020-09-28_CO,RD,CO,37,-0.2865028977394104,-0.5785087943077087,0.005502969026565552,0.04795389249920845,0.02086702547967434,0.3638240098953247,0.0009410350467078388,0.0006037132116034627,-1.0920588970184326,0.13746613264083862,6
renorm,2020-08-29_RD,2020-09-28_CO,RD,CO,30,-0.2477390170097351,-0.30639809370040894,-0.18907994031906128,0.04795389249920845,0.02086702547967434,0.33336341381073,0.0013031192356720567,0.0006749160820618272,-0.8806974291801453,0.14454475045204163,14
renorm,2020-09-04_RD,2020-09-28_CO,RD,CO,24,-0.15329353511333466,-0.1770227551460266,-0.1295643150806427,0.04795389249920845,0.02086702547967434,0.32473623752593994,0.0007624960853718221,0.0011104377917945385,-0.7014055848121643,0.14454475045204163,5
renorm,2020-09-24_CO,2020-09-28_CO,CO,CO,4,0.20542104542255402,0.22070103883743286,0.19014105200767517,0.04795389249920845,0.02086702547967434,0.2796514630317688,0.0005007209838367999,0.0005041614058427513,-0.76214998960495,0.12570379674434662,3
renorm,2020-09-28_CO,2020-09-28_CO,CO,CO,0,0.33142778277397156,0.34630000591278076,0.31655555963516235,0.04795389249920845,0.02086702547967434,0.24906504154205322,0.0003950836253352463,0.00037020555464550853,-0.5277389883995056,0.0,0
fixed,2020-01-27_CO,2020-09-29_CO,CO,CO,246,-1.4865849018096924,-0.5886520743370056,-2.3845176696777344,1.0092746019363403,0.26884791254997253,0.5504046082496643,0.003548264969140291,0.013651765882968903,-1.5699876546859741,0.26599571108818054,12
fixed,2020-01-30_CO,2020-09-29_CO,CO,CO,243,-2.727936267852783,-1.52589750289917,-3.9299750328063965,1.0557069778442383,0.27282458543777466,0.5139746069908142,0.0028631375171244144,0.017018519341945648,-1.2276690006256104,0.26599571108818054,13
fixed,2020-02-04_CO,2020-09-29_CO,CO,CO,238,-0.8975527286529541,-1.2912116050720215,-0.5038939714431763,0.9519153237342834,0.2645209729671478,0.552428662776947,0.0030661255586892366,0.0074064540676772594,-1.3689721822738647,0.26599571108818054,8
fixed,2020-02-05_CO,2020-09-29_CO,CO,CO,237,-1.0406010150909424,-1.6222139596939087,-0.4589881896972656,1.0488635301589966,0.2852940559387207,0.5095143914222717,0.003148041432723403,0.006762179546058178,-1.135412573814392,0.26599571108818054,10
fixed,2020-02-06_CO,2020-09-29_CO,CO,CO,236,-1.3731330633163452,-1.3337244987487793,-1.4125416278839111,1.056708574295044,0.29002881050109863,0.5451782941818237,0.007706725969910622,0.007982702925801277,-1.2640421390533447,,9
fixed,2020-02-11_CO,2020-09-29_CO,CO,CO,231,-2.7518577575683594,-0.89179527759552,-4.611920356750488,0.8705162405967712,0.2355230301618576,0.5454217195510864,0.0021107885986566544,0.01820344105362892,-1.1604450941085815,,10
fixed,2020-02-22_CO,2020-09-29_CO,CO,CO,220,-1.1060984134674072,-1.6791094541549683,-0.5330872535705566,0.9387874007225037,0.24593645334243774,0.5360047221183777,0.002564075868576765,0.006832838524132967,-1.199435830116272,,9
fixed,2020-02-24_CO,2020-09-29_CO,CO,CO,218,-0.7132191061973572,-0.9406111240386963,-0.48582708835601807,0.830081045627594,0.18552303314208984,0.4814491868019104,0.0028027764055877924,0.007602990139275789,-0.9114140868186951,,6
fixed,2020-02-25_CO,2020-09-29_CO,CO,CO,217,-0.4690518081188202,-0.614104151725769,-0.32399946451187134,0.8850634694099426,0.19687195122241974,0.5151039361953735,0.0015474099200218916,0.005869039334356785,-0.9315913319587708,,7
fixed,2020-02-28_RD,2020-09-29_CO,RD,CO,214,-0.6582290530204773,-0.779288649559021,-0.5371694564819336,0.9091222882270813,0.20481185615062714,0.543069064617157,0.002843409078195691,0.007077404763549566,-1.4119536876678467,,7
fixed,2020-03-02_RD,2020-09-29_CO,RD,CO,211,-1.7224692106246948,-3.201023817062378,-0.24391472339630127,0.7800865173339844,0.1839417666196823,0.5480940937995911,0.0018423956353217363,0.004955518990755081,-0.6887248754501343,,12
fixed,2020-03-10_RD,2020-09-29_CO,RD,CO,203,-0.7770103216171265,-1.4616189002990723,-0.09240180253982544,0.8906979560852051,0.25848886370658875,0.5474514961242676,0.002834116341546178,0.0033697872422635555,-1.5306520462036133,,11
fixed,2020-03-13_RD,2020-09-29_CO,RD,CO,200,-0.8305680751800537,-0.18800777196884155,-1.473128318786621,0.8864534497261047,0.2081318348646164,0.45811009407043457,0.00467812642455101,0.009293874725699425,-1.339738130569458,,8
fixed,2020-03-17_RD,2020-09-29_CO,RD,CO,196,-1.975469946861267,-3.865452289581299,-0.08548760414123535,0.9845962524414062,0.30847325921058655,0.6044501066207886,0.003510372946038842,0.0037044272758066654,-1.8214787244796753,,8
fixed,2020-03-18_RD,2020-09-29_CO,RD,CO,195,-3.033289670944214,-4.9549713134765625,-1.1116081476211548,0.9666003584861755,0.2707708775997162,0.5314666032791138,0.0062770117074251175,0.008122220635414124,-1.215968370437622,,9
fixed,2020-03-19_RD,2020-09-29_CO,RD,CO,194,-0.8296563625335693,-0.6519981622695923,-1.007314682006836,0.9828469157218933,0.29138997197151184,0.5537728071212769,0.002005288377404213,0.011167806573212147,-1.6105875968933105,,7
fixed,2020-03-20_RD,2020-09-29_CO,RD,CO,193,-1.0919744968414307,-1.106863021850586,-1.0770859718322754,0.855680525302887,0.18651485443115234,0.479444682598114,0.001630451064556837,0.011243327520787716,-1.033902645111084,,7
fixed,2020-06-26_CO,2020-09-29_CO,CO,CO,95,-1.3187599182128906,-2.2843899726867676,-0.35312995314598083,0.5970113277435303,0.14921565353870392,0.5454980134963989,0.0022813682444393635,0.005422641523182392,-0.7907651662826538,,7
fixed,2020-07-08_CO,2020-09-29_CO,CO,CO,83,-1.4983339309692383,-2.5230748653411865,-0.47359296679496765,0.5871468186378479,0.14881297945976257,0.48391640186309814,0.0021508692298084497,0.0052108257077634335,-0.5768020153045654,0.5509034395217896,4
fixed,2020-07-14_CO,2020-09-29_CO,CO,CO,77,-1.9338984489440918,-3.7638580799102783,-0.10393863916397095,0.712881863117218,0.15327300131320953,0.48154503107070923,0.0045957802794873714,0.003657112829387188,-0.5273089408874512,0.5509034395217896,28
fixed,2020-07-29_RD,2020-09-29_CO,RD,CO,62,-1.3909504413604736,-1.818626046180725,-0.9632748365402222,0.7477943301200867,0.14415568113327026,0.5182530879974365,0.001993907615542412,0.00965044554322958,-0.5483139157295227,0.1873166859149933,9
fixed,2020-07-31_CO,2020-09-29_CO,CO,CO,60,-0.38919273018836975,-0.16636011004447937,-0.6120253801345825,0.8514549136161804,0.16793303191661835,0.5379107594490051,0.002608317881822586,0.008707404136657715,-0.9175194501876831,0.1873166859149933,37
fixed,2020-08-08_RD,2020-09-29_CO,RD,CO,52,-2.921818256378174,-5.426339149475098,-0.4172971248626709,0.553302526473999,0.13839976489543915,0.5336655974388123,0.00528960395604372,0.005210305564105511,-0.44816353917121887,0.16444051265716553,3
fixed,2020-08-11_RD,2020-09-29_CO,RD,CO,49,-14.176210403442383,-24.647357940673828,-3.7050633430480957,1.0034023523330688,0.1950305700302124,0.5308236479759216,0.012775314971804619,0.020090565085411072,-0.34024491906166077,0.16444051265716553,3
fixed,2020-08-22_RD,2020-09-29_CO,RD,CO,38,-11.378863334655762,-21.350927352905273,-1.4067989587783813,0.6364648938179016,0.16301631927490234,0.5671020150184631,0.0077369362115859985,0.011898571625351906,-0.07134320586919785,0.13746613264083862,5
fixed,2020-08-29_RD,2020-09-29_CO,RD,CO,31,-1.4023557901382446,-1.9311057329177856,-0.8736059069633484,0.5036199688911438,0.1610667109489441,0.5420055985450745,0.030199576169252396,0.007806642912328243,-1.1934030055999756,0.14454475045204163,15
fixed,2020-09-04_RD,2020-09-29_CO,RD,CO,25,-0.8335036039352417,-0.1778678297996521,-1.4891393184661865,0.42337191104888916,0.14725849032402039,0.5526459217071533,0.001982065849006176,0.008340480737388134,-1.0255029201507568,0.14454475045204163,4
fixed,2020-09-24_CO,2020-09-29_CO,CO,CO,5,-0.5600994825363159,-0.11017230153083801,-1.0100266933441162,0.42327526211738586,0.10983589291572571,0.4152292013168335,0.0017713401466608047,0.010674916207790375,-0.8258459568023682,0.12570379674434662,4
fixed,2020-09-28_CO,2020-09-29_CO,CO,CO,1,-0.47780030965805054,-0.5374759435653687,-0.4181247055530548,0.38353240489959717,0.11974525451660156,0.41740667819976807,0.0013397322036325932,0.007203290238976479,-1.0808427333831787,0.0,4
fixed,2020-09-29_CO,2020-09-29_CO,CO,CO,0,0.21639762818813324,0.18361306190490723,0.24918219447135925,0.051938414573669434,0.06239950656890869,0.1824057698249817,0.0005664332420565188,0.00011282859486527741,-0.6705679297447205,0.0,0
renorm,2020-01-27_CO,2020-09-29_CO,CO,CO,246,-0.1578572392463684,-0.20441067218780518,-0.11130380630493164,0.051938414573669434,0.06239950656890869,0.3622535467147827,0.0005295945447869599,0.0002912289055529982,-1.2188974618911743,0.26599571108818054,12
renorm,2020-01-30_CO,2020-09-29_CO,CO,CO,243,-0.09631362557411194,-0.10339111089706421,-0.08923614025115967,0.051938414573669434,0.06239950656890869,0.3490840196609497,0.0004918908816762269,0.0004413816495798528,-0.9771332144737244,0.26599571108818054,13
renorm,2020-02-04_CO,2020-09-29_CO,CO,CO,238,-0.07158166170120239,-0.09778064489364624,-0.045382678508758545,0.051938414573669434,0.06239950656890869,0.3337414264678955,0.0004872133722528815,0.0002861974644474685,-0.9806116819381714,0.26599571108818054,8
renorm,2020-02-05_CO,2020-09-29_CO,CO,CO,237,-0.17494764924049377,-0.2764628529548645,-0.07343244552612305,0.051938414573669434,0.06239950656890869,0.33776384592056274,0.0006035263650119305,9.243159729521722e-05,-0.6569631695747375,0.26599571108818054,10
renorm,2020-02-06_CO,2020-09-29_CO,CO,CO,236,-0.18477469682693481,-0.2016398310661316,-0.16790956258773804,0.051938414573669434,0.06239950656890869,0.37345612049102783,0.0005604047328233719,0.0004787269572261721,-0.8940280079841614,,9
renorm,2020-02-11_CO,2020-09-29_CO,CO,CO,231,-0.14638090133666992,-0.17673516273498535,-0.11602663993835449,0.051938414573669434,0.06239950656890869,0.3139009475708008,0.000543969392310828,0.000773459323681891,-0.8081942796707153,,10
renorm,2020-02-22_CO,2020-09-29_CO,CO,CO,220,-0.023456111550331116,-0.08106666803359985,0.03415444493293762,0.051938414573669434,0.06239950656890869,0.35890740156173706,0.00047117468784563243,0.0001962458190973848,-0.8455147743225098,,9
renorm,2020-02-24_CO,2020-09-29_CO,CO,CO,218,-0.056558653712272644,-0.11727339029312134,0.00415608286857605,0.051938414573669434,0.06239950656890869,0.3382924795150757,0.0005004015401937068,0.00037462241016328335,-0.7113198637962341,,6
renorm,2020-02-25_CO,2020-09-29_CO,CO,CO,217,-0.18878796696662903,-0.26096558570861816,-0.11661034822463989,0.051938414573669434,0.06239950656890869,0.3373986482620239,0.0005033548804931343,0.00046311065671034157,-0.8087900876998901,,7
renorm,2020-02-28_RD,2020-09-29_CO,RD,CO,214,-0.15736573934555054,-0.2799346446990967,-0.034796833992004395,0.051938414573669434,0.06239950656890869,0.32906973361968994,0.0006135867442935705,0.0005543736624531448,-1.1707680225372314,,7
renorm,2020-03-02_RD,2020-09-29_CO,RD,CO,211,-0.24744191765785217,-0.4299354553222656,-0.06494837999343872,0.051938414573669434,0.06239950656890869,0.3178807497024536,0.0007810521055944264,0.0003785443550441414,-0.7820446491241455,,12
renorm,2020-03-10_RD,2020-09-29_CO,RD,CO,203,-0.2404114305973053,-0.4257020950317383,-0.055120766162872314,0.051938414573669434,0.06239950656890869,0.33142656087875366,0.0005810895818285644,0.0003297341463621706,-1.0200327634811401,,11
renorm,2020-03-13_RD,2020-09-29_CO,RD,CO,200,-0.1982414573431015,-0.3686320185661316,-0.02785089612007141,0.051938414573669434,0.06239950656890869,0.33206260204315186,0.0006439098506234586,0.00025176486815325916,-1.129490852355957,,8
renorm,2020-03-17_RD,2020-09-29_CO,RD,CO,196,-0.19408750534057617,-0.3691052794456482,-0.01906973123550415,0.051938414573669434,0.06239950656890869,0.33206629753112793,0.0007382754702121019,0.00021256970649119467,-0.971372127532959,,8
renorm,2020-03-18_RD,2020-09-29_CO,RD,CO,195,-0.3119904696941376,-0.5047131180763245,-0.11926782131195068,0.051938414573669434,0.06239950656890869,0.3104366064071655,0.0010910066775977612,0.00044762148172594607,-0.9624907970428467,,9
renorm,2020-03-19_RD,2020-09-29_CO,RD,CO,194,-0.22721438109874725,-0.40445029735565186,-0.04997846484184265,0.051938414573669434,0.06239950656890869,0.32057875394821167,0.0006879329448565841,0.0004120314260944724,-1.2586846351623535,,7
renorm,2020-03-20_RD,2020-09-29_CO,RD,CO,193,-0.21833747625350952,-0.3968477249145508,-0.03982722759246826,0.051938414573669434,0.06239950656890869,0.30011165142059326,0.0008660883759148419,0.0004832259437534958,-1.010368824005127,,7
renorm,2020-06-26_CO,2020-09-29_CO,CO,CO,95,-0.1814398169517517,-0.44780415296554565,0.08492451906204224,0.051938414573669434,0.06239950656890869,0.28188079595565796,0.00046289077727124095,0.0010379537707194686,-0.6937438249588013,,7
renorm,2020-07-08_CO,2020-09-29_CO,CO,CO,83,-0.02886234223842621,-0.16421043872833252,0.1064857542514801,0.051938414573669434,0.06239950656890869,0.2823559045791626,0.0004898762563243508,0.0004801778995897621,-0.5878929495811462,0.5509034395217896,4
renorm,2020-07-14_CO,2020-09-29_CO,CO,CO,77,-0.045487433671951294,-0.14227893948554993,0.05130407214164734,0.051938414573669434,0.06239950656890869,0.31059491634368896,0.0005459984531626105,0.0006374436197802424,-0.82173091173172,0.5509034395217896,28
renorm,2020-07-29_RD,2020-09-29_CO,RD,CO,62,-0.1252371370792389,-0.19508349895477295,-0.055390775203704834,0.051938414573669434,0.06239950656890869,0.28187763690948486,0.0005663717165589333,0.00032031815499067307,-0.9553335905075073,0.1873166859149933,9
renorm,2020-07-31_CO,2020-09-29_CO,CO,CO,60,-0.008978322148323059,-0.0861046314239502,0.06814798712730408,0.051938414573669434,0.06239950656890869,0.27009159326553345,0.00047800675383768976,0.0004440858028829098,-1.1027642488479614,0.1873166859149933,37
renorm,2020-08-08_RD,2020-09-29_CO,RD,CO,52,-0.1530601978302002,-0.23020464181900024,-0.07591575384140015,0.051938414573669434,0.06239950656890869,0.2624680995941162,0.0008031940669752657,0.000776861677877605,-0.9536292552947998,0.16444051265716553,3
renorm,2020-08-11_RD,2020-09-29_CO,RD,CO,49,-0.22862917184829712,-0.4097151756286621,-0.04754316806793213,0.051938414573669434,0.06239950656890869,0.27366042137145996,0.000880865438375622,0.0005327626131474972,-0.8430444598197937,0.16444051265716553,3
renorm,2020-08-22_RD,2020-09-29_CO,RD,CO,38,-0.21525761485099792,-0.46406108140945435,0.033545851707458496,0.051938414573669434,0.06239950656890869,0.321755588054657,0.0009721649112179875,0.0005138461128808558,-0.9943486452102661,0.13746613264083862,5
renorm,2020-08-29_RD,2020-09-29_CO,RD,CO,31,-0.2396920919418335,-0.27258527278900146,-0.20679891109466553,0.051938414573669434,0.06239950656890869,0.281488835811615,0.0011604857863858342,0.0003935137647204101,-1.2585344314575195,0.14454475045204163,15
renorm,2020-09-04_RD,2020-09-29_CO,RD,CO,25,-0.10754404962062836,-0.19014513492584229,-0.02494296431541443,0.051938414573669434,0.06239950656890869,0.3250375986099243,0.0007229787879623473,0.00040149909909814596,-1.0165090560913086,0.14454475045204163,4
renorm,2020-09-24_CO,2020-09-29_CO,CO,CO,5,0.15084268152713776,0.11857473850250244,0.18311062455177307,0.051938414573669434,0.06239950656890869,0.2304806113243103,0.0004961982485838234,0.0006225768593139946,-0.9558972120285034,0.12570379674434662,4
renorm,2020-09-28_CO,2020-09-29_CO,CO,CO,1,0.16311980783939362,0.11417022347450256,0.21206939220428467,0.051938414573669434,0.06239950656890869,0.2059774398803711,0.0004343396576587111,0.00013510376447811723,-0.9748159646987915,0.0,4
renorm,2020-09-29_CO,2020-09-29_CO,CO,CO,0,0.21588754653930664,0.18026429414749146,0.2515107989311218,0.051938414573669434,0.06239950656890869,0.1824057698249817,0.0005615163245238364,0.00010954506433336064,-0.6724346876144409,0.0,0
fixed,2020-01-27_CO,2020-10-02_CO,CO,CO,249,-3.1979329586029053,-4.883980751037598,-1.5118852853775024,1.0198200941085815,0.2673603594303131,0.47346246242523193,0.004819334950298071,0.013214275240898132,-1.5011061429977417,0.26599571108818054,16
fixed,2020-01-30_CO,2020-10-02_CO,CO,CO,246,-1.563431739807129,-0.5730863213539124,-2.5537772178649902,1.0437921285629272,0.2642364501953125,0.4473174214363098,0.0019070565467700362,0.017428496852517128,-1.4006342887878418,0.26599571108818054,20
fixed,2020-02-04_CO,2020-10-02_CO,CO,CO,241,-0.4714921712875366,-0.2726905941963196,-0.6702938079833984,0.9126631617546082,0.2496817708015442,0.4936615228652954,0.0025771544314920902,0.009001420810818672,-1.2701035737991333,0.26599571108818054,12
fixed,2020-02-05_CO,2020-10-02_CO,CO,CO,240,-0.46501538157463074,-0.6643519997596741,-0.2656787633895874,1.0534213781356812,0.2789679169654846,0.45072805881500244,0.001931960927322507,0.005802125670015812,-1.3720325231552124,0.26599571108818054,15
fixed,2020-02-06_CO,2020-10-02_CO,CO,CO,239,-1.3107143640518188,-1.4992072582244873,-1.1222214698791504,1.0434199571609497,0.28580570220947266,0.49460864067077637,0.008428549394011497,0.008830113336443901,-1.3795793056488037,,13
fixed,2020-02-11_CO,2020-10-02_CO,CO,CO,234,-1.405012845993042,-0.11353349685668945,-2.6964921951293945,0.8653650283813477,0.22686807811260223,0.4959133267402649,0.002501976676285267,0.016434399411082268,-1.2471997737884521,,13
fixed,2020-02-22_CO,2020-10-02_CO,CO,CO,223,-0.5326424837112427,-0.6744482517242432,-0.3908366560935974,0.9168036580085754,0.2352457195520401,0.4660896062850952,0.00228337780572474,0.007177683990448713,-1.1687216758728027,,12
fixed,2020-02-24_CO,2020-10-02_CO,CO,CO,221,-0.3630698323249817,0.06666839122772217,-0.7928080558776855,0.8087401390075684,0.17664901912212372,0.3968620300292969,0.0015211112331598997,0.00886716227978468,-0.9807437062263489,,8
fixed,2020-02-25_CO,2020-10-02_CO,CO,CO,220,-0.8682273030281067,-1.5161833763122559,-0.22027122974395752,0.8666598796844482,0.19972844421863556,0.44854557514190674,0.0011949287727475166,0.005473831668496132,-1.1203229427337646,,11
fixed,2020-02-28_RD,2020-10-02_CO,RD,CO,217,-2.403451919555664,-4.700455665588379,-0.10644787549972534,0.8924028277397156,0.20040325820446014,0.4612475633621216,0.0033947040792554617,0.004896415397524834,-1.3247978687286377,,13
fixed,2020-03-02_RD,2020-10-02_CO,RD,CO,214,-4.154860973358154,-8.246432304382324,-0.06328955292701721,0.7676799893379211,0.1756432205438614,0.4144180417060852,0.004980725701898336,0.0023534006904810667,-0.8199159502983093,,15
fixed,2020-03-10_RD,2020-10-02_CO,RD,CO,206,-2.6142256259918213,-5.260599136352539,0.032147735357284546,0.8823454976081848,0.25406959652900696,0.46301591396331787,0.00671728141605854,0.0006485487683676183,-1.3064758777618408,,14
fixed,2020-03-13_RD,2020-10-02_CO,RD,CO,203,-7.537304878234863,-14.830848693847656,-0.2437605857849121,0.9044522643089294,0.2097247689962387,0.41439878940582275,0.003616554429754615,0.004534205887466669,-0.9914499521255493,,12
fixed,2020-03-17_RD,2020-10-02_CO,RD,CO,199,-1.156423807144165,-2.007373809814453,-0.30547356605529785,0.9627690315246582,0.3071604073047638,0.5225611925125122,0.004799284506589174,0.006664849817752838,-1.709503173828125,,11
fixed,2020-03-18_RD,2020-10-02_CO,RD,CO,198,-1.8300954103469849,-2.585710287094116,-1.074480652809143,0.9755465388298035,0.27357998490333557,0.5059120059013367,0.007122614420950413,0.010888269171118736,-1.3010568618774414,,13
fixed,2020-03-19_RD,2020-10-02_CO,RD,CO,197,-4.410032749176025,-7.7598676681518555,-1.0601978302001953,1.0134258270263672,0.2940416634082794,0.537869393825531,0.005455901380628347,0.00945165753364563,-1.4548715353012085,,12
fixed,2020-03-20_RD,2020-10-02_CO,RD,CO,196,-7.929221153259277,-15.013385772705078,-0.8450558185577393,0.853715717792511,0.1879054307937622,0.42660313844680786,0.004488224163651466,0.008832479827105999,-0.933651328086853,,10
fixed,2020-06-26_CO,2020-10-02_CO,CO,CO,98,-1.061022162437439,-1.7871264219284058,-0.3349180221557617,0.6144183278083801,0.14821699261665344,0.5161116123199463,0.0013327967608347535,0.007431416306644678,-0.6348820328712463,,10
fixed,2020-07-08_CO,2020-10-02_CO,CO,CO,86,-2.2284889221191406,-4.486835479736328,0.029857724905014038,0.6358395218849182,0.15934835374355316,0.40918290615081787,0.0019153021275997162,0.002573832403868437,-0.26218390464782715,0.5509034395217896,5
fixed,2020-07-14_CO,2020-10-02_CO,CO,CO,80,-0.5263782143592834,-0.9480414986610413,-0.1047150194644928,0.706256091594696,0.1505516767501831,0.441916823387146,0.002639184007421136,0.00436722207814455,-0.4518178701400757,0.5509034395217896,32
fixed,2020-07-29_RD,2020-10-02_CO,RD,CO,65,-3.2427287101745605,-4.885931491851807,-1.5995259284973145,0.814361035823822,0.15121014416217804,0.4192469120025635,0.002682511229068041,0.012049411423504353,-0.2135573923587799,0.1873166859149933,12
fixed,2020-07-31_CO,2020-10-02_CO,CO,CO,63,-0.6143139600753784,-1.2067397832870483,-0.02188807725906372,0.8871225714683533,0.1701723337173462,0.4739522337913513,0.003799797734245658,0.003559291362762451,-0.7446146011352539,0.1873166859149933,42
fixed,2020-08-08_RD,2020-10-02_CO,RD,CO,55,-2.2268943786621094,-3.8179712295532227,-0.635817289352417,0.5760952830314636,0.13108721375465393,0.5230904221534729,0.0024392888881266117,0.008071252144873142,-0.21578174829483032,0.16444051265716553,4
fixed,2020-08-11_RD,2020-10-02_CO,RD,CO,52,-8.5277738571167,-14.276369094848633,-2.779179096221924,1.019492268562317,0.18853513896465302,0.5173965096473694,0.01021555159240961,0.018939442932605743,-0.19597578048706055,0.16444051265716553,5
fixed,2020-08-22_RD,2020-10-02_CO,RD,CO,41,-3.275193929672241,-6.04362678527832,-0.5067609548568726,0.7037093639373779,0.1742190271615982,0.5506633520126343,0.013066325336694717,0.00782655831426382,0.07546442747116089,0.13746613264083862,10
fixed,2020-08-29_RD,2020-10-02_CO,RD,CO,34,-0.33884966373443604,-0.437508225440979,-0.24019110202789307,0.5262817144393921,0.1589973121881485,0.5347172617912292,0.009021332487463951,0.004281939007341862,-1.310971975326538,0.14454475045204163,19
fixed,2020-09-04_RD,2020-10-02_CO,RD,CO,28,-0.36542099714279175,-0.03781771659851074,-0.6930242776870728,0.4807107448577881,0.15948796272277832,0.48089879751205444,0.0036187064833939075,0.00793965719640255,-0.9579523801803589,0.14454475045204163,8
fixed,2020-09-24_CO,2020-10-02_CO,CO,CO,8,-1.1884218454360962,-2.085829019546509,-0.2910148501396179,0.4614481031894684,0.1215166375041008,0.3487609624862671,0.003004784695804119,0.006691440939903259,-0.4467993974685669,0.12570379674434662,6
fixed,2020-09-28_CO,2020-10-02_CO,CO,CO,4,-0.48761799931526184,-0.5788693428039551,-0.3963666558265686,0.44577112793922424,0.13819892704486847,0.3925932049751282,0.00159577711019665,0.008372554555535316,-0.9125305414199829,0.0,8
fixed,2020-09-29_CO,2020-10-02_CO,CO,CO,3,-0.43107298016548157,-0.8128079175949097,-0.04933804273605347,0.3525312840938568,0.10547399520874023,0.29026854038238525,0.0024629246909171343,0.004591300617903471,-0.7059724926948547,0.0,8
fixed,2020-10-02_CO,2020-10-02_CO,CO,CO,0,0.26409095525741577,0.2944379448890686,0.23374396562576294,0.05512704327702522,0.036985743790864944,0.15949678421020508,0.0005694559076800942,0.0002027910086326301,-1.1247749328613281,0.0,0
renorm,2020-01-27_CO,2020-10-02_CO,CO,CO,249,-0.02205735445022583,-0.02875828742980957,-0.01535642147064209,0.05512704327702522,0.036985743790864944,0.3658374547958374,0.0005552833899855614,0.00024881045101210475,-1.238328456878662,0.26599571108818054,16
renorm,2020-01-30_CO,2020-10-02_CO,CO,CO,246,0.05271218717098236,0.05341184139251709,0.05201253294944763,0.05512704327702522,0.036985743790864944,0.36580896377563477,0.0005271416739560664,0.00043923890916630626,-1.0186119079589844,0.26599571108818054,20
renorm,2020-02-04_CO,2020-10-02_CO,CO,CO,241,0.043396368622779846,0.02402147650718689,0.0627712607383728,0.05512704327702522,0.036985743790864944,0.34124159812927246,0.0005174514371901751,0.00030251964926719666,-0.8392828702926636,0.26599571108818054,12
renorm,2020-02-05_CO,2020-10-02_CO,CO,CO,240,-0.00530378520488739,-0.013762593269348145,0.0031550228595733643,0.05512704327702522,0.036985743790864944,0.3621419668197632,0.0006234511383809149,0.00045628787484019995,-0.7811508774757385,0.26599571108818054,15
renorm,2020-02-06_CO,2020-10-02_CO,CO,CO,239,-0.012621462345123291,-0.008740216493606567,-0.016502708196640015,0.05512704327702522,0.036985743790864944,0.3780680298805237,0.0006066337809897959,0.00047540460946038365,-0.82365882396698,,13
renorm,2020-02-11_CO,2020-10-02_CO,CO,CO,234,0.02924121916294098,0.047581613063812256,0.010900825262069702,0.05512704327702522,0.036985743790864944,0.3112443685531616,0.0005360438372008502,0.0001921694347402081,-0.8496968746185303,,13
renorm,2020-02-22_CO,2020-10-02_CO,CO,CO,223,0.05265907943248749,0.043931156396865845,0.06138700246810913,0.05512704327702522,0.036985743790864944,0.35914504528045654,0.00043879213626496494,0.00028247979935258627,-0.6369608044624329,,12
renorm,2020-02-24_CO,2020-10-02_CO,CO,CO,221,0.0646180659532547,0.04160887002944946,0.08762726187705994,0.05512704327702522,0.036985743790864944,0.3496282696723938,0.0005053097265772521,0.00017393450252711773,-0.7236531376838684,,8
renorm,2020-02-25_CO,2020-10-02_CO,CO,CO,220,0.015095934271812439,0.03593885898590088,-0.005746990442276001,0.05512704327702522,0.036985743790864944,0.36254727840423584,0.0005084709846414626,0.00040181668009608984,-0.7073884010314941,,11
renorm,2020-02-28_RD,2020-10-02_CO,RD,CO,217,-0.057795822620391846,-0.17592847347259521,0.06033682823181152,0.05512704327702522,0.036985743790864944,0.3255711793899536,0.0005751827266067266,0.0002949200279545039,-1.019201397895813,,13
renorm,2020-03-02_RD,2020-10-02_CO,RD,CO,214,-0.09268590807914734,-0.20594775676727295,0.02057594060897827,0.05512704327702522,0.036985743790864944,0.3085123300552368,0.000795236264821142,0.0003351249033585191,-0.7614502906799316,,15
renorm,2020-03-10_RD,2020-10-02_CO,RD,CO,206,-0.10971987247467041,-0.24488353729248047,0.02544379234313965,0.05512704327702522,0.036985743790864944,0.333648145198822,0.0005882061668671668,0.00041433190926909447,-0.881441593170166,,14
renorm,2020-03-13_RD,2020-10-02_CO,RD,CO,203,-0.07513490319252014,-0.12255203723907471,-0.027717769145965576,0.05512704327702522,0.036985743790864944,0.34374213218688965,0.0006509674130938947,0.00025430688401684165,-0.9697144031524658,,12
renorm,2020-03-17_RD,2020-10-02_CO,RD,CO,199,-0.07990583777427673,-0.191264808177948,0.03145313262939453,0.05512704327702522,0.036985743790864944,0.3238030672073364,0.0007329087238758802,0.00031991751166060567,-0.8342453241348267,,11
renorm,2020-03-18_RD,2020-10-02_CO,RD,CO,198,-0.13477347791194916,-0.23321717977523804,-0.03632977604866028,0.05512704327702522,0.036985743790864944,0.3198050856590271,0.0011201855959370732,0.00012473708193283528,-0.8477097749710083,,13
renorm,2020-03-19_RD,2020-10-02_CO,RD,CO,197,-0.07915642857551575,-0.16562992334365845,0.007317066192626953,0.05512704327702522,0.036985743790864944,0.3134230375289917,0.0006722504622302949,0.0006450631190091372,-1.2114235162734985,,12
renorm,2020-03-20_RD,2020-10-02_CO,RD,CO,196,-0.08525025844573975,-0.16386377811431885,-0.0066367387771606445,0.05512704327702522,0.036985743790864944,0.3138970136642456,0.0008052046759985387,0.0004587146977428347,-1.1061017513275146,,10
renorm,2020-06-26_CO,2020-10-02_CO,CO,CO,98,-0.016938790678977966,-0.13058900833129883,0.0967114269733429,0.05512704327702522,0.036985743790864944,0.276664137840271,0.00044724400504492223,0.00020103946735616773,-0.9064462184906006,,10
renorm,2020-07-08_CO,2020-10-02_CO,CO,CO,86,0.07076488435268402,0.028960883617401123,0.11256888508796692,0.05512704327702522,0.036985743790864944,0.2823009490966797,0.00048044949653558433,0.00015828575124032795,-0.6395427584648132,0.5509034395217896,5
renorm,2020-07-14_CO,2020-10-02_CO,CO,CO,80,0.04339618980884552,-0.005960434675216675,0.09275281429290771,0.05512704327702522,0.036985743790864944,0.29335618019104004,0.000531890313141048,0.00034468749072402716,-0.7662377953529358,0.5509034395217896,32
renorm,2020-07-29_RD,2020-10-02_CO,RD,CO,65,-0.15575912594795227,-0.2189098596572876,-0.09260839223861694,0.05512704327702522,0.036985743790864944,0.29868096113204956,0.0005963208968751132,0.0008507324382662773,-0.8164351582527161,0.1873166859149933,12
renorm,2020-07-31_CO,2020-10-02_CO,CO,CO,63,0.04973573982715607,-0.007910966873168945,0.10738244652748108,0.05512704327702522,0.036985743790864944,0.23591828346252441,0.0004604838031809777,0.00016997201601043344,-1.0564210414886475,0.1873166859149933,42
renorm,2020-08-08_RD,2020-10-02_CO,RD,CO,55,-0.09165634214878082,-0.17206108570098877,-0.011251598596572876,0.05512704327702522,0.036985743790864944,0.2325422167778015,0.0007932558073662221,7.904678204795346e-05,-0.7728615403175354,0.16444051265716553,4
renorm,2020-08-11_RD,2020-10-02_CO,RD,CO,52,-0.19674097001552582,-0.353169322013855,-0.040312618017196655,0.05512704327702522,0.036985743790864944,0.26042866706848145,0.0008621279848739505,0.00014419631042983383,-0.6204811930656433,0.16444051265716553,5
renorm,2020-08-22_RD,2020-10-02_CO,RD,CO,41,-0.07622089982032776,-0.2285982370376587,0.07615643739700317,0.05512704327702522,0.036985743790864944,0.32039642333984375,0.0009811135241761804,0.0005333994049578905,-0.9851596355438232,0.13746613264083862,10
renorm,2020-08-29_RD,2020-10-02_CO,RD,CO,34,-0.10433518886566162,-0.08626353740692139,-0.12240684032440186,0.05512704327702522,0.036985743790864944,0.24763745069503784,0.0011116096284240484,0.0002445876016281545,-1.0497817993164062,0.14454475045204163,19
renorm,2020-09-04_RD,2020-10-02_CO,RD,CO,28,-0.028705254197120667,-0.04112544655799866,-0.016285061836242676,0.05512704327702522,0.036985743790864944,0.3202279210090637,0.0007241481216624379,0.0002790528233163059,-0.8617901802062988,0.14454475045204163,8
renorm,2020-09-24_CO,2020-10-02_CO,CO,CO,8,0.12906518578529358,0.11747086048126221,0.14065951108932495,0.05512704327702522,0.036985743790864944,0.22120457887649536,0.0005042240372858942,0.00021818309323862195,-0.7516937255859375,0.12570379674434662,6
renorm,2020-09-28_CO,2020-10-02_CO,CO,CO,4,0.15092873573303223,0.13409316539764404,0.1677643060684204,0.05512704327702522,0.036985743790864944,0.23277819156646729,0.0004197432426735759,0.00022056384477764368,-0.8387091159820557,0.0,8
renorm,2020-09-29_CO,2020-10-02_CO,CO,CO,3,0.14509999752044678,0.14684680104255676,0.1433531939983368,0.05512704327702522,0.036985743790864944,0.18590962886810303,0.0005836042109876871,0.00041447149123996496,-0.7998023629188538,0.0,8
renorm,2020-10-02_CO,2020-10-02_CO,CO,CO,0,0.2663966119289398,0.2989228367805481,0.23387038707733154,0.05512704327702522,0.036985743790864944,0.15949678421020508,0.0005633871187455952,0.00020674114057328552,-1.1346220970153809,0.0,0
fixed,2020-01-27_CO,2020-10-07_CO,CO,CO,254,-0.5941920280456543,-0.16670334339141846,-1.0216805934906006,1.0119091272354126,0.25514665246009827,0.5066813826560974,0.004653970245271921,0.010470004752278328,-1.4803502559661865,0.26599571108818054,11
fixed,2020-01-30_CO,2020-10-07_CO,CO,CO,251,-1.1223143339157104,-0.22155648469924927,-2.0230722427368164,1.0719598531723022,0.26455914974212646,0.5136550068855286,0.002781050745397806,0.016154475510120392,-1.4269468784332275,0.26599571108818054,13
fixed,2020-02-04_CO,2020-10-07_CO,CO,CO,246,-0.5899629592895508,-0.1343570053577423,-1.0455689430236816,0.9425280094146729,0.25912997126579285,0.5132884979248047,0.004822623450309038,0.010917036794126034,-0.9694941639900208,0.26599571108818054,8
fixed,2020-02-05_CO,2020-10-07_CO,CO,CO,245,-0.30407434701919556,-0.605022668838501,-0.0031260251998901367,1.0829224586486816,0.28672555088996887,0.5036568641662598,0.0031435529235750437,0.0001781779865268618,-1.0409015417099,0.26599571108818054,10
fixed,2020-02-06_CO,2020-10-07_CO,CO,CO,244,-0.8866045475006104,-1.5436954498291016,-0.22951364517211914,1.0441951751708984,0.2852245271205902,0.5406326651573181,0.00692623108625412,0.005489205941557884,-1.2244409322738647,,9
fixed,2020-02-11_CO,2020-10-07_CO,CO,CO,239,-1.2964763641357422,-0.43137091398239136,-2.1615819931030273,0.8544320464134216,0.20817452669143677,0.47175461053848267,0.00390013144351542,0.014952600933611393,-1.1167669296264648,,7
fixed,2020-02-22_CO,2020-10-07_CO,CO,CO,228,-0.27252572774887085,-0.36875179409980774,-0.17629963159561157,0.9189370274543762,0.22746388614177704,0.5007117986679077,0.002616321435198188,0.004772035405039787,-1.0909937620162964,,8
fixed,2020-02-24_CO,2020-10-07_CO,CO,CO,226,-0.5264183282852173,-0.1716735064983368,-0.8811631202697754,0.8318101763725281,0.18302421271800995,0.4559248685836792,0.0025480648037046194,0.009736945852637291,-0.7401103973388672,,5
fixed,2020-02-25_CO,2020-10-07_CO,CO,CO,225,-0.25979939103126526,-0.18156024813652039,-0.3380385637283325,0.8790051341056824,0.1959937959909439,0.5179363489151001,0.0014231519307941198,0.0060215843841433525,-1.0147244930267334,,6
fixed,2020-02-28_RD,2020-10-07_CO,RD,CO,222,-1.3772236108779907,-2.667257785797119,-0.08718931674957275,0.9079821705818176,0.19724588096141815,0.53300940990448,0.0044082291424274445,0.003820820013061166,-1.069536566734314,,8
fixed,2020-03-02_RD,2020-10-07_CO,RD,CO,219,-2.7636878490448,-5.49965763092041,-0.027718007564544678,0.760601818561554,0.17220129072666168,0.4781712293624878,0.0029413430020213127,0.0012626934330910444,-0.8197661638259888,,11
fixed,2020-03-10_RD,2020-10-07_CO,RD,CO,211,-0.8514149785041809,-1.7152152061462402,0.012385308742523193,0.874028742313385,0.23449654877185822,0.4791548252105713,0.0038159391842782497,0.0006367375608533621,-1.5244438648223877,,9
fixed,2020-03-13_RD,2020-10-07_CO,RD,CO,208,-0.5063865184783936,-0.47294551134109497,-0.5398274064064026,0.842822253704071,0.18617022037506104,0.42697829008102417,0.003576791612431407,0.006223879288882017,-1.3831355571746826,,7
fixed,2020-03-17_RD,2020-10-07_CO,RD,CO,204,-0.7586946487426758,-1.5069215297698975,-0.01046779751777649,0.948653519153595,0.27907297015190125,0.5415910482406616,0.004358815494924784,0.0019604710396379232,-1.48408842086792,,7
fixed,2020-03-18_RD,2020-10-07_CO,RD,CO,203,-0.9162743091583252,-1.2474764585494995,-0.5850721597671509,0.9531411528587341,0.258390873670578,0.5228872895240784,0.006290110759437084,0.006094755604863167,-1.1392388343811035,,8
fixed,2020-03-19_RD,2020-10-07_CO,RD,CO,202,-1.7907637357711792,-2.8334574699401855,-0.7480701208114624,0.95162034034729,0.2679913640022278,0.5622629523277283,0.002989293308928609,0.007968105375766754,-1.2820417881011963,,7
fixed,2020-03-20_RD,2020-10-07_CO,RD,CO,201,-4.863231182098389,-9.319929122924805,-0.4065338373184204,0.8361590504646301,0.17767488956451416,0.4790259599685669,0.0015106539940461516,0.006436049938201904,-0.7614571452140808,,7
fixed,2020-06-26_CO,2020-10-07_CO,CO,CO,103,-0.4270513951778412,-0.3151978850364685,-0.5389049053192139,0.6330123543739319,0.1493169069290161,0.5736534595489502,0.002470488427206874,0.006890889257192612,-0.8738504648208618,,7
fixed,2020-07-08_CO,2020-10-07_CO,CO,CO,91,-0.42791512608528137,-0.7606974244117737,-0.09513282775878906,0.5798565745353699,0.1584816575050354,0.402035117149353,0.0013264510780572891,0.0051066698506474495,-0.5069469213485718,0.5509034395217896,3
fixed,2020-07-14_CO,2020-10-07_CO,CO,CO,85,0.016489937901496887,0.043304264545440674,-0.0103243887424469,0.6589908003807068,0.13813479244709015,0.501114010810852,0.0027644194196909666,0.0029385245870798826,-0.8352615237236023,0.5509034395217896,28
fixed,2020-07-29_RD,2020-10-07_CO,RD,CO,70,-0.9126375317573547,-1.296001672744751,-0.5292733907699585,0.8042023777961731,0.1359168291091919,0.4263463616371155,0.004323281813412905,0.006203312426805496,-0.1720844954252243,0.1873166859149933,7
fixed,2020-07-31_CO,2020-10-07_CO,CO,CO,68,-0.2769637107849121,0.07573306560516357,-0.6296604871749878,0.8016555905342102,0.1550763100385666,0.4870973229408264,0.0013132329331710935,0.006689205765724182,-0.9106969237327576,0.1873166859149933,35
fixed,2020-08-08_RD,2020-10-07_CO,RD,CO,60,-0.9440386295318604,-0.9536401033401489,-0.9344371557235718,0.5153780579566956,0.11374956369400024,0.46936774253845215,0.0033429537434130907,0.009808579459786415,-0.48690521717071533,0.16444051265716553,3
fixed,2020-08-11_RD,2020-10-07_CO,RD,CO,57,-4.686146259307861,-4.951382160186768,-4.420910835266113,0.888837993144989,0.16503314673900604,0.4436998963356018,0.011793062090873718,0.021057285368442535,-0.5997775197029114,0.16444051265716553,2
fixed,2020-08-22_RD,2020-10-07_CO,RD,CO,46,-3.141543388366699,-6.132923603057861,-0.15016281604766846,0.7262852787971497,0.18616263568401337,0.573658287525177,0.007447754964232445,0.0038362257182598114,-0.3655463457107544,0.13746613264083862,7
fixed,2020-08-29_RD,2020-10-07_CO,RD,CO,39,-0.6143526434898376,-0.7384440898895264,-0.4902611970901489,0.5425512194633484,0.16280074417591095,0.5215235948562622,0.025130154564976692,0.007649208419024944,-0.938831090927124,0.14454475045204163,14
fixed,2020-09-04_RD,2020-10-07_CO,RD,CO,33,-2.0828168392181396,-0.5929487347602844,-3.5726852416992188,0.5472796559333801,0.17271165549755096,0.4787977337837219,0.002616328187286854,0.021543096750974655,-0.8722856640815735,0.14454475045204163,3
fixed,2020-09-24_CO,2020-10-07_CO,CO,CO,13,-1.0970896482467651,-2.1868114471435547,-0.007367968559265137,0.4512280523777008,0.11122900992631912,0.413362979888916,0.001382651156745851,0.0036885684821754694,-0.5064554810523987,0.12570379674434662,3
fixed,2020-09-28_CO,2020-10-07_CO,CO,CO,9,-0.38446176052093506,-0.8573746681213379,0.08845117688179016,0.4661703109741211,0.14427481591701508,0.44669365882873535,0.0011878893710672855,0.0032412398140877485,-0.7679588794708252,0.0,4
fixed,2020-09-29_CO,2020-10-07_CO,CO,CO,8,-0.4905737042427063,-0.26230835914611816,-0.7188390493392944,0.42025935649871826,0.12402697652578354,0.4061952233314514,0.0019665968138724566,0.009550044313073158,-0.47271525859832764,0.0,3
fixed,2020-10-02_CO,2020-10-07_CO,CO,CO,5,-0.9420960545539856,-1.0822484493255615,-0.8019436597824097,0.4480369985103607,0.11537686735391617,0.4903932809829712,0.002790889237076044,0.007587670814245939,-1.0953140258789062,0.0,2
fixed,2020-10-07_CO,2020-10-07_CO,CO,CO,0,0.2995997369289398,0.3384556770324707,0.26074379682540894,0.029848039150238037,0.02288605272769928,0.19624394178390503,0.00045968295307829976,0.0003604520170483738,-0.9213584661483765,0.0,0
renorm,2020-01-27_CO,2020-10-07_CO,CO,CO,254,-0.03369641304016113,0.06106990575790405,-0.12846273183822632,0.029848039150238037,0.02288605272769928,0.3232191801071167,0.000600183557253331,0.00031724394648335874,-1.1810789108276367,0.26599571108818054,11
renorm,2020-01-30_CO,2020-10-07_CO,CO,CO,251,0.060304075479507446,0.14644315838813782,-0.025835007429122925,0.029848039150238037,0.02288605272769928,0.3054114580154419,0.0005260483012534678,0.0003041782765649259,-0.9787397980690002,0.26599571108818054,13
renorm,2020-02-04_CO,2020-10-07_CO,CO,CO,246,0.04787912964820862,0.12098714709281921,-0.025228887796401978,0.029848039150238037,0.02288605272769928,0.3248544931411743,0.0005281736375764012,0.0004574264748953283,-0.9627788066864014,0.26599571108818054,8
renorm,2020-02-05_CO,2020-10-07_CO,CO,CO,245,-0.015434667468070984,0.061049312353134155,-0.09191864728927612,0.029848039150238037,0.02288605272769928,0.30586087703704834,0.0006707945140078664,0.0003202706284355372,-0.7873879671096802,0.26599571108818054,10
renorm,2020-02-06_CO,2020-10-07_CO,CO,CO,244,-0.0283040851354599,0.03369024395942688,-0.09029841423034668,0.029848039150238037,0.02288605272769928,0.3680572509765625,0.0006133427377790213,0.00042097014375030994,-0.8997213244438171,,9
renorm,2020-02-11_CO,2020-10-07_CO,CO,CO,239,0.07049337029457092,0.16863688826560974,-0.027650147676467896,0.029848039150238037,0.02288605272769928,0.29537433385849,0.0006180722848512232,0.0003075494314543903,-0.9160293340682983,,7
renorm,2020-02-22_CO,2020-10-07_CO,CO,CO,228,0.05694110691547394,0.10492682456970215,0.008955389261245728,0.029848039150238037,0.02288605272769928,0.29282963275909424,0.0004441093187779188,0.000690632441546768,-0.8369630575180054,,8
renorm,2020-02-24_CO,2020-10-07_CO,CO,CO,226,0.08774176239967346,0.15687596797943115,0.01860755681991577,0.029848039150238037,0.02288605272769928,0.30550628900527954,0.0005464039859361947,0.0008224389748647809,-0.6560210585594177,,5
renorm,2020-02-25_CO,2020-10-07_CO,CO,CO,225,0.06587980687618256,0.1199062168598175,0.011853396892547607,0.029848039150238037,0.02288605272769928,0.3279229402542114,0.0005160449654795229,0.00018716252816375345,-0.7120547890663147,,6
renorm,2020-02-28_RD,2020-10-07_CO,RD,CO,222,-0.003597065806388855,-0.03820812702178955,0.03101399540901184,0.029848039150238037,0.02288605272769928,0.3123190402984619,0.0006013658712618053,9.52539558056742e-05,-1.0168895721435547,,8
renorm,2020-03-02_RD,2020-10-07_CO,RD,CO,219,-0.030024215579032898,-0.03383004665374756,-0.026218384504318237,0.029848039150238037,0.02288605272769928,0.28944408893585205,0.0008454971830360591,6.491901149274781e-05,-0.8131170272827148,,11
renorm,2020-03-10_RD,2020-10-07_CO,RD,CO,211,-0.02484530210494995,-0.038391172885894775,-0.011299431324005127,0.029848039150238037,0.02288605272769928,0.3160354495048523,0.0005820285296067595,0.0003499455051496625,-1.016660213470459,,9
renorm,2020-03-13_RD,2020-10-07_CO,RD,CO,208,-0.00701160728931427,0.033790647983551025,-0.047813862562179565,0.029848039150238037,0.02288605272769928,0.3290215730667114,0.0007001265184953809,0.0001427187817171216,-1.1609387397766113,,7
renorm,2020-03-17_RD,2020-10-07_CO,RD,CO,204,-0.009675651788711548,-0.007459789514541626,-0.01189151406288147,0.029848039150238037,0.02288605272769928,0.3181186318397522,0.0007640683325007558,0.0006244633113965392,-0.8256393671035767,,7
renorm,2020-03-18_RD,2020-10-07_CO,RD,CO,203,-0.11722853779792786,-0.11670529842376709,-0.11775177717208862,0.029848039150238037,0.02288605272769928,0.302592933177948,0.0011749553959816694,8.861575770424679e-05,-0.8205381631851196,,8
renorm,2020-03-19_RD,2020-10-07_CO,RD,CO,202,-0.080110102891922,-0.10784667730331421,-0.052373528480529785,0.029848039150238037,0.02288605272769928,0.32334744930267334,0.0007417149608954787,0.0006104042986407876,-1.0283663272857666,,7
renorm,2020-03-20_RD,2020-10-07_CO,RD,CO,201,-0.04467174410820007,-0.047374188899993896,-0.04196929931640625,0.029848039150238037,0.02288605272769928,0.308624804019928,0.0008007598808035254,0.00030121998861432076,-0.9487478733062744,,7
renorm,2020-06-26_CO,2020-10-07_CO,CO,CO,103,0.02069060504436493,0.009037762880325317,0.03234344720840454,0.029848039150238037,0.02288605272769928,0.28449851274490356,0.00047996212379075587,8.629313379060477e-05,-1.0960968732833862,,7
renorm,2020-07-08_CO,2020-10-07_CO,CO,CO,91,0.1636609137058258,0.18633776903152466,0.14098405838012695,0.029848039150238037,0.02288605272769928,0.29180800914764404,0.0005162242450751364,0.00016421124746557325,-0.8571347594261169,0.5509034395217896,3
renorm,2020-07-14_CO,2020-10-07_CO,CO,CO,85,0.08133271336555481,0.09419327974319458,0.06847214698791504,0.029848039150238037,0.02288605272769928,0.33825618028640747,0.0005563576705753803,0.0008506722515448928,-0.938605785369873,0.5509034395217896,28
renorm,2020-07-29_RD,2020-10-07_CO,RD,CO,70,0.04898476600646973,0.06932953000068665,0.028640002012252808,0.029848039150238037,0.02288605272769928,0.286371111869812,0.0006068127695471048,0.0003529537352733314,-0.7845757007598877,0.1873166859149933,7
renorm,2020-07-31_CO,2020-10-07_CO,CO,CO,68,0.09371930360794067,0.06407889723777771,0.12335970997810364,0.029848039150238037,0.02288605272769928,0.2704692482948303,0.0004726496699731797,0.0008556099492125213,-1.089171051979065,0.1873166859149933,35
renorm,2020-08-08_RD,2020-10-07_CO,RD,CO,60,0.04413267970085144,0.04842942953109741,0.03983592987060547,0.029848039150238037,0.02288605272769928,0.22188496589660645,0.0008362632943317294,0.0006354658398777246,-0.8346280455589294,0.16444051265716553,3
renorm,2020-08-11_RD,2020-10-07_CO,RD,CO,57,0.04585114121437073,0.06563669443130493,0.026065587997436523,0.029848039150238037,0.02288605272769928,0.28730136156082153,0.0009685591794550419,0.0006909669609740376,-0.8161860704421997,0.16444051265716553,2
renorm,2020-08-22_RD,2020-10-07_CO,RD,CO,46,-0.016865596175193787,-0.10345947742462158,0.06972828507423401,0.029848039150238037,0.02288605272769928,0.32618051767349243,0.0009566352819092572,0.0009354341309517622,-1.060617208480835,0.13746613264083862,7
renorm,2020-08-29_RD,2020-10-07_CO,RD,CO,39,-0.012037143111228943,0.03565511107444763,-0.05972939729690552,0.029848039150238037,0.02288605272769928,0.3049447536468506,0.0011882856488227844,0.0011881807586178184,-1.0342626571655273,0.14454475045204163,14
renorm,2020-09-04_RD,2020-10-07_CO,RD,CO,33,0.08636102080345154,0.11902451515197754,0.05369752645492554,0.029848039150238037,0.02288605272769928,0.33912765979766846,0.0008183693280443549,0.00045883661368861794,-0.8977261185646057,0.14454475045204163,3
renorm,2020-09-24_CO,2020-10-07_CO,CO,CO,13,0.1978016346693039,0.23809665441513062,0.15750661492347717,0.029848039150238037,0.02288605272769928,0.20216941833496094,0.0005325791426002979,0.0003016861737705767,-0.8972882032394409,0.12570379674434662,3
renorm,2020-09-28_CO,2020-10-07_CO,CO,CO,9,0.21329498291015625,0.26284825801849365,0.16374170780181885,0.029848039150238037,0.02288605272769928,0.19496262073516846,0.0004221419512759894,0.00024686678079888225,-0.8111602067947388,0.0,4
renorm,2020-09-29_CO,2020-10-07_CO,CO,CO,8,0.10493035614490509,0.12192550301551819,0.08793520927429199,0.029848039150238037,0.02288605272769928,0.24057483673095703,0.000629490939900279,0.00039768798160366714,-0.5655282735824585,0.0,3
renorm,2020-10-02_CO,2020-10-07_CO,CO,CO,5,0.10054390132427216,0.10139310359954834,0.09969469904899597,0.029848039150238037,0.02288605272769928,0.2289597988128662,0.0006639196653850377,0.0002663269988261163,-1.2022472620010376,0.0,2
renorm,2020-10-07_CO,2020-10-07_CO,CO,CO,0,0.3020078241825104,0.3425373435020447,0.2614783048629761,0.029848039150238037,0.02288605272769928,0.19624394178390503,0.0004554042825475335,0.00036510659265331924,-0.9304385185241699,0.0,0
fixed,2020-01-27_CO,2020-10-12_CO,CO,CO,259,-1.0389039516448975,-1.1766347885131836,-0.9011730551719666,1.1722393035888672,0.3167712390422821,0.5532750487327576,0.006185945589095354,0.007823459804058075,-1.2933547496795654,0.46699970960617065,16
fixed,2020-01-30_CO,2020-10-12_CO,CO,CO,256,-3.035452365875244,-2.3397512435913086,-3.7311534881591797,1.201830267906189,0.3271154463291168,0.5551254153251648,0.003196655074134469,0.020486490800976753,-0.9890553951263428,0.46699970960617065,23
fixed,2020-02-04_CO,2020-10-12_CO,CO,CO,251,-0.7414601445198059,-0.5499811172485352,-0.9329391717910767,1.0800446271896362,0.310482382774353,0.5538014769554138,0.004069638904184103,0.009213490411639214,-1.096004605293274,0.46699970960617065,16
fixed,2020-02-05_CO,2020-10-12_CO,CO,CO,250,-0.7384573221206665,-1.3487706184387207,-0.12814396619796753,1.215975284576416,0.34311673045158386,0.531722903251648,0.009151424281299114,0.004606964997947216,-1.2763527631759644,0.46699970960617065,19
fixed,2020-02-06_CO,2020-10-12_CO,CO,CO,249,-2.4293367862701416,-4.275674819946289,-0.582998514175415,1.2091046571731567,0.3483165204524994,0.5685564279556274,0.006458904594182968,0.007058329880237579,-1.1075966358184814,,17
fixed,2020-02-11_CO,2020-10-12_CO,CO,CO,244,-1.8011059761047363,-2.061619520187378,-1.5405924320220947,1.006842851638794,0.2681433856487274,0.55616694688797,0.0027801350224763155,0.0126181086525321,-0.9091265201568604,,16
fixed,2020-02-22_CO,2020-10-12_CO,CO,CO,233,-0.2745492458343506,-0.19814544916152954,-0.35095304250717163,1.0786566734313965,0.28170329332351685,0.510090708732605,0.00222035008482635,0.005853889510035515,-1.1808465719223022,,16
fixed,2020-02-24_CO,2020-10-12_CO,CO,CO,231,-1.3892371654510498,-1.4269540309906006,-1.351520299911499,0.9819570183753967,0.2248276025056839,0.507665753364563,0.003238624893128872,0.01231374777853489,-0.6658788919448853,,13
fixed,2020-02-25_CO,2020-10-12_CO,CO,CO,230,-0.7975016832351685,-0.5273582339286804,-1.0676450729370117,0.9847197532653809,0.2452412098646164,0.5346010327339172,0.0029444522224366665,0.0109233558177948,-1.0130727291107178,,15
fixed,2020-02-28_RD,2020-10-12_CO,RD,CO,227,-1.7887451648712158,-2.5269904136657715,-1.0504999160766602,1.0029306411743164,0.23175732791423798,0.5295738577842712,0.003904943820089102,0.009534947574138641,-1.073379635810852,,17
fixed,2020-03-02_RD,2020-10-12_CO,RD,CO,224,-1.5634143352508545,-2.9178988933563232,-0.20892995595932007,0.8985121250152588,0.22122597694396973,0.5760767459869385,0.0026949839666485786,0.0035057351924479008,-1.0817947387695312,,20
fixed,2020-03-10_RD,2020-10-12_CO,RD,CO,216,-1.9049862623214722,-3.376030445098877,-0.4339420199394226,0.9921088218688965,0.2977065145969391,0.546168863773346,0.005897666327655315,0.006515540182590485,-1.5648009777069092,,19
fixed,2020-03-13_RD,2020-10-12_CO,RD,CO,213,-0.7682617902755737,-0.4210447072982788,-1.115478754043579,1.0511068105697632,0.25733664631843567,0.567369818687439,0.0030355651397258043,0.010040046647191048,-1.3856455087661743,,16
fixed,2020-03-17_RD,2020-10-12_CO,RD,CO,209,-0.7847771644592285,-1.556069254875183,-0.013485133647918701,1.051033854484558,0.3392148017883301,0.5547777414321899,0.002719627693295479,0.002825649455189705,-1.261091709136963,,15
fixed,2020-03-18_RD,2020-10-12_CO,RD,CO,208,-1.037054181098938,-1.321128249168396,-0.7529801726341248,1.0669044256210327,0.3166307508945465,0.5726668834686279,0.003769447561353445,0.008464494720101357,-1.1243345737457275,,17
fixed,2020-03-19_RD,2020-10-12_CO,RD,CO,207,-1.6812124252319336,-2.309877395629883,-1.0525474548339844,1.0711491107940674,0.32318541407585144,0.6166037321090698,0.002334392396733165,0.010846497491002083,-1.5053519010543823,,14
fixed,2020-03-20_RD,2020-10-12_CO,RD,CO,206,-5.708340167999268,-8.46440601348877,-2.952274799346924,1.007993221282959,0.22963911294937134,0.5655961632728577,0.007058677263557911,0.01818382740020752,-0.7653946876525879,,15
fixed,2020-06-26_CO,2020-10-12_CO,CO,CO,108,-0.39321231842041016,-0.3215717673301697,-0.46485286951065063,0.6291248798370361,0.14223887026309967,0.5630165934562683,0.0018625997472554445,0.005195172503590584,-1.2360858917236328,,13
fixed,2020-07-08_CO,2020-10-12_CO,CO,CO,96,-0.45538321137428284,-0.2483501434326172,-0.6624162793159485,0.6786723732948303,0.17890332639217377,0.4889898896217346,0.0014432896859943867,0.009578955359756947,-0.913798451423645,0.310555100440979,7
fixed,2020-07-14_CO,2020-10-12_CO,CO,CO,90,-0.9228755235671997,-0.674064576625824,-1.1716864109039307,0.7202487587928772,0.1556713730096817,0.49106091260910034,0.004670911468565464,0.01065992470830679,-0.9272257089614868,0.310555100440979,38
fixed,2020-07-29_RD,2020-10-12_CO,RD,CO,75,-2.259836196899414,-3.73762845993042,-0.7820438146591187,0.6851571202278137,0.13855428993701935,0.4244868755340576,0.0018933588871732354,0.008793402463197708,-0.6269704699516296,0.13299018144607544,16
fixed,2020-07-31_CO,2020-10-12_CO,CO,CO,73,-0.8047610521316528,-1.0145776271820068,-0.594944417476654,0.9492926597595215,0.1779307872056961,0.5061376094818115,0.00491706607863307,0.008342203684151173,-0.7141213417053223,0.13299018144607544,46
fixed,2020-08-08_RD,2020-10-12_CO,RD,CO,65,-1.662869930267334,-3.1825666427612305,-0.1431732177734375,0.5815526843070984,0.13484852015972137,0.5427418351173401,0.0037440734449774027,0.003367938566952944,-0.6115749478340149,0.2919290065765381,7
fixed,2020-08-11_RD,2020-10-12_CO,RD,CO,62,-4.387594699859619,-3.947584390640259,-4.827605247497559,1.0939329862594604,0.20749807357788086,0.5344094038009644,0.01963527500629425,0.023099364712834358,-0.8734292387962341,0.2919290065765381,9
fixed,2020-08-22_RD,2020-10-12_CO,RD,CO,51,-0.8514993190765381,-1.0609416961669922,-0.6420568823814392,0.6632866263389587,0.16563226282596588,0.5855919122695923,0.008733538910746574,0.007678675465285778,-0.6745589971542358,0.2597266435623169,10
fixed,2020-08-29_RD,2020-10-12_CO,RD,CO,44,-2.1035666465759277,-2.1752429008483887,-2.031890392303467,0.5871057510375977,0.19787317514419556,0.5718411803245544,0.018810154870152473,0.014466054737567902,-1.6372166872024536,0.2745043635368347,24
fixed,2020-09-04_RD,2020-10-12_CO,RD,CO,38,-2.370952606201172,-2.6020326614379883,-2.1398727893829346,0.572618305683136,0.18706165254116058,0.5854617357254028,0.0026758606545627117,0.0158684179186821,-0.39359620213508606,0.2745043635368347,11
fixed,2020-09-24_CO,2020-10-12_CO,CO,CO,18,-3.5624115467071533,-6.63459587097168,-0.49022722244262695,0.533454418182373,0.12621869146823883,0.4448755979537964,0.004612993448972702,0.008095911704003811,-0.5025306940078735,0.29752975702285767,12
fixed,2020-09-28_CO,2020-10-12_CO,CO,CO,14,-0.4111301302909851,-0.8237460851669312,0.0014857947826385498,0.5388239026069641,0.16344711184501648,0.4485669732093811,0.002743760123848915,0.003957879729568958,-1.0828967094421387,0.23743024468421936,11
fixed,2020-09-29_CO,2020-10-12_CO,CO,CO,13,-1.38132643699646,-1.9424153566360474,-0.8202375769615173,0.44028520584106445,0.15211988985538483,0.4352529048919678,0.003863333025947213,0.00731076393276453,-0.3181103467941284,0.23743024468421936,13
fixed,2020-10-02_CO,2020-10-12_CO,CO,CO,10,-2.3789031505584717,-2.5832509994506836,-2.1745550632476807,0.48767420649528503,0.14254729449748993,0.48957622051239014,0.0022769453935325146,0.015015498735010624,-0.6848097443580627,0.23743024468421936,9
fixed,2020-10-07_CO,2020-10-12_CO,CO,CO,5,-2.1017813682556152,-2.587932586669922,-1.6156303882598877,0.49400004744529724,0.13631655275821686,0.4717841148376465,0.003027357393875718,0.012060431763529778,-0.7192245721817017,0.23743024468421936,13
fixed,2020-10-12_CO,2020-10-12_CO,CO,CO,0,0.29099413752555847,0.34017929434776306,0.24180898070335388,0.06180316209793091,0.015802940353751183,0.1577925682067871,0.00040293196798302233,0.00047089075087569654,-0.6725190877914429,0.0,0
renorm,2020-01-27_CO,2020-10-12_CO,CO,CO,259,-0.1268404722213745,-0.0956120491027832,-0.15806889533996582,0.06180316209793091,0.015802940353751183,0.38278084993362427,0.0006352041964419186,0.0006359873805195093,-1.2375290393829346,0.46699970960617065,16
renorm,2020-01-30_CO,2020-10-12_CO,CO,CO,256,-0.09324552118778229,-0.06497317552566528,-0.12151786684989929,0.06180316209793091,0.015802940353751183,0.34372931718826294,0.0005530376802198589,0.0009198597399517894,-0.9681084156036377,0.46699970960617065,23
renorm,2020-02-04_CO,2020-10-12_CO,CO,CO,251,-0.07637308537960052,-0.09971767663955688,-0.053028494119644165,0.06180316209793091,0.015802940353751183,0.35747164487838745,0.0005178477149456739,0.0006694240728393197,-0.8294029235839844,0.46699970960617065,16
renorm,2020-02-05_CO,2020-10-12_CO,CO,CO,250,-0.12459023296833038,-0.1411694884300232,-0.10801097750663757,0.06180316209793091,0.015802940353751183,0.32893800735473633,0.0006683474639430642,0.00043547741370275617,-0.8856960535049438,0.46699970960617065,19
renorm,2020-02-06_CO,2020-10-12_CO,CO,CO,249,-0.13359782099723816,-0.18144214153289795,-0.08575350046157837,0.06180316209793091,0.015802940353751183,0.38143545389175415,0.0006096664583310485,0.0005164266913197935,-0.8312478065490723,,17
renorm,2020-02-11_CO,2020-10-12_CO,CO,CO,244,-0.1418066918849945,-0.11205452680587769,-0.17155885696411133,0.06180316209793091,0.015802940353751183,0.3358026146888733,0.0005661046598106623,0.0009688533027656376,-0.7257583141326904,,16
renorm,2020-02-22_CO,2020-10-12_CO,CO,CO,233,-0.08066776394844055,-0.10016244649887085,-0.061173081398010254,0.06180316209793091,0.015802940353751183,0.3450416326522827,0.0004642103158403188,0.00048265315126627684,-0.8297814726829529,,16
renorm,2020-02-24_CO,2020-10-12_CO,CO,CO,231,-0.027817413210868835,-0.010672569274902344,-0.04496225714683533,0.06180316209793091,0.015802940353751183,0.35676777362823486,0.0005455876816995442,0.0005916045047342777,-0.751970112323761,,13
renorm,2020-02-25_CO,2020-10-12_CO,CO,CO,230,-0.036300987005233765,-0.04713636636734009,-0.02546560764312744,0.06180316209793091,0.015802940353751183,0.36576318740844727,0.0005318369949236512,0.0005343235097825527,-0.7260817289352417,,15
renorm,2020-02-28_RD,2020-10-12_CO,RD,CO,227,-0.26114165782928467,-0.46584105491638184,-0.05644229054450989,0.06180316209793091,0.015802940353751183,0.3461616635322571,0.0006383956060744822,0.0011357029434293509,-0.8949563503265381,,17
renorm,2020-03-02_RD,2020-10-12_CO,RD,CO,224,-0.30099380016326904,-0.5142722129821777,-0.08771535754203796,0.06180316209793091,0.015802940353751183,0.3610647916793823,0.0009042557794600725,0.0007305042818188667,-0.8518862724304199,,20
renorm,2020-03-10_RD,2020-10-12_CO,RD,CO,216,-0.28047728538513184,-0.4612919092178345,-0.0996626615524292,0.06180316209793091,0.015802940353751183,0.36130034923553467,0.0006137126474641263,0.0010610459139570594,-1.0177984237670898,,19
renorm,2020-03-13_RD,2020-10-12_CO,RD,CO,213,-0.22978660464286804,-0.3364071846008301,-0.123166024684906,0.06180316209793091,0.015802940353751183,0.37784677743911743,0.0006478167488239706,0.0012468659551814198,-1.1268081665039062,,16
renorm,2020-03-17_RD,2020-10-12_CO,RD,CO,209,-0.2270199954509735,-0.4545785188674927,0.0005385279655456543,0.06180316209793091,0.015802940353751183,0.36083972454071045,0.0007567958673462272,0.0010844275821000338,-0.7344526648521423,,15
renorm,2020-03-18_RD,2020-10-12_CO,RD,CO,208,-0.30423659086227417,-0.5047976970672607,-0.10367545485496521,0.06180316209793091,0.015802940353751183,0.3403099775314331,0.0012408000184223056,0.0009417531546205282,-0.7604251503944397,,17
renorm,2020-03-19_RD,2020-10-12_CO,RD,CO,207,-0.2811605930328369,-0.4809296131134033,-0.08139154314994812,0.06180316209793091,0.015802940353751183,0.35598355531692505,0.000710905296728015,0.0015941219171509147,-1.1258131265640259,,14
renorm,2020-03-20_RD,2020-10-12_CO,RD,CO,206,-0.3104562759399414,-0.45620203018188477,-0.16471055150032043,0.06180316209793091,0.015802940353751183,0.34614020586013794,0.0007975792395882308,0.001049842918291688,-1.0269194841384888,,15
renorm,2020-06-26_CO,2020-10-12_CO,CO,CO,108,-0.09848177433013916,-0.1567661166191101,-0.04019743204116821,0.06180316209793091,0.015802940353751183,0.3070923686027527,0.000467857054900378,0.00018713323515839875,-1.0511751174926758,,13
renorm,2020-07-08_CO,2020-10-12_CO,CO,CO,96,0.022243618965148926,-0.026272118091583252,0.0707593560218811,0.06180316209793091,0.015802940353751183,0.31350988149642944,0.0005023426492698491,0.0002835038467310369,-0.8573175668716431,0.310555100440979,7
renorm,2020-07-14_CO,2020-10-12_CO,CO,CO,90,0.01243080198764801,0.0005511045455932617,0.02431049942970276,0.06180316209793091,0.015802940353751183,0.3271690607070923,0.0005262328777462244,0.00011304234794806689,-0.827177107334137,0.310555100440979,38
renorm,2020-07-29_RD,2020-10-12_CO,RD,CO,75,-0.2485964000225067,-0.4372910261154175,-0.05990177392959595,0.06180316209793091,0.015802940353751183,0.313568115234375,0.0006280910456553102,0.000816943880636245,-0.8550325632095337,0.13299018144607544,16
renorm,2020-07-31_CO,2020-10-12_CO,CO,CO,73,-0.02295483648777008,-0.08482062816619873,0.03891095519065857,0.06180316209793091,0.015802940353751183,0.2587202191352844,0.0005107080796733499,0.0002779398637358099,-1.0440173149108887,0.13299018144607544,46
renorm,2020-08-08_RD,2020-10-12_CO,RD,CO,65,-0.25627821683883667,-0.4053446650505066,-0.10721176862716675,0.06180316209793091,0.015802940353751183,0.2873891592025757,0.000842137960717082,0.0010558830108493567,-0.794646143913269,0.2919290065765381,7
renorm,2020-08-11_RD,2020-10-12_CO,RD,CO,62,-0.2724003195762634,-0.4318556785583496,-0.11294499039649963,0.06180316209793091,0.015802940353751183,0.3011394739151001,0.0009610678534954786,0.0008714811410754919,-0.7049648761749268,0.2919290065765381,9
renorm,2020-08-22_RD,2020-10-12_CO,RD,CO,51,-0.255933940410614,-0.47168153524398804,-0.04018634557723999,0.06180316209793091,0.015802940353751183,0.33558762073516846,0.0008758344920352101,0.00039921802817843854,-1.0402238368988037,0.2597266435623169,10
renorm,2020-08-29_RD,2020-10-12_CO,RD,CO,44,-0.14215287566184998,-0.1425052285194397,-0.14180052280426025,0.06180316209793091,0.015802940353751183,0.29461485147476196,0.0011503384448587894,0.0004150375898461789,-1.2079322338104248,0.2745043635368347,24
renorm,2020-09-04_RD,2020-10-12_CO,RD,CO,38,-0.2157132625579834,-0.3946341872215271,-0.0367923378944397,0.06180316209793091,0.015802940353751183,0.3238934874534607,0.0008124820305965841,0.0006243535899557173,-0.7330300211906433,0.2745043635368347,11
renorm,2020-09-24_CO,2020-10-12_CO,CO,CO,18,0.06146779656410217,0.0424075722694397,0.08052802085876465,0.06180316209793091,0.015802940353751183,0.22892224788665771,0.0005288248066790402,0.00025667500449344516,-0.8270359039306641,0.29752975702285767,12
renorm,2020-09-28_CO,2020-10-12_CO,CO,CO,14,0.11646761000156403,0.10339626669883728,0.12953895330429077,0.06180316209793091,0.015802940353751183,0.2309773564338684,0.000434460787801072,0.0002335491735721007,-0.8139733672142029,0.23743024468421936,11
renorm,2020-09-29_CO,2020-10-12_CO,CO,CO,13,-0.02076098322868347,-0.09762877225875854,0.0561068058013916,0.06180316209793091,0.015802940353751183,0.2545550465583801,0.0006081232568249106,0.000349566777003929,-0.5449141263961792,0.23743024468421936,13
renorm,2020-10-02_CO,2020-10-12_CO,CO,CO,10,0.017338335514068604,-0.04263150691986084,0.07730817794799805,0.06180316209793091,0.015802940353751183,0.2646896243095398,0.0005990827921777964,0.00016147906717378646,-1.0859179496765137,0.23743024468421936,9
renorm,2020-10-07_CO,2020-10-12_CO,CO,CO,5,0.12893220782279968,0.13927426934242249,0.11859014630317688,0.06180316209793091,0.015802940353751183,0.2637523412704468,0.00046018967987038195,0.0005986226024106145,-1.0741047859191895,0.23743024468421936,13
renorm,2020-10-12_CO,2020-10-12_CO,CO,CO,0,0.2957443594932556,0.3452741205692291,0.2462146282196045,0.06180316209793091,0.015802940353751183,0.1577925682067871,0.0003980222390964627,0.0004435701121110469,-0.6792879700660706,0.0,0
fixed,2020-01-27_CO,2020-10-16_CO,CO,CO,263,-0.9540214538574219,-1.462970495223999,-0.4450724720954895,0.950340747833252,0.2752346098423004,0.502236008644104,0.0032954432535916567,0.0048958491533994675,-1.775743007659912,0.46699970960617065,16
fixed,2020-01-30_CO,2020-10-16_CO,CO,CO,260,-1.0076912641525269,-0.11034578084945679,-1.9050366878509521,0.9582774043083191,0.2718054950237274,0.5369342565536499,0.0014446551213040948,0.016585301607847214,-1.442553162574768,0.46699970960617065,20
fixed,2020-02-04_CO,2020-10-16_CO,CO,CO,255,-0.4749251902103424,-0.30213406682014465,-0.6477163434028625,0.8513500094413757,0.2700135409832001,0.5240314602851868,0.003051330801099539,0.007568241562694311,-1.0395293235778809,0.46699970960617065,14
fixed,2020-02-05_CO,2020-10-16_CO,CO,CO,254,-1.3914096355438232,-2.7442665100097656,-0.03855276107788086,0.9884247779846191,0.3046005368232727,0.5168115496635437,0.004816175438463688,0.0015710119623690844,-1.2458162307739258,0.46699970960617065,15
fixed,2020-02-06_CO,2020-10-16_CO,CO,CO,253,-2.109816312789917,-3.3686633110046387,-0.8509693145751953,1.0085643529891968,0.31341639161109924,0.529606282711029,0.006032873876392841,0.008757220581173897,-1.239776611328125,,14
fixed,2020-02-11_CO,2020-10-16_CO,CO,CO,248,-1.4795358180999756,-0.9151301980018616,-2.0439414978027344,0.7810086607933044,0.22897453606128693,0.5387305021286011,0.0021588283125311136,0.01562660187482834,-1.045339584350586,,16
fixed,2020-02-22_CO,2020-10-16_CO,CO,CO,237,-0.4338146448135376,-0.6468779444694519,-0.2207513153553009,0.8923683166503906,0.25122031569480896,0.4948890209197998,0.001617344212718308,0.004981073085218668,-1.3655967712402344,,14
fixed,2020-02-24_CO,2020-10-16_CO,CO,CO,235,-0.5655220746994019,-0.3080834746360779,-0.8229605555534363,0.7939229011535645,0.19697101414203644,0.4906996488571167,0.0023000387009233236,0.010130712762475014,-0.9062210917472839,,11
fixed,2020-02-25_CO,2020-10-16_CO,CO,CO,234,-0.20499774813652039,-0.20402777194976807,-0.2059677243232727,0.8292558789253235,0.2155616730451584,0.5254577398300171,0.002256742212921381,0.005212182179093361,-1.0645897388458252,,13
fixed,2020-02-28_RD,2020-10-16_CO,RD,CO,231,-0.6064600348472595,-1.1681816577911377,-0.04473847150802612,0.8251850008964539,0.21048659086227417,0.5029944181442261,0.0017470052698627114,0.0030844290740787983,-1.0241882801055908,,14
fixed,2020-03-02_RD,2020-10-16_CO,RD,CO,228,-2.1983489990234375,-4.073427677154541,-0.32327038049697876,0.7412353157997131,0.18516016006469727,0.4773640036582947,0.0037128289695829153,0.006334495265036821,-0.646699845790863,,17
fixed,2020-03-10_RD,2020-10-16_CO,RD,CO,220,-0.8163871169090271,-1.5572633743286133,-0.07551085948944092,0.8205296993255615,0.25005602836608887,0.5001544952392578,0.0021282387897372246,0.0028267456218600273,-1.5276257991790771,,16
fixed,2020-03-13_RD,2020-10-16_CO,RD,CO,217,-0.5390183925628662,-0.3860471248626709,-0.6919897198677063,0.8136582374572754,0.20982934534549713,0.49373120069503784,0.0046235923655331135,0.009273944422602654,-1.3671433925628662,,13
fixed,2020-03-17_RD,2020-10-16_CO,RD,CO,213,-0.7926409840583801,-1.550472617149353,-0.034809380769729614,0.9076673984527588,0.30265554785728455,0.5695253610610962,0.002913768170401454,0.0027717913035303354,-1.4561930894851685,,13
fixed,2020-03-18_RD,2020-10-16_CO,RD,CO,212,-0.5324572324752808,-0.6336382627487183,-0.43127626180648804,0.8721165657043457,0.2711329162120819,0.5714136362075806,0.0035072360187768936,0.006905852816998959,-1.1704306602478027,,15
fixed,2020-03-19_RD,2020-10-16_CO,RD,CO,211,-1.309768557548523,-1.960724115371704,-0.6588131189346313,0.9087303280830383,0.2883962094783783,0.5995713472366333,0.001385230920277536,0.009136799722909927,-1.4757087230682373,,11
fixed,2020-03-20_RD,2020-10-16_CO,RD,CO,210,-1.7295849323272705,-2.516331672668457,-0.9428380727767944,0.7797553539276123,0.18923719227313995,0.4987275004386902,0.0025056428276002407,0.010394463315606117,-0.8887020349502563,,13
fixed,2020-06-26_CO,2020-10-16_CO,CO,CO,112,-1.4176304340362549,-2.6914010047912598,-0.14385980367660522,0.551271915435791,0.13131609559059143,0.5166224837303162,0.002621076535433531,0.004480916075408459,-1.086747646331787,,14
fixed,2020-07-08_CO,2020-10-16_CO,CO,CO,100,-0.8416255116462708,-1.5477824211120605,-0.13546863198280334,0.609592616558075,0.15517675876617432,0.47284334897994995,0.0009221267537213862,0.005175021011382341,-0.7735801935195923,0.310555100440979,8
fixed,2020-07-14_CO,2020-10-16_CO,CO,CO,94,-0.4318038821220398,-0.5875166654586792,-0.2760910987854004,0.8534795641899109,0.15010008215904236,0.5261591672897339,0.004543856251984835,0.0055774180218577385,-0.9144734144210815,0.310555100440979,35
fixed,2020-07-29_RD,2020-10-16_CO,RD,CO,79,-1.8625667095184326,-2.9656214714050293,-0.7595118284225464,0.9599959254264832,0.1470649242401123,0.47438132762908936,0.001720114960335195,0.010626276023685932,-0.6034685373306274,0.13299018144607544,14
fixed,2020-07-31_CO,2020-10-16_CO,CO,CO,77,-0.4618303179740906,-0.8209660053253174,-0.10269463062286377,0.5962086319923401,0.12898007035255432,0.45340216159820557,0.0014158309204503894,0.005512452218681574,-0.8071720600128174,0.13299018144607544,44
fixed,2020-08-08_RD,2020-10-16_CO,RD,CO,69,-0.8012638688087463,-1.4432899951934814,-0.15923768281936646,0.5176424384117126,0.12089285999536514,0.48319053649902344,0.004083122126758099,0.0053326343186199665,-0.4064796566963196,0.2919290065765381,7
fixed,2020-08-11_RD,2020-10-16_CO,RD,CO,66,-3.693547248840332,-6.264811038970947,-1.1222834587097168,0.7938154339790344,0.18247514963150024,0.549514889717102,0.008087988011538982,0.013099068775773048,-0.8687525987625122,0.2919290065765381,9
fixed,2020-08-22_RD,2020-10-16_CO,RD,CO,55,-2.520430326461792,-3.7825253009796143,-1.2583354711532593,0.6410683989524841,0.15336912870407104,0.5123476386070251,0.0094889672473073,0.010923211462795734,-0.8879863619804382,0.2597266435623169,9
fixed,2020-08-29_RD,2020-10-16_CO,RD,CO,48,-1.0931501388549805,-0.386449933052063,-1.799850344657898,0.5461330413818359,0.16936220228672028,0.519496738910675,0.016346164047718048,0.011626167222857475,-1.633182168006897,0.2745043635368347,24
fixed,2020-09-04_RD,2020-10-16_CO,RD,CO,42,-2.0522615909576416,-3.331267833709717,-0.7732552289962769,0.5490685105323792,0.1833145171403885,0.5538129210472107,0.0037499312311410904,0.010166740044951439,-0.5608545541763306,0.2745043635368347,10
fixed,2020-09-24_CO,2020-10-16_CO,CO,CO,22,-1.9650990962982178,-3.881565570831299,-0.04863256216049194,0.4981022775173187,0.13521869480609894,0.43227022886276245,0.0026679562870413065,0.005284056067466736,-0.2912209630012512,0.29752975702285767,12
fixed,2020-09-28_CO,2020-10-16_CO,CO,CO,18,-0.6400022506713867,-0.922021746635437,-0.3579827845096588,0.6687117218971252,0.1892227679491043,0.48319917917251587,0.0013696426758542657,0.0076067280024290085,-1.035187005996704,0.23743024468421936,13
fixed,2020-09-29_CO,2020-10-16_CO,CO,CO,17,-0.8341326713562012,-1.4396673440933228,-0.2285979986190796,0.45693930983543396,0.11066100001335144,0.4219186305999756,0.001679656095802784,0.00740374019369483,-0.2572026252746582,0.23743024468421936,10
fixed,2020-10-02_CO,2020-10-16_CO,CO,CO,14,-0.9927555918693542,-1.7661004066467285,-0.21941062808036804,0.48727449774742126,0.10953373461961746,0.4550369381904602,0.002543105510994792,0.006507229991257191,-0.8365375399589539,0.23743024468421936,10
fixed,2020-10-07_CO,2020-10-16_CO,CO,CO,9,-0.8133781552314758,-1.5884267091751099,-0.0383296012878418,0.4974643290042877,0.10754356533288956,0.431435227394104,0.0018615887966006994,0.005461405031383038,-0.7971075177192688,0.23743024468421936,13
fixed,2020-10-12_CO,2020-10-16_CO,CO,CO,4,-0.9419538974761963,-1.4769537448883057,-0.40695399045944214,0.6039338111877441,0.11051002889871597,0.39398133754730225,0.001492891344241798,0.009094145148992538,-0.40916305780410767,0.0,5
fixed,2020-10-16_CO,2020-10-16_CO,CO,CO,0,0.3005545139312744,0.3832509219646454,0.21785813570022583,0.09017282724380493,0.018806569278240204,0.1335238218307495,0.00047506054397672415,0.0004146671271882951,-0.623499870300293,0.0,0
renorm,2020-01-27_CO,2020-10-16_CO,CO,CO,263,-0.10049493610858917,-0.053293198347091675,-0.14769667387008667,0.09017282724380493,0.018806569278240204,0.35316938161849976,0.000593678851146251,0.0002569712814874947,-1.3577661514282227,0.46699970960617065,16
renorm,2020-01-30_CO,2020-10-16_CO,CO,CO,260,0.002942979335784912,0.09076926112174988,-0.08488330245018005,0.09017282724380493,0.018806569278240204,0.3471441864967346,0.00048727047396823764,5.39135180588346e-05,-1.0095406770706177,0.46699970960617065,20
renorm,2020-02-04_CO,2020-10-16_CO,CO,CO,255,-0.00765933096408844,0.0671808123588562,-0.08249947428703308,0.09017282724380493,0.018806569278240204,0.33017754554748535,0.0005359542556107044,0.0003305408754386008,-0.8763278722763062,0.46699970960617065,14
renorm,2020-02-05_CO,2020-10-16_CO,CO,CO,254,-0.07164077460765839,-0.03612801432609558,-0.10715353488922119,0.09017282724380493,0.018806569278240204,0.34393972158432007,0.0006464759353548288,0.00036109116626903415,-0.8419843316078186,0.46699970960617065,15
renorm,2020-02-06_CO,2020-10-16_CO,CO,CO,253,-0.08592230081558228,-0.039812445640563965,-0.13203215599060059,0.09017282724380493,0.018806569278240204,0.38046228885650635,0.0006007040501572192,0.0002564928727224469,-0.91746985912323,,14
renorm,2020-02-11_CO,2020-10-16_CO,CO,CO,248,0.0006424933671951294,0.08437743782997131,-0.08309245109558105,0.09017282724380493,0.018806569278240204,0.3238476514816284,0.0005806575645692647,0.00023155301460064948,-0.80482017993927,,16
renorm,2020-02-22_CO,2020-10-16_CO,CO,CO,237,0.013522207736968994,0.05702969431877136,-0.029985278844833374,0.09017282724380493,0.018806569278240204,0.32677197456359863,0.0004539384681265801,0.00019759274437092245,-0.8885592222213745,,14
renorm,2020-02-24_CO,2020-10-16_CO,CO,CO,235,0.045474305748939514,0.10740640759468079,-0.016457796096801758,0.09017282724380493,0.018806569278240204,0.33671867847442627,0.0005402243696153164,0.0005705577787011862,-0.7956736087799072,,11
renorm,2020-02-25_CO,2020-10-16_CO,CO,CO,234,-0.02226218581199646,0.011456727981567383,-0.0559810996055603,0.09017282724380493,0.018806569278240204,0.34528350830078125,0.0005498898099176586,0.0001858046744018793,-0.7298383712768555,,13
renorm,2020-02-28_RD,2020-10-16_CO,RD,CO,231,-0.14300137758255005,-0.26483988761901855,-0.021162867546081543,0.09017282724380493,0.018806569278240204,0.33039528131484985,0.0006130600231699646,0.00017120613483712077,-0.8083950281143188,,14
renorm,2020-03-02_RD,2020-10-16_CO,RD,CO,228,-0.17568524181842804,-0.2827501893043518,-0.06862029433250427,0.09017282724380493,0.018806569278240204,0.3337244987487793,0.0007820590399205685,0.0003929570666514337,-0.5826854705810547,,17
renorm,2020-03-10_RD,2020-10-16_CO,RD,CO,220,-0.1464451551437378,-0.22105026245117188,-0.07184004783630371,0.09017282724380493,0.018806569278240204,0.3554636240005493,0.0006025048205628991,0.0005152829689905047,-0.9359219670295715,,16
renorm,2020-03-13_RD,2020-10-16_CO,RD,CO,217,-0.07333157956600189,-0.026500076055526733,-0.12016308307647705,0.09017282724380493,0.018806569278240204,0.35914385318756104,0.0006594496080651879,0.00043251371243968606,-1.0278551578521729,,13
renorm,2020-03-17_RD,2020-10-16_CO,RD,CO,213,-0.14429223537445068,-0.27347689867019653,-0.015107572078704834,0.09017282724380493,0.018806569278240204,0.3325331211090088,0.0007543804822489619,2.5462852136115544e-05,-0.6562893986701965,,13
renorm,2020-03-18_RD,2020-10-16_CO,RD,CO,212,-0.2830473482608795,-0.4329562783241272,-0.13313841819763184,0.09017282724380493,0.018806569278240204,0.3123709559440613,0.001257715281099081,0.0002476479858160019,-0.6786767840385437,,15
renorm,2020-03-19_RD,2020-10-16_CO,RD,CO,211,-0.14638879895210266,-0.19572728872299194,-0.09705030918121338,0.09017282724380493,0.018806569278240204,0.37257885932922363,0.0007265969761647284,7.25665086065419e-05,-1.0840263366699219,,11
renorm,2020-03-20_RD,2020-10-16_CO,RD,CO,210,-0.12179338932037354,-0.1476452350616455,-0.09594154357910156,0.09017282724380493,0.018806569278240204,0.32722634077072144,0.0008476532530039549,4.040864951093681e-05,-0.8802337646484375,,13
renorm,2020-06-26_CO,2020-10-16_CO,CO,CO,112,-0.0078123509883880615,-0.022261768579483032,0.006637066602706909,0.09017282724380493,0.018806569278240204,0.2956327199935913,0.00045346765546128154,0.00020156065875198692,-0.959438145160675,,14
renorm,2020-07-08_CO,2020-10-16_CO,CO,CO,100,0.11470849812030792,0.15172481536865234,0.0776921808719635,0.09017282724380493,0.018806569278240204,0.3116310238838196,0.0004991635796613991,0.0003308042651042342,-0.6963967680931091,0.310555100440979,8
renorm,2020-07-14_CO,2020-10-16_CO,CO,CO,94,0.07668988406658173,0.1329364776611328,0.02044329047203064,0.09017282724380493,0.018806569278240204,0.3506317138671875,0.0005901079275645316,0.0003317507216706872,-0.8168486952781677,0.310555100440979,35
renorm,2020-07-29_RD,2020-10-16_CO,RD,CO,79,-0.017960920929908752,-0.059324562549591064,0.02340272068977356,0.09017282724380493,0.018806569278240204,0.2976394295692444,0.0005902383127249777,0.00021987658692523837,-0.7905426621437073,0.13299018144607544,14
renorm,2020-07-31_CO,2020-10-16_CO,CO,CO,77,0.11791333556175232,0.13789841532707214,0.0979282557964325,0.09017282724380493,0.018806569278240204,0.22653460502624512,0.0004939216887578368,0.0005300187040120363,-0.9511823058128357,0.13299018144607544,44
renorm,2020-08-08_RD,2020-10-16_CO,RD,CO,69,-0.10069440305233002,-0.20631086826324463,0.004922062158584595,0.09017282724380493,0.018806569278240204,0.270002543926239,0.0008110220078378916,0.0007016491144895554,-0.5459749698638916,0.2919290065765381,7
renorm,2020-08-11_RD,2020-10-16_CO,RD,CO,66,-0.10529956221580505,-0.22628694772720337,0.01568782329559326,0.09017282724380493,0.018806569278240204,0.31583982706069946,0.0008807267877273262,0.0006184931844472885,-0.5976587533950806,0.2919290065765381,9
renorm,2020-08-22_RD,2020-10-16_CO,RD,CO,55,-0.06316731870174408,-0.19650182127952576,0.0701671838760376,0.09017282724380493,0.018806569278240204,0.33746397495269775,0.0009596897289156914,0.0008032125188037753,-0.9223855137825012,0.2597266435623169,9
renorm,2020-08-29_RD,2020-10-16_CO,RD,CO,48,-0.13761746883392334,0.01189112663269043,-0.2871260643005371,0.09017282724380493,0.018806569278240204,0.30169355869293213,0.0011370953870937228,0.00022489273396786302,-1.2084592580795288,0.2745043635368347,24
renorm,2020-09-04_RD,2020-10-16_CO,RD,CO,42,-0.011366456747055054,-0.016827493906021118,-0.005905419588088989,0.09017282724380493,0.018806569278240204,0.32594430446624756,0.0007530217408202589,0.00037159089697524905,-0.8548253774642944,0.2745043635368347,10
renorm,2020-09-24_CO,2020-10-16_CO,CO,CO,22,0.15813471376895905,0.1702856421470642,0.14598378539085388,0.09017282724380493,0.018806569278240204,0.22358322143554688,0.0005576852709054947,0.00038679991848766804,-0.6674129366874695,0.29752975702285767,12
renorm,2020-09-28_CO,2020-10-16_CO,CO,CO,18,0.16557450592517853,0.19474631547927856,0.1364026963710785,0.09017282724380493,0.018806569278240204,0.21825945377349854,0.00042044921428896487,0.0002954046649392694,-0.6990535855293274,0.23743024468421936,13
renorm,2020-09-29_CO,2020-10-16_CO,CO,CO,17,0.11811979115009308,0.08936381340026855,0.1468757688999176,0.09017282724380493,0.018806569278240204,0.23506909608840942,0.0006036519771441817,0.00039478877442888916,-0.4413471221923828,0.23743024468421936,10
renorm,2020-10-02_CO,2020-10-16_CO,CO,CO,14,0.12661553919315338,0.1396521031856537,0.11357897520065308,0.09017282724380493,0.018806569278240204,0.23733282089233398,0.0006146449013613164,0.00013484517694450915,-1.0311282873153687,0.23743024468421936,10
renorm,2020-10-07_CO,2020-10-16_CO,CO,CO,9,0.1761687844991684,0.16527009010314941,0.18706747889518738,0.09017282724380493,0.018806569278240204,0.23207122087478638,0.0004821601032745093,0.00043639668729156256,-0.9712852239608765,0.23743024468421936,13
renorm,2020-10-12_CO,2020-10-16_CO,CO,CO,4,0.2228994071483612,0.28185373544692993,0.16394507884979248,0.09017282724380493,0.018806569278240204,0.19634878635406494,0.00039847224252298474,0.00021510115766432136,-0.6899206042289734,0.0,5
renorm,2020-10-16_CO,2020-10-16_CO,CO,CO,0,0.3026227653026581,0.38692083954811096,0.2183246910572052,0.09017282724380493,0.018806569278240204,0.1335238218307495,0.0004721501609310508,0.00042206543730571866,-0.6315425634384155,0.0,0
fixed,2020-01-27_CO,2020-10-23_CO,CO,CO,270,-1.0507491827011108,-1.7449220418930054,-0.35657644271850586,1.1438935995101929,0.3124200105667114,0.5955866575241089,0.005659901071339846,0.003661669557914138,-1.4544098377227783,2.3329992294311523,16
fixed,2020-01-30_CO,2020-10-23_CO,CO,CO,267,-1.5208714008331299,-0.250667005777359,-2.7910757064819336,1.1783478260040283,0.3175196945667267,0.595014214515686,0.0018063505413010716,0.01943346858024597,-1.3517049551010132,2.3329992294311523,21
fixed,2020-02-04_CO,2020-10-23_CO,CO,CO,262,-0.5112959146499634,-0.05685007572174072,-0.965741753578186,1.0334521532058716,0.3040178418159485,0.5627335906028748,0.00394322769716382,0.010505668818950653,-1.0059504508972168,2.3329992294311523,15
fixed,2020-02-05_CO,2020-10-23_CO,CO,CO,261,-0.5086634159088135,-0.9211635589599609,-0.09616333246231079,1.1725329160690308,0.33485326170921326,0.5832327604293823,0.005006338935345411,0.0021248776465654373,-1.3641656637191772,2.3329992294311523,17
fixed,2020-02-06_CO,2020-10-23_CO,CO,CO,260,-0.8808466196060181,-1.187457799911499,-0.5742354393005371,1.1482704877853394,0.3369434177875519,0.607001006603241,0.006047553848475218,0.00757992547005415,-1.2955540418624878,,15
fixed,2020-02-11_CO,2020-10-23_CO,CO,CO,255,-1.3487188816070557,-1.2437214851379395,-1.4537163972854614,0.9142634272575378,0.2473873496055603,0.5023056268692017,0.0016664136201143265,0.013095881789922714,-1.2080250978469849,,16
fixed,2020-02-22_CO,2020-10-23_CO,CO,CO,244,-0.10206225514411926,-0.042191922664642334,-0.1619325876235962,1.0375181436538696,0.2810947597026825,0.6170697808265686,0.0023237736895680428,0.004147976636886597,-1.2844222784042358,,15
fixed,2020-02-24_CO,2020-10-23_CO,CO,CO,242,-1.2315497398376465,-1.842298984527588,-0.6208006143569946,0.9575686454772949,0.21777145564556122,0.5193322896957397,0.001817699521780014,0.009167817421257496,-0.7054823040962219,,11
fixed,2020-02-25_CO,2020-10-23_CO,CO,CO,241,-0.6033758521080017,-0.9780974388122559,-0.22865420579910278,0.9962443709373474,0.24116097390651703,0.5676206350326538,0.0027366927824914455,0.004984457977116108,-1.0779955387115479,,13
fixed,2020-02-28_RD,2020-10-23_CO,RD,CO,238,-3.0960235595703125,-5.795013427734375,-0.3970333933830261,0.9946640133857727,0.2306070476770401,0.5626526474952698,0.0020422078669071198,0.005802885629236698,-0.8726760149002075,,14
fixed,2020-03-02_RD,2020-10-23_CO,RD,CO,235,-2.069105625152588,-4.063111782073975,-0.07509946823120117,0.8780725598335266,0.212271586060524,0.5407747030258179,0.002118498319759965,0.0019715141970664263,-0.8578806519508362,,18
fixed,2020-03-10_RD,2020-10-23_CO,RD,CO,227,-1.9725146293640137,-3.661808490753174,-0.28322070837020874,0.999444305896759,0.29572319984436035,0.5764185190200806,0.003685953328385949,0.00490576634183526,-1.192965030670166,,17
fixed,2020-03-13_RD,2020-10-23_CO,RD,CO,224,-1.710853099822998,-2.7787251472473145,-0.6429812908172607,1.02574622631073,0.25115373730659485,0.5627731680870056,0.004548246972262859,0.008770408108830452,-1.357409954071045,,14
fixed,2020-03-17_RD,2020-10-23_CO,RD,CO,220,-0.47339075803756714,-0.9448225498199463,-0.001958996057510376,1.0575966835021973,0.3331660032272339,0.47813522815704346,0.002905219094827771,0.0012545784702524543,-1.4752715826034546,,13
fixed,2020-03-18_RD,2020-10-23_CO,RD,CO,219,-0.566969096660614,-0.7997666597366333,-0.3341715931892395,1.055130958557129,0.30965209007263184,0.5367772579193115,0.004816804081201553,0.005571291781961918,-1.2645522356033325,,15
fixed,2020-03-19_RD,2020-10-23_CO,RD,CO,218,-1.9947068691253662,-3.4489781856536865,-0.5404354929924011,1.049191951751709,0.3144541084766388,0.5829640030860901,0.0015886249020695686,0.00873127207159996,-1.473555088043213,,12
fixed,2020-03-20_RD,2020-10-23_CO,RD,CO,217,-8.107138633728027,-14.587059020996094,-1.6272183656692505,0.9493916034698486,0.22028721868991852,0.5349422693252563,0.0028088956605643034,0.014599664136767387,-0.5951926112174988,,13
fixed,2020-06-26_CO,2020-10-23_CO,CO,CO,119,-0.22790922224521637,-0.12470629811286926,-0.3311121463775635,0.546246349811554,0.13877840340137482,0.5654946565628052,0.002414442365989089,0.006554647348821163,-1.204004168510437,,13
fixed,2020-07-08_CO,2020-10-23_CO,CO,CO,107,-0.14256763458251953,-0.031323909759521484,-0.2538113594055176,0.6178643107414246,0.17180310189723969,0.5324086546897888,0.0012686395784839988,0.006417192053049803,-0.8596253991127014,1.4991238117218018,8
fixed,2020-07-14_CO,2020-10-23_CO,CO,CO,101,-0.2096973955631256,-0.07294023036956787,-0.34645456075668335,0.7005529999732971,0.14048011600971222,0.5093465447425842,0.0030494583770632744,0.006748415529727936,-1.0374890565872192,1.4991238117218018,37
fixed,2020-07-29_RD,2020-10-23_CO,RD,CO,86,-2.823906898498535,-4.4547271728515625,-1.1930867433547974,0.7486266493797302,0.13238437473773956,0.4060661792755127,0.002694161608815193,0.012059975415468216,-0.5175169706344604,1.8879752159118652,15
fixed,2020-07-31_CO,2020-10-23_CO,CO,CO,84,-0.05369524657726288,-0.022719651460647583,-0.08467084169387817,0.790124237537384,0.15501786768436432,0.3895877003669739,0.002826244104653597,0.0033817877992987633,-0.8736438751220703,1.8879752159118652,46
fixed,2020-08-08_RD,2020-10-23_CO,RD,CO,76,-2.8988311290740967,-5.796278953552246,-0.0013833045959472656,0.47218504548072815,0.12311303615570068,0.48316073417663574,0.0026101956609636545,0.0013492167927324772,-0.515264630317688,2.119412899017334,4
fixed,2020-08-11_RD,2020-10-23_CO,RD,CO,73,-0.9521669149398804,-0.07671394944190979,-1.8276199102401733,0.9137745499610901,0.17905545234680176,0.48411327600479126,0.005583941470831633,0.015850631520152092,-0.8858572840690613,2.119412899017334,5
fixed,2020-08-22_RD,2020-10-23_CO,RD,CO,62,-0.7919626832008362,-0.941048800945282,-0.6428765654563904,0.5971929430961609,0.15158133208751678,0.5424129366874695,0.004770428407937288,0.007687727455049753,-0.9355183243751526,2.0444908142089844,10
fixed,2020-08-29_RD,2020-10-23_CO,RD,CO,55,-1.1918597221374512,-0.25780755281448364,-2.1259117126464844,0.5669508576393127,0.1965070515871048,0.5913395881652832,0.02163090743124485,0.014664098620414734,-1.7608699798583984,2.0685906410217285,23
fixed,2020-09-04_RD,2020-10-23_CO,RD,CO,49,-4.669910907745361,-6.5836381912231445,-2.756183624267578,0.5682027339935303,0.18602733314037323,0.5851166248321533,0.004757479764521122,0.018639542162418365,-0.5912348031997681,2.0685906410217285,10
fixed,2020-09-24_CO,2020-10-23_CO,CO,CO,29,-1.2176189422607422,-2.4563465118408203,0.021108537912368774,0.47211334109306335,0.12461826950311661,0.4408102035522461,0.0019620636012405157,0.0033763174433261156,-0.38431060314178467,2.1262693405151367,11
fixed,2020-09-28_CO,2020-10-23_CO,CO,CO,25,0.05941593647003174,0.10668954253196716,0.012142330408096313,0.55756014585495,0.16568215191364288,0.485734760761261,0.0008094817749224603,0.003899897215887904,-1.047022819519043,2.125424385070801,11
fixed,2020-09-29_CO,2020-10-23_CO,CO,CO,24,-1.4405237436294556,-2.156013011932373,-0.7250345349311829,0.42447027564048767,0.1338331699371338,0.44848233461380005,0.001454223645851016,0.010330090299248695,-0.4498731791973114,2.125424385070801,10
fixed,2020-10-02_CO,2020-10-23_CO,CO,CO,21,-1.8100982904434204,-3.3065922260284424,-0.3136044442653656,0.48611629009246826,0.1348029524087906,0.5190238952636719,0.0022733311634510756,0.006076973397284746,-0.9055840373039246,2.125424385070801,8
fixed,2020-10-07_CO,2020-10-23_CO,CO,CO,16,-2.1177425384521484,-4.097133636474609,-0.1383516788482666,0.4138464033603668,0.11157303303480148,0.4718071222305298,0.0013885648222640157,0.006118901073932648,-0.6358686685562134,2.125424385070801,12
fixed,2020-10-12_CO,2020-10-23_CO,CO,CO,11,-0.32252660393714905,-0.6194031238555908,-0.025650084018707275,0.434314489364624,0.08257738500833511,0.38848793506622314,0.0005831395392306149,0.004575237166136503,-0.639153778553009,1.817487120628357,3
fixed,2020-10-16_CO,2020-10-23_CO,CO,CO,7,-0.23758988082408905,-0.42728736996650696,-0.04789239168167114,0.49493536353111267,0.09852264076471329,0.4323115348815918,0.0017442262033000588,0.004836529027670622,-0.7233150601387024,1.817487120628357,6
fixed,2020-10-23_CO,2020-10-23_CO,CO,CO,0,0.3107185363769531,0.3831164240837097,0.23832064867019653,0.03592545911669731,0.028358103707432747,0.19413530826568604,0.0005074628861621022,7.955566979944706e-05,-0.7641469240188599,0.0,0
renorm,2020-01-27_CO,2020-10-23_CO,CO,CO,270,-0.07299840450286865,0.0015993714332580566,-0.14759618043899536,0.03592545911669731,0.028358103707432747,0.3984619379043579,0.0005959775880910456,0.0005957745597697794,-1.3754091262817383,2.3329992294311523,16
renorm,2020-01-30_CO,2020-10-23_CO,CO,CO,267,-0.04694181680679321,0.015257060527801514,-0.10914069414138794,0.03592545911669731,0.028358103707432747,0.36129236221313477,0.000522494432516396,0.0004222088900860399,-1.1411346197128296,2.3329992294311523,21
renorm,2020-02-04_CO,2020-10-23_CO,CO,CO,262,-0.06554082036018372,-0.04614603519439697,-0.08493560552597046,0.03592545911669731,0.028358103707432747,0.3527377247810364,0.0005611127126030624,0.00020907988073304296,-0.8902258276939392,2.3329992294311523,15
renorm,2020-02-05_CO,2020-10-23_CO,CO,CO,261,-0.11636488139629364,-0.08097323775291443,-0.15175652503967285,0.03592545911669731,0.028358103707432747,0.3807322382926941,0.0006027123308740556,0.000150185966049321,-0.9713175296783447,2.3329992294311523,17
renorm,2020-02-06_CO,2020-10-23_CO,CO,CO,260,-0.11481417715549469,-0.09509369730949402,-0.13453465700149536,0.03592545911669731,0.028358103707432747,0.374533474445343,0.0005705052753910422,0.00021087861387059093,-1.0204070806503296,,15
renorm,2020-02-11_CO,2020-10-23_CO,CO,CO,255,-0.08865335583686829,-0.046106159687042236,-0.13120055198669434,0.03592545911669731,0.028358103707432747,0.30575811862945557,0.0005315746529959142,0.00032972946064546704,-1.0824568271636963,,16
renorm,2020-02-22_CO,2020-10-23_CO,CO,CO,244,-0.06073258817195892,-0.05453529953956604,-0.0669298768043518,0.03592545911669731,0.028358103707432747,0.355574369430542,0.0004468498518690467,0.00032722088508307934,-1.0335149765014648,,15
renorm,2020-02-24_CO,2020-10-23_CO,CO,CO,242,0.012287691235542297,0.030161291360855103,-0.005585908889770508,0.03592545911669731,0.028358103707432747,0.3505752682685852,0.0005168278003111482,0.0002444833517074585,-0.773892879486084,,11
renorm,2020-02-25_CO,2020-10-23_CO,CO,CO,241,-0.06552405655384064,-0.1040620505809784,-0.02698606252670288,0.03592545911669731,0.028358103707432747,0.3783574104309082,0.000525419251061976,0.00046486168866977096,-0.739301323890686,,13
renorm,2020-02-28_RD,2020-10-23_CO,RD,CO,238,-0.1595967710018158,-0.28025972843170166,-0.03893381357192993,0.03592545911669731,0.028358103707432747,0.33787500858306885,0.0006311098695732653,0.0006787790334783494,-0.8565225601196289,,14
renorm,2020-03-02_RD,2020-10-23_CO,RD,CO,235,-0.11412353813648224,-0.18936964869499207,-0.03887742757797241,0.03592545911669731,0.028358103707432747,0.33607757091522217,0.0007950742146931589,0.0002622194879222661,-0.7933756113052368,,18
renorm,2020-03-10_RD,2020-10-23_CO,RD,CO,227,-0.2319384515285492,-0.32941097021102905,-0.13446593284606934,0.03592545911669731,0.028358103707432747,0.35880017280578613,0.0005968770710751414,0.0005856874049641192,-1.0034797191619873,,17
renorm,2020-03-13_RD,2020-10-23_CO,RD,CO,224,-0.1049848198890686,-0.13087761402130127,-0.07909202575683594,0.03592545911669731,0.028358103707432747,0.34816300868988037,0.000666311476379633,0.0006381521234288812,-1.1146888732910156,,14
renorm,2020-03-17_RD,2020-10-23_CO,RD,CO,220,-0.18142879009246826,-0.3103519678115845,-0.05250561237335205,0.03592545911669731,0.028358103707432747,0.3306703567504883,0.0007474783342331648,0.00032182299764826894,-0.7569212913513184,,13
renorm,2020-03-18_RD,2020-10-23_CO,RD,CO,219,-0.23108625411987305,-0.33292287588119507,-0.12924963235855103,0.03592545911669731,0.028358103707432747,0.3259538412094116,0.001183186424896121,0.0006729164160788059,-0.927391767501831,,15
renorm,2020-03-19_RD,2020-10-23_CO,RD,CO,218,-0.15683239698410034,-0.25447678565979004,-0.059188008308410645,0.03592545911669731,0.028358103707432747,0.34558165073394775,0.0007430484984070063,0.000631530478131026,-1.3114227056503296,,12
renorm,2020-03-20_RD,2020-10-23_CO,RD,CO,217,-0.13694225251674652,-0.16269323229789734,-0.1111912727355957,0.03592545911669731,0.028358103707432747,0.3221086263656616,0.000803123926743865,0.0006408651825040579,-1.0871572494506836,,13
renorm,2020-06-26_CO,2020-10-23_CO,CO,CO,119,0.0033541619777679443,0.037901878356933594,-0.031193554401397705,0.03592545911669731,0.028358103707432747,0.29290831089019775,0.0004585028509609401,0.00021650735288858414,-1.04976487159729,,13
renorm,2020-07-08_CO,2020-10-23_CO,CO,CO,107,0.07320994138717651,0.13321250677108765,0.01320737600326538,0.03592545911669731,0.028358103707432747,0.3009132742881775,0.00047774752601981163,0.00010337171261198819,-0.8527632355690002,1.4991238117218018,8
renorm,2020-07-14_CO,2020-10-23_CO,CO,CO,101,0.03357797861099243,0.08576983213424683,-0.018613874912261963,0.03592545911669731,0.028358103707432747,0.3253020644187927,0.0005268275272101164,0.00046511023538187146,-0.9626008868217468,1.4991238117218018,37
renorm,2020-07-29_RD,2020-10-23_CO,RD,CO,86,-0.05846695601940155,-0.008485406637191772,-0.10844850540161133,0.03592545911669731,0.028358103707432747,0.2881881594657898,0.0006363160791806877,0.0005278546595945954,-0.8791329264640808,1.8879752159118652,15
renorm,2020-07-31_CO,2020-10-23_CO,CO,CO,84,0.053451791405677795,0.08418986201286316,0.02271372079849243,0.03592545911669731,0.028358103707432747,0.2366710901260376,0.00046851442311890423,0.00019266482559032738,-0.9480747580528259,1.8879752159118652,46
renorm,2020-08-08_RD,2020-10-23_CO,RD,CO,76,-0.024485468864440918,-0.02348366379737854,-0.025487273931503296,0.03592545911669731,0.028358103707432747,0.2959728240966797,0.000784965930506587,0.00010178537922911346,-0.7233283519744873,2.119412899017334,4
renorm,2020-08-11_RD,2020-10-23_CO,RD,CO,73,-0.1143873780965805,-0.1323694884777069,-0.0964052677154541,0.03592545911669731,0.028358103707432747,0.2852557897567749,0.0008985035237856209,0.00034546549431979656,-0.6603812575340271,2.119412899017334,5
renorm,2020-08-22_RD,2020-10-23_CO,RD,CO,62,-0.050491198897361755,-0.10902723670005798,0.008044838905334473,0.03592545911669731,0.028358103707432747,0.31924206018447876,0.0009213523007929325,0.00025639295927248895,-1.0521371364593506,2.0444908142089844,10
renorm,2020-08-29_RD,2020-10-23_CO,RD,CO,55,-0.22585903108119965,-0.09068074822425842,-0.36103731393814087,0.03592545911669731,0.028358103707432747,0.3052467107772827,0.0010198354721069336,0.0010774405673146248,-1.135392427444458,2.0685906410217285,23
renorm,2020-09-04_RD,2020-10-23_CO,RD,CO,49,-0.0986698716878891,-0.10290971398353577,-0.09443002939224243,0.03592545911669731,0.028358103707432747,0.34143221378326416,0.0007430839468725026,0.00037481565959751606,-0.9363369345664978,2.0685906410217285,10
renorm,2020-09-24_CO,2020-10-23_CO,CO,CO,29,0.1506463885307312,0.18752431869506836,0.11376845836639404,0.03592545911669731,0.028358103707432747,0.2517513632774353,0.00052519520977512,0.00029268517391756177,-0.6329355239868164,2.1262693405151367,11
renorm,2020-09-28_CO,2020-10-23_CO,CO,CO,25,0.14307619631290436,0.15268248319625854,0.13346990942955017,0.03592545911669731,0.028358103707432747,0.24167954921722412,0.00040993286529555917,5.0067188567481935e-05,-0.7409462332725525,2.125424385070801,11
renorm,2020-09-29_CO,2020-10-23_CO,CO,CO,24,0.1066007912158966,0.1164851188659668,0.09671646356582642,0.03592545911669731,0.028358103707432747,0.252810001373291,0.0005669063539244235,0.0003930435050278902,-0.6185159683227539,2.125424385070801,10
renorm,2020-10-02_CO,2020-10-23_CO,CO,CO,21,0.08994080126285553,0.08043387532234192,0.09944772720336914,0.03592545911669731,0.028358103707432747,0.2655864953994751,0.0006517863948829472,0.00035417702747508883,-1.1169909238815308,2.125424385070801,8
renorm,2020-10-07_CO,2020-10-23_CO,CO,CO,16,0.1176699846982956,0.09500241279602051,0.14033755660057068,0.03592545911669731,0.028358103707432747,0.25387871265411377,0.00046908645890653133,0.0003046055498998612,-0.9753260016441345,2.125424385070801,12
renorm,2020-10-12_CO,2020-10-23_CO,CO,CO,11,0.19823473691940308,0.2408943772315979,0.15557509660720825,0.03592545911669731,0.028358103707432747,0.2416943907737732,0.00039895178633742034,6.49053108645603e-05,-0.7370891571044922,1.817487120628357,3
renorm,2020-10-16_CO,2020-10-23_CO,CO,CO,7,0.18126600980758667,0.2503346800804138,0.11219733953475952,0.03592545911669731,0.028358103707432747,0.2291364073753357,0.0005049015744589269,0.0003240281075704843,-0.7059982419013977,1.817487120628357,6
renorm,2020-10-23_CO,2020-10-23_CO,CO,CO,0,0.3124052584171295,0.38572943210601807,0.23908111453056335,0.03592545911669731,0.028358103707432747,0.19413530826568604,0.0005014220369048417,8.073448407230899e-05,-0.7721096277236938,0.0,0
fixed,2020-01-27_CO,2020-11-03_CO,CO,CO,281,-3.400341033935547,-3.7431297302246094,-3.0575523376464844,1.0064831972122192,0.2681058943271637,0.5668465495109558,0.01185611542314291,0.020625349134206772,-1.1113741397857666,0.3414202332496643,11
fixed,2020-01-30_CO,2020-11-03_CO,CO,CO,278,-6.744065284729004,-9.549057960510254,-3.939073324203491,1.047411322593689,0.2659755051136017,0.5870456099510193,0.003708709729835391,0.019697129726409912,-0.6566137075424194,0.3414202332496643,15
fixed,2020-02-04_CO,2020-11-03_CO,CO,CO,273,-1.8669414520263672,-2.7810592651367188,-0.9528235793113708,0.9438957571983337,0.2606614828109741,0.5677577257156372,0.006338194478303194,0.011978460475802422,-0.8498242497444153,0.3414202332496643,9
fixed,2020-02-05_CO,2020-11-03_CO,CO,CO,272,-0.4699988067150116,-0.6048167943954468,-0.3351808190345764,1.0247735977172852,0.27437546849250793,0.5848162174224854,0.0028692579362541437,0.006669004447758198,-1.0947754383087158,0.3414202332496643,11
fixed,2020-02-06_CO,2020-11-03_CO,CO,CO,271,-0.9001104235649109,-0.4472312033176422,-1.352989673614502,1.0660172700881958,0.2935754954814911,0.6223584413528442,0.007864927873015404,0.011079513467848301,-1.019700050354004,,9
fixed,2020-02-11_CO,2020-11-03_CO,CO,CO,266,-2.4621357917785645,-1.197479486465454,-3.7267918586730957,0.868053138256073,0.23726467788219452,0.558885931968689,0.0051266709342598915,0.0193642545491457,-0.3946959972381592,,11
fixed,2020-02-22_CO,2020-11-03_CO,CO,CO,255,-2.336002826690674,-3.3333301544189453,-1.3386753797531128,0.9084004759788513,0.21744360029697418,0.5628860592842102,0.0035779066383838654,0.010933330282568932,-1.037493348121643,,10
fixed,2020-02-24_CO,2020-11-03_CO,CO,CO,253,-1.9774470329284668,-3.230410575866699,-0.7244834899902344,0.8767590522766113,0.19996309280395508,0.5605891942977905,0.01033498253673315,0.009549297392368317,-0.44628244638442993,,7
fixed,2020-02-25_CO,2020-11-03_CO,CO,CO,252,-0.4249590039253235,-0.43419548869132996,-0.41572248935699463,0.9119393229484558,0.2228991985321045,0.5554664134979248,0.0023775906302034855,0.007509843911975622,-0.287108451128006,,8
fixed,2020-02-28_RD,2020-11-03_CO,RD,CO,249,-2.073519468307495,-4.092087745666504,-0.054950833320617676,0.9267323613166809,0.19504320621490479,0.549071729183197,0.0034356412943452597,0.0019153861794620752,-0.8054674863815308,,8
fixed,2020-03-02_RD,2020-11-03_CO,RD,CO,246,-6.153582572937012,-11.967742919921875,-0.3394222855567932,0.8592244982719421,0.19602739810943604,0.5317326188087463,0.010040480643510818,0.0044060335494577885,-0.28009724617004395,,12
fixed,2020-03-10_RD,2020-11-03_CO,RD,CO,238,-1.6826539039611816,-3.3697354793548584,0.004427582025527954,0.9180951118469238,0.2440803050994873,0.5528084635734558,0.009833299554884434,0.0003569663967937231,-0.8727388381958008,,11
fixed,2020-03-13_RD,2020-11-03_CO,RD,CO,235,-1.818032145500183,-3.614476203918457,-0.021587997674942017,0.9134302735328674,0.21604812145233154,0.5381952524185181,0.0036903659347444773,0.001238588010892272,-0.6644503474235535,,8
fixed,2020-03-17_RD,2020-11-03_CO,RD,CO,231,-5.582757949829102,-9.580048561096191,-1.5854674577713013,0.938117504119873,0.2912556231021881,0.569564163684845,0.006724527571350336,0.015748510137200356,-1.1554909944534302,,7
fixed,2020-03-18_RD,2020-11-03_CO,RD,CO,230,-8.175847053527832,-14.270952224731445,-2.080742597579956,0.9617241024971008,0.26280128955841064,0.545745849609375,0.006038412917405367,0.015318894758820534,-0.9247033596038818,,9
fixed,2020-03-19_RD,2020-11-03_CO,RD,CO,229,-0.8915102481842041,-1.0374830961227417,-0.7455374002456665,1.0019487142562866,0.2862965166568756,0.5858973264694214,0.00881621427834034,0.009769555181264877,-1.1077967882156372,,6
fixed,2020-03-20_RD,2020-11-03_CO,RD,CO,228,-3.616626501083374,-6.361191272735596,-0.872061550617218,0.9615440368652344,0.21922023594379425,0.596532940864563,0.008249761536717415,0.008743817918002605,-0.31772005558013916,,8
fixed,2020-06-26_CO,2020-11-03_CO,CO,CO,130,-5.579452037811279,-8.076066970825195,-3.0828371047973633,0.8205403685569763,0.20629751682281494,0.6063424944877625,0.005473627243191004,0.021519869565963745,0.05206889659166336,,10
fixed,2020-07-08_CO,2020-11-03_CO,CO,CO,118,-2.621361494064331,-5.28237771987915,0.03965458273887634,0.7542068362236023,0.1940285712480545,0.5876292586326599,0.006145265884697437,0.0013588136062026024,0.13123518228530884,0.41347426176071167,5
fixed,2020-07-14_CO,2020-11-03_CO,CO,CO,112,-0.20042958855628967,-0.15852028131484985,-0.2423388957977295,0.8700372576713562,0.18755538761615753,0.6087032556533813,0.00968345906585455,0.004396932199597359,-0.26082322001457214,0.41347426176071167,29
fixed,2020-07-29_RD,2020-11-03_CO,RD,CO,97,-11.867937088012695,-19.416807174682617,-4.319068431854248,0.871985912322998,0.16591176390647888,0.546744704246521,0.004556440748274326,0.024725619703531265,0.12040190398693085,0.18680700659751892,9
fixed,2020-07-31_CO,2020-11-03_CO,CO,CO,95,-1.5393038988113403,-2.7558817863464355,-0.3227258324623108,0.9963455200195312,0.2190365344285965,0.637755274772644,0.006377650890499353,0.00583069771528244,-0.35295921564102173,0.18680700659751892,40
fixed,2020-08-08_RD,2020-11-03_CO,RD,CO,87,-5.564518451690674,-9.82648754119873,-1.3025496006011963,0.734230101108551,0.17336921393871307,0.6081224083900452,0.008934841491281986,0.013404757715761662,0.08366220444440842,0.17251810431480408,4
fixed,2020-08-11_RD,2020-11-03_CO,RD,CO,84,-18.74127960205078,-36.91509246826172,-0.5674676895141602,1.0314699411392212,0.22173838317394257,0.5734593868255615,0.015308578498661518,0.00812994223088026,0.08528270572423935,0.17251810431480408,4
fixed,2020-08-22_RD,2020-11-03_CO,RD,CO,73,-2.369805335998535,-4.4844560623168945,-0.25515466928482056,0.9452972412109375,0.22773349285125732,0.6794994473457336,0.010266427882015705,0.00018779109814204276,-0.030417149886488914,0.181961327791214,8
fixed,2020-08-29_RD,2020-11-03_CO,RD,CO,66,-9.295218467712402,-12.583992958068848,-6.006444454193115,0.6420710682868958,0.20125801861286163,0.6434736251831055,0.03321898728609085,0.026387082412838936,-0.720551609992981,0.20063360035419464,18
fixed,2020-09-04_RD,2020-11-03_CO,RD,CO,60,-8.121757507324219,-15.35560131072998,-0.8879135251045227,0.6305856108665466,0.19222207367420197,0.6073588132858276,0.006742782425135374,0.008432195521891117,-0.4124242663383484,0.20063360035419464,4
fixed,2020-09-24_CO,2020-11-03_CO,CO,CO,40,-2.148902416229248,-4.171060562133789,-0.12674424052238464,0.6418583393096924,0.16386719048023224,0.5952321290969849,0.005079062655568123,0.004825803451240063,-0.11859432607889175,0.164526104927063,6
fixed,2020-09-28_CO,2020-11-03_CO,CO,CO,36,-3.7607743740081787,-5.622354507446289,-1.8991941213607788,0.6245875954627991,0.17433249950408936,0.5925697088241577,0.004423598293215036,0.016500970348715782,-0.276437908411026,0.14321483671665192,6
fixed,2020-09-29_CO,2020-11-03_CO,CO,CO,35,-1.1070070266723633,-1.5813281536102295,-0.6326858401298523,0.5513592958450317,0.17689764499664307,0.5323230624198914,0.010499993339180946,0.008637860417366028,0.004440091550350189,0.14321483671665192,4
fixed,2020-10-02_CO,2020-11-03_CO,CO,CO,32,-1.3760380744934082,-2.6274876594543457,-0.12458854913711548,0.5911929607391357,0.1592424511909485,0.6284042000770569,0.006010481156408787,0.004660387523472309,-0.4863864779472351,0.14321483671665192,4
fixed,2020-10-07_CO,2020-11-03_CO,CO,CO,27,-1.8575451374053955,-2.807504177093506,-0.9075860381126404,0.5795658826828003,0.1596238613128662,0.5956866145133972,0.003668193705379963,0.011570393107831478,-0.4294466972351074,0.14321483671665192,6
fixed,2020-10-12_CO,2020-11-03_CO,CO,CO,22,-4.6375555992126465,-6.356431484222412,-2.918679714202881,0.715201199054718,0.16921865940093994,0.6254551410675049,0.0031341067515313625,0.021050183102488518,0.3208988308906555,0.15438029170036316,1
fixed,2020-10-16_CO,2020-11-03_CO,CO,CO,18,-4.111561298370361,-7.6178083419799805,-0.6053144335746765,0.775593101978302,0.16992352902889252,0.5587068796157837,0.01177305355668068,0.009294673800468445,0.19717098772525787,0.15438029170036316,2
fixed,2020-10-23_CO,2020-11-03_CO,CO,CO,11,-8.14505386352539,-15.85708236694336,-0.4330251216888428,0.6938164830207825,0.17518895864486694,0.6134901642799377,0.009785564616322517,0.00488283159211278,0.12868817150592804,1.941926121711731,0
fixed,2020-11-03_CO,2020-11-03_CO,CO,CO,0,0.32682693004608154,0.33690145611763,0.3167524039745331,0.035175520926713943,0.01573995314538479,0.22826296091079712,0.0003951731196139008,0.00012070358206983656,-0.7445695996284485,0.0,0
renorm,2020-01-27_CO,2020-11-03_CO,CO,CO,281,-0.07543641328811646,-0.10177832841873169,-0.04909449815750122,0.035175520926713943,0.01573995314538479,0.41648638248443604,0.0006308743613772094,0.0002323030203115195,-1.1698411703109741,0.3414202332496643,11
renorm,2020-01-30_CO,2020-11-03_CO,CO,CO,278,-0.028257355093955994,-0.010643959045410156,-0.04587075114250183,0.035175520926713943,0.01573995314538479,0.4111517667770386,0.0005141946603544056,0.000578041304834187,-0.7744508981704712,0.3414202332496643,15
renorm,2020-02-04_CO,2020-11-03_CO,CO,CO,273,-0.014130279421806335,-0.03196060657501221,0.003700047731399536,0.035175520926713943,0.01573995314538479,0.42044752836227417,0.0005040047690272331,0.0005495435325428843,-0.8398951888084412,0.3414202332496643,9
renorm,2020-02-05_CO,2020-11-03_CO,CO,CO,272,-0.034566834568977356,-0.06170952320098877,-0.007424145936965942,0.035175520926713943,0.01573995314538479,0.381168007850647,0.000687665247824043,0.0006097587174735963,-0.7801212668418884,0.3414202332496643,11
renorm,2020-02-06_CO,2020-11-03_CO,CO,CO,271,-0.10316193103790283,-0.14731484651565552,-0.059009015560150146,0.035175520926713943,0.01573995314538479,0.42814546823501587,0.0006167480023577809,0.0006476184353232384,-0.8793324828147888,,9
renorm,2020-02-11_CO,2020-11-03_CO,CO,CO,266,-0.030995413661003113,-0.03010299801826477,-0.031887829303741455,0.035175520926713943,0.01573995314538479,0.39658063650131226,0.0005725360824726522,0.0005240029422566295,-0.8135319948196411,,11
renorm,2020-02-22_CO,2020-11-03_CO,CO,CO,255,-0.0002544224262237549,0.004924505949020386,-0.0054333508014678955,0.035175520926713943,0.01573995314538479,0.38695698976516724,0.00048266322119161487,0.0003269159060437232,-0.847632110118866,,10
renorm,2020-02-24_CO,2020-11-03_CO,CO,CO,253,0.007816731929779053,0.03740561008453369,-0.021772146224975586,0.035175520926713943,0.01573995314538479,0.3850555419921875,0.0005481828120537102,0.0004936312325298786,-0.6402855515480042,,7
renorm,2020-02-25_CO,2020-11-03_CO,CO,CO,252,-0.008921995759010315,0.01672673225402832,-0.03457072377204895,0.035175520926713943,0.01573995314538479,0.3899964690208435,0.0005426864954642951,0.0006109563983045518,-0.6028850078582764,,8
renorm,2020-02-28_RD,2020-11-03_CO,RD,CO,249,-0.13581927120685577,-0.2976810336112976,0.02604249119758606,0.035175520926713943,0.01573995314538479,0.40974926948547363,0.0006330392207019031,0.0007676563691347837,-0.9034388065338135,,8
renorm,2020-03-02_RD,2020-11-03_CO,RD,CO,246,-0.1623418629169464,-0.23776942491531372,-0.0869143009185791,0.035175520926713943,0.01573995314538479,0.39795154333114624,0.000827399140689522,0.0007199093233793974,-0.7855507731437683,,12
renorm,2020-03-10_RD,2020-11-03_CO,RD,CO,238,-0.11573940515518188,-0.24307072162628174,0.011591911315917969,0.035175520926713943,0.01573995314538479,0.3987507224082947,0.000617789220996201,0.00047901581274345517,-1.0614495277404785,,11
renorm,2020-03-13_RD,2020-11-03_CO,RD,CO,235,-0.025990724563598633,-0.059869587421417236,0.00788813829421997,0.035175520926713943,0.01573995314538479,0.39089804887771606,0.0006816148525103927,0.0006158343749120831,-1.1325509548187256,,8
renorm,2020-03-17_RD,2020-11-03_CO,RD,CO,231,-0.06607739627361298,-0.17958223819732666,0.04742744565010071,0.035175520926713943,0.01573995314538479,0.4075523614883423,0.0007916208123788238,0.00039735238533467054,-0.7270675897598267,,7
renorm,2020-03-18_RD,2020-11-03_CO,RD,CO,230,-0.10348376631736755,-0.19361358880996704,-0.013353943824768066,0.035175520926713943,0.01573995314538479,0.39445769786834717,0.0012384018627926707,0.0006132018752396107,-0.8371418118476868,,9
renorm,2020-03-19_RD,2020-11-03_CO,RD,CO,229,-0.0456070601940155,-0.0917850136756897,0.0005708932876586914,0.035175520926713943,0.01573995314538479,0.38810694217681885,0.0007476324099116027,0.0008298773318529129,-1.227264165878296,,6
renorm,2020-03-20_RD,2020-11-03_CO,RD,CO,228,-0.13168156147003174,-0.2323141098022461,-0.031049013137817383,0.035175520926713943,0.01573995314538479,0.3971165418624878,0.0008594223763793707,0.0009413213119842112,-0.9921615123748779,,8
renorm,2020-06-26_CO,2020-11-03_CO,CO,CO,130,-0.1127263754606247,-0.22182703018188477,-0.003625720739364624,0.035175520926713943,0.01573995314538479,0.41126418113708496,0.0004850348050240427,0.00035780068719759583,-0.9807454347610474,,10
renorm,2020-07-08_CO,2020-11-03_CO,CO,CO,118,0.05482780933380127,-0.013838142156600952,0.12349376082420349,0.035175520926713943,0.01573995314538479,0.38731545209884644,0.0005023501580581069,0.00017491444305051118,-0.7221807241439819,0.41347426176071167,5
renorm,2020-07-14_CO,2020-11-03_CO,CO,CO,112,0.012179836630821228,-0.012708008289337158,0.037067681550979614,0.035175520926713943,0.01573995314538479,0.4251420497894287,0.0005745323142036796,0.000385214138077572,-0.9737050533294678,0.41347426176071167,29
renorm,2020-07-29_RD,2020-11-03_CO,RD,CO,97,-0.1731051653623581,-0.3394432067871094,-0.0067671239376068115,0.035175520926713943,0.01573995314538479,0.3986491560935974,0.0006319707608781755,0.0003149252734147012,-0.6881715059280396,0.18680700659751892,9
renorm,2020-07-31_CO,2020-11-03_CO,CO,CO,95,0.00044126808643341064,-0.02489808201789856,0.02578061819076538,0.035175520926713943,0.01573995314538479,0.3833572268486023,0.0005007127765566111,0.00035521219251677394,-1.0741291046142578,0.18680700659751892,40
renorm,2020-08-08_RD,2020-11-03_CO,RD,CO,87,-0.2090805023908615,-0.40737104415893555,-0.010789960622787476,0.035175520926713943,0.01573995314538479,0.3455573320388794,0.0008972311625257134,0.0007109321304596961,-0.5619681477546692,0.17251810431480408,4
renorm,2020-08-11_RD,2020-11-03_CO,RD,CO,84,-0.1819116771221161,-0.34429919719696045,-0.01952415704727173,0.035175520926713943,0.01573995314538479,0.3649672865867615,0.0009450853103771806,0.0010345368646085262,-0.6086990237236023,0.17251810431480408,4
renorm,2020-08-22_RD,2020-11-03_CO,RD,CO,73,-0.13119900226593018,-0.28262096643447876,0.020222961902618408,0.035175520926713943,0.01573995314538479,0.3953424096107483,0.001099945860914886,0.0005128826014697552,-1.0364937782287598,0.181961327791214,8
renorm,2020-08-29_RD,2020-11-03_CO,RD,CO,66,-0.15844851732254028,-0.1116989254951477,-0.20519810914993286,0.035175520926713943,0.01573995314538479,0.392600417137146,0.0012571460101753473,0.0004872895369771868,-1.0591638088226318,0.20063360035419464,18
renorm,2020-09-04_RD,2020-11-03_CO,RD,CO,60,-0.06269495189189911,-0.1234923005104065,-0.0018976032733917236,0.035175520926713943,0.01573995314538479,0.42794346809387207,0.00082914944505319,0.0005684859934262931,-0.7904238700866699,0.20063360035419464,4
renorm,2020-09-24_CO,2020-11-03_CO,CO,CO,40,0.09747916460037231,0.05860063433647156,0.13635769486427307,0.035175520926713943,0.01573995314538479,0.34725868701934814,0.0005922723794355989,0.0003312780463602394,-0.6908694505691528,0.164526104927063,6
renorm,2020-09-28_CO,2020-11-03_CO,CO,CO,36,0.16410723328590393,0.11604440212249756,0.2121700644493103,0.035175520926713943,0.01573995314538479,0.34384846687316895,0.00043954106513410807,0.0005074667278677225,-0.646058976650238,0.14321483671665192,6
renorm,2020-09-29_CO,2020-11-03_CO,CO,CO,35,0.059384360909461975,-0.06010112166404724,0.1788698434829712,0.035175520926713943,0.01573995314538479,0.3635317087173462,0.0006372632924467325,0.00020961061818525195,-0.4193655848503113,0.14321483671665192,4
renorm,2020-10-02_CO,2020-11-03_CO,CO,CO,32,0.11296007037162781,0.11640167236328125,0.10951846837997437,0.035175520926713943,0.01573995314538479,0.3866180181503296,0.0007018905016593635,0.00038460688665509224,-1.0008418560028076,0.14321483671665192,4
renorm,2020-10-07_CO,2020-11-03_CO,CO,CO,27,0.1498328149318695,0.14337825775146484,0.15628737211227417,0.035175520926713943,0.01573995314538479,0.3212219476699829,0.00048544612945988774,0.00018812683993019164,-0.933375895023346,0.14321483671665192,6
renorm,2020-10-12_CO,2020-11-03_CO,CO,CO,22,0.20602446794509888,0.2394423484802246,0.17260658740997314,0.035175520926713943,0.01573995314538479,0.3474067449569702,0.00044149704626761377,0.00039338774513453245,-0.5440473556518555,0.15438029170036316,1
renorm,2020-10-16_CO,2020-11-03_CO,CO,CO,18,0.192771777510643,0.2300330102443695,0.1555105447769165,0.035175520926713943,0.01573995314538479,0.3248055577278137,0.0005537509568966925,0.000128311658045277,-0.5827051997184753,0.15438029170036316,2
renorm,2020-10-23_CO,2020-11-03_CO,CO,CO,11,0.10267628729343414,0.10276386141777039,0.1025887131690979,0.035175520926713943,0.01573995314538479,0.3650468587875366,0.0005637340364046395,0.00045403384137898684,-0.8039308190345764,1.941926121711731,0
renorm,2020-11-03_CO,2020-11-03_CO,CO,CO,0,0.32840704917907715,0.3377571403980255,0.3190569281578064,0.035175520926713943,0.01573995314538479,0.22826296091079712,0.00038971006870269775,0.00011110947525594383,-0.7468454241752625,0.0,0
fixed,2020-01-27_CO,2020-11-05_CO,CO,CO,283,-2.9671196937561035,-2.1322174072265625,-3.8020217418670654,1.057540774345398,0.2923147678375244,0.6063271164894104,0.004529972560703754,0.017773864790797234,-1.0890123844146729,0.3414202332496643,11
fixed,2020-01-30_CO,2020-11-05_CO,CO,CO,280,-3.5049972534179688,-1.1195118427276611,-5.8904829025268555,1.0857020616531372,0.2806837856769562,0.6511126160621643,0.0036106917541474104,0.023103393614292145,-1.0357675552368164,0.3414202332496643,12
fixed,2020-02-04_CO,2020-11-05_CO,CO,CO,275,-1.798828125,-1.079344630241394,-2.5183115005493164,1.0264972448349,0.28788673877716064,0.6190510988235474,0.004834658931940794,0.017552422359585762,-0.49167323112487793,0.3414202332496643,8
fixed,2020-02-05_CO,2020-11-05_CO,CO,CO,274,-0.8075205683708191,-1.3037323951721191,-0.31130874156951904,1.1258305311203003,0.30966731905937195,0.6359975337982178,0.0041144355200231075,0.005565344356000423,-0.972775936126709,0.3414202332496643,9
fixed,2020-02-06_CO,2020-11-05_CO,CO,CO,273,-1.304943561553955,-1.5230295658111572,-1.086857557296753,1.1037143468856812,0.30635353922843933,0.6765722036361694,0.006164824590086937,0.011217618361115456,-1.1390565633773804,,7
fixed,2020-02-11_CO,2020-11-05_CO,CO,CO,268,-9.153363227844238,-4.539290904998779,-13.767435073852539,0.9592435956001282,0.26241448521614075,0.575449526309967,0.002052903873845935,0.030425354838371277,-0.34916505217552185,,11
fixed,2020-02-22_CO,2020-11-05_CO,CO,CO,257,-1.2781609296798706,-0.7656152248382568,-1.7907066345214844,0.9895537495613098,0.25337469577789307,0.5435410737991333,0.006657239515334368,0.010387756861746311,-0.8797107934951782,,9
fixed,2020-02-24_CO,2020-11-05_CO,CO,CO,255,-2.899571657180786,-2.819098949432373,-2.980044364929199,0.9248806834220886,0.19963519275188446,0.5294836759567261,0.006335332058370113,0.018765686079859734,-0.3176588714122772,,6
fixed,2020-02-25_CO,2020-11-05_CO,CO,CO,254,-1.0993404388427734,-0.6199899911880493,-1.578690767288208,0.9361764788627625,0.2247803658246994,0.5706600546836853,0.001721033127978444,0.013282906264066696,-0.44739285111427307,,4
fixed,2020-02-28_RD,2020-11-05_CO,RD,CO,251,-2.2019553184509277,-3.13914155960083,-1.2647690773010254,1.0207771062850952,0.2264380007982254,0.5625683069229126,0.0036870427429676056,0.00889533944427967,-0.36571836471557617,,6
fixed,2020-03-02_RD,2020-11-05_CO,RD,CO,248,-1.4872074127197266,-2.000917673110962,-0.9734973311424255,0.8935763239860535,0.2197781652212143,0.5774199366569519,0.002735435962677002,0.00813719630241394,-0.5229403972625732,,9
fixed,2020-03-10_RD,2020-11-05_CO,RD,CO,240,-2.9859941005706787,-5.086771011352539,-0.8852171301841736,0.9969983696937561,0.2904590666294098,0.5885542035102844,0.007273892872035503,0.010285584256052971,-0.38219064474105835,,10
fixed,2020-03-13_RD,2020-11-05_CO,RD,CO,237,-1.101752758026123,-1.6434271335601807,-0.5600784420967102,0.9371020793914795,0.22266630828380585,0.5529354810714722,0.006205438170582056,0.006381467916071415,-0.8742130398750305,,7
fixed,2020-03-17_RD,2020-11-05_CO,RD,CO,233,-1.8244776725769043,-2.3160910606384277,-1.3328642845153809,0.9507735371589661,0.29563936591148376,0.5768260359764099,0.006862474139779806,0.012910360470414162,-1.0916749238967896,,7
fixed,2020-03-18_RD,2020-11-05_CO,RD,CO,232,-5.574446678161621,-8.67143440246582,-2.477458953857422,0.9780908226966858,0.276242733001709,0.589258074760437,0.003668614663183689,0.01604652591049671,-0.990113377571106,,8
fixed,2020-03-19_RD,2020-11-05_CO,RD,CO,231,-2.1875369548797607,-2.8154327869415283,-1.559640884399414,1.0574380159378052,0.3068821430206299,0.6126835346221924,0.00470531452447176,0.012151451781392097,-0.8549174070358276,,6
fixed,2020-03-20_RD,2020-11-05_CO,RD,CO,230,-16.159835815429688,-28.902172088623047,-3.41749906539917,0.963954508304596,0.23797713220119476,0.5817723870277405,0.0052963378839194775,0.017564721405506134,0.011070379056036472,,7
fixed,2020-06-26_CO,2020-11-05_CO,CO,CO,132,-3.3810300827026367,-2.5922746658325195,-4.169785499572754,0.8297335505485535,0.20583510398864746,0.5819349884986877,0.0031547818798571825,0.014810503460466862,-0.27416813373565674,,9
fixed,2020-07-08_CO,2020-11-05_CO,CO,CO,120,-0.8076200485229492,-0.2601098418235779,-1.3551301956176758,0.7848231196403503,0.212180495262146,0.5679983496665955,0.0050843022763729095,0.011998378671705723,-0.18110352754592896,0.41347426176071167,5
fixed,2020-07-14_CO,2020-11-05_CO,CO,CO,114,-4.621882915496826,-7.820893287658691,-1.4228723049163818,0.8504564166069031,0.19160901010036469,0.548474907875061,0.004067071247845888,0.012008540332317352,-0.18137916922569275,0.41347426176071167,28
fixed,2020-07-29_RD,2020-11-05_CO,RD,CO,99,-4.4953389167785645,-3.0925252437591553,-5.8981523513793945,0.9207218289375305,0.18164271116256714,0.5187509655952454,0.007650454994291067,0.022763481363654137,0.033681388944387436,0.18680700659751892,8
fixed,2020-07-31_CO,2020-11-05_CO,CO,CO,97,-2.337740421295166,-0.9606594443321228,-3.7148218154907227,1.009684443473816,0.22307859361171722,0.5637147426605225,0.009729464538395405,0.016566254198551178,-0.5494483113288879,0.18680700659751892,34
fixed,2020-08-08_RD,2020-11-05_CO,RD,CO,89,-1.2682340145111084,-1.4975719451904297,-1.038896083831787,0.7217239737510681,0.18199004232883453,0.5357822179794312,0.0025762333534657955,0.00936584360897541,-0.2111048698425293,0.17251810431480408,2
fixed,2020-08-11_RD,2020-11-05_CO,RD,CO,86,-6.507175922393799,-8.95760726928711,-4.056744575500488,1.0163613557815552,0.21497923135757446,0.6010820865631104,0.009414449334144592,0.020579956471920013,-0.30267369747161865,0.17251810431480408,3
fixed,2020-08-22_RD,2020-11-05_CO,RD,CO,75,-2.238166332244873,-1.9246644973754883,-2.551668167114258,0.9339098930358887,0.2293115258216858,0.6356675624847412,0.016441894695162773,0.01269800029695034,-0.2650664448738098,0.181961327791214,8
fixed,2020-08-29_RD,2020-11-05_CO,RD,CO,68,-2.9450457096099854,-3.686077833175659,-2.2040138244628906,0.6314777135848999,0.19789128005504608,0.6201934218406677,0.01793193630874157,0.014543812721967697,-1.1193293333053589,0.20063360035419464,16
fixed,2020-09-04_RD,2020-11-05_CO,RD,CO,62,-4.3558220863342285,-2.1500909328460693,-6.561553001403809,0.7288848757743835,0.2173633575439453,0.6399040222167969,0.005128528457134962,0.018320230767130852,-0.38423264026641846,0.20063360035419464,6
fixed,2020-09-24_CO,2020-11-05_CO,CO,CO,42,-1.2799395322799683,-0.5817912817001343,-1.9780879020690918,0.6380223631858826,0.1749821901321411,0.5253297090530396,0.006670939736068249,0.011122073046863079,-0.4343116283416748,0.164526104927063,6
fixed,2020-09-28_CO,2020-11-05_CO,CO,CO,38,-2.331606388092041,-3.927138328552246,-0.7360744476318359,0.6503512263298035,0.17555634677410126,0.5345182418823242,0.00278301234357059,0.010235369205474854,-0.1826784759759903,0.14321483671665192,6
fixed,2020-09-29_CO,2020-11-05_CO,CO,CO,37,-2.8608715534210205,-4.646322250366211,-1.0754210948944092,0.5553587675094604,0.1781030148267746,0.5275658369064331,0.007539017591625452,0.01039156224578619,0.06123804301023483,0.14321483671665192,4
fixed,2020-10-02_CO,2020-11-05_CO,CO,CO,34,-0.8427261114120483,-0.7366853952407837,-0.9487667679786682,0.6256323456764221,0.17253202199935913,0.5614012479782104,0.007756257429718971,0.010979890823364258,-0.8060160875320435,0.14321483671665192,5
fixed,2020-10-07_CO,2020-11-05_CO,CO,CO,29,-1.6284966468811035,-2.1348800659179688,-1.1221132278442383,0.6380161643028259,0.17282961308956146,0.5520769953727722,0.0044596330262720585,0.011786621063947678,-0.45548975467681885,0.14321483671665192,7
fixed,2020-10-12_CO,2020-11-05_CO,CO,CO,24,-0.5092653036117554,-0.24802535772323608,-0.7705053091049194,0.6826841235160828,0.17258189618587494,0.5673583149909973,0.002895333804190159,0.008214537054300308,-0.01353851892054081,0.15438029170036316,2
fixed,2020-10-16_CO,2020-11-05_CO,CO,CO,20,-1.280814528465271,-0.48177218437194824,-2.0798568725585938,0.7637632489204407,0.1747441440820694,0.6090971231460571,0.009851212613284588,0.014173636212944984,-0.09350728988647461,0.15438029170036316,2
fixed,2020-10-23_CO,2020-11-05_CO,CO,CO,13,-5.341500282287598,-9.354759216308594,-1.3282415866851807,0.650855541229248,0.17281824350357056,0.5597332715988159,0.003779602935537696,0.011262049898505211,-0.24405677616596222,1.941926121711731,0
fixed,2020-11-03_CO,2020-11-05_CO,CO,CO,2,-1.1084760427474976,-0.8745170831680298,-1.3424350023269653,0.4511450529098511,0.13422763347625732,0.5336190462112427,0.004790200386196375,0.010939795523881912,-0.8867416977882385,0.0,2
fixed,2020-11-05_CO,2020-11-05_CO,CO,CO,0,0.38243478536605835,0.4075302481651306,0.3573392927646637,0.06454093009233475,0.02613610215485096,0.21369796991348267,0.0005102300783619285,0.0004505450197029859,-0.6675334572792053,0.0,0
renorm,2020-01-27_CO,2020-11-05_CO,CO,CO,283,-0.06593185663223267,-0.09170335531234741,-0.04016035795211792,0.06454093009233475,0.02613610215485096,0.40179407596588135,0.0005736374296247959,0.0004561493988148868,-1.2503700256347656,0.3414202332496643,11
renorm,2020-01-30_CO,2020-11-05_CO,CO,CO,280,0.003094688057899475,0.0019527673721313477,0.0042366087436676025,0.06454093009233475,0.02613610215485096,0.4232379198074341,0.0005187112255953252,0.0006009876378811896,-0.9166724681854248,0.3414202332496643,12
renorm,2020-02-04_CO,2020-11-05_CO,CO,CO,275,0.03193098306655884,0.013508200645446777,0.0503537654876709,0.06454093009233475,0.02613610215485096,0.42465847730636597,0.0005301625351421535,0.0005375065957196057,-0.7057658433914185,0.3414202332496643,8
renorm,2020-02-05_CO,2020-11-05_CO,CO,CO,274,0.0008136779069900513,0.042840808629989624,-0.04121345281600952,0.06454093009233475,0.02613610215485096,0.40926748514175415,0.0006520595052279532,0.00041301624150946736,-0.8965122103691101,0.3414202332496643,9
renorm,2020-02-06_CO,2020-11-05_CO,CO,CO,273,-0.07425926625728607,-0.0651831328868866,-0.08333539962768555,0.06454093009233475,0.02613610215485096,0.44957369565963745,0.0005920908297412097,0.0004494346503634006,-0.8210269212722778,,7
renorm,2020-02-11_CO,2020-11-05_CO,CO,CO,268,0.03286701440811157,0.07302287220954895,-0.007288843393325806,0.06454093009233475,0.02613610215485096,0.41525137424468994,0.0005332922446541488,0.0007150972378440201,-0.7823190093040466,,11
renorm,2020-02-22_CO,2020-11-05_CO,CO,CO,257,0.06677182018756866,0.10892444849014282,0.024619191884994507,0.06454093009233475,0.02613610215485096,0.3859586715698242,0.0004753565590362996,0.0006792648928239942,-0.8459502458572388,,9
renorm,2020-02-24_CO,2020-11-05_CO,CO,CO,255,0.08062140643596649,0.1163368821144104,0.04490593075752258,0.06454093009233475,0.02613610215485096,0.3725186586380005,0.0005492932978086174,0.0006617041653953493,-0.6352630257606506,,6
renorm,2020-02-25_CO,2020-11-05_CO,CO,CO,254,0.048971667885780334,0.08059421181678772,0.01734912395477295,0.06454093009233475,0.02613610215485096,0.38684725761413574,0.000588353315833956,0.0004249650810379535,-0.6904377937316895,,4
renorm,2020-02-28_RD,2020-11-05_CO,RD,CO,251,-0.05735769867897034,-0.1581580638885498,0.04344266653060913,0.06454093009233475,0.02613610215485096,0.3939444422721863,0.0006284253322519362,0.0003592423745431006,-0.8415647745132446,,6
renorm,2020-03-02_RD,2020-11-05_CO,RD,CO,248,-0.05573374032974243,-0.06651100516319275,-0.044956475496292114,0.06454093009233475,0.02613610215485096,0.3936711549758911,0.0008108214824460447,0.00014834635658189654,-0.7591966390609741,,9
renorm,2020-03-10_RD,2020-11-05_CO,RD,CO,240,-0.032989516854286194,-0.1088990569114685,0.04292002320289612,0.06454093009233475,0.02613610215485096,0.40254056453704834,0.0006244488758966327,0.00039100967114791274,-0.8909034132957458,,10
renorm,2020-03-13_RD,2020-11-05_CO,RD,CO,237,-1.1965632438659668e-05,-0.041489243507385254,0.041465312242507935,0.06454093009233475,0.02613610215485096,0.3920336961746216,0.0006823654402978718,0.0002497128734830767,-1.0924501419067383,,7
renorm,2020-03-17_RD,2020-11-05_CO,RD,CO,233,-0.06407073140144348,-0.15958306193351746,0.03144159913063049,0.06454093009233475,0.02613610215485096,0.43085992336273193,0.0008021673420444131,0.00036081060534343123,-0.7136289477348328,,7
renorm,2020-03-18_RD,2020-11-05_CO,RD,CO,232,-0.07748010754585266,-0.11035600304603577,-0.044604212045669556,0.06454093009233475,0.02613610215485096,0.4235490560531616,0.0013040589401498437,0.00047975691268220544,-0.812777042388916,,8
renorm,2020-03-19_RD,2020-11-05_CO,RD,CO,231,-0.0531468540430069,-0.11973842978477478,0.013444721698760986,0.06454093009233475,0.02613610215485096,0.3971903920173645,0.0007313257665373385,0.00014515433576889336,-1.1612457036972046,,6
renorm,2020-03-20_RD,2020-11-05_CO,RD,CO,230,-0.10060359537601471,-0.18668943643569946,-0.014517754316329956,0.06454093009233475,0.02613610215485096,0.3996421694755554,0.0007951712468639016,0.0004782755277119577,-0.8912413716316223,,7
renorm,2020-06-26_CO,2020-11-05_CO,CO,CO,132,-0.07100248336791992,-0.14561164379119873,0.0036066770553588867,0.06454093009233475,0.02613610215485096,0.381727397441864,0.0004565806593745947,0.00021663994994014502,-0.9193637371063232,,9
renorm,2020-07-08_CO,2020-11-05_CO,CO,CO,120,0.12623196840286255,0.1479843556880951,0.10447958111763,0.06454093009233475,0.02613610215485096,0.3837963342666626,0.0004898947663605213,0.00039094954263418913,-0.659666121006012,0.41347426176071167,5
renorm,2020-07-14_CO,2020-11-05_CO,CO,CO,114,0.06064783036708832,0.07269424200057983,0.0486014187335968,0.06454093009233475,0.02613610215485096,0.38528138399124146,0.0005424161208793521,0.00030695274472236633,-0.9826524257659912,0.41347426176071167,28
renorm,2020-07-29_RD,2020-11-05_CO,RD,CO,99,-0.10750982165336609,-0.17385202646255493,-0.041167616844177246,0.06454093009233475,0.02613610215485096,0.4022262692451477,0.0006117396987974644,0.0006943025509826839,-0.6755284667015076,0.18680700659751892,8
renorm,2020-07-31_CO,2020-11-05_CO,CO,CO,97,0.06504328548908234,0.0635347068309784,0.06655186414718628,0.06454093009233475,0.02613610215485096,0.375061571598053,0.0005012135952711105,0.0009190051350742579,-1.1288628578186035,0.18680700659751892,34
renorm,2020-08-08_RD,2020-11-05_CO,RD,CO,89,-0.10850939154624939,-0.1387324333190918,-0.07828634977340698,0.06454093009233475,0.02613610215485096,0.35888177156448364,0.0008294512517750263,0.0008031126344576478,-0.6215869188308716,0.17251810431480408,2
renorm,2020-08-11_RD,2020-11-05_CO,RD,CO,86,-0.09956704080104828,-0.1627640426158905,-0.036370038986206055,0.06454093009233475,0.02613610215485096,0.36166614294052124,0.0008907303563319147,0.0008446925785392523,-0.6277859807014465,0.17251810431480408,3
renorm,2020-08-22_RD,2020-11-05_CO,RD,CO,75,-0.10082884132862091,-0.25159013271331787,0.04993245005607605,0.06454093009233475,0.02613610215485096,0.3968490958213806,0.0009746509604156017,0.0006131184054538608,-1.0728093385696411,0.181961327791214,8
renorm,2020-08-29_RD,2020-11-05_CO,RD,CO,68,-0.11427715420722961,-0.01152181625366211,-0.21703249216079712,0.06454093009233475,0.02613610215485096,0.384182333946228,0.0011135340901091695,0.00034813222009688616,-1.108272910118103,0.20063360035419464,16
renorm,2020-09-04_RD,2020-11-05_CO,RD,CO,62,0.04281669855117798,0.07633978128433228,0.009293615818023682,0.06454093009233475,0.02613610215485096,0.4034156799316406,0.0007703187293373048,0.0006373391370289028,-0.8354628086090088,0.20063360035419464,6
renorm,2020-09-24_CO,2020-11-05_CO,CO,CO,42,0.19887776672840118,0.21870002150535583,0.17905551195144653,0.06454093009233475,0.02613610215485096,0.3437651991844177,0.0005401262314990163,0.0003856650728266686,-0.7957563996315002,0.164526104927063,6
renorm,2020-09-28_CO,2020-11-05_CO,CO,CO,38,0.23486965894699097,0.22748178243637085,0.24225753545761108,0.06454093009233475,0.02613610215485096,0.29162347316741943,0.0004357436846476048,0.0002909651957452297,-0.7591888904571533,0.14321483671665192,6
renorm,2020-09-29_CO,2020-11-05_CO,CO,CO,37,0.14940229058265686,0.13853758573532104,0.16026699542999268,0.06454093009233475,0.02613610215485096,0.36255133152008057,0.0005991510697640479,0.0005991630023345351,-0.5438119769096375,0.14321483671665192,4
renorm,2020-10-02_CO,2020-11-05_CO,CO,CO,34,0.1807146668434143,0.2117900252342224,0.1496393084526062,0.06454093009233475,0.02613610215485096,0.35830509662628174,0.0006826280732639134,0.0006246641278266907,-1.2094802856445312,0.14321483671665192,5
renorm,2020-10-07_CO,2020-11-05_CO,CO,CO,29,0.168384850025177,0.1497291922569275,0.1870405077934265,0.06454093009233475,0.02613610215485096,0.34647780656814575,0.00048305370728485286,0.00037677102955058217,-1.0327023267745972,0.14321483671665192,7
renorm,2020-10-12_CO,2020-11-05_CO,CO,CO,24,0.21694107353687286,0.2369663417339325,0.19691580533981323,0.06454093009233475,0.02613610215485096,0.325435996055603,0.0004419891629368067,0.00015667766274418682,-0.730643630027771,0.15438029170036316,2
renorm,2020-10-16_CO,2020-11-05_CO,CO,CO,20,0.18690626323223114,0.23474493622779846,0.13906759023666382,0.06454093009233475,0.02613610215485096,0.3236898183822632,0.0005789778660982847,0.00035363377537578344,-0.7008904814720154,0.15438029170036316,2
renorm,2020-10-23_CO,2020-11-05_CO,CO,CO,13,0.1898781657218933,0.2327512502670288,0.1470050811767578,0.06454093009233475,0.02613610215485096,0.33259516954421997,0.0005282786441966891,0.00026437148335389793,-0.8634895086288452,1.941926121711731,0
renorm,2020-11-03_CO,2020-11-05_CO,CO,CO,2,0.30455881357192993,0.31940510869026184,0.289712518453598,0.06454093009233475,0.02613610215485096,0.3125759959220886,0.0004032107535749674,0.0006095559801906347,-1.014676570892334,0.0,2
renorm,2020-11-05_CO,2020-11-05_CO,CO,CO,0,0.38301345705986023,0.40760937333106995,0.3584175407886505,0.06454093009233475,0.02613610215485096,0.21369796991348267,0.0005040747346356511,0.0004495573230087757,-0.6683946847915649,0.0,0
fixed,2020-01-27_CO,2020-11-09_CO,CO,CO,287,-0.8951349258422852,-0.7685497999191284,-1.0217199325561523,1.1561975479125977,0.3059304356575012,0.5436614155769348,0.0046475594863295555,0.008635793812572956,-1.4875730276107788,0.3414202332496643,11
fixed,2020-01-30_CO,2020-11-09_CO,CO,CO,284,-1.5941592454910278,0.06568863987922668,-3.25400710105896,1.215154767036438,0.31671786308288574,0.5479092001914978,0.001906222547404468,0.018325695767998695,-1.3644827604293823,0.3414202332496643,14
fixed,2020-02-04_CO,2020-11-09_CO,CO,CO,279,-0.7375032901763916,-0.31377506256103516,-1.161231517791748,1.0766925811767578,0.3105870187282562,0.5568590760231018,0.0034239753149449825,0.010587545111775398,-0.719414234161377,0.3414202332496643,9
fixed,2020-02-05_CO,2020-11-09_CO,CO,CO,278,-1.1154650449752808,-1.62119460105896,-0.6097354888916016,1.2165707349777222,0.3269527852535248,0.5538959503173828,0.004907665774226189,0.007756953127682209,-1.2995424270629883,0.3414202332496643,11
fixed,2020-02-06_CO,2020-11-09_CO,CO,CO,277,-1.4990743398666382,-2.534324884414673,-0.46382367610931396,1.1710692644119263,0.3349418640136719,0.6100852489471436,0.008409198373556137,0.0051701730117201805,-1.1566100120544434,,9
fixed,2020-02-11_CO,2020-11-09_CO,CO,CO,272,-3.2089171409606934,-1.1214032173156738,-5.296431064605713,1.025972843170166,0.28377336263656616,0.5653471946716309,0.004054869059473276,0.01671200804412365,-1.0043714046478271,,12
fixed,2020-02-22_CO,2020-11-09_CO,CO,CO,261,-0.4243870973587036,-0.5515561103820801,-0.29721808433532715,1.0360594987869263,0.28559979796409607,0.5742582082748413,0.003249607514590025,0.00400767894461751,-1.2598296403884888,,11
fixed,2020-02-24_CO,2020-11-09_CO,CO,CO,259,-0.3323795795440674,0.15428614616394043,-0.8190453052520752,0.9689693450927734,0.23091565072536469,0.4986531734466553,0.004486848134547472,0.009103933349251747,-0.8113476037979126,,8
fixed,2020-02-25_CO,2020-11-09_CO,CO,CO,258,-0.20491373538970947,-0.004985153675079346,-0.4048423171043396,1.0211366415023804,0.24928869307041168,0.5238233804702759,0.002612349111586809,0.005778709892183542,-0.9843806028366089,,8
fixed,2020-02-28_RD,2020-11-09_CO,RD,CO,255,-1.2814522981643677,-2.219757556915283,-0.3431470990180969,1.0359307527542114,0.24367912113666534,0.5454457998275757,0.004255310632288456,0.004707221407443285,-1.135603904724121,,10
fixed,2020-03-02_RD,2020-11-09_CO,RD,CO,252,-1.965702772140503,-3.250819683074951,-0.6805858612060547,0.8861777186393738,0.22941823303699493,0.5390570163726807,0.002812649356201291,0.007996741682291031,-0.8988144397735596,,12
fixed,2020-03-10_RD,2020-11-09_CO,RD,CO,244,-0.6602278351783752,-1.2254564762115479,-0.09499919414520264,1.0512065887451172,0.31822851300239563,0.535655677318573,0.004875415004789829,0.0018078531138598919,-1.4261751174926758,,13
fixed,2020-03-13_RD,2020-11-09_CO,RD,CO,241,-0.7609670162200928,-0.5178395509719849,-1.0040943622589111,1.019718050956726,0.2589266002178192,0.49222713708877563,0.005880837794393301,0.008072583936154842,-1.0903337001800537,,10
fixed,2020-03-17_RD,2020-11-09_CO,RD,CO,237,-0.6837748885154724,-1.2832112312316895,-0.08433851599693298,1.1080225706100464,0.3485567271709442,0.5592939257621765,0.005884605925530195,0.0029141076374799013,-1.3761686086654663,,9
fixed,2020-03-18_RD,2020-11-09_CO,RD,CO,236,-1.1601402759552002,-1.6882450580596924,-0.6320355534553528,1.1060715913772583,0.33002057671546936,0.5614899396896362,0.016517672687768936,0.00537794129922986,-1.3239760398864746,,11
fixed,2020-03-19_RD,2020-11-09_CO,RD,CO,235,-1.740030288696289,-2.897550582885742,-0.5825099349021912,1.112423062324524,0.33592164516448975,0.595718502998352,0.0012710272567346692,0.005525027867406607,-1.3966083526611328,,8
fixed,2020-03-20_RD,2020-11-09_CO,RD,CO,234,-2.6649928092956543,-4.8896894454956055,-0.4402962327003479,0.9907223582267761,0.24182872474193573,0.564144492149353,0.0022377881687134504,0.00550221698358655,-1.0173155069351196,,9
fixed,2020-06-26_CO,2020-11-09_CO,CO,CO,136,-0.8671712875366211,-1.5362459421157837,-0.19809651374816895,0.767216682434082,0.22658203542232513,0.6163363456726074,0.003247843822464347,0.004049919079989195,-0.5196572542190552,,11
fixed,2020-07-08_CO,2020-11-09_CO,CO,CO,124,-1.711390495300293,-2.986271858215332,-0.43650901317596436,0.6968975067138672,0.22871644794940948,0.5701615214347839,0.0038261045701801777,0.0063090454787015915,-0.2299519181251526,0.41347426176071167,8
fixed,2020-07-14_CO,2020-11-09_CO,CO,CO,118,-0.8350952863693237,-0.7525104880332947,-0.9176801443099976,0.7412348389625549,0.19014151394367218,0.5749677419662476,0.002893027849495411,0.009294368326663971,-0.3659420907497406,0.41347426176071167,32
fixed,2020-07-29_RD,2020-11-09_CO,RD,CO,103,-1.402097463607788,-0.8783361911773682,-1.925858736038208,0.8025690913200378,0.19827885925769806,0.6048704981803894,0.005141731351613998,0.010841315612196922,-0.29580435156822205,0.18680700659751892,13
fixed,2020-07-31_CO,2020-11-09_CO,CO,CO,101,-0.30966997146606445,0.15676230192184448,-0.7761022448539734,0.9992867112159729,0.23451244831085205,0.6186343431472778,0.0023231885861605406,0.009658440947532654,-0.7898527383804321,0.18680700659751892,39
fixed,2020-08-08_RD,2020-11-09_CO,RD,CO,93,-0.8479424715042114,-0.940036416053772,-0.7558486461639404,0.6702942848205566,0.1989995837211609,0.569015383720398,0.003988216165453196,0.00894518569111824,-0.22490902245044708,0.17251810431480408,3
fixed,2020-08-11_RD,2020-11-09_CO,RD,CO,90,-5.115367889404297,-9.093032836914062,-1.1377028226852417,1.1099872589111328,0.2483070343732834,0.5931060910224915,0.006865872535854578,0.00865771435201168,-0.21788816154003143,0.17251810431480408,5
fixed,2020-08-22_RD,2020-11-09_CO,RD,CO,79,-2.3421332836151123,-4.594570159912109,-0.08969643712043762,0.8133979439735413,0.19876080751419067,0.6259433627128601,0.00808844156563282,0.0013185598654672503,-0.14825893938541412,0.181961327791214,8
fixed,2020-08-29_RD,2020-11-09_CO,RD,CO,72,-0.5508588552474976,-0.6114791631698608,-0.49023860692977905,0.6707999110221863,0.2202552706003189,0.6292396783828735,0.03576495125889778,0.0047618732787668705,-1.0096722841262817,0.20063360035419464,19
fixed,2020-09-04_RD,2020-11-09_CO,RD,CO,66,-2.658489465713501,-3.338491916656494,-1.9784868955612183,0.6502540707588196,0.23297715187072754,0.6038895845413208,0.00477124098688364,0.013338113203644753,-0.6256792545318604,0.20063360035419464,9
fixed,2020-09-24_CO,2020-11-09_CO,CO,CO,46,-0.7232271432876587,-0.22714930772781372,-1.2193050384521484,0.5981166362762451,0.1840483397245407,0.5381323099136353,0.002344392240047455,0.012171539478003979,-0.39509180188179016,0.164526104927063,9
fixed,2020-09-28_CO,2020-11-09_CO,CO,CO,42,0.16587285697460175,0.23080876469612122,0.10093694925308228,0.620547890663147,0.20654340088367462,0.626825213432312,0.0024528412614017725,0.0026340160984545946,-0.9011521935462952,0.14321483671665192,10
fixed,2020-09-29_CO,2020-11-09_CO,CO,CO,41,-0.8561919927597046,-0.9281618595123291,-0.7842221260070801,0.5184721350669861,0.19664537906646729,0.5701362490653992,0.0027561145834624767,0.010042844340205193,-0.5632953643798828,0.14321483671665192,8
fixed,2020-10-02_CO,2020-11-09_CO,CO,CO,38,-2.4937009811401367,-4.413413047790527,-0.57398921251297,0.587447464466095,0.19889675080776215,0.595465362071991,0.003429989330470562,0.008575063198804855,-0.8882413506507874,0.14321483671665192,7
fixed,2020-10-07_CO,2020-11-09_CO,CO,CO,33,-0.8485770225524902,-0.21008408069610596,-1.487070083618164,0.5407278537750244,0.1796329766511917,0.5142135620117188,0.0031107086688280106,0.01290604192763567,-1.0408176183700562,0.14321483671665192,11
fixed,2020-10-12_CO,2020-11-09_CO,CO,CO,28,-1.264986515045166,-1.8604378700256348,-0.6695351004600525,0.6229910254478455,0.18825185298919678,0.5906537175178528,0.0029257158748805523,0.006716600153595209,0.3063336908817291,0.15438029170036316,3
fixed,2020-10-16_CO,2020-11-09_CO,CO,CO,24,-1.8097511529922485,-0.2522753179073334,-3.367227077484131,0.7692440152168274,0.1790561079978943,0.6046165823936462,0.005332598462700844,0.017072830349206924,0.1474360078573227,0.15438029170036316,4
fixed,2020-10-23_CO,2020-11-09_CO,CO,CO,17,-1.9946770668029785,-1.8504191637039185,-2.138935089111328,0.5873919129371643,0.1775355339050293,0.6064212918281555,0.0026284796185791492,0.015431875362992287,-0.32771602272987366,1.941926121711731,2
fixed,2020-11-03_CO,2020-11-09_CO,CO,CO,6,-4.695145606994629,-4.398500442504883,-4.991790294647217,0.5426455140113831,0.18889133632183075,0.5331692695617676,0.003133828518912196,0.023388169705867767,-0.8350958228111267,0.0,6
fixed,2020-11-05_CO,2020-11-09_CO,CO,CO,4,-1.0803632736206055,-1.368575930595398,-0.792150616645813,0.5466296076774597,0.16295556724071503,0.49347782135009766,0.002040643710643053,0.009950025007128716,-0.7405258417129517,0.0,6
fixed,2020-11-09_CO,2020-11-09_CO,CO,CO,0,0.4014052152633667,0.43663549423217773,0.36617496609687805,0.05066126585006714,0.017397290095686913,0.1098012924194336,0.00035143166314810514,0.0003631781437434256,-0.7736065983772278,0.0,0
renorm,2020-01-27_CO,2020-11-09_CO,CO,CO,287,-0.01942320168018341,0.06595870852470398,-0.1048051118850708,0.05066126585006714,0.017397290095686913,0.4493977427482605,0.0006339805549941957,0.0002502641873434186,-1.1403470039367676,0.3414202332496643,11
renorm,2020-01-30_CO,2020-11-09_CO,CO,CO,284,0.05633850395679474,0.18109148740768433,-0.06841447949409485,0.05066126585006714,0.017397290095686913,0.46620678901672363,0.0005051842308603227,4.307681956561282e-05,-0.9595908522605896,0.3414202332496643,14
renorm,2020-02-04_CO,2020-11-09_CO,CO,CO,279,0.041064709424972534,0.15322384238243103,-0.07109442353248596,0.05066126585006714,0.017397290095686913,0.4722124934196472,0.0005823562969453633,0.0004024936934001744,-0.7793591618537903,0.3414202332496643,9
renorm,2020-02-05_CO,2020-11-09_CO,CO,CO,278,-0.049650803208351135,0.05726209282875061,-0.15656369924545288,0.05066126585006714,0.017397290095686913,0.46518898010253906,0.0006169380503706634,9.384402801515535e-05,-0.7105358839035034,0.3414202332496643,11
renorm,2020-02-06_CO,2020-11-09_CO,CO,CO,277,-0.06692884862422943,0.04570755362510681,-0.17956525087356567,0.05066126585006714,0.017397290095686913,0.4885345697402954,0.0006222125375643373,0.00016480077465530485,-0.7590286135673523,,9
renorm,2020-02-11_CO,2020-11-09_CO,CO,CO,272,0.06880848109722137,0.19020354747772217,-0.05258658528327942,0.05066126585006714,0.017397290095686913,0.4478038549423218,0.0005680916365236044,0.0003212159499526024,-0.8235101103782654,,12
renorm,2020-02-22_CO,2020-11-09_CO,CO,CO,261,0.05879192054271698,0.17640802264213562,-0.05882418155670166,0.05066126585006714,0.017397290095686913,0.4438452124595642,0.00047088763676583767,0.0004170843167230487,-0.7727010846138,,11
renorm,2020-02-24_CO,2020-11-09_CO,CO,CO,259,0.07460524141788483,0.1752685010433197,-0.02605801820755005,0.05066126585006714,0.017397290095686913,0.4228740930557251,0.000552040699403733,0.0002423468977212906,-0.615746796131134,,8
renorm,2020-02-25_CO,2020-11-09_CO,CO,CO,258,0.03388237953186035,0.10330665111541748,-0.03554189205169678,0.05066126585006714,0.017397290095686913,0.4152706265449524,0.0005377409979701042,0.00041125359712168574,-0.6189191937446594,,8
renorm,2020-02-28_RD,2020-11-09_CO,RD,CO,255,0.015219435095787048,0.02759537100791931,0.002843499183654785,0.05066126585006714,0.017397290095686913,0.424648642539978,0.0006311259348876774,5.5668348068138584e-05,-0.8931084275245667,,10
renorm,2020-03-02_RD,2020-11-09_CO,RD,CO,252,-0.1459929645061493,-0.17060208320617676,-0.12138384580612183,0.05066126585006714,0.017397290095686913,0.41660892963409424,0.0008870369638316333,5.6772969401208684e-05,-0.6763554215431213,,12
renorm,2020-03-10_RD,2020-11-09_CO,RD,CO,244,-0.13207441568374634,-0.1387966275215149,-0.12535220384597778,0.05066126585006714,0.017397290095686913,0.4293617010116577,0.0006597795872949064,0.0004889513365924358,-0.9388576745986938,,13
renorm,2020-03-13_RD,2020-11-09_CO,RD,CO,241,-0.07892613112926483,-0.05570197105407715,-0.10215029120445251,0.05066126585006714,0.017397290095686913,0.4215046763420105,0.0007155893836170435,9.601048077456653e-05,-0.9330394268035889,,10
renorm,2020-03-17_RD,2020-11-09_CO,RD,CO,237,-0.07191820442676544,-0.10566839575767517,-0.03816801309585571,0.05066126585006714,0.017397290095686913,0.4595400094985962,0.0008267173543572426,0.00022356938279699534,-0.7193734645843506,,9
renorm,2020-03-18_RD,2020-11-09_CO,RD,CO,236,-0.12165024876594543,-0.08371368050575256,-0.1595868170261383,0.05066126585006714,0.017397290095686913,0.45304399728775024,0.001237088697962463,0.0004038229235447943,-0.8352590203285217,,11
renorm,2020-03-19_RD,2020-11-09_CO,RD,CO,235,-0.09646546840667725,-0.06222391128540039,-0.1307070255279541,0.05066126585006714,0.017397290095686913,0.4402850866317749,0.0007663982687518001,0.00034311687340959907,-1.1764134168624878,,8
renorm,2020-03-20_RD,2020-11-09_CO,RD,CO,234,-0.07557903230190277,-0.014394134283065796,-0.13676393032073975,0.05066126585006714,0.017397290095686913,0.43336743116378784,0.0008963984437286854,0.00027097095153294504,-0.9979116916656494,,9
renorm,2020-06-26_CO,2020-11-09_CO,CO,CO,136,0.004810020327568054,0.020581066608428955,-0.010961025953292847,0.05066126585006714,0.017397290095686913,0.4249284267425537,0.0004701807629317045,0.0002412674220977351,-0.7431447505950928,,11
renorm,2020-07-08_CO,2020-11-09_CO,CO,CO,124,0.1258096843957901,0.1561678647994995,0.09545150399208069,0.05066126585006714,0.017397290095686913,0.43380188941955566,0.0005052639753557742,0.00037808396155014634,-0.6565271615982056,0.41347426176071167,8
renorm,2020-07-14_CO,2020-11-09_CO,CO,CO,118,0.06104418635368347,0.08436805009841919,0.037720322608947754,0.05066126585006714,0.017397290095686913,0.4250442385673523,0.0005551142967306077,0.00024316750932484865,-0.9126835465431213,0.41347426176071167,32
renorm,2020-07-29_RD,2020-11-09_CO,RD,CO,103,-0.06914502382278442,-0.0656701922416687,-0.07261985540390015,0.05066126585006714,0.017397290095686913,0.4179067015647888,0.000636010430753231,0.0010406541405245662,-0.6758240461349487,0.18680700659751892,13
renorm,2020-07-31_CO,2020-11-09_CO,CO,CO,101,0.12945736944675446,0.15842458605766296,0.10049015283584595,0.05066126585006714,0.017397290095686913,0.4113014340400696,0.0005365721881389618,0.0014469677116721869,-0.8999312520027161,0.18680700659751892,39
renorm,2020-08-08_RD,2020-11-09_CO,RD,CO,93,-0.05448015034198761,-0.10928237438201904,0.00032207369804382324,0.05066126585006714,0.017397290095686913,0.3868675231933594,0.0008907109149731696,0.0007444246439263225,-0.5631271004676819,0.17251810431480408,3
renorm,2020-08-11_RD,2020-11-09_CO,RD,CO,90,-0.1390661895275116,-0.11015516519546509,-0.1679772138595581,0.05066126585006714,0.017397290095686913,0.4016456604003906,0.000929978908970952,0.0009180941269733012,-0.5766876935958862,0.17251810431480408,5
renorm,2020-08-22_RD,2020-11-09_CO,RD,CO,79,-0.021610066294670105,-0.09124088287353516,0.048020750284194946,0.05066126585006714,0.017397290095686913,0.4284490942955017,0.0009510755771771073,0.0011271811090409756,-0.9103075265884399,0.181961327791214,8
renorm,2020-08-29_RD,2020-11-09_CO,RD,CO,72,-0.15762704610824585,-0.04512602090835571,-0.270128071308136,0.05066126585006714,0.017397290095686913,0.4016164541244507,0.0011430048616603017,1.0011654921981972e-05,-0.9454479217529297,0.20063360035419464,19
renorm,2020-09-04_RD,2020-11-09_CO,RD,CO,66,-0.012766525149345398,0.044445425271987915,-0.06997847557067871,0.05066126585006714,0.017397290095686913,0.419162392616272,0.0008346246904693544,0.00039094826206564903,-0.8039379715919495,0.20063360035419464,9
renorm,2020-09-24_CO,2020-11-09_CO,CO,CO,46,0.23820309340953827,0.26324376463890076,0.21316242218017578,0.05066126585006714,0.017397290095686913,0.3829590678215027,0.0005474743084050715,0.0008259277092292905,-0.6950041055679321,0.164526104927063,9
renorm,2020-09-28_CO,2020-11-09_CO,CO,CO,42,0.2611943185329437,0.3109550178050995,0.21143361926078796,0.05066126585006714,0.017397290095686913,0.3908766508102417,0.0004473014560062438,0.00014569151971954852,-0.7937599420547485,0.14321483671665192,10
renorm,2020-09-29_CO,2020-11-09_CO,CO,CO,41,0.17304286360740662,0.19308993220329285,0.15299579501152039,0.05066126585006714,0.017397290095686913,0.41053760051727295,0.0006312585901468992,0.0009511851239949465,-0.5048273205757141,0.14321483671665192,8
renorm,2020-10-02_CO,2020-11-09_CO,CO,CO,38,0.18635006248950958,0.21610084176063538,0.1565992832183838,0.05066126585006714,0.017397290095686913,0.3819226622581482,0.0006613911245949566,0.0008405643748119473,-1.0657271146774292,0.14321483671665192,7
renorm,2020-10-07_CO,2020-11-09_CO,CO,CO,33,0.2434041053056717,0.27457693219184875,0.21223127841949463,0.05066126585006714,0.017397290095686913,0.3996674418449402,0.0005165463662706316,0.0006153230788186193,-1.152037501335144,0.14321483671665192,11
renorm,2020-10-12_CO,2020-11-09_CO,CO,CO,28,0.19702573120594025,0.25743675231933594,0.13661471009254456,0.05066126585006714,0.017397290095686913,0.4067506194114685,0.0004952675080858171,0.0001964288530871272,-0.5531973242759705,0.15438029170036316,3
renorm,2020-10-16_CO,2020-11-09_CO,CO,CO,24,0.24240641295909882,0.32320067286491394,0.1616121530532837,0.05066126585006714,0.017397290095686913,0.3990306258201599,0.0005984808667562902,0.000919820333365351,-0.5355604290962219,0.15438029170036316,4
renorm,2020-10-23_CO,2020-11-09_CO,CO,CO,17,0.22850076854228973,0.26014047861099243,0.19686105847358704,0.05066126585006714,0.017397290095686913,0.39363378286361694,0.0005389095167629421,0.00042819115333259106,-0.723934531211853,1.941926121711731,2
renorm,2020-11-03_CO,2020-11-09_CO,CO,CO,6,0.2882577180862427,0.2988089323043823,0.2777065336704254,0.05066126585006714,0.017397290095686913,0.38025903701782227,0.0004287725023459643,0.00030669354600831866,-0.8642271757125854,0.0,6
renorm,2020-11-05_CO,2020-11-09_CO,CO,CO,4,0.29935017228126526,0.34999340772628784,0.24870693683624268,0.05066126585006714,0.017397290095686913,0.3411155939102173,0.0005058362148702145,0.00022507741232402623,-0.6968722343444824,0.0,6
renorm,2020-11-09_CO,2020-11-09_CO,CO,CO,0,0.40243610739707947,0.43673771619796753,0.368134468793869,0.05066126585006714,0.017397290095686913,0.1098012924194336,0.00034632193273864686,0.0003717122308444232,-0.773719072341919,0.0,0
fixed,2020-01-27_CO,2020-11-16_CO,CO,CO,294,-1.5606155395507812,-2.045619487762451,-1.0756115913391113,1.0774483680725098,0.29970356822013855,0.5946416854858398,0.005608995910733938,0.00955694355070591,-1.3345448970794678,0.33210694789886475,14
fixed,2020-01-30_CO,2020-11-16_CO,CO,CO,291,-7.352202892303467,-13.12479305267334,-1.5796122550964355,1.1562857627868652,0.3198544979095459,0.6617753505706787,0.0020116688683629036,0.012224512174725533,-0.8899674415588379,0.33210694789886475,18
fixed,2020-02-04_CO,2020-11-16_CO,CO,CO,286,-2.966630458831787,-4.4587860107421875,-1.4744751453399658,1.0856581926345825,0.3162958323955536,0.6360267400741577,0.006646407302469015,0.011167642660439014,-1.0301828384399414,0.33210694789886475,13
fixed,2020-02-05_CO,2020-11-16_CO,CO,CO,285,-2.1106791496276855,-3.7222695350646973,-0.49908846616744995,1.1549038887023926,0.31874483823776245,0.5915840864181519,0.004316732287406921,0.006570849101990461,-1.3968068361282349,0.33210694789886475,17
fixed,2020-02-06_CO,2020-11-16_CO,CO,CO,284,-0.9606460332870483,-1.4024986028671265,-0.5187933444976807,1.1220911741256714,0.330064058303833,0.6478032469749451,0.0077448394149541855,0.005980726797133684,-1.1279195547103882,,15
fixed,2020-02-11_CO,2020-11-16_CO,CO,CO,279,-5.015223979949951,-9.247695922851562,-0.7827517986297607,0.9085968136787415,0.25489723682403564,0.5807362794876099,0.0041177645325660706,0.008344292640686035,-0.7792230844497681,,15
fixed,2020-02-22_CO,2020-11-16_CO,CO,CO,268,-3.5279951095581055,-7.071971893310547,0.015981554985046387,1.0091699361801147,0.28386417031288147,0.5821126699447632,0.002249159151688218,0.001857003546319902,-1.0923643112182617,,15
fixed,2020-02-24_CO,2020-11-16_CO,CO,CO,266,-2.393448829650879,-4.652516841888428,-0.13438081741333008,0.9655551910400391,0.24089910089969635,0.5888893008232117,0.009185860864818096,0.003912397660315037,-0.7493154406547546,,11
fixed,2020-02-25_CO,2020-11-16_CO,CO,CO,265,-2.2169418334960938,-4.16903829574585,-0.26484519243240356,1.0022977590560913,0.2656863033771515,0.614030659198761,0.0022797011770308018,0.004636094439774752,-0.6649256944656372,,12
fixed,2020-02-28_RD,2020-11-16_CO,RD,CO,262,-3.6142234802246094,-7.105086803436279,-0.12336033582687378,1.0269986391067505,0.25008490681648254,0.6255272626876831,0.0032628767658025026,0.0033613191917538643,-1.0969138145446777,,15
fixed,2020-03-02_RD,2020-11-16_CO,RD,CO,259,-7.836972713470459,-14.742025375366211,-0.931920051574707,0.8810788989067078,0.23103880882263184,0.5785737633705139,0.005489705596119165,0.007126982323825359,-0.4074227809906006,,15
fixed,2020-03-10_RD,2020-11-16_CO,RD,CO,251,-2.20155930519104,-4.063937187194824,-0.3391816020011902,1.0228201150894165,0.30493348836898804,0.6125617027282715,0.005795991513878107,0.005644653923809528,-1.5808807611465454,,17
fixed,2020-03-13_RD,2020-11-16_CO,RD,CO,248,-1.7039564847946167,-3.1535210609436035,-0.2543918490409851,1.002860426902771,0.2633003294467926,0.6081924438476562,0.004928789101541042,0.0035198647528886795,-0.7126801609992981,,15
fixed,2020-03-17_RD,2020-11-16_CO,RD,CO,244,-3.9161808490753174,-7.400150775909424,-0.43221086263656616,1.0500794649124146,0.3455946743488312,0.6670676469802856,0.003942103590816259,0.005717715714126825,-1.4817564487457275,,13
fixed,2020-03-18_RD,2020-11-16_CO,RD,CO,243,-2.5099573135375977,-4.6819047927856445,-0.3380102515220642,1.0402225255966187,0.3274964988231659,0.6106359362602234,0.012996625155210495,0.0041364217177033424,-1.2636903524398804,,14
fixed,2020-03-19_RD,2020-11-16_CO,RD,CO,242,-2.1222829818725586,-3.2355542182922363,-1.0090115070343018,1.0810898542404175,0.3276199996471405,0.6276688575744629,0.004825008101761341,0.006452066823840141,-1.2666404247283936,,11
fixed,2020-03-20_RD,2020-11-16_CO,RD,CO,241,-0.8713878989219666,-0.5498412847518921,-1.192934513092041,1.0126653909683228,0.2505117356777191,0.6111887693405151,0.0057528261095285416,0.008505376987159252,-0.8313157558441162,,12
fixed,2020-06-26_CO,2020-11-16_CO,CO,CO,143,-7.74339485168457,-12.113933563232422,-3.3728554248809814,0.8221105933189392,0.22246356308460236,0.6517860889434814,0.005931722465902567,0.012614799663424492,-0.5217753648757935,,13
fixed,2020-07-08_CO,2020-11-16_CO,CO,CO,131,-5.435993671417236,-10.863327026367188,-0.00866091251373291,0.7329486012458801,0.21903081238269806,0.5892694592475891,0.005086125805974007,0.0025005589704960585,-0.16603009402751923,0.45336204767227173,7
fixed,2020-07-14_CO,2020-11-16_CO,CO,CO,125,-2.1029164791107178,-3.631078004837036,-0.5747549533843994,0.8218328952789307,0.1936160922050476,0.634906530380249,0.013793474063277245,0.005551378708332777,-0.6436420679092407,0.45336204767227173,31
fixed,2020-07-29_RD,2020-11-16_CO,RD,CO,110,-5.995131015777588,-9.280745506286621,-2.7095160484313965,0.8252994418144226,0.17601661384105682,0.6039585471153259,0.0034390054643154144,0.014989771880209446,-0.04748861864209175,0.18611344695091248,14
fixed,2020-07-31_CO,2020-11-16_CO,CO,CO,108,-0.991747260093689,-0.3528609275817871,-1.6306335926055908,0.9310315251350403,0.2026669979095459,0.6075887084007263,0.00265517458319664,0.011755891144275665,-0.9659337401390076,0.18611344695091248,36
fixed,2020-08-08_RD,2020-11-16_CO,RD,CO,100,-2.758610486984253,-5.315374851226807,-0.20184606313705444,0.7431781888008118,0.20344941318035126,0.6313170790672302,0.01100163534283638,0.002972316462546587,-0.22209055721759796,0.1596047580242157,8
fixed,2020-08-11_RD,2020-11-16_CO,RD,CO,97,-19.342084884643555,-37.20606994628906,-1.4780981540679932,1.0523816347122192,0.23819179832935333,0.602829098701477,0.01675199344754219,0.0099848173558712,-0.1018422469496727,0.1596047580242157,10
fixed,2020-08-22_RD,2020-11-16_CO,RD,CO,86,-5.473484992980957,-9.936532974243164,-1.0104378461837769,0.8089178204536438,0.18540407717227936,0.5963760018348694,0.016152385622262955,0.008639468811452389,-0.3183726668357849,0.16231349110603333,9
fixed,2020-08-29_RD,2020-11-16_CO,RD,CO,79,-9.41511344909668,-11.438573837280273,-7.391652584075928,0.6194050908088684,0.19999592006206512,0.6320050358772278,0.052512913942337036,0.023603368550539017,-0.7131540775299072,0.18629726767539978,19
fixed,2020-09-04_RD,2020-11-16_CO,RD,CO,73,-5.315999984741211,-9.80008602142334,-0.8319146633148193,0.6680312156677246,0.22869068384170532,0.6374818086624146,0.005034355912357569,0.007397875189781189,-0.5757461190223694,0.18629726767539978,10
fixed,2020-09-24_CO,2020-11-16_CO,CO,CO,53,-1.6956208944320679,-3.305326461791992,-0.08591532707214355,0.60916668176651,0.17600804567337036,0.5924969911575317,0.0059815384447574615,0.0038472553715109825,-0.6199960112571716,0.17531633377075195,10
fixed,2020-09-28_CO,2020-11-16_CO,CO,CO,49,-4.422693252563477,-8.19619369506836,-0.6491931080818176,0.6774640083312988,0.21449784934520721,0.6575170755386353,0.003801185404881835,0.008475309237837791,-0.47760653495788574,0.1396947205066681,11
fixed,2020-09-29_CO,2020-11-16_CO,CO,CO,48,-2.5286831855773926,-3.617361307144165,-1.4400047063827515,0.5285223126411438,0.18070773780345917,0.6015459299087524,0.005185576155781746,0.011692345142364502,-0.11625205725431442,0.1396947205066681,9
fixed,2020-10-02_CO,2020-11-16_CO,CO,CO,45,-2.2945284843444824,-3.0017125606536865,-1.5873441696166992,0.6147790551185608,0.18733036518096924,0.6372830271720886,0.009507045149803162,0.012194685637950897,-0.5887852311134338,0.1396947205066681,8
fixed,2020-10-07_CO,2020-11-16_CO,CO,CO,40,-0.770053505897522,-1.1655700206756592,-0.3745371103286743,0.5512199997901917,0.16309884190559387,0.6209321022033691,0.0030230898410081863,0.006627637892961502,-0.6957701444625854,0.1396947205066681,13
fixed,2020-10-12_CO,2020-11-16_CO,CO,CO,35,-3.598632574081421,-5.655128479003906,-1.5421366691589355,0.6455959677696228,0.17251205444335938,0.6432381272315979,0.002157622016966343,0.011994339525699615,0.1326279193162918,0.17152979969978333,6
fixed,2020-10-16_CO,2020-11-16_CO,CO,CO,31,-4.154272079467773,-8.292882919311523,-0.015661656856536865,0.6839917302131653,0.1718520075082779,0.6226152181625366,0.005512361880391836,0.0030053136870265007,-0.04862413555383682,0.17152979969978333,5
fixed,2020-10-23_CO,2020-11-16_CO,CO,CO,24,-2.944596290588379,-4.845542907714844,-1.043649435043335,0.6007006764411926,0.16739022731781006,0.6231921315193176,0.00525402557104826,0.009826632216572762,-0.19555096328258514,1.9193676710128784,7
fixed,2020-11-03_CO,2020-11-16_CO,CO,CO,13,-0.8547330498695374,-1.658062219619751,-0.05140388011932373,0.5144533514976501,0.17860476672649384,0.5861735343933105,0.0009410155471414328,0.0033701518550515175,-0.9685621857643127,0.11437049508094788,8
fixed,2020-11-05_CO,2020-11-16_CO,CO,CO,11,-1.1127312183380127,-0.8849354982376099,-1.340526819229126,0.5476275086402893,0.19577719271183014,0.6106628775596619,0.004403355997055769,0.011616194620728493,-0.7462318539619446,0.11437049508094788,14
fixed,2020-11-09_CO,2020-11-16_CO,CO,CO,7,-8.157041549682617,-13.237401962280273,-3.0766797065734863,0.6870830655097961,0.16113398969173431,0.5915249586105347,0.009936670772731304,0.017294403165578842,-0.5600190758705139,0.11437049508094788,11
fixed,2020-11-16_CO,2020-11-16_CO,CO,CO,0,0.3603958785533905,0.398271381855011,0.32252037525177,0.05085616186261177,0.029705429449677467,0.14808577299118042,0.00043505849316716194,0.0002990475040860474,-0.5560166239738464,0.0,0
renorm,2020-01-27_CO,2020-11-16_CO,CO,CO,294,-0.058542296290397644,-0.017407238483428955,-0.09967735409736633,0.05085616186261177,0.029705429449677467,0.4921908378601074,0.0006004628958180547,0.0001741651212796569,-1.0449388027191162,0.33210694789886475,14
renorm,2020-01-30_CO,2020-11-16_CO,CO,CO,291,-0.019035279750823975,0.043342411518096924,-0.08141297101974487,0.05085616186261177,0.029705429449677467,0.4936034679412842,0.0005224230117164552,0.00038596210652031004,-0.874574601650238,0.33210694789886475,18
renorm,2020-02-04_CO,2020-11-16_CO,CO,CO,286,-0.009113311767578125,0.03669208288192749,-0.05491870641708374,0.05085616186261177,0.029705429449677467,0.48444873094558716,0.0006538517191074789,0.000744723598472774,-0.7176177501678467,0.33210694789886475,13
renorm,2020-02-05_CO,2020-11-16_CO,CO,CO,285,-0.08174639940261841,0.0114574134349823,-0.17495021224021912,0.05085616186261177,0.029705429449677467,0.5138505101203918,0.0006858751294203103,0.00036598171573132277,-0.7452262043952942,0.33210694789886475,17
renorm,2020-02-06_CO,2020-11-16_CO,CO,CO,284,-0.1221645176410675,-0.034635066986083984,-0.20969396829605103,0.05085616186261177,0.029705429449677467,0.5225386023521423,0.0006386880413629115,0.0006027282797731459,-0.820145308971405,,15
renorm,2020-02-11_CO,2020-11-16_CO,CO,CO,279,-0.04489743709564209,0.023649156093597412,-0.11344403028488159,0.05085616186261177,0.029705429449677467,0.4873678684234619,0.0006186084938235581,0.00045091327046975493,-0.6967604160308838,,15
renorm,2020-02-22_CO,2020-11-16_CO,CO,CO,268,-0.018784433603286743,0.013957619667053223,-0.05152648687362671,0.05085616186261177,0.029705429449677467,0.48643702268600464,0.0004735180700663477,0.0009988653473556042,-0.7238960862159729,,15
renorm,2020-02-24_CO,2020-11-16_CO,CO,CO,266,0.010230019688606262,0.0657949149608612,-0.04533487558364868,0.05085616186261177,0.029705429449677467,0.4698651432991028,0.0006676859920844436,0.0006899724830873311,-0.5969661474227905,,11
renorm,2020-02-25_CO,2020-11-16_CO,CO,CO,265,-0.009524762630462646,0.04447603225708008,-0.06352555751800537,0.05085616186261177,0.029705429449677467,0.4809134602546692,0.0005764648085460067,0.00036279697087593377,-0.6648092269897461,,12
renorm,2020-02-28_RD,2020-11-16_CO,RD,CO,262,-0.22299546003341675,-0.3921473026275635,-0.05384361743927002,0.05085616186261177,0.029705429449677467,0.4653015732765198,0.0007226304733194411,0.000481156341265887,-0.9202572703361511,,15
renorm,2020-03-02_RD,2020-11-16_CO,RD,CO,259,-0.40157172083854675,-0.5799000263214111,-0.22324341535568237,0.05085616186261177,0.029705429449677467,0.47610342502593994,0.0008921478874981403,0.00018360826652497053,-0.5688369274139404,,15
renorm,2020-03-10_RD,2020-11-16_CO,RD,CO,251,-0.3339215815067291,-0.5463865995407104,-0.1214565634727478,0.05085616186261177,0.029705429449677467,0.4734579920768738,0.0007010254776105285,0.0003095908905379474,-0.7612265944480896,,17
renorm,2020-03-13_RD,2020-11-16_CO,RD,CO,248,-0.2763644754886627,-0.3962462544441223,-0.15648269653320312,0.05085616186261177,0.029705429449677467,0.47576117515563965,0.00081699772272259,0.00023683442850597203,-0.8453465700149536,,15
renorm,2020-03-17_RD,2020-11-16_CO,RD,CO,244,-0.2524067759513855,-0.3985050916671753,-0.10630849003791809,0.05085616186261177,0.029705429449677467,0.49483418464660645,0.0008946609450504184,6.95314520271495e-05,-0.7096189856529236,,13
renorm,2020-03-18_RD,2020-11-16_CO,RD,CO,243,-0.342146635055542,-0.4389335513114929,-0.24535971879959106,0.05085616186261177,0.029705429449677467,0.494665265083313,0.0012209953274577856,0.00012885098112747073,-0.7651072144508362,,14
renorm,2020-03-19_RD,2020-11-16_CO,RD,CO,242,-0.33851662278175354,-0.45343124866485596,-0.22360199689865112,0.05085616186261177,0.029705429449677467,0.48743730783462524,0.0008065817528404295,0.0003068543446715921,-1.0205553770065308,,11
renorm,2020-03-20_RD,2020-11-16_CO,RD,CO,241,-0.2688930630683899,-0.31693994998931885,-0.22084617614746094,0.05085616186261177,0.029705429449677467,0.48899489641189575,0.0009028317872434855,0.00043756788363680243,-0.9104259014129639,,12
renorm,2020-06-26_CO,2020-11-16_CO,CO,CO,143,-0.06214691698551178,-0.09113866090774536,-0.0331551730632782,0.05085616186261177,0.029705429449677467,0.4885880947113037,0.000462323339888826,0.0006061499007046223,-0.9356870055198669,,13
renorm,2020-07-08_CO,2020-11-16_CO,CO,CO,131,0.06820207834243774,0.044613003730773926,0.09179115295410156,0.05085616186261177,0.029705429449677467,0.4764487147331238,0.000535355880856514,0.00023251598759088665,-0.5703020691871643,0.45336204767227173,7
renorm,2020-07-14_CO,2020-11-16_CO,CO,CO,125,0.039804622530937195,0.06542152166366577,0.014187723398208618,0.05085616186261177,0.029705429449677467,0.49582016468048096,0.0005980039713904262,0.0007988251745700836,-0.849410891532898,0.45336204767227173,31
renorm,2020-07-29_RD,2020-11-16_CO,RD,CO,110,-0.44737160205841064,-0.7502443790435791,-0.1444988250732422,0.05085616186261177,0.029705429449677467,0.4680634140968323,0.000753138680011034,0.00015078215801622719,-0.41210389137268066,0.18611344695091248,14
renorm,2020-07-31_CO,2020-11-16_CO,CO,CO,108,0.07382354140281677,0.0749434232711792,0.07270365953445435,0.05085616186261177,0.029705429449677467,0.4248530864715576,0.0005610499065369368,0.0007975003100000322,-1.1987404823303223,0.18611344695091248,36
renorm,2020-08-08_RD,2020-11-16_CO,RD,CO,100,-0.2093237042427063,-0.36026912927627563,-0.05837827920913696,0.05085616186261177,0.029705429449677467,0.42879384756088257,0.0009935948764905334,0.0005526811582967639,-0.6248273849487305,0.1596047580242157,8
renorm,2020-08-11_RD,2020-11-16_CO,RD,CO,97,-0.32810983061790466,-0.5198230743408203,-0.136396586894989,0.05085616186261177,0.029705429449677467,0.43938690423965454,0.0010266666067764163,0.0005020054522901773,-0.5512422323226929,0.1596047580242157,10
renorm,2020-08-22_RD,2020-11-16_CO,RD,CO,86,-0.23150496184825897,-0.44941091537475586,-0.013599008321762085,0.05085616186261177,0.029705429449677467,0.4652458429336548,0.0011130140628665686,0.0009048363426700234,-1.0157173871994019,0.16231349110603333,9
renorm,2020-08-29_RD,2020-11-16_CO,RD,CO,79,-0.32788336277008057,-0.3599352240562439,-0.29583150148391724,0.05085616186261177,0.029705429449677467,0.44804108142852783,0.0012657374609261751,0.00022367697965819389,-0.8022382259368896,0.18629726767539978,19
renorm,2020-09-04_RD,2020-11-16_CO,RD,CO,73,-0.23079374432563782,-0.38156044483184814,-0.08002704381942749,0.05085616186261177,0.029705429449677467,0.4826924800872803,0.0008676850120536983,0.00016405200585722923,-0.6718371510505676,0.18629726767539978,10
renorm,2020-09-24_CO,2020-11-16_CO,CO,CO,53,0.1598869115114212,0.15745842456817627,0.16231539845466614,0.05085616186261177,0.029705429449677467,0.41790324449539185,0.0005963805015198886,0.00038788269739598036,-0.7850966453552246,0.17531633377075195,10
renorm,2020-09-28_CO,2020-11-16_CO,CO,CO,49,0.1486695408821106,0.14538264274597168,0.1519564390182495,0.05085616186261177,0.029705429449677467,0.41912996768951416,0.0005017281509935856,7.514026947319508e-05,-0.6577412486076355,0.1396947205066681,11
renorm,2020-09-29_CO,2020-11-16_CO,CO,CO,48,0.05748125910758972,-0.004725396633148193,0.11968791484832764,0.05085616186261177,0.029705429449677467,0.43485045433044434,0.0006952310213819146,0.00013180026144254953,-0.330575168132782,0.1396947205066681,9
renorm,2020-10-02_CO,2020-11-16_CO,CO,CO,45,0.09703409671783447,0.1206468939781189,0.07342129945755005,0.05085616186261177,0.029705429449677467,0.4200040102005005,0.0006827472243458033,0.000441973825218156,-1.0130996704101562,0.1396947205066681,8
renorm,2020-10-07_CO,2020-11-16_CO,CO,CO,40,0.15919189155101776,0.14808940887451172,0.1702943742275238,0.05085616186261177,0.029705429449677467,0.43792688846588135,0.0005285633960738778,8.206110214814544e-05,-1.0074766874313354,0.1396947205066681,13
renorm,2020-10-12_CO,2020-11-16_CO,CO,CO,35,0.09368030726909637,0.12526607513427734,0.062094539403915405,0.05085616186261177,0.029705429449677467,0.42172491550445557,0.00047532422468066216,0.00021753345208708197,-0.5717195272445679,0.17152979969978333,6
renorm,2020-10-16_CO,2020-11-16_CO,CO,CO,31,0.14713561534881592,0.17515236139297485,0.11911886930465698,0.05085616186261177,0.029705429449677467,0.401025652885437,0.0006147407693788409,0.00025444358470849693,-0.589065432548523,0.17152979969978333,5
renorm,2020-10-23_CO,2020-11-16_CO,CO,CO,24,0.1373620182275772,0.17818781733512878,0.09653621912002563,0.05085616186261177,0.029705429449677467,0.43161845207214355,0.0005917436210438609,0.00021136914438102394,-0.7209439277648926,1.9193676710128784,7
renorm,2020-11-03_CO,2020-11-16_CO,CO,CO,13,0.21880090236663818,0.22800949215888977,0.2095923125743866,0.05085616186261177,0.029705429449677467,0.4023418426513672,0.000428783125244081,0.0003364642907399684,-0.8734076023101807,0.11437049508094788,8
renorm,2020-11-05_CO,2020-11-16_CO,CO,CO,11,0.17449186742305756,0.25549808144569397,0.09348565340042114,0.05085616186261177,0.029705429449677467,0.40113991498947144,0.0005679868627339602,0.00021216232562437654,-0.6771358251571655,0.11437049508094788,14
renorm,2020-11-09_CO,2020-11-16_CO,CO,CO,7,0.2424452304840088,0.29440855979919434,0.19048190116882324,0.05085616186261177,0.029705429449677467,0.43297117948532104,0.0007037902832962573,0.0006647463305853307,-0.8150911331176758,0.11437049508094788,11
renorm,2020-11-16_CO,2020-11-16_CO,CO,CO,0,0.36261409521102905,0.40117648243904114,0.32405173778533936,0.05085616186261177,0.029705429449677467,0.14808577299118042,0.00042983339517377317,0.00029283558251336217,-0.5590687990188599,0.0,0
fixed,2020-01-27_CO,2020-12-03_CO,CO,CO,311,-1.1493422985076904,-0.7879011631011963,-1.5107834339141846,1.2432101964950562,0.34480270743370056,0.5834167003631592,0.0037260374519973993,0.009665211662650108,-1.5608422756195068,0.29338645935058594,16
fixed,2020-01-30_CO,2020-12-03_CO,CO,CO,308,-2.1784844398498535,-1.0354208946228027,-3.3215482234954834,1.2976431846618652,0.35331133008003235,0.6538419127464294,0.003970538731664419,0.018229788169264793,-1.2738460302352905,0.29338645935058594,18
fixed,2020-02-04_CO,2020-12-03_CO,CO,CO,303,-0.3550446331501007,-0.27435290813446045,-0.43573635816574097,1.193266749382019,0.35378000140190125,0.6147269606590271,0.005839665420353413,0.006120340432971716,-0.7123758792877197,0.29338645935058594,14
fixed,2020-02-05_CO,2020-12-03_CO,CO,CO,302,-0.4509297013282776,-0.7103199362754822,-0.191539466381073,1.272204875946045,0.35841941833496094,0.6044907569885254,0.00666353665292263,0.0033741481602191925,-1.0911407470703125,0.29338645935058594,15
fixed,2020-02-06_CO,2020-12-03_CO,CO,CO,301,-1.2718125581741333,-2.2269668579101562,-0.31665825843811035,1.2746049165725708,0.3694651126861572,0.6688573360443115,0.006430931389331818,0.005633992608636618,-1.0868706703186035,,12
fixed,2020-02-11_CO,2020-12-03_CO,CO,CO,296,-2.2759227752685547,-1.080115556716919,-3.4717302322387695,1.1137895584106445,0.2959008514881134,0.6149477958679199,0.003675805637612939,0.014282149262726307,-1.0339009761810303,,14
fixed,2020-02-22_CO,2020-12-03_CO,CO,CO,285,-0.6586012244224548,-0.16271790862083435,-1.154484510421753,1.181860089302063,0.3204791843891144,0.6056020259857178,0.005722207482904196,0.009759320877492428,-1.2619472742080688,,14
fixed,2020-02-24_CO,2020-12-03_CO,CO,CO,283,-1.4945164918899536,-0.9220797419548035,-2.066953182220459,1.111215591430664,0.277774840593338,0.6179249882698059,0.011906362138688564,0.012862049043178558,-0.7915063500404358,,11
fixed,2020-02-25_CO,2020-12-03_CO,CO,CO,282,-0.19070690870285034,-0.08757662773132324,-0.29383718967437744,1.1776007413864136,0.2954440116882324,0.6115968227386475,0.0016374692786484957,0.004409706685692072,-1.2815275192260742,,11
fixed,2020-02-28_RD,2020-12-03_CO,RD,CO,279,-0.9438966512680054,-1.6396318674087524,-0.24816155433654785,1.1767023801803589,0.28206929564476013,0.611442506313324,0.005684390664100647,0.005061465315520763,-1.0603666305541992,,15
fixed,2020-03-02_RD,2020-12-03_CO,RD,CO,276,-2.4315054416656494,-4.697035789489746,-0.16597497463226318,1.058058261871338,0.27149391174316406,0.6276022791862488,0.005134386010468006,0.0026905382983386517,-0.7445468306541443,,17
fixed,2020-03-10_RD,2020-12-03_CO,RD,CO,268,-0.9280150532722473,-1.6378878355026245,-0.21814221143722534,1.1435505151748657,0.3351249694824219,0.6189962029457092,0.0029632810037583113,0.0044756364077329636,-1.333251714706421,,18
fixed,2020-03-13_RD,2020-12-03_CO,RD,CO,265,-1.1872460842132568,-1.6949238777160645,-0.6795682311058044,1.1457675695419312,0.2877245843410492,0.614319920539856,0.003248256631195545,0.007601040881127119,-1.0730303525924683,,15
fixed,2020-03-17_RD,2020-12-03_CO,RD,CO,261,-1.2916091680526733,-2.5527660846710205,-0.030452191829681396,1.1947344541549683,0.3704966604709625,0.5741006135940552,0.001682462403550744,0.0015414501540362835,-1.2362383604049683,,13
fixed,2020-03-18_RD,2020-12-03_CO,RD,CO,260,-2.833902359008789,-5.077479362487793,-0.5903252363204956,1.235695242881775,0.35345911979675293,0.576557457447052,0.010572928935289383,0.006029357668012381,-1.2373871803283691,,14
fixed,2020-03-19_RD,2020-12-03_CO,RD,CO,259,-2.0606651306152344,-3.7872567176818848,-0.33407366275787354,1.1967979669570923,0.35594573616981506,0.6277645230293274,0.0021418097894638777,0.00588627066463232,-1.3212003707885742,,13
fixed,2020-03-20_RD,2020-12-03_CO,RD,CO,258,-2.142031192779541,-3.9124083518981934,-0.37165379524230957,1.1201014518737793,0.26815465092658997,0.628720760345459,0.00862189382314682,0.004799275659024715,-1.0168581008911133,,14
fixed,2020-06-26_CO,2020-12-03_CO,CO,CO,160,-0.9623571634292603,-1.126983642578125,-0.7977307438850403,0.9525958895683289,0.22954054176807404,0.6358354091644287,0.008515622466802597,0.009211769327521324,-1.0143721103668213,,12
fixed,2020-07-08_CO,2020-12-03_CO,CO,CO,148,-0.5413662195205688,-0.6632236838340759,-0.41950875520706177,0.9389246106147766,0.2387431412935257,0.6455116271972656,0.015307886525988579,0.005376116372644901,-0.6590223908424377,0.4334717392921448,7
fixed,2020-07-14_CO,2020-12-03_CO,CO,CO,142,-1.4491915702819824,-1.498929500579834,-1.3994536399841309,0.9480697512626648,0.21416014432907104,0.6265527606010437,0.007022729609161615,0.010768229141831398,-0.5379227995872498,0.4334717392921448,35
fixed,2020-07-29_RD,2020-12-03_CO,RD,CO,127,-1.8930118083953857,-2.5249290466308594,-1.2610946893692017,0.874188244342804,0.1858486533164978,0.5175076127052307,0.004943835083395243,0.011534539982676506,-0.4924997091293335,0.17417457699775696,14
fixed,2020-07-31_CO,2020-12-03_CO,CO,CO,125,-0.9639424085617065,-0.6463958024978638,-1.2814891338348389,1.0951868295669556,0.22634394466876984,0.5531187057495117,0.003268257714807987,0.011737311258912086,-0.8645883202552795,0.17417457699775696,40
fixed,2020-08-08_RD,2020-12-03_CO,RD,CO,117,-2.743593692779541,-4.056373596191406,-1.4308139085769653,0.7964069247245789,0.19178088009357452,0.5725138783454895,0.00855322927236557,0.013382701203227043,-0.46625322103500366,0.15317407250404358,5
fixed,2020-08-11_RD,2020-12-03_CO,RD,CO,114,-3.066035747528076,-2.228038787841797,-3.9040327072143555,1.2034865617752075,0.25127729773521423,0.5883365869522095,0.010124306194484234,0.021050937473773956,-0.7342821359634399,0.15317407250404358,7
fixed,2020-08-22_RD,2020-12-03_CO,RD,CO,103,-2.583099365234375,-2.7179713249206543,-2.4482274055480957,0.8565577864646912,0.1881144642829895,0.6396608948707581,0.012782156467437744,0.016567416489124298,-0.7998031377792358,0.15416955947875977,8
fixed,2020-08-29_RD,2020-12-03_CO,RD,CO,96,-0.9461687207221985,-0.2573305368423462,-1.6350069046020508,0.7836675643920898,0.22525151073932648,0.639800488948822,0.031831044703722,0.009798098355531693,-1.4001891613006592,0.17074906826019287,21
fixed,2020-09-04_RD,2020-12-03_CO,RD,CO,90,-1.8666017055511475,-0.7070268988609314,-3.0261764526367188,0.8289355635643005,0.24620790779590607,0.627090334892273,0.005985370371490717,0.015600750222802162,-0.5484895706176758,0.17074906826019287,10
fixed,2020-09-24_CO,2020-12-03_CO,CO,CO,70,-2.8278491497039795,-3.800475597381592,-1.8552227020263672,0.7683544754981995,0.19266659021377563,0.6159892678260803,0.007472353521734476,0.009458511136472225,-0.4634733498096466,0.1561312973499298,11
fixed,2020-09-28_CO,2020-12-03_CO,CO,CO,66,-0.13403354585170746,-0.29802823066711426,0.02996113896369934,0.7849364876747131,0.21793127059936523,0.5780170559883118,0.004697627387940884,0.004185079596936703,-1.0956766605377197,0.14813850820064545,10
fixed,2020-09-29_CO,2020-12-03_CO,CO,CO,65,-1.057071566581726,-1.7986222505569458,-0.31552088260650635,0.6478349566459656,0.1991657018661499,0.5334154963493347,0.003991133067756891,0.007693675812333822,-0.39076316356658936,0.14813850820064545,10
fixed,2020-10-02_CO,2020-12-03_CO,CO,CO,62,-1.8000941276550293,-2.6321663856506348,-0.9680217504501343,0.7252171635627747,0.2030588835477829,0.638418436050415,0.007999342866241932,0.011801083572208881,-0.7135399580001831,0.14813850820064545,9
fixed,2020-10-07_CO,2020-12-03_CO,CO,CO,57,-2.038778781890869,-0.7179668545722961,-3.359590530395508,0.652462363243103,0.16397131979465485,0.5322293639183044,0.002445291029289365,0.015767773613333702,-0.9222853779792786,0.14813850820064545,13
fixed,2020-10-12_CO,2020-12-03_CO,CO,CO,52,-1.23760986328125,-2.150019645690918,-0.32520005106925964,0.6540436744689941,0.15409861505031586,0.5755118727684021,0.0071412548422813416,0.0057586971670389175,-0.321974515914917,0.16251103579998016,3
fixed,2020-10-16_CO,2020-12-03_CO,CO,CO,48,-2.094020366668701,-0.942142903804779,-3.2458980083465576,0.8435659408569336,0.176719531416893,0.5846153497695923,0.003838668344542384,0.014361100271344185,-0.32683899998664856,0.16251103579998016,6
fixed,2020-10-23_CO,2020-12-03_CO,CO,CO,41,-0.09034724533557892,0.093293696641922,-0.27398818731307983,0.6266376376152039,0.14937421679496765,0.5579537153244019,0.004317883402109146,0.004769708961248398,-0.6942064166069031,2.0112388134002686,3
fixed,2020-11-03_CO,2020-12-03_CO,CO,CO,30,-4.625638961791992,-7.7055745124816895,-1.545703411102295,0.7256075739860535,0.21641016006469727,0.5803171396255493,0.0035560771357268095,0.014732670038938522,-0.8653923869132996,0.10992041230201721,10
fixed,2020-11-05_CO,2020-12-03_CO,CO,CO,28,-1.6984953880310059,-3.3895697593688965,-0.00742107629776001,0.6449501514434814,0.19643719494342804,0.5687930583953857,0.0035494398325681686,0.004894453100860119,-1.0277462005615234,0.10992041230201721,11
fixed,2020-11-09_CO,2020-12-03_CO,CO,CO,24,-0.5257267355918884,-0.8780256509780884,-0.17342782020568848,0.6191269755363464,0.14217215776443481,0.5779020190238953,0.003165928879752755,0.005557931959629059,-0.8619555830955505,0.10992041230201721,8
fixed,2020-11-16_CO,2020-12-03_CO,CO,CO,17,-3.306359052658081,-0.9346551895141602,-5.678062915802002,0.7767239212989807,0.1782463788986206,0.5613335967063904,0.005338322836905718,0.019569309428334236,-0.22359105944633484,0.09156718850135803,13
fixed,2020-12-03_CO,2020-12-03_CO,CO,CO,0,0.292837917804718,0.2962254285812378,0.28945043683052063,0.04037369415163994,0.022087907418608665,0.14300620555877686,0.0004724963800981641,0.0010057915933430195,-1.0122712850570679,0.0,0
renorm,2020-01-27_CO,2020-12-03_CO,CO,CO,311,-0.09753334522247314,-0.017261922359466553,-0.17780476808547974,0.04037369415163994,0.022087907418608665,0.44861215353012085,0.0005792960873804986,0.0006101310718804598,-1.3253788948059082,0.29338645935058594,16
renorm,2020-01-30_CO,2020-12-03_CO,CO,CO,308,-0.014018461108207703,0.011116236448287964,-0.03915315866470337,0.04037369415163994,0.022087907418608665,0.4568098783493042,0.0005352454027161002,0.0005741881905123591,-0.9798815846443176,0.29338645935058594,18
renorm,2020-02-04_CO,2020-12-03_CO,CO,CO,303,-0.05663931369781494,-0.04174420237541199,-0.0715344250202179,0.04037369415163994,0.022087907418608665,0.4601373076438904,0.0005633552791550756,0.0005206995410844684,-0.8098807334899902,0.29338645935058594,14
renorm,2020-02-05_CO,2020-12-03_CO,CO,CO,302,-0.09730048477649689,-0.09809759259223938,-0.0965033769607544,0.04037369415163994,0.022087907418608665,0.42933720350265503,0.0006373515352606773,0.0006007811753079295,-0.8519648909568787,0.29338645935058594,15
renorm,2020-02-06_CO,2020-12-03_CO,CO,CO,301,-0.14662232995033264,-0.12270861864089966,-0.17053604125976562,0.04037369415163994,0.022087907418608665,0.4951068162918091,0.000619367288891226,0.0004996613715775311,-0.8861650228500366,,12
renorm,2020-02-11_CO,2020-12-03_CO,CO,CO,296,-0.05427554249763489,-0.030287444591522217,-0.07826364040374756,0.04037369415163994,0.022087907418608665,0.43291670083999634,0.0005813940661028028,0.0007041888311505318,-0.9126980304718018,,14
renorm,2020-02-22_CO,2020-12-03_CO,CO,CO,285,-0.023228272795677185,-0.009253770112991333,-0.03720277547836304,0.04037369415163994,0.022087907418608665,0.43133699893951416,0.0004623321001417935,0.0004809708334505558,-0.9516043663024902,,14
renorm,2020-02-24_CO,2020-12-03_CO,CO,CO,283,-0.016753867268562317,-0.022844910621643066,-0.010662823915481567,0.04037369415163994,0.022087907418608665,0.42807209491729736,0.0005702701164409518,0.0010841580806300044,-0.8586912155151367,,11
renorm,2020-02-25_CO,2020-12-03_CO,CO,CO,282,-0.05795551836490631,-0.05907276272773743,-0.056838274002075195,0.04037369415163994,0.022087907418608665,0.4200122356414795,0.0005407679127529263,0.0004681397695094347,-0.9054372310638428,,11
renorm,2020-02-28_RD,2020-12-03_CO,RD,CO,279,-0.1294701248407364,-0.2598782777786255,0.00093802809715271,0.04037369415163994,0.022087907418608665,0.4288949966430664,0.0006718217046000063,0.0009333309135399759,-1.0375142097473145,,15
renorm,2020-03-02_RD,2020-12-03_CO,RD,CO,276,-0.23935316503047943,-0.42491835355758667,-0.05378797650337219,0.04037369415163994,0.022087907418608665,0.4318504333496094,0.0008644572226330638,0.0010382019681856036,-0.8389447927474976,,17
renorm,2020-03-10_RD,2020-12-03_CO,RD,CO,268,-0.1958305984735489,-0.3393796682357788,-0.05228152871131897,0.04037369415163994,0.022087907418608665,0.4303562641143799,0.0006439985590986907,0.00023833719023969024,-0.9500958323478699,,18
renorm,2020-03-13_RD,2020-12-03_CO,RD,CO,265,-0.2067238986492157,-0.3096542954444885,-0.10379350185394287,0.04037369415163994,0.022087907418608665,0.4390639066696167,0.0006625993992201984,0.0005654279375448823,-0.9718100428581238,,15
renorm,2020-03-17_RD,2020-12-03_CO,RD,CO,261,-0.10105375945568085,-0.19962012767791748,-0.002487391233444214,0.04037369415163994,0.022087907418608665,0.4534781575202942,0.0008632475510239601,0.000495683983899653,-0.8828783631324768,,13
renorm,2020-03-18_RD,2020-12-03_CO,RD,CO,260,-0.23003120720386505,-0.3112732768058777,-0.14878913760185242,0.04037369415163994,0.022087907418608665,0.43830549716949463,0.0012763547711074352,0.0005490082548931241,-1.0180307626724243,,14
renorm,2020-03-19_RD,2020-12-03_CO,RD,CO,259,-0.17449353635311127,-0.3088594675064087,-0.04012760519981384,0.04037369415163994,0.022087907418608665,0.4529811143875122,0.0006663200329057872,0.0006461402517743409,-1.2492671012878418,,13
renorm,2020-03-20_RD,2020-12-03_CO,RD,CO,258,-0.14566737413406372,-0.23301303386688232,-0.05832171440124512,0.04037369415163994,0.022087907418608665,0.42747724056243896,0.0008541617426089942,0.0005143959424458444,-1.250451683998108,,14
renorm,2020-06-26_CO,2020-12-03_CO,CO,CO,160,-0.06950731575489044,-0.15565329790115356,0.01663866639137268,0.04037369415163994,0.022087907418608665,0.396675705909729,0.00045569229405373335,0.000697646290063858,-1.1489830017089844,,12
renorm,2020-07-08_CO,2020-12-03_CO,CO,CO,148,0.021748334169387817,-0.031030088663101196,0.07452675700187683,0.04037369415163994,0.022087907418608665,0.41454172134399414,0.0005024009151384234,0.0006424965104088187,-0.8910557627677917,0.4334717392921448,7
renorm,2020-07-14_CO,2020-12-03_CO,CO,CO,142,-0.0069107115268707275,-0.0632464587688446,0.04942503571510315,0.04037369415163994,0.022087907418608665,0.43103456497192383,0.0005271296249702573,0.0008880587993189692,-1.0043234825134277,0.4334717392921448,35
renorm,2020-07-29_RD,2020-12-03_CO,RD,CO,127,-0.1543155312538147,-0.23275095224380493,-0.07588011026382446,0.04037369415163994,0.022087907418608665,0.38821953535079956,0.0006101157632656395,0.0007036649622023106,-0.8518568277359009,0.17417457699775696,14
renorm,2020-07-31_CO,2020-12-03_CO,CO,CO,125,0.05005088448524475,0.004878640174865723,0.09522312879562378,0.04037369415163994,0.022087907418608665,0.3953186273574829,0.0005270898691378534,0.0006832584622316062,-1.1155861616134644,0.17417457699775696,40
renorm,2020-08-08_RD,2020-12-03_CO,RD,CO,117,-0.09544737637042999,-0.21405264735221863,0.023157894611358643,0.04037369415163994,0.022087907418608665,0.3912370204925537,0.0008827203419059515,0.0008812836604192853,-0.8056803345680237,0.15317407250404358,5
renorm,2020-08-11_RD,2020-12-03_CO,RD,CO,114,-0.17366407811641693,-0.33049190044403076,-0.0168362557888031,0.04037369415163994,0.022087907418608665,0.4225400686264038,0.0009958890732377768,0.0003237853816244751,-0.665064811706543,0.15317407250404358,7
renorm,2020-08-22_RD,2020-12-03_CO,RD,CO,103,-0.20299606025218964,-0.4664396047592163,0.060447484254837036,0.04037369415163994,0.022087907418608665,0.4143868684768677,0.000985927996225655,0.0008173561654984951,-1.0862475633621216,0.15416955947875977,8
renorm,2020-08-29_RD,2020-12-03_CO,RD,CO,96,-0.18228812515735626,-0.09077027440071106,-0.27380597591400146,0.04037369415163994,0.022087907418608665,0.4121630787849426,0.0010859864996746182,0.0005401009111665189,-1.183949589729309,0.17074906826019287,21
renorm,2020-09-04_RD,2020-12-03_CO,RD,CO,90,-0.0205572247505188,-0.0386967658996582,-0.0024176836013793945,0.04037369415163994,0.022087907418608665,0.4554842710494995,0.0008233913686126471,0.00011720051406882703,-0.9650341272354126,0.17074906826019287,10
renorm,2020-09-24_CO,2020-12-03_CO,CO,CO,70,0.15539515018463135,0.11391320824623108,0.19687709212303162,0.04037369415163994,0.022087907418608665,0.39361822605133057,0.0005338508053682745,0.0004454300506040454,-0.8317005634307861,0.1561312973499298,11
renorm,2020-09-28_CO,2020-12-03_CO,CO,CO,66,0.18361353874206543,0.1730828881263733,0.19414418935775757,0.04037369415163994,0.022087907418608665,0.38717252016067505,0.00044149052700959146,0.0006032310193404555,-0.8620486259460449,0.14813850820064545,10
renorm,2020-09-29_CO,2020-12-03_CO,CO,CO,65,0.1119028627872467,0.032351940870285034,0.19145378470420837,0.04037369415163994,0.022087907418608665,0.39320266246795654,0.0006480565061792731,0.00023658093414269388,-0.5955716371536255,0.14813850820064545,10
renorm,2020-10-02_CO,2020-12-03_CO,CO,CO,62,0.14482803642749786,0.11513000726699829,0.17452606558799744,0.04037369415163994,0.022087907418608665,0.3901199698448181,0.0006502508767880499,0.0006888826610520482,-1.1842342615127563,0.14813850820064545,9
renorm,2020-10-07_CO,2020-12-03_CO,CO,CO,57,0.15860167145729065,0.10474777221679688,0.21245557069778442,0.04037369415163994,0.022087907418608665,0.4143422245979309,0.0004857980238739401,0.0005680131143890321,-1.1988871097564697,0.14813850820064545,13
renorm,2020-10-12_CO,2020-12-03_CO,CO,CO,52,0.15902487933635712,0.18765845894813538,0.13039129972457886,0.04037369415163994,0.022087907418608665,0.3803204298019409,0.0004332701792009175,0.0006519595044665039,-0.8393022418022156,0.16251103579998016,3
renorm,2020-10-16_CO,2020-12-03_CO,CO,CO,48,0.17504101991653442,0.2128831148147583,0.13719892501831055,0.04037369415163994,0.022087907418608665,0.3936571478843689,0.0005655285785906017,0.0008965158485807478,-0.9272773265838623,0.16251103579998016,6
renorm,2020-10-23_CO,2020-12-03_CO,CO,CO,41,0.17881649732589722,0.1788617968559265,0.17877119779586792,0.04037369415163994,0.022087907418608665,0.3714147210121155,0.000530772318597883,0.0007692206418141723,-0.9998493194580078,2.0112388134002686,3
renorm,2020-11-03_CO,2020-12-03_CO,CO,CO,30,0.1836337149143219,0.15247100591659546,0.21479642391204834,0.04037369415163994,0.022087907418608665,0.4144800901412964,0.00042762537486851215,0.00038785982178524137,-1.0641865730285645,0.10992041230201721,10
renorm,2020-11-05_CO,2020-12-03_CO,CO,CO,28,0.1725829541683197,0.16389548778533936,0.18127042055130005,0.04037369415163994,0.022087907418608665,0.3618113398551941,0.0005070292390882969,0.0009998446330428123,-0.9445725679397583,0.10992041230201721,11
renorm,2020-11-09_CO,2020-12-03_CO,CO,CO,24,0.2220575362443924,0.21232208609580994,0.23179298639297485,0.04037369415163994,0.022087907418608665,0.1624894142150879,0.0003710486344061792,0.0008254996500909328,-1.1013908386230469,0.10992041230201721,8
renorm,2020-11-16_CO,2020-12-03_CO,CO,CO,17,0.1999906450510025,0.1728193461894989,0.2271619439125061,0.04037369415163994,0.022087907418608665,0.46777182817459106,0.000516435771714896,0.0007840875769034028,-0.6949669122695923,0.09156718850135803,13
renorm,2020-12-03_CO,2020-12-03_CO,CO,CO,0,0.2957105040550232,0.29951417446136475,0.29190686345100403,0.04037369415163994,0.022087907418608665,0.14300620555877686,0.0004692664952017367,0.0009878600249066949,-1.0193754434585571,0.0,0
fixed,2020-01-27_CO,2020-12-04_CO,CO,CO,312,-1.2563687562942505,-2.187256336212158,-0.3254811763763428,1.058310866355896,0.3070346415042877,0.6329071521759033,0.002111948560923338,0.0014476028736680746,-1.463183045387268,0.29338645935058594,12
fixed,2020-01-30_CO,2020-12-04_CO,CO,CO,309,-1.3561115264892578,-0.331392765045166,-2.3808302879333496,1.0921841859817505,0.31519198417663574,0.6460444927215576,0.003940641414374113,0.01648305542767048,-1.0103439092636108,0.29338645935058594,15
fixed,2020-02-04_CO,2020-12-04_CO,CO,CO,304,-0.9921397566795349,-1.453678846359253,-0.5306006669998169,1.0098648071289062,0.32468363642692566,0.6183759570121765,0.006382582243531942,0.0069742887280881405,-0.2835364043712616,0.29338645935058594,10
fixed,2020-02-05_CO,2020-12-04_CO,CO,CO,303,-0.7676542401313782,-1.046937346458435,-0.48837119340896606,1.1033663749694824,0.32379230856895447,0.6382847428321838,0.0038189354818314314,0.005344525910913944,-0.16805435717105865,0.29338645935058594,11
fixed,2020-02-06_CO,2020-12-04_CO,CO,CO,302,-1.3831336498260498,-1.2691341638565063,-1.4971332550048828,1.0887202024459839,0.33741411566734314,0.6618754267692566,0.010684152133762836,0.009106672368943691,-0.8059583902359009,,10
fixed,2020-02-11_CO,2020-12-04_CO,CO,CO,297,-3.3537685871124268,-4.508640289306641,-2.198896884918213,0.959439754486084,0.2784648835659027,0.6312649846076965,0.007568406872451305,0.0135840754956007,-0.4830165207386017,,13
fixed,2020-02-22_CO,2020-12-04_CO,CO,CO,286,-0.229425311088562,-0.10109066963195801,-0.357759952545166,1.011784553527832,0.2774079144001007,0.6355048418045044,0.004029871895909309,0.006300362758338451,-1.103271245956421,,11
fixed,2020-02-24_CO,2020-12-04_CO,CO,CO,284,-2.243014097213745,-3.764388084411621,-0.7216397523880005,0.9535169005393982,0.2511536777019501,0.639439582824707,0.006783203687518835,0.007399172522127628,-0.4100382924079895,,9
fixed,2020-02-25_CO,2020-12-04_CO,CO,CO,283,-2.5071218013763428,-4.448922634124756,-0.5653208494186401,1.005815029144287,0.2679763734340668,0.645002543926239,0.0032911438029259443,0.006179201416671276,-0.6981756687164307,,9
fixed,2020-02-28_RD,2020-12-04_CO,RD,CO,280,-3.9316530227661133,-6.999528408050537,-0.8637776374816895,1.0020270347595215,0.2544412314891815,0.6460564732551575,0.007112911436706781,0.010608023032546043,-0.757428765296936,,9
fixed,2020-03-02_RD,2020-12-04_CO,RD,CO,277,-4.920337200164795,-9.397298812866211,-0.4433749318122864,0.9322144389152527,0.2570279538631439,0.6297898888587952,0.00547335110604763,0.002652999944984913,-0.036279357969760895,,15
fixed,2020-03-10_RD,2020-12-04_CO,RD,CO,269,-3.096327304840088,-5.914040565490723,-0.27861374616622925,1.0165724754333496,0.3171016573905945,0.6082935333251953,0.008010736666619778,0.004217316396534443,-0.8795027732849121,,13
fixed,2020-03-13_RD,2020-12-04_CO,RD,CO,266,-1.0651662349700928,-1.5527863502502441,-0.5775461196899414,0.9589748978614807,0.2535081207752228,0.5726422667503357,0.003998459316790104,0.004873927216976881,-1.0470590591430664,,11
fixed,2020-03-17_RD,2020-12-04_CO,RD,CO,262,-1.9075201749801636,-3.308290481567383,-0.50674968957901,1.0092344284057617,0.3404965400695801,0.6395365595817566,0.004947463981807232,0.007617637049406767,-1.1822476387023926,,8
fixed,2020-03-18_RD,2020-12-04_CO,RD,CO,261,-1.496842622756958,-1.8377902507781982,-1.1558949947357178,1.028104305267334,0.3027743995189667,0.5940028429031372,0.006570597179234028,0.008909331634640694,-1.3207639455795288,,9
fixed,2020-03-19_RD,2020-12-04_CO,RD,CO,260,-3.784123420715332,-6.413482189178467,-1.1547646522521973,1.0352617502212524,0.3193904757499695,0.604629397392273,0.0029755178838968277,0.00915619172155857,-0.7918084859848022,,7
fixed,2020-03-20_RD,2020-12-04_CO,RD,CO,259,-4.345632553100586,-7.393205165863037,-1.298060417175293,0.947695255279541,0.26240086555480957,0.5985250473022461,0.0061711715534329414,0.010672386735677719,-0.5187970399856567,,9
fixed,2020-06-26_CO,2020-12-04_CO,CO,CO,161,-1.795344591140747,-3.42840576171875,-0.1622833013534546,0.8234286308288574,0.23274604976177216,0.6790676116943359,0.009157148189842701,0.0035463140811771154,-0.1507672220468521,,10
fixed,2020-07-08_CO,2020-12-04_CO,CO,CO,149,-1.9569988250732422,-3.6034460067749023,-0.31055182218551636,0.8498649597167969,0.24587349593639374,0.6542079448699951,0.01223120465874672,0.0027242559008300304,0.018676381558179855,0.4334717392921448,5
fixed,2020-07-14_CO,2020-12-04_CO,CO,CO,143,-1.6380321979522705,-2.8511290550231934,-0.42493540048599243,0.8870142102241516,0.23087835311889648,0.6545920372009277,0.010233080945909023,0.0029926213901489973,0.11760574579238892,0.4334717392921448,29
fixed,2020-07-29_RD,2020-12-04_CO,RD,CO,128,-10.826835632324219,-10.554069519042969,-11.099601745605469,0.8060089945793152,0.18394722044467926,0.5844069719314575,0.009058883413672447,0.014448600821197033,0.4353058338165283,0.17417457699775696,11
fixed,2020-07-31_CO,2020-12-04_CO,CO,CO,126,-0.7179856300354004,-0.8875625729560852,-0.5484087467193604,1.0090367794036865,0.24288040399551392,0.6504467129707336,0.0034283651039004326,0.006266402080655098,-0.6318760514259338,0.17417457699775696,39
fixed,2020-08-08_RD,2020-12-04_CO,RD,CO,118,-3.0554494857788086,-5.787246227264404,-0.3236527442932129,0.7234073281288147,0.20799018442630768,0.631954550743103,0.016702981665730476,0.002770654857158661,0.02658512070775032,0.15317407250404358,4
fixed,2020-08-11_RD,2020-12-04_CO,RD,CO,115,-3.2946619987487793,-2.7471723556518555,-3.8421518802642822,1.1230283975601196,0.2590171992778778,0.653497040271759,0.01835102215409279,0.021528437733650208,0.19127899408340454,0.15317407250404358,4
fixed,2020-08-22_RD,2020-12-04_CO,RD,CO,104,-3.6322379112243652,-6.714457988739014,-0.5500180125236511,0.8420937657356262,0.22895722091197968,0.6645067930221558,0.010404336266219616,0.005764254834502935,0.6180598735809326,0.15416955947875977,7
fixed,2020-08-29_RD,2020-12-04_CO,RD,CO,97,-2.80902099609375,-2.7510428428649902,-2.8669989109039307,0.7128432393074036,0.24078579246997833,0.6892019510269165,0.04450488090515137,0.004957958590239286,-0.9056627750396729,0.17074906826019287,17
fixed,2020-09-04_RD,2020-12-04_CO,RD,CO,91,-4.140561580657959,-4.968279838562012,-3.3128433227539062,0.7613169550895691,0.2525154650211334,0.6485140919685364,0.009414498694241047,0.008829548954963684,0.4278905391693115,0.17074906826019287,7
fixed,2020-09-24_CO,2020-12-04_CO,CO,CO,71,-3.298496723175049,-5.107611656188965,-1.4893813133239746,0.7205186486244202,0.2140059918165207,0.6330543756484985,0.005609745625406504,0.006638836115598679,0.08525698632001877,0.1561312973499298,7
fixed,2020-09-28_CO,2020-12-04_CO,CO,CO,67,-2.7061305046081543,-4.2000885009765625,-1.2121726274490356,0.6793391704559326,0.20644211769104004,0.6435248851776123,0.006714504677802324,0.011741370894014835,1.028193473815918,0.14813850820064545,5
fixed,2020-09-29_CO,2020-12-04_CO,CO,CO,66,-2.584894895553589,-4.689630031585693,-0.4801594614982605,0.5847086906433105,0.20899219810962677,0.642361581325531,0.007598254829645157,0.0073749227449297905,1.1891660690307617,0.14813850820064545,6
fixed,2020-10-02_CO,2020-12-04_CO,CO,CO,63,-4.107560157775879,-7.152040481567383,-1.0630799531936646,0.6456486582756042,0.20879191160202026,0.6444938778877258,0.007410242687910795,0.004960562102496624,0.8847620487213135,0.14813850820064545,6
fixed,2020-10-07_CO,2020-12-04_CO,CO,CO,58,-3.210875988006592,-6.04923677444458,-0.3725150525569916,0.5883071422576904,0.18520617485046387,0.633199155330658,0.004135735798627138,0.004310498479753733,0.9680182933807373,0.14813850820064545,9
fixed,2020-10-12_CO,2020-12-04_CO,CO,CO,53,-1.6123390197753906,-2.689774990081787,-0.5349029302597046,0.6985982060432434,0.19947707653045654,0.6617774963378906,0.00847706850618124,0.005377196706831455,-0.15726716816425323,0.16251103579998016,2
fixed,2020-10-16_CO,2020-12-04_CO,CO,CO,49,-2.206085681915283,-2.8892998695373535,-1.5228718519210815,0.7958526015281677,0.19907636940479279,0.6676955819129944,0.012836852110922337,0.008536660112440586,0.2387925237417221,0.16251103579998016,5
fixed,2020-10-23_CO,2020-12-04_CO,CO,CO,42,-0.8786176443099976,-1.2574069499969482,-0.4998284578323364,0.6111393570899963,0.17701710760593414,0.659498929977417,0.0054734633304178715,0.007166640367358923,-0.6046369671821594,2.0112388134002686,1
fixed,2020-11-03_CO,2020-12-04_CO,CO,CO,31,-5.851864814758301,-10.113286972045898,-1.5904419422149658,0.5805113911628723,0.1983993798494339,0.6485810279846191,0.003643473843112588,0.013486899435520172,0.68129962682724,0.10992041230201721,5
fixed,2020-11-05_CO,2020-12-04_CO,CO,CO,29,-3.3252949714660645,-6.016653537750244,-0.6339364647865295,0.6066687703132629,0.22143302857875824,0.6598610877990723,0.007431449368596077,0.007039318792521954,0.5659221410751343,0.10992041230201721,12
fixed,2020-11-09_CO,2020-12-04_CO,CO,CO,25,-2.7202019691467285,-4.102153778076172,-1.3382503986358643,0.6553036570549011,0.20631898939609528,0.6724709868431091,0.015648167580366135,0.007046145852655172,-0.15211553871631622,0.10992041230201721,11
fixed,2020-11-16_CO,2020-12-04_CO,CO,CO,18,-4.21134614944458,-4.662914752960205,-3.759777784347534,0.755303144454956,0.21189630031585693,0.5869446992874146,0.01696147583425045,0.016285590827465057,0.36648356914520264,0.09156718850135803,12
fixed,2020-12-03_CO,2020-12-04_CO,CO,CO,1,-0.40924298763275146,-0.33033740520477295,-0.48814859986305237,0.48684826493263245,0.1624988168478012,0.5609849095344543,0.0073965550400316715,0.0037087725941091776,-0.8056285381317139,0.0,7
fixed,2020-12-04_CO,2020-12-04_CO,CO,CO,0,0.33472740650177,0.3628847002983093,0.3065700829029083,0.047669317573308945,0.02668224833905697,0.12771451473236084,0.0008863314287737012,0.00026662726304493845,-0.8894634246826172,0.0,0
renorm,2020-01-27_CO,2020-12-04_CO,CO,CO,312,-0.10098457336425781,-0.05490553379058838,-0.14706361293792725,0.047669317573308945,0.02668224833905697,0.47751593589782715,0.0005692396662198007,0.0018437374383211136,-1.3409879207611084,0.29338645935058594,12
renorm,2020-01-30_CO,2020-12-04_CO,CO,CO,309,0.022765889763832092,0.06440126895904541,-0.018869489431381226,0.047669317573308945,0.02668224833905697,0.45337218046188354,0.0005176052800379694,0.0006576753803528845,-1.045478343963623,0.29338645935058594,15
renorm,2020-02-04_CO,2020-12-04_CO,CO,CO,304,-0.02742898464202881,-0.00817948579788208,-0.04667848348617554,0.047669317573308945,0.02668224833905697,0.445284366607666,0.0005883752601221204,0.0007947474950924516,-0.9398419857025146,0.29338645935058594,10
renorm,2020-02-05_CO,2020-12-04_CO,CO,CO,303,-0.04457560181617737,-0.0364517867565155,-0.05269941687583923,0.047669317573308945,0.02668224833905697,0.4569701552391052,0.0006171973655000329,0.0006819375557824969,-0.8725836277008057,0.29338645935058594,11
renorm,2020-02-06_CO,2020-12-04_CO,CO,CO,302,-0.15501661598682404,-0.18415087461471558,-0.1258823573589325,0.047669317573308945,0.02668224833905697,0.5035175681114197,0.0006975496653467417,0.0008417543722316623,-0.9913519620895386,,10
renorm,2020-02-11_CO,2020-12-04_CO,CO,CO,297,-0.0007015019655227661,0.035888999700546265,-0.0372920036315918,0.047669317573308945,0.02668224833905697,0.45280081033706665,0.0005971145001240075,0.0009840019047260284,-1.1930783987045288,,13
renorm,2020-02-22_CO,2020-12-04_CO,CO,CO,286,0.02084602415561676,0.07289233803749084,-0.031200289726257324,0.047669317573308945,0.02668224833905697,0.4345831274986267,0.0004739121941383928,0.0008914964855648577,-1.1007548570632935,,11
renorm,2020-02-24_CO,2020-12-04_CO,CO,CO,284,0.020984038710594177,0.043766558170318604,-0.001798480749130249,0.047669317573308945,0.02668224833905697,0.44437652826309204,0.0005413255421444774,0.0005864374106749892,-1.0877132415771484,,9
renorm,2020-02-25_CO,2020-12-04_CO,CO,CO,283,-0.016635596752166748,0.037843525409698486,-0.07111471891403198,0.047669317573308945,0.02668224833905697,0.4546113610267639,0.0005708372918888927,0.0006164108053781092,-1.0494635105133057,,9
renorm,2020-02-28_RD,2020-12-04_CO,RD,CO,280,-0.13861337304115295,-0.27088800072669983,-0.006338745355606079,0.047669317573308945,0.02668224833905697,0.42583292722702026,0.0006705683772452176,0.001038498361594975,-1.2344958782196045,,9
renorm,2020-03-02_RD,2020-12-04_CO,RD,CO,277,-0.20772887766361237,-0.344219446182251,-0.07123830914497375,0.047669317573308945,0.02668224833905697,0.4264773726463318,0.0007531277369707823,0.0003022242453880608,-1.0396342277526855,,15
renorm,2020-03-10_RD,2020-12-04_CO,RD,CO,269,-0.17462663352489471,-0.31884831190109253,-0.0304049551486969,0.047669317573308945,0.02668224833905697,0.4478428363800049,0.0006905398913659155,0.0013767392374575138,-1.2319416999816895,,13
renorm,2020-03-13_RD,2020-12-04_CO,RD,CO,266,-0.13536590337753296,-0.22649908065795898,-0.044232726097106934,0.047669317573308945,0.02668224833905697,0.43736040592193604,0.0006899496074765921,0.0014646884519606829,-1.2716147899627686,,11
renorm,2020-03-17_RD,2020-12-04_CO,RD,CO,262,-0.1220611184835434,-0.21541538834571838,-0.028706848621368408,0.047669317573308945,0.02668224833905697,0.4382220506668091,0.0008189923828467727,0.001192027935758233,-0.9394964575767517,,8
renorm,2020-03-18_RD,2020-12-04_CO,RD,CO,261,-0.17124707996845245,-0.23317807912826538,-0.10931608080863953,0.047669317573308945,0.02668224833905697,0.4313320517539978,0.0012101505417376757,0.0014260043390095234,-1.2554640769958496,,9
renorm,2020-03-19_RD,2020-12-04_CO,RD,CO,260,-0.12464965879917145,-0.16443967819213867,-0.08485963940620422,0.047669317573308945,0.02668224833905697,0.44638192653656006,0.0007049873238429427,0.0015094198752194643,-1.4891002178192139,,7
renorm,2020-03-20_RD,2020-12-04_CO,RD,CO,259,-0.17154596745967865,-0.27397421002388,-0.0691177248954773,0.047669317573308945,0.02668224833905697,0.4433968663215637,0.0008590901852585375,0.0014406301779672503,-1.4032471179962158,,9
renorm,2020-06-26_CO,2020-12-04_CO,CO,CO,161,-0.018839865922927856,-0.07086747884750366,0.03318774700164795,0.047669317573308945,0.02668224833905697,0.43937885761260986,0.0004633961361832917,0.000647427630610764,-1.1547807455062866,,10
renorm,2020-07-08_CO,2020-12-04_CO,CO,CO,149,0.013105958700180054,-0.04851117730140686,0.07472309470176697,0.047669317573308945,0.02668224833905697,0.44072091579437256,0.00048310664715245366,0.0007385881035588682,-1.0959768295288086,0.4334717392921448,5
renorm,2020-07-14_CO,2020-12-04_CO,CO,CO,143,-0.07295785844326019,-0.13154536485671997,-0.014370352029800415,0.047669317573308945,0.02668224833905697,0.45054763555526733,0.0005660239839926362,0.00026844002422876656,-1.1286299228668213,0.4334717392921448,29
renorm,2020-07-29_RD,2020-12-04_CO,RD,CO,128,-0.19928129017353058,-0.2248004972934723,-0.17376208305358887,0.047669317573308945,0.02668224833905697,0.4117599129676819,0.0006602779030799866,0.001793405506759882,-1.1542407274246216,0.17417457699775696,11
renorm,2020-07-31_CO,2020-12-04_CO,CO,CO,126,0.034401655197143555,-0.02304825186729431,0.09185156226158142,0.047669317573308945,0.02668224833905697,0.3735196590423584,0.0005655347486026585,0.00048670501564629376,-1.0692588090896606,0.17417457699775696,39
renorm,2020-08-08_RD,2020-12-04_CO,RD,CO,118,-0.13001538813114166,-0.2311529517173767,-0.028877824544906616,0.047669317573308945,0.02668224833905697,0.38124626874923706,0.0008548025507479906,0.0004074672469869256,-0.8692510724067688,0.15317407250404358,4
renorm,2020-08-11_RD,2020-12-04_CO,RD,CO,115,-0.1636708378791809,-0.29911184310913086,-0.028229832649230957,0.047669317573308945,0.02668224833905697,0.39015984535217285,0.0010307023767381907,0.0005196173442527652,-0.956428587436676,0.15317407250404358,4
renorm,2020-08-22_RD,2020-12-04_CO,RD,CO,104,-0.1387495994567871,-0.3463280200958252,0.06882882118225098,0.047669317573308945,0.02668224833905697,0.42732352018356323,0.0010280573042109609,0.00027728595887310803,-1.2336069345474243,0.15416955947875977,7
renorm,2020-08-29_RD,2020-12-04_CO,RD,CO,97,-0.1410791575908661,0.03592336177825928,-0.31808167695999146,0.047669317573308945,0.02668224833905697,0.3894202709197998,0.0011611515656113625,0.0014506205916404724,-1.2216578722000122,0.17074906826019287,17
renorm,2020-09-04_RD,2020-12-04_CO,RD,CO,91,-0.0739976316690445,-0.050060123205184937,-0.09793514013290405,0.047669317573308945,0.02668224833905697,0.40126144886016846,0.0007995218620635569,0.0014887986471876502,-0.9515100121498108,0.17074906826019287,7
renorm,2020-09-24_CO,2020-12-04_CO,CO,CO,71,0.16171875596046448,0.12424981594085693,0.19918769598007202,0.047669317573308945,0.02668224833905697,0.3629258871078491,0.0005504672881215811,0.0006361674750223756,-0.8994580507278442,0.1561312973499298,7
renorm,2020-09-28_CO,2020-12-04_CO,CO,CO,67,0.11047099530696869,0.03836449980735779,0.1825774908065796,0.047669317573308945,0.02668224833905697,0.34564894437789917,0.0004550571320578456,0.0005563136073760688,-1.0173778533935547,0.14813850820064545,5
renorm,2020-09-29_CO,2020-12-04_CO,CO,CO,66,0.08270838856697083,0.014034926891326904,0.15138185024261475,0.047669317573308945,0.02668224833905697,0.37011587619781494,0.0006033767713233829,0.0007137521170079708,-0.6432177424430847,0.14813850820064545,6
renorm,2020-10-02_CO,2020-12-04_CO,CO,CO,63,0.038731470704078674,-0.028764307498931885,0.10622724890708923,0.047669317573308945,0.02668224833905697,0.37411558628082275,0.0006944533670321107,0.0006951644900254905,-0.996204137802124,0.14813850820064545,6
renorm,2020-10-07_CO,2020-12-04_CO,CO,CO,58,0.11191834509372711,0.03067663311958313,0.1931600570678711,0.047669317573308945,0.02668224833905697,0.38635915517807007,0.0005087805329822004,0.0006518429727293551,-1.2667595148086548,0.14813850820064545,9
renorm,2020-10-12_CO,2020-12-04_CO,CO,CO,53,0.11991272866725922,0.14584970474243164,0.09397575259208679,0.047669317573308945,0.02668224833905697,0.3774254322052002,0.00038933829637244344,0.000769668142311275,-0.8855895400047302,0.16251103579998016,2
renorm,2020-10-16_CO,2020-12-04_CO,CO,CO,49,0.1394803822040558,0.1461445391178131,0.13281622529029846,0.047669317573308945,0.02668224833905697,0.35244953632354736,0.0005743951769545674,0.0008382868254557252,-1.088539719581604,0.16251103579998016,5
renorm,2020-10-23_CO,2020-12-04_CO,CO,CO,42,0.11456745862960815,0.08762729167938232,0.14150762557983398,0.047669317573308945,0.02668224833905697,0.3671870231628418,0.0005213597905822098,0.000805844902060926,-1.1456308364868164,2.0112388134002686,1
renorm,2020-11-03_CO,2020-12-04_CO,CO,CO,31,0.18327657878398895,0.1327694058418274,0.2337837517261505,0.047669317573308945,0.02668224833905697,0.3755359649658203,0.0004370997485239059,0.00028849486261606216,-1.0444321632385254,0.10992041230201721,5
renorm,2020-11-05_CO,2020-12-04_CO,CO,CO,29,0.17156894505023956,0.13110607862472534,0.21203181147575378,0.047669317573308945,0.02668224833905697,0.36803334951400757,0.000517673441208899,0.0006894409889355302,-1.0292375087738037,0.10992041230201721,12
renorm,2020-11-09_CO,2020-12-04_CO,CO,CO,25,0.1709124594926834,0.14546385407447815,0.19636106491088867,0.047669317573308945,0.02668224833905697,0.3372371196746826,0.0004894416779279709,0.00020224171748850495,-1.1416646242141724,0.10992041230201721,11
renorm,2020-11-16_CO,2020-12-04_CO,CO,CO,18,0.1985553503036499,0.20571115612983704,0.19139954447746277,0.047669317573308945,0.02668224833905697,0.3460679054260254,0.0004391124821268022,0.0001889090781332925,-0.9058921337127686,0.09156718850135803,12
renorm,2020-12-03_CO,2020-12-04_CO,CO,CO,1,0.20738598704338074,0.21661534905433655,0.19815662503242493,0.047669317573308945,0.02668224833905697,0.3556470274925232,0.000829335069283843,0.00019186972349416465,-1.2224267721176147,0.0,7
renorm,2020-12-04_CO,2020-12-04_CO,CO,CO,0,0.3363887071609497,0.3649007976055145,0.3078766167163849,0.047669317573308945,0.02668224833905697,0.12771451473236084,0.000865012698341161,0.0002616563579067588,-0.894573450088501,0.0,0
fixed,2020-01-27_CO,2020-12-11_CO,CO,CO,319,-1.7181109189987183,-3.2313485145568848,-0.20487326383590698,1.1965466737747192,0.2937755584716797,0.6078630685806274,0.004575951490551233,0.004144459497183561,-1.571486473083496,0.3289143443107605,10
fixed,2020-01-30_CO,2020-12-11_CO,CO,CO,316,-2.2565970420837402,-2.499549150466919,-2.0136446952819824,1.258678913116455,0.30408811569213867,0.5878618359565735,0.006800647359341383,0.015585334971547127,-1.436472773551941,0.3289143443107605,9
fixed,2020-02-04_CO,2020-12-11_CO,CO,CO,311,-2.686255931854248,-2.350651979446411,-3.021859645843506,1.1611474752426147,0.31009724736213684,0.6261768937110901,0.0019218884408473969,0.02084098383784294,-0.9601036310195923,0.3289143443107605,7
fixed,2020-02-05_CO,2020-12-11_CO,CO,CO,310,-1.6621840000152588,-2.9027607440948486,-0.42160719633102417,1.2682565450668335,0.31948426365852356,0.5780234932899475,0.006811503320932388,0.006458825897425413,-1.320561408996582,0.3289143443107605,8
fixed,2020-02-06_CO,2020-12-11_CO,CO,CO,309,-1.7551681995391846,-2.82142972946167,-0.6889066100120544,1.2083402872085571,0.3138772249221802,0.5834158658981323,0.006605778355151415,0.009749824181199074,-1.1659408807754517,,7
fixed,2020-02-11_CO,2020-12-11_CO,CO,CO,304,-1.4353253841400146,-1.9303581714630127,-0.9402926564216614,1.0418518781661987,0.2479666918516159,0.552108883857727,0.005369503516703844,0.011078925803303719,-0.8748866319656372,,9
fixed,2020-02-22_CO,2020-12-11_CO,CO,CO,293,-1.1516139507293701,-1.0309211015701294,-1.2723066806793213,1.1593310832977295,0.28160858154296875,0.5851331949234009,0.005258414428681135,0.013313309289515018,-1.518730878829956,,10
fixed,2020-02-24_CO,2020-12-11_CO,CO,CO,291,-2.376152753829956,-2.4369142055511475,-2.3153915405273438,1.1367932558059692,0.24213850498199463,0.5976614952087402,0.011938110925257206,0.018022319301962852,-0.7932959198951721,,7
fixed,2020-02-25_CO,2020-12-11_CO,CO,CO,290,-1.2257137298583984,-1.0481055974960327,-1.4033219814300537,1.1713194847106934,0.2639126479625702,0.5994508862495422,0.004402618855237961,0.013589726760983467,-0.938751757144928,,7
fixed,2020-02-28_RD,2020-12-11_CO,RD,CO,287,-2.874173164367676,-2.3198044300079346,-3.428542137145996,1.1675995588302612,0.24175655841827393,0.560670793056488,0.004632661119103432,0.021168898791074753,-1.2751996517181396,,7
fixed,2020-03-02_RD,2020-12-11_CO,RD,CO,284,-3.633509635925293,-4.243587017059326,-3.023432493209839,1.0536333322525024,0.22827138006687164,0.588969349861145,0.009238908998668194,0.01882440410554409,-1.491121768951416,,9
fixed,2020-03-10_RD,2020-12-11_CO,RD,CO,276,-4.417193412780762,-5.334334373474121,-3.5000529289245605,1.1307250261306763,0.3054356575012207,0.5994474291801453,0.006124807521700859,0.021972093731164932,-0.699253261089325,,10
fixed,2020-03-13_RD,2020-12-11_CO,RD,CO,273,-1.0713225603103638,-0.4848267436027527,-1.6578184366226196,1.1381747722625732,0.2523030936717987,0.5924429893493652,0.006100628059357405,0.015186095610260963,-1.1356639862060547,,8
fixed,2020-03-17_RD,2020-12-11_CO,RD,CO,269,-5.102133750915527,-7.386470317840576,-2.8177967071533203,1.1258494853973389,0.3251946270465851,0.613642692565918,0.005952687468379736,0.017436744645237923,-1.4586167335510254,,7
fixed,2020-03-18_RD,2020-12-11_CO,RD,CO,268,-4.036378860473633,-5.369266510009766,-2.703490972518921,1.17838716506958,0.3114894926548004,0.5957260727882385,0.005573470611125231,0.01864856295287609,-1.342451572418213,,8
fixed,2020-03-19_RD,2020-12-11_CO,RD,CO,267,-4.510631561279297,-6.41663932800293,-2.604623794555664,1.203909993171692,0.3222351670265198,0.6260318756103516,0.004472772590816021,0.01879674196243286,-1.2694977521896362,,7
fixed,2020-03-20_RD,2020-12-11_CO,RD,CO,266,-6.260455131530762,-9.647407531738281,-2.8735032081604004,1.1225603818893433,0.23787128925323486,0.6095032095909119,0.011412189342081547,0.020013991743326187,-0.6951795220375061,,7
fixed,2020-06-26_CO,2020-12-11_CO,CO,CO,168,-0.5481815338134766,-0.6834945678710938,-0.4128684997558594,0.9047334790229797,0.20296025276184082,0.6408421993255615,0.007720302324742079,0.006155381910502911,-1.2034943103790283,,5
fixed,2020-07-08_CO,2020-12-11_CO,CO,CO,156,-2.156452178955078,-0.4072626233100891,-3.905641555786133,0.8767302632331848,0.2153029590845108,0.5736454129219055,0.00980821531265974,0.020555349066853523,-0.9951872825622559,0.44978031516075134,4
fixed,2020-07-14_CO,2020-12-11_CO,CO,CO,150,-0.8462321758270264,-1.1308460235595703,-0.5616183876991272,0.8769943118095398,0.1957940310239792,0.5724177360534668,0.008806406520307064,0.007397657260298729,-0.5271915197372437,0.44978031516075134,27
fixed,2020-07-29_RD,2020-12-11_CO,RD,CO,135,-1.4609451293945312,-2.3937301635742188,-0.5281602144241333,0.9305087924003601,0.183090940117836,0.5384500026702881,0.020231012254953384,0.004224522039294243,-1.2552073001861572,0.1885053813457489,8
fixed,2020-07-31_CO,2020-12-11_CO,CO,CO,133,-1.1241320371627808,-0.5981792211532593,-1.6500848531723022,1.0555258989334106,0.2078796625137329,0.585131824016571,0.0082168597728014,0.011620387434959412,-1.1344034671783447,0.1885053813457489,31
fixed,2020-08-08_RD,2020-12-11_CO,RD,CO,125,-3.864776134490967,-3.5242271423339844,-4.205324649810791,0.7787508964538574,0.1801280528306961,0.603570282459259,0.00446032639592886,0.01950303465127945,-1.0614718198776245,0.17087462544441223,1
fixed,2020-08-11_RD,2020-12-11_CO,RD,CO,122,-3.2839231491088867,-5.152726650238037,-1.4151198863983154,1.177613377571106,0.22127000987529755,0.5465327501296997,0.009294354356825352,0.011191911064088345,-1.281537413597107,0.17087462544441223,3
fixed,2020-08-22_RD,2020-12-11_CO,RD,CO,111,-5.536471366882324,-7.668372631072998,-3.4045705795288086,0.880653440952301,0.21089519560337067,0.6153923273086548,0.01650703139603138,0.019941899925470352,-1.0406842231750488,0.17852962017059326,4
fixed,2020-08-29_RD,2020-12-11_CO,RD,CO,104,-1.0532374382019043,-0.33580833673477173,-1.7706665992736816,0.7234517931938171,0.20094239711761475,0.6227338910102844,0.0289140697568655,0.011108918115496635,-1.640583872795105,0.18737685680389404,11
fixed,2020-09-04_RD,2020-12-11_CO,RD,CO,98,-0.8717763423919678,-0.9525394439697266,-0.7910133004188538,0.8176531791687012,0.2263561338186264,0.6363182663917542,0.007591512054204941,0.009645168669521809,-0.9307564496994019,0.18737685680389404,5
fixed,2020-09-24_CO,2020-12-11_CO,CO,CO,78,-0.32942184805870056,-0.472554087638855,-0.18628960847854614,0.7423505783081055,0.1712707281112671,0.5610072016716003,0.005391550250351429,0.00395203335210681,-1.0004137754440308,0.16939261555671692,5
fixed,2020-09-28_CO,2020-12-11_CO,CO,CO,74,-2.8519859313964844,-2.900430202484131,-2.803541898727417,0.8061568140983582,0.19960375130176544,0.5265309810638428,0.010733204893767834,0.01668054796755314,-0.5444080829620361,0.1496928334236145,6
fixed,2020-09-29_CO,2020-12-11_CO,CO,CO,73,-1.723541498184204,-1.0401519536972046,-2.406930923461914,0.6471012234687805,0.17804419994354248,0.558329701423645,0.011851057410240173,0.016611279919743538,-0.6838250756263733,0.1496928334236145,2
fixed,2020-10-02_CO,2020-12-11_CO,CO,CO,70,-1.3096909523010254,-1.0180964469909668,-1.6012853384017944,0.7478926777839661,0.18538260459899902,0.6074250936508179,0.006228954531252384,0.014969867654144764,-0.9654474258422852,0.1496928334236145,5
fixed,2020-10-07_CO,2020-12-11_CO,CO,CO,65,-1.880239725112915,-2.505589008331299,-1.2548904418945312,0.6792897582054138,0.1794091910123825,0.5517974495887756,0.006351018790155649,0.012131605297327042,-0.521350622177124,0.1496928334236145,6
fixed,2020-10-12_CO,2020-12-11_CO,CO,CO,60,-1.6332643032073975,-3.148569107055664,-0.11795955896377563,0.7781863212585449,0.17111432552337646,0.5937835574150085,0.013616148382425308,0.003561161458492279,-0.7285799980163574,0.18327081203460693,2
fixed,2020-10-16_CO,2020-12-11_CO,CO,CO,56,-2.530756711959839,-4.649163246154785,-0.4123501181602478,0.8610883355140686,0.17983709275722504,0.5773671269416809,0.00914681050926447,0.005391236394643784,-0.47943344712257385,0.18327081203460693,2
fixed,2020-10-23_CO,2020-12-11_CO,CO,CO,49,-2.4014861583709717,-3.0951037406921387,-1.7078683376312256,0.6889123916625977,0.1609545797109604,0.5713704824447632,0.006757337134331465,0.014473328366875648,-0.5501431226730347,1.893343210220337,0
fixed,2020-11-03_CO,2020-12-11_CO,CO,CO,38,-2.6370182037353516,-3.80473256111145,-1.4693042039871216,0.7293918132781982,0.20347090065479279,0.5767809152603149,0.003897314192727208,0.014797298237681389,-0.669245183467865,0.10599762201309204,3
fixed,2020-11-05_CO,2020-12-11_CO,CO,CO,36,-1.6956957578659058,-0.3389635682106018,-3.0524280071258545,0.6076269745826721,0.1665104180574417,0.5041535496711731,0.0057412306778132915,0.01899087056517601,-1.110954999923706,0.10599762201309204,4
fixed,2020-11-09_CO,2020-12-11_CO,CO,CO,32,-5.413585662841797,-6.702918529510498,-4.1242523193359375,0.7272128462791443,0.16402891278266907,0.5988976955413818,0.006122039631009102,0.020901784300804138,-0.6018235683441162,0.10599762201309204,3
fixed,2020-11-16_CO,2020-12-11_CO,CO,CO,25,-0.9360060691833496,-1.3553372621536255,-0.5166748762130737,0.8299358487129211,0.17770765721797943,0.5285361409187317,0.017395099624991417,0.008131202310323715,-0.7693051099777222,0.08008286356925964,7
fixed,2020-12-03_CO,2020-12-11_CO,CO,CO,8,-0.7561267614364624,-0.606162965297699,-0.9060905575752258,0.665931224822998,0.15926122665405273,0.5094888210296631,0.0032026758417487144,0.00976277980953455,-1.1812472343444824,0.0950312614440918,2
fixed,2020-12-04_CO,2020-12-11_CO,CO,CO,7,-1.038635015487671,-0.6766072511672974,-1.400662899017334,0.5862852931022644,0.18599867820739746,0.4741423726081848,0.0037537727039307356,0.014874646440148354,-0.8141797780990601,0.0950312614440918,5
fixed,2020-12-11_CO,2020-12-11_CO,CO,CO,0,0.22469891607761383,0.26630914211273193,0.18308869004249573,0.036028239876031876,0.13378705084323883,0.2344139814376831,0.0005650999373756349,0.0002857247891370207,-0.8984622955322266,0.0,0
renorm,2020-01-27_CO,2020-12-11_CO,CO,CO,319,-0.11184707283973694,-0.08549302816390991,-0.13820111751556396,0.036028239876031876,0.13378705084323883,0.46194225549697876,0.0005577481351792812,0.00046557356836274266,-1.2801533937454224,0.3289143443107605,10
renorm,2020-01-30_CO,2020-12-11_CO,CO,CO,316,-0.04817473888397217,-0.06818771362304688,-0.02816176414489746,0.036028239876031876,0.13378705084323883,0.45741182565689087,0.0005034902133047581,4.259154957253486e-05,-1.0606342554092407,0.3289143443107605,9
renorm,2020-02-04_CO,2020-12-11_CO,CO,CO,311,-0.07342496514320374,-0.09269082546234131,-0.05415910482406616,0.036028239876031876,0.13378705084323883,0.46205073595046997,0.0006227538688108325,0.00047886985703371465,-0.9356679916381836,0.3289143443107605,7
renorm,2020-02-05_CO,2020-12-11_CO,CO,CO,310,-0.04392504692077637,-0.046461284160614014,-0.04138880968093872,0.036028239876031876,0.13378705084323883,0.4695638418197632,0.000606320274528116,5.9740566939581186e-05,-0.8477919101715088,0.3289143443107605,8
renorm,2020-02-06_CO,2020-12-11_CO,CO,CO,309,-0.10157579183578491,-0.0949174165725708,-0.10823416709899902,0.036028239876031876,0.13378705084323883,0.49176037311553955,0.0005997829721309245,0.00020089841564185917,-0.8365975618362427,,7
renorm,2020-02-11_CO,2020-12-11_CO,CO,CO,304,-0.09375539422035217,-0.10268086194992065,-0.08482992649078369,0.036028239876031876,0.13378705084323883,0.44522035121917725,0.0005941097624599934,0.00017379647761117667,-1.2051963806152344,,9
renorm,2020-02-22_CO,2020-12-11_CO,CO,CO,293,-0.030937671661376953,-0.032029032707214355,-0.02984631061553955,0.036028239876031876,0.13378705084323883,0.4484487771987915,0.00044773807167075574,6.76253839628771e-05,-0.9104368686676025,,10
renorm,2020-02-24_CO,2020-12-11_CO,CO,CO,291,-0.02851802110671997,-0.01875513792037964,-0.0382809042930603,0.036028239876031876,0.13378705084323883,0.44894468784332275,0.0005425201379694045,0.000342725426889956,-1.1890807151794434,,7
renorm,2020-02-25_CO,2020-12-11_CO,CO,CO,290,-0.10916948318481445,-0.12313884496688843,-0.09520012140274048,0.036028239876031876,0.13378705084323883,0.45753616094589233,0.0005394868203438818,0.00023674557451158762,-1.2558140754699707,,7
renorm,2020-02-28_RD,2020-12-11_CO,RD,CO,287,-0.2096324861049652,-0.3900943994522095,-0.029170572757720947,0.036028239876031876,0.13378705084323883,0.44173240661621094,0.000606154790148139,0.00026885318220593035,-1.160330057144165,,7
renorm,2020-03-02_RD,2020-12-11_CO,RD,CO,284,-0.17322993278503418,-0.2730843424797058,-0.07337552309036255,0.036028239876031876,0.13378705084323883,0.4463752508163452,0.0006853582453913987,0.0004906925605610013,-1.046741247177124,,9
renorm,2020-03-10_RD,2020-12-11_CO,RD,CO,276,-0.17302650213241577,-0.29055553674697876,-0.05549746751785278,0.036028239876031876,0.13378705084323883,0.4858664274215698,0.0006005982286296785,0.0004038851475343108,-1.1212646961212158,,10
renorm,2020-03-13_RD,2020-12-11_CO,RD,CO,273,-0.1284264624118805,-0.21687442064285278,-0.0399785041809082,0.036028239876031876,0.13378705084323883,0.4966573119163513,0.00065049302065745,2.1055266188341193e-05,-1.1217455863952637,,8
renorm,2020-03-17_RD,2020-12-11_CO,RD,CO,269,-0.19965669512748718,-0.34753352403640747,-0.051779866218566895,0.036028239876031876,0.13378705084323883,0.45588797330856323,0.0007253605872392654,0.0002470349718350917,-0.7535051703453064,,7
renorm,2020-03-18_RD,2020-12-11_CO,RD,CO,268,-0.2142064869403839,-0.35192322731018066,-0.07648974657058716,0.036028239876031876,0.13378705084323883,0.4495024085044861,0.0011748482938855886,0.0001954250765265897,-0.9666308164596558,,8
renorm,2020-03-19_RD,2020-12-11_CO,RD,CO,267,-0.16941367089748383,-0.27570128440856934,-0.06312605738639832,0.036028239876031876,0.13378705084323883,0.45914989709854126,0.0006905698101036251,0.00041693783714435995,-1.3634017705917358,,7
renorm,2020-03-20_RD,2020-12-11_CO,RD,CO,266,-0.14590561389923096,-0.20167315006256104,-0.09013807773590088,0.036028239876031876,0.13378705084323883,0.4509686231613159,0.0007512510637752712,0.00011216868733754382,-1.3469606637954712,,7
renorm,2020-06-26_CO,2020-12-11_CO,CO,CO,168,-0.05517330765724182,-0.0934603214263916,-0.01688629388809204,0.036028239876031876,0.13378705084323883,0.4616449475288391,0.0004649640468414873,0.0004106970445718616,-1.0720772743225098,,5
renorm,2020-07-08_CO,2020-12-11_CO,CO,CO,156,-0.01432955265045166,0.018455028533935547,-0.04711413383483887,0.036028239876031876,0.13378705084323883,0.4418678879737854,0.0004868926771450788,0.00022197623911779374,-1.0373079776763916,0.44978031516075134,4
renorm,2020-07-14_CO,2020-12-11_CO,CO,CO,150,-0.017895281314849854,0.0070313215255737305,-0.04282188415527344,0.036028239876031876,0.13378705084323883,0.46682804822921753,0.0005745553062297404,0.0003245010448154062,-1.065858244895935,0.44978031516075134,27
renorm,2020-07-29_RD,2020-12-11_CO,RD,CO,135,-0.20850086212158203,-0.20410579442977905,-0.212895929813385,0.036028239876031876,0.13378705084323883,0.4471696615219116,0.0006535892025567591,0.00035314937122166157,-1.282720685005188,0.1885053813457489,8
renorm,2020-07-31_CO,2020-12-11_CO,CO,CO,133,-0.07185401022434235,-0.04378613829612732,-0.09992188215255737,0.036028239876031876,0.13378705084323883,0.4491862654685974,0.000503379967994988,0.00038226580363698304,-1.1392450332641602,0.1885053813457489,31
renorm,2020-08-08_RD,2020-12-11_CO,RD,CO,125,-0.20837444067001343,-0.21955716609954834,-0.19719171524047852,0.036028239876031876,0.13378705084323883,0.44906413555145264,0.0008288957178592682,0.0004487758269533515,-1.0912699699401855,0.17087462544441223,1
renorm,2020-08-11_RD,2020-12-11_CO,RD,CO,122,-0.18313360214233398,-0.16313523054122925,-0.20313197374343872,0.036028239876031876,0.13378705084323883,0.44473159313201904,0.0009181697969324887,0.0003871341759804636,-1.1562128067016602,0.17087462544441223,3
renorm,2020-08-22_RD,2020-12-11_CO,RD,CO,111,-0.16150453686714172,-0.17136508226394653,-0.15164399147033691,0.036028239876031876,0.13378705084323883,0.4795950651168823,0.0008843347895890474,0.0006863772869110107,-1.3480182886123657,0.17852962017059326,4
renorm,2020-08-29_RD,2020-12-11_CO,RD,CO,104,-0.2513076663017273,-0.21264022588729858,-0.289975106716156,0.036028239876031876,0.13378705084323883,0.4417458176612854,0.00128000951372087,0.0002687799569685012,-1.4726338386535645,0.18737685680389404,11
renorm,2020-09-04_RD,2020-12-11_CO,RD,CO,98,-0.15832994878292084,-0.20628881454467773,-0.11037108302116394,0.036028239876031876,0.13378705084323883,0.4854776859283447,0.0007544859545305371,0.00044272129889577627,-1.222217082977295,0.18737685680389404,5
renorm,2020-09-24_CO,2020-12-11_CO,CO,CO,78,0.05511562526226044,0.06481802463531494,0.04541322588920593,0.036028239876031876,0.13378705084323883,0.4179987907409668,0.000573264027480036,0.0004856832674704492,-1.108062982559204,0.16939261555671692,5
renorm,2020-09-28_CO,2020-12-11_CO,CO,CO,74,0.03817698359489441,-0.012418299913406372,0.08877226710319519,0.036028239876031876,0.13378705084323883,0.41286683082580566,0.0004342607280705124,0.0002452836779411882,-1.1483039855957031,0.1496928334236145,6
renorm,2020-09-29_CO,2020-12-11_CO,CO,CO,73,-0.009440287947654724,-0.040636301040649414,0.021755725145339966,0.036028239876031876,0.13378705084323883,0.43647682666778564,0.000616235367488116,0.00017847734852693975,-0.9440838098526001,0.1496928334236145,2
renorm,2020-10-02_CO,2020-12-11_CO,CO,CO,70,-0.01153901219367981,-0.06328314542770386,0.04020512104034424,0.036028239876031876,0.13378705084323883,0.43008333444595337,0.0006796628003939986,0.0005596545524895191,-1.2892358303070068,0.1496928334236145,5
renorm,2020-10-07_CO,2020-12-11_CO,CO,CO,65,-0.0674254298210144,-0.16494125127792358,0.030090391635894775,0.036028239876031876,0.13378705084323883,0.44085925817489624,0.0005157598643563688,0.00035437854239717126,-1.3302475214004517,0.1496928334236145,6
renorm,2020-10-12_CO,2020-12-11_CO,CO,CO,60,0.016165390610694885,0.005384862422943115,0.026945918798446655,0.036028239876031876,0.13378705084323883,0.4341885447502136,0.0004110239678993821,0.00019138440256938338,-1.1579965353012085,0.18327081203460693,2
renorm,2020-10-16_CO,2020-12-11_CO,CO,CO,56,-0.0006476640701293945,0.031156301498413086,-0.032451629638671875,0.036028239876031876,0.13378705084323883,0.4022233486175537,0.0005512572242878377,0.000789120327681303,-1.0840907096862793,0.18327081203460693,2
renorm,2020-10-23_CO,2020-12-11_CO,CO,CO,49,0.0510585755109787,0.08362501859664917,0.018492132425308228,0.036028239876031876,0.13378705084323883,0.4314120411872864,0.0005632815300486982,0.00036905051092617214,-1.0991655588150024,1.893343210220337,0
renorm,2020-11-03_CO,2020-12-11_CO,CO,CO,38,0.05305817723274231,0.03817331790924072,0.0679430365562439,0.036028239876031876,0.13378705084323883,0.4432642459869385,0.0004455625603441149,0.0002408636501058936,-1.050879955291748,0.10599762201309204,3
renorm,2020-11-05_CO,2020-12-11_CO,CO,CO,36,0.022577598690986633,-0.04411935806274414,0.08927455544471741,0.036028239876031876,0.13378705084323883,0.41987353563308716,0.0005102469003759325,0.0003138291649520397,-0.9577292799949646,0.10599762201309204,4
renorm,2020-11-09_CO,2020-12-11_CO,CO,CO,32,0.02415207028388977,-0.0062163472175598145,0.054520487785339355,0.036028239876031876,0.13378705084323883,0.465389609336853,0.00039422375266440213,0.00018448277842253447,-1.2883591651916504,0.10599762201309204,3
renorm,2020-11-16_CO,2020-12-11_CO,CO,CO,25,0.08789893984794617,0.11370417475700378,0.06209370493888855,0.036028239876031876,0.13378705084323883,0.4783059358596802,0.0004799725429620594,0.0003889793297275901,-0.8826053738594055,0.08008286356925964,7
renorm,2020-12-03_CO,2020-12-11_CO,CO,CO,8,0.09796199202537537,0.0881284773349762,0.10779550671577454,0.036028239876031876,0.13378705084323883,0.4384946823120117,0.0004987919819541276,0.00013485066301655024,-1.456415057182312,0.0950312614440918,2
renorm,2020-12-04_CO,2020-12-11_CO,CO,CO,7,0.12170305848121643,0.10530546307563782,0.13810065388679504,0.036028239876031876,0.13378705084323883,0.4257197976112366,0.0008469326421618462,0.00028068997198715806,-1.0086581707000732,0.0950312614440918,5
renorm,2020-12-11_CO,2020-12-11_CO,CO,CO,0,0.22695180773735046,0.26800885796546936,0.18589475750923157,0.036028239876031876,0.13378705084323883,0.2344139814376831,0.0005571537767536938,0.00029701145831495523,-0.9041439294815063,0.0,0
fixed,2020-01-27_CO,2020-12-12_RD,CO,RD,320,-0.4419085681438446,-0.7988079786300659,-0.08500915765762329,1.1253992319107056,0.30192288756370544,0.5583914518356323,0.0024220868945121765,0.006522247102111578,-1.0954532623291016,0.3289143443107605,11
fixed,2020-01-30_CO,2020-12-12_RD,CO,RD,317,-0.11570681631565094,0.10927048325538635,-0.34068411588668823,1.1566765308380127,0.2975561320781708,0.5401653051376343,0.001957318279892206,0.012554055079817772,-1.0144331455230713,0.3289143443107605,13
fixed,2020-02-04_CO,2020-12-12_RD,CO,RD,312,-0.11081598699092865,0.0037187039852142334,-0.22535067796707153,1.0386524200439453,0.2996158301830292,0.5627944469451904,0.004555979743599892,0.006717737764120102,-0.4965513050556183,0.3289143443107605,8
fixed,2020-02-05_CO,2020-12-12_RD,CO,RD,311,-0.23273152112960815,-0.4311448335647583,-0.03431820869445801,1.1639410257339478,0.31463176012039185,0.4931338429450989,0.0038764390628784895,0.0035765189677476883,-0.7734631299972534,0.3289143443107605,11
fixed,2020-02-06_CO,2020-12-12_RD,CO,RD,310,-0.8290187120437622,-1.6085095405578613,-0.04952794313430786,1.1097893714904785,0.3189331591129303,0.5868135094642639,0.005544116720557213,0.00405479921028018,-0.6860655546188354,,8
fixed,2020-02-11_CO,2020-12-12_RD,CO,RD,305,-0.17332765460014343,-0.10769093036651611,-0.23896437883377075,0.9719886779785156,0.2540115714073181,0.540739893913269,0.002640797756612301,0.010138141922652721,-1.076231598854065,,9
fixed,2020-02-22_CO,2020-12-12_RD,CO,RD,294,-0.00673617422580719,-0.03524690866470337,0.02177456021308899,1.0046249628067017,0.2801651954650879,0.5191327333450317,0.0023214402608573437,0.0026224027387797832,-0.9413375854492188,,11
fixed,2020-02-24_CO,2020-12-12_RD,CO,RD,292,-0.3119043707847595,-0.46213075518608093,-0.16167804598808289,0.9655911326408386,0.23313049972057343,0.5339114665985107,0.005981477443128824,0.006304199807345867,-0.7997012138366699,,8
fixed,2020-02-25_CO,2020-12-12_RD,CO,RD,291,-0.2864149808883667,-0.5742713212966919,0.001441359519958496,1.023102045059204,0.25006425380706787,0.5480037331581116,0.0038405784871429205,0.002871044212952256,-1.0544917583465576,,8
fixed,2020-02-28_RD,2020-12-12_RD,RD,RD,288,-0.681174635887146,-1.384095311164856,0.021745920181274414,1.021299958229065,0.24703465402126312,0.5088833570480347,0.005116899497807026,0.0024257483892142773,-0.8501558899879456,,12
fixed,2020-03-02_RD,2020-12-12_RD,RD,RD,285,-0.6013740301132202,-1.1554369926452637,-0.04731115698814392,0.8480302691459656,0.21392011642456055,0.5149842500686646,0.004521454684436321,0.00580728892236948,-0.785531759262085,,13
fixed,2020-03-10_RD,2020-12-12_RD,RD,RD,277,-0.3711945116519928,-0.740790069103241,-0.001598954200744629,0.9767243266105652,0.2935554087162018,0.5371557474136353,0.0035307675134390593,0.0033428166061639786,-0.9361155033111572,,12
fixed,2020-03-13_RD,2020-12-12_RD,RD,RD,274,-0.6333781480789185,-1.2906651496887207,0.023908942937850952,0.9765250086784363,0.238188698887825,0.4992595911026001,0.004055314231663942,0.0013313114177435637,-0.9972219467163086,,11
fixed,2020-03-17_RD,2020-12-12_RD,RD,RD,270,-0.4618541896343231,-0.8497313261032104,-0.07397705316543579,1.0455477237701416,0.329732209444046,0.5814654231071472,0.005630545783787966,0.0063329217955470085,-1.2398872375488281,,9
fixed,2020-03-18_RD,2020-12-12_RD,RD,RD,269,-0.22741001844406128,-0.3704320788383484,-0.08438795804977417,1.0649932622909546,0.30262672901153564,0.5310162901878357,0.00840399507433176,0.003979766741394997,-1.0139399766921997,,9
fixed,2020-03-19_RD,2020-12-12_RD,RD,RD,268,-0.33879780769348145,-0.6925028562545776,0.014907270669937134,1.0785733461380005,0.30373430252075195,0.5392007231712341,0.0051839035004377365,0.0032830717973411083,-1.107255458831787,,9
fixed,2020-03-20_RD,2020-12-12_RD,RD,RD,267,-1.463096022605896,-2.7487258911132812,-0.17746612429618835,0.9632570743560791,0.22739334404468536,0.5614982843399048,0.0030457437969744205,0.007266524247825146,-0.6941527128219604,,9
fixed,2020-06-26_CO,2020-12-12_RD,CO,RD,169,-0.1917245090007782,-0.25327813625335693,-0.13017088174819946,0.7339157462120056,0.1932886838912964,0.5719990134239197,0.0018724084366112947,0.007161734625697136,-0.9465341567993164,,7
fixed,2020-07-08_CO,2020-12-12_RD,CO,RD,157,0.034519076347351074,0.0720682144165039,-0.003030061721801758,0.7429777979850769,0.21110165119171143,0.5493015646934509,0.004469633102416992,0.0036598369479179382,-0.9163967967033386,0.44978031516075134,3
fixed,2020-07-14_CO,2020-12-12_RD,CO,RD,151,-0.2819124460220337,-0.3070871829986572,-0.25673770904541016,0.8103914260864258,0.20401620864868164,0.5249465703964233,0.003524600062519312,0.00834397878497839,-0.6316542029380798,0.44978031516075134,28
fixed,2020-07-29_RD,2020-12-12_RD,RD,RD,136,-0.9889811873435974,-1.6516644954681396,-0.3262978196144104,0.826106071472168,0.18467672169208527,0.4348020553588867,0.007569088134914637,0.006015733815729618,-0.586768627166748,0.1885053813457489,8
fixed,2020-07-31_CO,2020-12-12_RD,CO,RD,134,0.03519366681575775,0.05923628807067871,0.011151045560836792,0.880304753780365,0.19639325141906738,0.5243070721626282,0.005523265339434147,0.001953799044713378,-1.0993008613586426,0.1885053813457489,32
fixed,2020-08-08_RD,2020-12-12_RD,RD,RD,126,-0.8993141651153564,-1.6433367729187012,-0.15529149770736694,0.5624905228614807,0.15642161667346954,0.5272565484046936,0.0018478200072422624,0.004596441052854061,-0.5838513374328613,0.17087462544441223,4
fixed,2020-08-11_RD,2020-12-12_RD,RD,RD,123,-0.6245021820068359,-1.0369477272033691,-0.21205657720565796,1.0023491382598877,0.21257126331329346,0.516286313533783,0.006387126632034779,0.008363795466721058,-0.8844865560531616,0.17087462544441223,5
fixed,2020-08-22_RD,2020-12-12_RD,RD,RD,112,-0.5237511396408081,-0.9552554488182068,-0.09224694967269897,0.7300330996513367,0.20283232629299164,0.5895614624023438,0.005441299639642239,0.003356502391397953,-1.0426864624023438,0.17852962017059326,5
fixed,2020-08-29_RD,2020-12-12_RD,RD,RD,105,-0.29732924699783325,-0.4925040602684021,-0.1021544337272644,0.6237735748291016,0.19044220447540283,0.5938034057617188,0.022059496492147446,0.0044403281062841415,-1.1706178188323975,0.18737685680389404,12
fixed,2020-09-04_RD,2020-12-12_RD,RD,RD,99,-0.44813987612724304,-0.4717564582824707,-0.4245232939720154,0.6972004771232605,0.23074011504650116,0.6009156703948975,0.002450608415529132,0.01264428161084652,-0.6673874258995056,0.18737685680389404,6
fixed,2020-09-24_CO,2020-12-12_RD,CO,RD,79,-0.6779278516769409,-1.2191898822784424,-0.13666585087776184,0.5689973831176758,0.16530926525592804,0.526339590549469,0.00593536626547575,0.0075385915115475655,-0.6261715888977051,0.16939261555671692,6
fixed,2020-09-28_CO,2020-12-12_RD,CO,RD,75,-0.15524786710739136,-0.09335380792617798,-0.21714192628860474,0.6190477013587952,0.19734902679920197,0.4860156774520874,0.0032207374460995197,0.00896899588406086,-1.100581169128418,0.1496928334236145,6
fixed,2020-09-29_CO,2020-12-12_RD,CO,RD,74,-0.6843410134315491,-1.3100969791412354,-0.058585017919540405,0.5528107285499573,0.17694617807865143,0.48483806848526,0.002426335122436285,0.0055370633490383625,-0.402854323387146,0.1496928334236145,7
fixed,2020-10-02_CO,2020-12-12_RD,CO,RD,71,-0.495538592338562,-1.001236915588379,0.010159701108932495,0.5562288165092468,0.16775929927825928,0.5262809991836548,0.0029276038985699415,0.0036627925001084805,-0.5627824068069458,0.1496928334236145,5
fixed,2020-10-07_CO,2020-12-12_RD,CO,RD,66,-0.3115781545639038,-0.19423875212669373,-0.4289175570011139,0.5418272018432617,0.16483570635318756,0.510640025138855,0.0021994926501065493,0.008879278786480427,-0.7336055040359497,0.1496928334236145,7
fixed,2020-10-12_CO,2020-12-12_RD,CO,RD,61,-0.4500850439071655,-0.845721423625946,-0.05444866418838501,0.635932445526123,0.16956718266010284,0.5471637845039368,0.006410700269043446,0.005261912010610104,-0.3109441101551056,0.18327081203460693,2
fixed,2020-10-16_CO,2020-12-12_RD,CO,RD,57,-0.06477244198322296,0.04336819052696228,-0.1729130744934082,0.7249131202697754,0.17110562324523926,0.5385080575942993,0.0034482392948120832,0.007358951959758997,-0.3167209029197693,0.18327081203460693,5
fixed,2020-10-23_CO,2020-12-12_RD,CO,RD,50,-0.45205384492874146,-0.5864129662513733,-0.317694753408432,0.5662731528282166,0.16144929826259613,0.525082528591156,0.0052831475622951984,0.007766013965010643,-0.5855791568756104,1.893343210220337,2
fixed,2020-11-03_CO,2020-12-12_RD,CO,RD,39,-0.8917667865753174,-1.7149367332458496,-0.06859678030014038,0.5821744799613953,0.19720995426177979,0.4985625147819519,0.0014956597005948424,0.005721192806959152,-0.5369704365730286,0.10599762201309204,6
fixed,2020-11-05_CO,2020-12-12_RD,CO,RD,37,-0.07249587774276733,-0.2063969373703003,0.061405181884765625,0.5684311985969543,0.18362659215927124,0.5434995293617249,0.0033899645786732435,0.0010781015735119581,-0.7640697956085205,0.10599762201309204,9
fixed,2020-11-09_CO,2020-12-12_RD,CO,RD,33,-0.4916812479496002,-0.6247589588165283,-0.3586035370826721,0.6214879155158997,0.16030465066432953,0.579014778137207,0.0033478843979537487,0.013301074504852295,-0.8735227584838867,0.10599762201309204,7
fixed,2020-11-16_CO,2020-12-12_RD,CO,RD,26,-0.3394193947315216,-0.3906782865524292,-0.288160502910614,0.68123459815979,0.1741504818201065,0.4882351756095886,0.0059799510054290295,0.010403171181678772,-0.17037004232406616,0.08008286356925964,10
fixed,2020-12-03_CO,2020-12-12_RD,CO,RD,9,-0.8579904437065125,-0.12707805633544922,-1.5889028310775757,0.643478274345398,0.14709526300430298,0.5043349266052246,0.002502146176993847,0.018856776878237724,-1.032665729522705,0.0950312614440918,3
fixed,2020-12-04_CO,2020-12-12_RD,CO,RD,8,-0.16796602308750153,0.10607385635375977,-0.4420059025287628,0.5811260342597961,0.19492299854755402,0.475982666015625,0.003250865265727043,0.00897482130676508,-0.7942163944244385,0.0950312614440918,6
fixed,2020-12-11_CO,2020-12-12_RD,CO,RD,1,-0.060511425137519836,0.02601960301399231,-0.14704245328903198,0.5731840133666992,0.21884103119373322,0.46380287408828735,0.006119477562606335,0.009929640218615532,-1.133825421333313,0.0,9
fixed,2020-12-12_RD,2020-12-12_RD,RD,RD,0,0.2588005065917969,0.34846341609954834,0.1691376268863678,0.03433101996779442,0.014086883515119553,0.05652731657028198,0.0008759264601394534,0.0017144076991826296,-0.7988833785057068,0.0,0
renorm,2020-01-27_CO,2020-12-12_RD,CO,RD,320,0.04918685555458069,0.11516150832176208,-0.016787797212600708,0.03433101996779442,0.014086883515119553,0.4062238931655884,0.00057190255029127,0.0009146220982074738,-1.0351237058639526,0.3289143443107605,11
renorm,2020-01-30_CO,2020-12-12_RD,CO,RD,317,0.09149740636348724,0.15101325511932373,0.03198155760765076,0.03433101996779442,0.014086883515119553,0.406549334526062,0.0004990568268112838,0.0008598870481364429,-0.7517423033714294,0.3289143443107605,13
renorm,2020-02-04_CO,2020-12-12_RD,CO,RD,312,0.0575898140668869,0.09971219301223755,0.015467435121536255,0.03433101996779442,0.014086883515119553,0.4062463045120239,0.0006229931605048478,0.0005914689972996712,-0.6090526580810547,0.3289143443107605,8
renorm,2020-02-05_CO,2020-12-12_RD,CO,RD,311,0.043949440121650696,0.12921690940856934,-0.041318029165267944,0.03433101996779442,0.014086883515119553,0.41406118869781494,0.0006599564221687615,0.0008852892788127065,-0.6319112777709961,0.3289143443107605,11
renorm,2020-02-06_CO,2020-12-12_RD,CO,RD,310,0.0049409419298172,0.06723001599311829,-0.05734813213348389,0.03433101996779442,0.014086883515119553,0.4503380060195923,0.0006172854918986559,0.0004992132890038192,-0.6304057240486145,,8
renorm,2020-02-11_CO,2020-12-12_RD,CO,RD,305,0.0799698531627655,0.15262383222579956,0.007315874099731445,0.03433101996779442,0.014086883515119553,0.37784940004348755,0.0006158551550470293,0.00030685676028952,-0.8009896278381348,,9
renorm,2020-02-22_CO,2020-12-12_RD,CO,RD,294,0.07921949028968811,0.144351989030838,0.014086991548538208,0.03433101996779442,0.014086883515119553,0.41374045610427856,0.0004738939751405269,0.00012295544729568064,-0.6660797595977783,,11
renorm,2020-02-24_CO,2020-12-12_RD,CO,RD,292,0.09999127686023712,0.15583741664886475,0.0441451370716095,0.03433101996779442,0.014086883515119553,0.40487176179885864,0.000584979890845716,0.00018655160965863615,-0.8483295440673828,,8
renorm,2020-02-25_CO,2020-12-12_RD,CO,RD,291,0.09495587646961212,0.17949044704437256,0.010421305894851685,0.03433101996779442,0.014086883515119553,0.4088403582572937,0.0005578618147410452,0.00037331003113649786,-0.7226210832595825,,8
renorm,2020-02-28_RD,2020-12-12_RD,RD,RD,288,0.007480636239051819,-0.014848321676254272,0.02980959415435791,0.03433101996779442,0.014086883515119553,0.3834803104400635,0.0006708455621264875,0.00017617226694710553,-0.7500812411308289,,12
renorm,2020-03-02_RD,2020-12-12_RD,RD,RD,285,0.04966069757938385,0.061240315437316895,0.038081079721450806,0.03433101996779442,0.014086883515119553,0.4104195833206177,0.0008387838024646044,0.00030817766673862934,-0.6517243385314941,,13
renorm,2020-03-10_RD,2020-12-12_RD,RD,RD,277,0.016635045409202576,0.016808271408081055,0.016461819410324097,0.03433101996779442,0.014086883515119553,0.39531034231185913,0.0006428504129871726,0.00047793512931093574,-0.8395010232925415,,12
renorm,2020-03-13_RD,2020-12-12_RD,RD,RD,274,0.04751136898994446,0.09088903665542603,0.004133701324462891,0.03433101996779442,0.014086883515119553,0.4059147238731384,0.0007434990839101374,0.00013409271195996553,-0.8518829345703125,,11
renorm,2020-03-17_RD,2020-12-12_RD,RD,RD,270,-0.007522061467170715,-0.018335282802581787,0.0032911598682403564,0.03433101996779442,0.014086883515119553,0.404937207698822,0.0008262079791165888,0.0006883442983962595,-0.6051551699638367,,9
renorm,2020-03-18_RD,2020-12-12_RD,RD,RD,269,-0.024836525321006775,0.00017845630645751953,-0.04985150694847107,0.03433101996779442,0.014086883515119553,0.38541293144226074,0.0012692685704678297,0.0009501607273705304,-0.7297924757003784,,9
renorm,2020-03-19_RD,2020-12-12_RD,RD,RD,268,0.025975823402404785,0.043741971254348755,0.008209675550460815,0.03433101996779442,0.014086883515119553,0.3827804923057556,0.0007108128629624844,0.00022116024047136307,-1.0638136863708496,,9
renorm,2020-03-20_RD,2020-12-12_RD,RD,RD,267,0.04800133407115936,0.09664714336395264,-0.0006444752216339111,0.03433101996779442,0.014086883515119553,0.38070201873779297,0.0008266467484645545,0.0003259194490965456,-0.9791490435600281,,9
renorm,2020-06-26_CO,2020-12-12_RD,CO,RD,169,-0.008471786975860596,-0.02161380648612976,0.004670232534408569,0.03433101996779442,0.014086883515119553,0.3691662549972534,0.0004696619580499828,0.00015391805209219456,-1.0000712871551514,,7
renorm,2020-07-08_CO,2020-12-12_RD,CO,RD,157,0.07986889779567719,0.1393968164920807,0.02034097909927368,0.03433101996779442,0.014086883515119553,0.37884074449539185,0.00048519461415708065,0.000333584874169901,-0.8774258494377136,0.44978031516075134,3
renorm,2020-07-14_CO,2020-12-12_RD,CO,RD,151,0.056969642639160156,0.07584977149963379,0.03808951377868652,0.03433101996779442,0.014086883515119553,0.39183664321899414,0.0006057077553123236,0.000598053156863898,-0.8292156457901001,0.44978031516075134,28
renorm,2020-07-29_RD,2020-12-12_RD,RD,RD,136,0.023907870054244995,0.08324778079986572,-0.03543204069137573,0.03433101996779442,0.014086883515119553,0.37248533964157104,0.0006695195334032178,0.0007538950303569436,-0.9211238622665405,0.1885053813457489,8
renorm,2020-07-31_CO,2020-12-12_RD,CO,RD,134,0.06281821429729462,0.10511219501495361,0.02052423357963562,0.03433101996779442,0.014086883515119553,0.36355459690093994,0.0005206596106290817,0.0006217637564986944,-1.1830843687057495,0.1885053813457489,32
renorm,2020-08-08_RD,2020-12-12_RD,RD,RD,126,0.02381707727909088,0.0597023069858551,-0.01206815242767334,0.03433101996779442,0.014086883515119553,0.35072576999664307,0.000830946839414537,0.00036028798785991967,-0.771407425403595,0.17087462544441223,4
renorm,2020-08-11_RD,2020-12-12_RD,RD,RD,123,0.010109946131706238,0.04876795411109924,-0.028548061847686768,0.03433101996779442,0.014086883515119553,0.3582800030708313,0.0009536804864183068,0.00043872720561921597,-0.7587557435035706,0.17087462544441223,5
renorm,2020-08-22_RD,2020-12-12_RD,RD,RD,112,0.010737001895904541,0.0443156361579895,-0.02284163236618042,0.03433101996779442,0.014086883515119553,0.3934227228164673,0.0009741843095980585,0.0003613016742747277,-1.124229073524475,0.17852962017059326,5
renorm,2020-08-29_RD,2020-12-12_RD,RD,RD,105,0.06021760404109955,0.1613706648349762,-0.0409354567527771,0.03433101996779442,0.014086883515119553,0.3645661473274231,0.001231722068041563,0.0004427632666192949,-0.9537866115570068,0.18737685680389404,12
renorm,2020-09-04_RD,2020-12-12_RD,RD,RD,99,0.12012743949890137,0.19269555807113647,0.04755932092666626,0.03433101996779442,0.014086883515119553,0.4003816843032837,0.0008144492749124765,0.0003181161009706557,-0.7484386563301086,0.18737685680389404,6
renorm,2020-09-24_CO,2020-12-12_RD,CO,RD,79,0.132266104221344,0.1853049397468567,0.0792272686958313,0.03433101996779442,0.014086883515119553,0.34277230501174927,0.000555786129552871,0.0004541161470115185,-0.8587281703948975,0.16939261555671692,6
renorm,2020-09-28_CO,2020-12-12_RD,CO,RD,75,0.11160494387149811,0.1706077754497528,0.05260211229324341,0.03433101996779442,0.014086883515119553,0.32129108905792236,0.00045053032226860523,0.0002830784651450813,-0.7884929180145264,0.1496928334236145,6
renorm,2020-09-29_CO,2020-12-12_RD,CO,RD,74,0.0959356427192688,0.15164035558700562,0.04023092985153198,0.03433101996779442,0.014086883515119553,0.3254939317703247,0.0006877987179905176,0.0003514882700983435,-0.5358048677444458,0.1496928334236145,7
renorm,2020-10-02_CO,2020-12-12_RD,CO,RD,71,0.138713076710701,0.19100818037986755,0.08641797304153442,0.03433101996779442,0.014086883515119553,0.3402025103569031,0.0006640818901360035,0.000293264864012599,-0.8538967370986938,0.1496928334236145,5
renorm,2020-10-07_CO,2020-12-12_RD,CO,RD,66,0.07632429897785187,0.09922516345977783,0.0534234344959259,0.03433101996779442,0.014086883515119553,0.377174973487854,0.0005138558335602283,0.00012164557119831443,-0.9576902389526367,0.1496928334236145,7
renorm,2020-10-12_CO,2020-12-12_RD,CO,RD,61,0.09510301053524017,0.15660908818244934,0.033596932888031006,0.03433101996779442,0.014086883515119553,0.3310043215751648,0.0004647659370675683,0.0002112630900228396,-0.8387100696563721,0.18327081203460693,2
renorm,2020-10-16_CO,2020-12-12_RD,CO,RD,57,0.0792035162448883,0.18527567386627197,-0.02686864137649536,0.03433101996779442,0.014086883515119553,0.3177247643470764,0.0005906164296902716,0.0005783879314549267,-0.7813408374786377,0.18327081203460693,5
renorm,2020-10-23_CO,2020-12-12_RD,CO,RD,50,0.07992617785930634,0.11335790157318115,0.04649445414543152,0.03433101996779442,0.014086883515119553,0.3307417631149292,0.0005596473929472268,0.0001341663592029363,-0.948670506477356,1.893343210220337,2
renorm,2020-11-03_CO,2020-12-12_RD,CO,RD,39,0.10154268145561218,0.1552182137966156,0.047867149114608765,0.03433101996779442,0.014086883515119553,0.37155401706695557,0.00043351383646950126,0.00028794878744520247,-0.8352254033088684,0.10599762201309204,6
renorm,2020-11-05_CO,2020-12-12_RD,CO,RD,37,0.11498551070690155,0.16013050079345703,0.06984052062034607,0.03433101996779442,0.014086883515119553,0.3389260172843933,0.000521827838383615,0.0005100597627460957,-0.5906398296356201,0.10599762201309204,9
renorm,2020-11-09_CO,2020-12-12_RD,CO,RD,33,0.11938659846782684,0.17782720923423767,0.060945987701416016,0.03433101996779442,0.014086883515119553,0.3978462219238281,0.0004432394343893975,0.0001531555608380586,-0.8328644037246704,0.10599762201309204,7
renorm,2020-11-16_CO,2020-12-12_RD,CO,RD,26,0.1118350625038147,0.17332187294960022,0.050348252058029175,0.03433101996779442,0.014086883515119553,0.33870822191238403,0.00046807268518023193,0.000364713225280866,-0.4673338532447815,0.08008286356925964,10
renorm,2020-12-03_CO,2020-12-12_RD,CO,RD,9,0.12906719744205475,0.18855851888656616,0.06957587599754333,0.03433101996779442,0.014086883515119553,0.3816887140274048,0.0005508579197339714,0.00045115326065570116,-1.0453778505325317,0.0950312614440918,3
renorm,2020-12-04_CO,2020-12-12_RD,CO,RD,8,0.13814781606197357,0.2000586986541748,0.07623693346977234,0.03433101996779442,0.014086883515119553,0.4470866918563843,0.0009845109889283776,0.0012716057244688272,-0.8674026727676392,0.0950312614440918,6
renorm,2020-12-11_CO,2020-12-12_RD,CO,RD,1,0.08016572892665863,0.06943297386169434,0.09089848399162292,0.03433101996779442,0.014086883515119553,0.4113043546676636,0.001483755768276751,0.0012625246308743954,-1.0781577825546265,0.0,9
renorm,2020-12-12_RD,2020-12-12_RD,RD,RD,0,0.25961655378341675,0.3495537042617798,0.1696794033050537,0.03433101996779442,0.014086883515119553,0.05652731657028198,0.0008616558625362813,0.0017128565814346075,-0.8029652237892151,0.0,0
fixed,2020-01-27_CO,2021-01-04_CO,CO,CO,343,-0.7947628498077393,-1.016225814819336,-0.5732998251914978,1.0964417457580566,0.3147968351840973,0.5694690942764282,0.005675660911947489,0.006109258625656366,-1.3947851657867432,0.3261106014251709,11
fixed,2020-01-30_CO,2021-01-04_CO,CO,CO,340,-0.9532893896102905,-0.5112477540969849,-1.3953311443328857,1.1294512748718262,0.3213084638118744,0.6139513254165649,0.0025268089957535267,0.013914484530687332,-1.3704898357391357,0.3261106014251709,14
fixed,2020-02-04_CO,2021-01-04_CO,CO,CO,335,-0.32348594069480896,-0.21603959798812866,-0.43093228340148926,1.0528231859207153,0.3333059847354889,0.6470105648040771,0.007284190040081739,0.007601310033351183,-0.7979140281677246,0.3261106014251709,10
fixed,2020-02-05_CO,2021-01-04_CO,CO,CO,334,-0.03710339963436127,-0.041688889265060425,-0.03251791000366211,1.1721372604370117,0.3564873933792114,0.6675117015838623,0.006007765885442495,0.0015197256579995155,-1.1035997867584229,0.3261106014251709,12
fixed,2020-02-06_CO,2021-01-04_CO,CO,CO,333,-1.1016180515289307,-1.6208726167678833,-0.582363486289978,1.1870038509368896,0.35642051696777344,0.6362584829330444,0.010969013907015324,0.006308734882622957,-1.267418384552002,,10
fixed,2020-02-11_CO,2021-01-04_CO,CO,CO,328,-2.3998196125030518,0.03909200429916382,-4.838730812072754,1.01142418384552,0.297523558139801,0.5846869945526123,0.005447715986520052,0.023491885513067245,-1.280403971672058,,11
fixed,2020-02-22_CO,2021-01-04_CO,CO,CO,317,-0.9597760438919067,-1.3626654148101807,-0.556886613368988,1.013711929321289,0.30366960167884827,0.599714457988739,0.005888102110475302,0.009530330076813698,-1.1322765350341797,,10
fixed,2020-02-24_CO,2021-01-04_CO,CO,CO,315,-2.169053792953491,-2.634937286376953,-1.7031700611114502,0.9309349060058594,0.259983092546463,0.5951755046844482,0.003570067696273327,0.013999572023749352,-0.8470900058746338,,9
fixed,2020-02-25_CO,2021-01-04_CO,CO,CO,314,-0.7987889051437378,-0.8589653372764587,-0.7386124730110168,0.9581961631774902,0.2751252055168152,0.593809962272644,0.0024784142151474953,0.010168145410716534,-1.2047398090362549,,11
fixed,2020-02-28_RD,2021-01-04_CO,RD,CO,311,-0.33074629306793213,-0.14221304655075073,-0.5192795395851135,1.0204154253005981,0.2724006175994873,0.5839871168136597,0.0045227427035570145,0.008699861355125904,-1.40166437625885,,12
fixed,2020-03-02_RD,2021-01-04_CO,RD,CO,308,-0.7823964357376099,-0.7513365149497986,-0.8134564757347107,0.8188956379890442,0.2352609634399414,0.540543794631958,0.003941207192838192,0.0105978948995471,-1.3844106197357178,,14
fixed,2020-03-10_RD,2021-01-04_CO,RD,CO,300,-1.169431447982788,-1.6920521259307861,-0.6468105316162109,0.964381992816925,0.31787046790122986,0.6114345192909241,0.0070443591102957726,0.008436445146799088,-1.1151814460754395,,12
fixed,2020-03-13_RD,2021-01-04_CO,RD,CO,297,-0.7235400676727295,-0.7791523933410645,-0.6679277420043945,1.0013866424560547,0.28682076930999756,0.6018866300582886,0.00828753411769867,0.00974190142005682,-1.4097468852996826,,12
fixed,2020-03-17_RD,2021-01-04_CO,RD,CO,293,-0.41531744599342346,-0.3187403082847595,-0.5118945837020874,1.0363502502441406,0.3641270101070404,0.6055177450180054,0.010769322514533997,0.0069095054641366005,-1.1566442251205444,,9
fixed,2020-03-18_RD,2021-01-04_CO,RD,CO,292,-0.6143940091133118,-0.5459330677986145,-0.682854950428009,1.012160301208496,0.34089577198028564,0.5989536046981812,0.022090250626206398,0.009732467122375965,-1.1179354190826416,,10
fixed,2020-03-19_RD,2021-01-04_CO,RD,CO,291,-2.9318761825561523,-4.699957847595215,-1.1637942790985107,1.0338810682296753,0.3358766734600067,0.6270346641540527,0.002982652047649026,0.013473296537995338,-1.112332820892334,,8
fixed,2020-03-20_RD,2021-01-04_CO,RD,CO,290,-2.7323243618011475,-2.339064598083496,-3.125584125518799,0.9614458084106445,0.25750789046287537,0.6287820935249329,0.0024495539255440235,0.019950751215219498,-0.9452828168869019,,10
fixed,2020-06-26_CO,2021-01-04_CO,CO,CO,192,-0.956287145614624,-1.330718994140625,-0.581855297088623,0.7246808409690857,0.23181426525115967,0.6118552684783936,0.008001904003322124,0.007803400978446007,-1.2738261222839355,,9
fixed,2020-07-08_CO,2021-01-04_CO,CO,CO,180,-0.6768183708190918,-0.9075626730918884,-0.44607406854629517,0.6697900891304016,0.22667165100574493,0.5878866314888,0.006743238307535648,0.007187056355178356,-0.9291552305221558,0.3759837746620178,5
fixed,2020-07-14_CO,2021-01-04_CO,CO,CO,174,-1.1964830160140991,-2.1939780712127686,-0.19898778200149536,0.7145891785621643,0.1976477950811386,0.6106963753700256,0.004525812808424234,0.003980184905230999,-0.7901990413665771,0.3759837746620178,30
fixed,2020-07-29_RD,2021-01-04_CO,RD,CO,159,-4.979731559753418,-7.235215663909912,-2.724247932434082,0.816440761089325,0.19421826303005219,0.5756207704544067,0.005453598685562611,0.012391908094286919,-0.5431033372879028,0.20381173491477966,12
fixed,2020-07-31_CO,2021-01-04_CO,CO,CO,157,-3.021789073944092,-3.9900269508361816,-2.053551197052002,1.0352507829666138,0.2354080229997635,0.6294133067131042,0.00871883612126112,0.017085663974285126,-1.0474854707717896,0.20381173491477966,36
fixed,2020-08-08_RD,2021-01-04_CO,RD,CO,149,-6.45167875289917,-11.07608413696289,-1.8272731304168701,0.708153247833252,0.21308273077011108,0.621323823928833,0.00881191622465849,0.014729170128703117,-0.5086968541145325,0.19468797743320465,4
fixed,2020-08-11_RD,2021-01-04_CO,RD,CO,146,-17.702905654907227,-27.607114791870117,-7.798695087432861,1.1258891820907593,0.26153454184532166,0.5971316695213318,0.013992219232022762,0.03436281532049179,-0.32662686705589294,0.19468797743320465,7
fixed,2020-08-22_RD,2021-01-04_CO,RD,CO,135,-18.154470443725586,-36.17705535888672,-0.1318875551223755,0.8425576090812683,0.22755350172519684,0.6359129548072815,0.015240647830069065,0.002631566720083356,0.1658107489347458,0.1762460321187973,6
fixed,2020-08-29_RD,2021-01-04_CO,RD,CO,128,-2.7412686347961426,-2.672153949737549,-2.8103835582733154,0.6844916343688965,0.22859138250350952,0.613913357257843,0.029432697221636772,0.018878377974033356,-1.323955774307251,0.19865091145038605,16
fixed,2020-09-04_RD,2021-01-04_CO,RD,CO,122,-0.4094008207321167,-0.4238327741622925,-0.39496883749961853,0.5647969841957092,0.22519542276859283,0.6307350397109985,0.004687056411057711,0.0043312013149261475,-1.014705777168274,0.19865091145038605,9
fixed,2020-09-24_CO,2021-01-04_CO,CO,CO,102,-0.44727829098701477,-0.04486548900604248,-0.8496910929679871,0.5570092797279358,0.17919392883777618,0.5599460601806641,0.0018088964279741049,0.00882238894701004,-0.8060818910598755,0.20787066221237183,9
fixed,2020-09-28_CO,2021-01-04_CO,CO,CO,98,-0.6290918588638306,-0.9417332410812378,-0.3164505362510681,0.6070863008499146,0.2083514928817749,0.5924343466758728,0.003193134907633066,0.006414415314793587,-1.2002617120742798,0.17546460032463074,8
fixed,2020-09-29_CO,2021-01-04_CO,CO,CO,97,-0.7939479947090149,-1.0856090784072876,-0.5022869110107422,0.5055909156799316,0.19221217930316925,0.5295236110687256,0.00224382639862597,0.008776805363595486,-0.7130321860313416,0.17546460032463074,10
fixed,2020-10-02_CO,2021-01-04_CO,CO,CO,94,-0.8662031292915344,-1.1275519132614136,-0.6048543453216553,0.5763787627220154,0.19839541614055634,0.6033872365951538,0.0048319376073777676,0.009833291172981262,-0.9336080551147461,0.17546460032463074,6
fixed,2020-10-07_CO,2021-01-04_CO,CO,CO,89,-1.5525261163711548,-2.4299893379211426,-0.6750628352165222,0.5921503305435181,0.19611704349517822,0.6305257081985474,0.004159055650234222,0.010348060168325901,-1.1430184841156006,0.17546460032463074,10
fixed,2020-10-12_CO,2021-01-04_CO,CO,CO,84,-1.9595818519592285,-3.8507602214813232,-0.06840342283248901,0.6424767971038818,0.18846142292022705,0.6027897000312805,0.003564656712114811,0.0033317715860903263,0.14790447056293488,0.14393766224384308,1
fixed,2020-10-16_CO,2021-01-04_CO,CO,CO,80,-2.1037254333496094,-3.2678723335266113,-0.939578652381897,0.7894186973571777,0.20020754635334015,0.644429087638855,0.004301117267459631,0.007304858881980181,-0.36295902729034424,0.14393766224384308,7
fixed,2020-10-23_CO,2021-01-04_CO,CO,CO,73,-4.061058521270752,-6.181995391845703,-1.940122127532959,0.6317464113235474,0.1926300972700119,0.654609203338623,0.0038268216885626316,0.01461637020111084,-0.5237624645233154,1.8740684986114502,2
fixed,2020-11-03_CO,2021-01-04_CO,CO,CO,62,-1.7764543294906616,-2.099177598953247,-1.4537311792373657,0.6278731226921082,0.23301808536052704,0.6603766679763794,0.004525572992861271,0.015491511672735214,-0.895111083984375,0.1025877296924591,8
fixed,2020-11-05_CO,2021-01-04_CO,CO,CO,60,-0.04009160399436951,-0.043399304151535034,-0.03678390383720398,0.6297608017921448,0.21648550033569336,0.6542969942092896,0.0035544433631002903,0.004021941218525171,-1.0276213884353638,0.1025877296924591,11
fixed,2020-11-09_CO,2021-01-04_CO,CO,CO,56,-3.4170241355895996,-4.819010257720947,-2.015037775039673,0.6654780507087708,0.16486456990242004,0.6233791708946228,0.0065838927403092384,0.014922067523002625,-0.9416695833206177,0.1025877296924591,6
fixed,2020-11-16_CO,2021-01-04_CO,CO,CO,49,-1.8149628639221191,-0.3920098543167114,-3.2379159927368164,0.8059949278831482,0.1925811767578125,0.6077629327774048,0.011093568988144398,0.015056238509714603,-0.7572665214538574,0.10197404026985168,13
fixed,2020-12-03_CO,2021-01-04_CO,CO,CO,32,-0.623586893081665,-1.0066773891448975,-0.2404964566230774,0.7622841000556946,0.17963969707489014,0.5913631319999695,0.003069284139201045,0.00541238859295845,-0.7206805944442749,0.13855454325675964,5
fixed,2020-12-04_CO,2021-01-04_CO,CO,CO,31,-1.7303900718688965,-1.7877863645553589,-1.6729936599731445,0.6592177748680115,0.23676015436649323,0.5863631963729858,0.004596716724336147,0.013833336532115936,-0.5449796319007874,0.13855454325675964,8
fixed,2020-12-11_CO,2021-01-04_CO,CO,CO,24,-2.177985668182373,-0.5703486800193787,-3.7856228351593018,0.7026376724243164,0.25439536571502686,0.5572642087936401,0.006025081034749746,0.02045825868844986,-0.9034926891326904,0.1017538458108902,13
fixed,2020-12-12_RD,2021-01-04_CO,RD,CO,23,-3.367363691329956,-6.435116767883301,-0.29961079359054565,0.6299784183502197,0.15312393009662628,0.5139156579971313,0.007641763426363468,0.0035968562588095665,-0.5624701380729675,0.1017538458108902,8
fixed,2021-01-04_CO,2021-01-04_CO,CO,CO,0,0.3165646493434906,0.42645302414894104,0.20667627453804016,0.031704191118478775,0.01864183135330677,0.12145596742630005,0.0004282580048311502,0.0004307370400056243,-0.7521597743034363,0.0,0
renorm,2020-01-27_CO,2021-01-04_CO,CO,CO,343,-0.005075007677078247,0.07462841272354126,-0.08477842807769775,0.031704191118478775,0.01864183135330677,0.39560091495513916,0.0006343596032820642,0.0003376568201929331,-1.0588045120239258,0.3261106014251709,11
renorm,2020-01-30_CO,2021-01-04_CO,CO,CO,340,0.008993595838546753,0.07328182458877563,-0.05529463291168213,0.031704191118478775,0.01864183135330677,0.36930137872695923,0.0005352681037038565,0.0001465636887587607,-0.9228305816650391,0.3261106014251709,14
renorm,2020-02-04_CO,2021-01-04_CO,CO,CO,335,-0.0633273720741272,-0.07617688179016113,-0.05047786235809326,0.031704191118478775,0.01864183135330677,0.37780940532684326,0.0005822988459840417,0.00014109550102148205,-0.8501721620559692,0.3261106014251709,10
renorm,2020-02-05_CO,2021-01-04_CO,CO,CO,334,-0.027180105447769165,0.026965588331222534,-0.08132579922676086,0.031704191118478775,0.01864183135330677,0.3693956136703491,0.000700159405823797,0.00018358853412792087,-0.7254192233085632,0.3261106014251709,12
renorm,2020-02-06_CO,2021-01-04_CO,CO,CO,333,-0.07823386788368225,-0.054580748081207275,-0.10188698768615723,0.031704191118478775,0.01864183135330677,0.4070062041282654,0.0006509847589768469,0.0002705460647121072,-0.779965341091156,,10
renorm,2020-02-11_CO,2021-01-04_CO,CO,CO,328,-0.01445181667804718,0.032909244298934937,-0.0618128776550293,0.031704191118478775,0.01864183135330677,0.3600948452949524,0.0006177652976475656,0.0004347522626630962,-0.9738737344741821,,11
renorm,2020-02-22_CO,2021-01-04_CO,CO,CO,317,0.05590507388114929,0.10991013050079346,0.001900017261505127,0.031704191118478775,0.01864183135330677,0.3804958462715149,0.00048094510566443205,0.00031710739131085575,-0.8816381692886353,,10
renorm,2020-02-24_CO,2021-01-04_CO,CO,CO,315,0.060743629932403564,0.14318835735321045,-0.02170109748840332,0.031704191118478775,0.01864183135330677,0.39033544063568115,0.000607821624726057,0.0001885044330265373,-0.7577502131462097,,9
renorm,2020-02-25_CO,2021-01-04_CO,CO,CO,314,-0.008484870195388794,0.060322463512420654,-0.07729220390319824,0.031704191118478775,0.01864183135330677,0.41484570503234863,0.0005885653081350029,0.0005186700727790594,-0.821453869342804,,11
renorm,2020-02-28_RD,2021-01-04_CO,RD,CO,311,-0.15523970127105713,-0.2685168385505676,-0.04196256399154663,0.031704191118478775,0.01864183135330677,0.39922916889190674,0.0006661348743364215,0.0003602985816542059,-1.0578926801681519,,12
renorm,2020-03-02_RD,2021-01-04_CO,RD,CO,308,-0.1645577847957611,-0.2829297184944153,-0.046185851097106934,0.031704191118478775,0.01864183135330677,0.4001119136810303,0.0008156460826285183,0.0005557676777243614,-0.9838335514068604,,14
renorm,2020-03-10_RD,2021-01-04_CO,RD,CO,300,-0.18360672891139984,-0.3398955464363098,-0.027317911386489868,0.031704191118478775,0.01864183135330677,0.40682756900787354,0.0006762306438758969,0.0004535146872512996,-0.9030501246452332,,12
renorm,2020-03-13_RD,2021-01-04_CO,RD,CO,297,-0.07454879581928253,-0.1437796950340271,-0.005317896604537964,0.031704191118478775,0.01864183135330677,0.3894806504249573,0.0007193544879555702,0.0005399959627538919,-1.1192063093185425,,12
renorm,2020-03-17_RD,2021-01-04_CO,RD,CO,293,-0.11458298563957214,-0.17221951484680176,-0.05694645643234253,0.031704191118478775,0.01864183135330677,0.3720654249191284,0.0008347657858394086,0.0007252120412886143,-0.785024881362915,,9
renorm,2020-03-18_RD,2021-01-04_CO,RD,CO,292,-0.21369928121566772,-0.3517550230026245,-0.07564353942871094,0.031704191118478775,0.01864183135330677,0.36224573850631714,0.001225915621034801,0.0003804213192779571,-0.9385777711868286,,10
renorm,2020-03-19_RD,2021-01-04_CO,RD,CO,291,-0.18667925894260406,-0.321194589138031,-0.052163928747177124,0.031704191118478775,0.01864183135330677,0.3536616563796997,0.0007716608233749866,0.0005173698300495744,-1.147963523864746,,8
renorm,2020-03-20_RD,2021-01-04_CO,RD,CO,290,-0.17055276036262512,-0.28959983587265015,-0.0515056848526001,0.031704191118478775,0.01864183135330677,0.3663613200187683,0.0008373685413971543,0.0005852470058016479,-1.0852205753326416,,10
renorm,2020-06-26_CO,2021-01-04_CO,CO,CO,192,-0.06429481506347656,-0.1083647608757019,-0.02022486925125122,0.031704191118478775,0.01864183135330677,0.35922539234161377,0.0004743094614241272,0.0002801106602419168,-0.9690439701080322,,9
renorm,2020-07-08_CO,2021-01-04_CO,CO,CO,180,-0.011001244187355042,-0.010688990354537964,-0.01131349802017212,0.031704191118478775,0.01864183135330677,0.36653685569763184,0.0005297661991789937,0.00024983895127661526,-0.8833225965499878,0.3759837746620178,5
renorm,2020-07-14_CO,2021-01-04_CO,CO,CO,174,-0.023190036416053772,-0.010220885276794434,-0.03615918755531311,0.031704191118478775,0.01864183135330677,0.37860244512557983,0.0005678745801560581,0.0005698806489817798,-1.0747792720794678,0.3759837746620178,30
renorm,2020-07-29_RD,2021-01-04_CO,RD,CO,159,-0.1106100082397461,-0.1247982382774353,-0.09642177820205688,0.031704191118478775,0.01864183135330677,0.36088132858276367,0.0006581264897249639,0.00029391393763944507,-1.0527513027191162,0.20381173491477966,12
renorm,2020-07-31_CO,2021-01-04_CO,CO,CO,157,0.04635702073574066,0.09866350889205933,-0.005949467420578003,0.031704191118478775,0.01864183135330677,0.3350111246109009,0.0005352211883291602,0.00036814939812757075,-1.2355504035949707,0.20381173491477966,36
renorm,2020-08-08_RD,2021-01-04_CO,RD,CO,149,-0.13757705688476562,-0.15532654523849487,-0.11982756853103638,0.031704191118478775,0.01864183135330677,0.3643282651901245,0.0008482220582664013,0.00016136970953084528,-1.036603331565857,0.19468797743320465,4
renorm,2020-08-11_RD,2021-01-04_CO,RD,CO,146,-0.0989433228969574,-0.07563209533691406,-0.12225455045700073,0.031704191118478775,0.01864183135330677,0.3483356237411499,0.000923765473999083,0.00020016622147522867,-1.0050764083862305,0.19468797743320465,7
renorm,2020-08-22_RD,2021-01-04_CO,RD,CO,135,-0.13102981448173523,-0.23488181829452515,-0.027177810668945312,0.031704191118478775,0.01864183135330677,0.3836420178413391,0.0010656388476490974,0.0001708687050268054,-1.2004823684692383,0.1762460321187973,6
renorm,2020-08-29_RD,2021-01-04_CO,RD,CO,128,-0.06202298402786255,0.03214085102081299,-0.15618681907653809,0.031704191118478775,0.01864183135330677,0.3331286311149597,0.0012421259889379144,0.0004803890478797257,-1.1482313871383667,0.19865091145038605,16
renorm,2020-09-04_RD,2021-01-04_CO,RD,CO,122,-0.07935294508934021,-0.0741858184337616,-0.08452007174491882,0.031704191118478775,0.01864183135330677,0.36122435331344604,0.0008152871741913259,0.0002780949289444834,-0.9075127840042114,0.19865091145038605,9
renorm,2020-09-24_CO,2021-01-04_CO,CO,CO,102,0.11666098237037659,0.13756203651428223,0.09575992822647095,0.031704191118478775,0.01864183135330677,0.30950605869293213,0.0005360370851121843,0.00018075827392749488,-1.0013842582702637,0.20787066221237183,9
renorm,2020-09-28_CO,2021-01-04_CO,CO,CO,98,0.10923643410205841,0.15022224187850952,0.0682506263256073,0.031704191118478775,0.01864183135330677,0.2775843143463135,0.0004496379988268018,0.00012666816473938525,-0.9075927734375,0.17546460032463074,8
renorm,2020-09-29_CO,2021-01-04_CO,CO,CO,97,0.0026162713766098022,-0.03258591890335083,0.037818461656570435,0.031704191118478775,0.01864183135330677,0.2890899181365967,0.0006350566982291639,0.0002915214281529188,-0.6065717935562134,0.17546460032463074,10
renorm,2020-10-02_CO,2021-01-04_CO,CO,CO,94,0.03175713121891022,-0.014354288578033447,0.07786855101585388,0.031704191118478775,0.01864183135330677,0.34749722480773926,0.0007001325720921159,0.0001250432396773249,-1.1208852529525757,0.17546460032463074,6
renorm,2020-10-07_CO,2021-01-04_CO,CO,CO,89,0.11534801125526428,0.16372895240783691,0.06696707010269165,0.031704191118478775,0.01864183135330677,0.31152522563934326,0.0004944346728734672,0.0002915717486757785,-1.2077155113220215,0.17546460032463074,10
renorm,2020-10-12_CO,2021-01-04_CO,CO,CO,84,0.06866148114204407,0.08428418636322021,0.05303877592086792,0.031704191118478775,0.01864183135330677,0.289969801902771,0.0004239575064275414,0.00018504192121326923,-0.7654321193695068,0.14393766224384308,1
renorm,2020-10-16_CO,2021-01-04_CO,CO,CO,80,0.07092627882957458,0.15095210075378418,-0.00909954309463501,0.031704191118478775,0.01864183135330677,0.28659236431121826,0.0005758380284532905,0.0005741751519963145,-0.9260526299476624,0.14393766224384308,7
renorm,2020-10-23_CO,2021-01-04_CO,CO,CO,73,0.02346855401992798,0.03179582953453064,0.015141278505325317,0.031704191118478775,0.01864183135330677,0.3205168843269348,0.0005626783822663128,6.801554263802245e-05,-1.0764977931976318,1.8740684986114502,2
renorm,2020-11-03_CO,2021-01-04_CO,CO,CO,62,0.1175076812505722,0.15794238448143005,0.07707297801971436,0.031704191118478775,0.01864183135330677,0.30682599544525146,0.0004623736022040248,0.00046844055759720504,-1.0482521057128906,0.1025877296924591,8
renorm,2020-11-05_CO,2021-01-04_CO,CO,CO,60,0.11909841001033783,0.15402144193649292,0.08417537808418274,0.031704191118478775,0.01864183135330677,0.2716301679611206,0.0005386508419178426,0.00027109155780635774,-0.8902953863143921,0.1025877296924591,11
renorm,2020-11-09_CO,2021-01-04_CO,CO,CO,56,0.14792799949645996,0.1875728964805603,0.10828310251235962,0.031704191118478775,0.01864183135330677,0.35191571712493896,0.0004290783836040646,0.00022375414846464992,-1.0915920734405518,0.1025877296924591,6
renorm,2020-11-16_CO,2021-01-04_CO,CO,CO,49,0.14764560759067535,0.23080691695213318,0.06448429822921753,0.031704191118478775,0.01864183135330677,0.37545686960220337,0.0005025669815950096,8.903230627765879e-05,-0.7743459343910217,0.10197404026985168,13
renorm,2020-12-03_CO,2021-01-04_CO,CO,CO,32,0.11566218733787537,0.1306299865245819,0.10069438815116882,0.031704191118478775,0.01864183135330677,0.36323702335357666,0.0005334735033102334,0.00034788105404004455,-1.0945053100585938,0.13855454325675964,5
renorm,2020-12-04_CO,2021-01-04_CO,CO,CO,31,0.14349210262298584,0.18607357144355774,0.10091063380241394,0.031704191118478775,0.01864183135330677,0.389210045337677,0.0009559121681377292,0.0005881433025933802,-0.8873085975646973,0.13855454325675964,8
renorm,2020-12-11_CO,2021-01-04_CO,CO,CO,24,0.03071737289428711,-0.017360270023345947,0.07879501581192017,0.031704191118478775,0.01864183135330677,0.4182305335998535,0.0015884421300143003,0.000378231517970562,-0.9518042802810669,0.1017538458108902,13
renorm,2020-12-12_RD,2021-01-04_CO,RD,CO,23,-0.0059163570404052734,0.07519042491912842,-0.08702313899993896,0.031704191118478775,0.01864183135330677,0.25612103939056396,0.0010429181857034564,0.000318634498398751,-0.9754016399383545,0.1017538458108902,8
renorm,2021-01-04_CO,2021-01-04_CO,CO,CO,0,0.3172765374183655,0.42652928829193115,0.20802375674247742,0.031704191118478775,0.01864183135330677,0.12145596742630005,0.0004258313565514982,0.0004386583168525249,-0.7522569894790649,0.0,0
fixed,2020-01-27_CO,2021-01-05_CO,CO,CO,344,-1.5572137832641602,-3.0402674674987793,-0.07416015863418579,1.2690349817276,0.32438376545906067,0.6037062406539917,0.004096171818673611,0.0007560838130302727,-1.302956461906433,0.3261106014251709,11
fixed,2020-01-30_CO,2021-01-05_CO,CO,CO,341,-3.5382142066955566,-5.726922035217285,-1.3495063781738281,1.284582257270813,0.32716163992881775,0.6361321210861206,0.004752656444907188,0.012963194400072098,-1.3588132858276367,0.3261106014251709,14
fixed,2020-02-04_CO,2021-01-05_CO,CO,CO,336,-1.8996692895889282,-3.4293389320373535,-0.3699995279312134,1.2064454555511475,0.33686932921409607,0.6427522301673889,0.005468412302434444,0.007902544923126698,-1.1626380681991577,0.3261106014251709,10
fixed,2020-02-05_CO,2021-01-05_CO,CO,CO,335,-0.6615290641784668,-1.3528990745544434,0.02984088659286499,1.290433406829834,0.34779366850852966,0.6404924988746643,0.01134994812309742,0.0006989919347688556,-1.3181735277175903,0.3261106014251709,12
fixed,2020-02-06_CO,2021-01-05_CO,CO,CO,334,-0.6365259289741516,-1.147874355316162,-0.12517744302749634,1.3083291053771973,0.34674981236457825,0.6421869993209839,0.010143053717911243,0.00400484399870038,-1.3547204732894897,,10
fixed,2020-02-11_CO,2021-01-05_CO,CO,CO,329,-1.0170540809631348,-0.11695605516433716,-1.9171521663665771,1.1468411684036255,0.293134480714798,0.6078980565071106,0.007155492901802063,0.015659797936677933,-1.5196335315704346,,11
fixed,2020-02-22_CO,2021-01-05_CO,CO,CO,318,-1.1992601156234741,-2.1015450954437256,-0.296975314617157,1.1899672746658325,0.30638250708580017,0.576153039932251,0.006795866414904594,0.006351104937493801,-1.4763202667236328,,12
fixed,2020-02-24_CO,2021-01-05_CO,CO,CO,316,-2.138589382171631,-3.2024338245391846,-1.074744701385498,1.1352249383926392,0.26476338505744934,0.6160412430763245,0.020887883380055428,0.012576218694448471,-0.8319774866104126,,10
fixed,2020-02-25_CO,2021-01-05_CO,CO,CO,315,-0.17018486559391022,-0.3415953516960144,0.0012256205081939697,1.1826121807098389,0.2904509902000427,0.634697437286377,0.00393828097730875,0.0008580076973885298,-1.3132867813110352,,10
fixed,2020-02-28_RD,2021-01-05_CO,RD,CO,312,-2.851968288421631,-5.602397441864014,-0.10153907537460327,1.2321221828460693,0.2833815813064575,0.6263840198516846,0.009353562258183956,0.0047540124505758286,-1.4779733419418335,,13
fixed,2020-03-02_RD,2021-01-05_CO,RD,CO,309,-3.0240302085876465,-5.369709014892578,-0.6783515214920044,1.0819443464279175,0.2527655065059662,0.5841966867446899,0.014992949552834034,0.009625902399420738,-1.3854016065597534,,14
fixed,2020-03-10_RD,2021-01-05_CO,RD,CO,301,-0.8701236248016357,-1.0297490358352661,-0.7104982137680054,1.1748491525650024,0.335323303937912,0.609605073928833,0.01074112206697464,0.007467745803296566,-0.9610816240310669,,13
fixed,2020-03-13_RD,2021-01-05_CO,RD,CO,298,-1.0748815536499023,-1.8240575790405273,-0.32570552825927734,1.224471092224121,0.3004540801048279,0.6172492504119873,0.018380900844931602,0.007355859503149986,-1.2249256372451782,,13
fixed,2020-03-17_RD,2021-01-05_CO,RD,CO,294,-3.6171741485595703,-7.037181854248047,-0.1971665620803833,1.1556204557418823,0.3672236502170563,0.5965341329574585,0.01609894074499607,0.004750527907162905,-1.28792142868042,,9
fixed,2020-03-18_RD,2021-01-05_CO,RD,CO,293,-4.2359209060668945,-8.266222953796387,-0.20561933517456055,1.2070897817611694,0.3424128293991089,0.5583072900772095,0.02559843100607395,0.004951350390911102,-1.412811517715454,,10
fixed,2020-03-19_RD,2021-01-05_CO,RD,CO,292,-2.845029592514038,-4.81964635848999,-0.8704127669334412,1.2272099256515503,0.3477420508861542,0.6235043406486511,0.007624506484717131,0.011795644648373127,-1.2261656522750854,,7
fixed,2020-03-20_RD,2021-01-05_CO,RD,CO,291,-3.053238868713379,-1.8062806129455566,-4.300197601318359,1.185789704322815,0.2725170850753784,0.6007716059684753,0.010650956071913242,0.02558397874236107,-0.7985085248947144,,10
fixed,2020-06-26_CO,2021-01-05_CO,CO,CO,193,-1.694322109222412,-0.9792289137840271,-2.4094152450561523,1.0034795999526978,0.2494024634361267,0.6161410808563232,0.016042783856391907,0.01927822083234787,-0.8113875389099121,,10
fixed,2020-07-08_CO,2021-01-05_CO,CO,CO,181,-0.5248459577560425,-0.5401710867881775,-0.5095208883285522,1.0174282789230347,0.2585519552230835,0.5797407627105713,0.01097584143280983,0.006727597676217556,-0.7850228548049927,0.3759837746620178,6
fixed,2020-07-14_CO,2021-01-05_CO,CO,CO,175,-1.1816506385803223,-1.462625503540039,-0.9006758332252502,1.069711446762085,0.22621822357177734,0.6036869287490845,0.015987249091267586,0.01047918014228344,-0.8412750363349915,0.3759837746620178,31
fixed,2020-07-29_RD,2021-01-05_CO,RD,CO,160,-3.0051116943359375,-1.7803914546966553,-4.229832172393799,1.0849205255508423,0.21323652565479279,0.587112307548523,0.021404694765806198,0.024737510830163956,-0.7160788178443909,0.20381173491477966,12
fixed,2020-07-31_CO,2021-01-05_CO,CO,CO,158,-0.8543450832366943,-0.6738070249557495,-1.0348830223083496,1.193467140197754,0.2471824437379837,0.6498243808746338,0.01547582633793354,0.01108536496758461,-1.2843083143234253,0.20381173491477966,35
fixed,2020-08-08_RD,2021-01-05_CO,RD,CO,150,-4.953309535980225,-7.577630043029785,-2.328989267349243,1.0312438011169434,0.24330107867717743,0.6532304286956787,0.009658939205110073,0.015950361266732216,-0.5606074333190918,0.19468797743320465,6
fixed,2020-08-11_RD,2021-01-05_CO,RD,CO,147,-15.14261531829834,-22.818334579467773,-7.46689510345459,1.264013409614563,0.2594431936740875,0.6213130354881287,0.01773199252784252,0.034134604036808014,-0.3002532720565796,0.19468797743320465,7
fixed,2020-08-22_RD,2021-01-05_CO,RD,CO,136,-25.259469985961914,-49.71670913696289,-0.8022305965423584,1.0776724815368652,0.23483610153198242,0.6380199193954468,0.016420351341366768,0.008213343098759651,0.308101087808609,0.1762460321187973,6
fixed,2020-08-29_RD,2021-01-05_CO,RD,CO,129,-3.4928245544433594,-6.643169403076172,-0.3424796462059021,0.8444974422454834,0.22258369624614716,0.6567793488502502,0.03912650793790817,0.005560006946325302,-1.385148048400879,0.19865091145038605,16
fixed,2020-09-04_RD,2021-01-05_CO,RD,CO,123,-4.510759353637695,-8.651445388793945,-0.3700740933418274,0.8850517868995667,0.23018144071102142,0.6573334336280823,0.009733502753078938,0.00712635088711977,-1.1774115562438965,0.19865091145038605,8
fixed,2020-09-24_CO,2021-01-05_CO,CO,CO,103,-0.9919714331626892,-0.7784656882286072,-1.205477237701416,0.8403876423835754,0.1869550347328186,0.6063972115516663,0.01225228514522314,0.009584388695657253,-0.7468546032905579,0.20787066221237183,9
fixed,2020-09-28_CO,2021-01-05_CO,CO,CO,99,-1.7237005233764648,-2.8678033351898193,-0.5795977711677551,0.8495792746543884,0.20799033343791962,0.622515082359314,0.011987704783678055,0.007149578537791967,-1.1772608757019043,0.17546460032463074,9
fixed,2020-09-29_CO,2021-01-05_CO,CO,CO,98,-2.277059555053711,-3.7822656631469727,-0.7718532681465149,0.7260378003120422,0.20160101354122162,0.5840648412704468,0.012435177341103554,0.009682736359536648,-0.7364190816879272,0.17546460032463074,10
fixed,2020-10-02_CO,2021-01-05_CO,CO,CO,95,-1.4808012247085571,-2.7198495864868164,-0.24175286293029785,0.8677201271057129,0.21095947921276093,0.6626002192497253,0.008539166301488876,0.005519977770745754,-0.924159586429596,0.17546460032463074,6
fixed,2020-10-07_CO,2021-01-05_CO,CO,CO,90,-2.0094380378723145,-3.1843059062957764,-0.8345702290534973,0.8556503653526306,0.20955343544483185,0.6295641660690308,0.009638534858822823,0.010308446362614632,-0.9815172553062439,0.17546460032463074,9
fixed,2020-10-12_CO,2021-01-05_CO,CO,CO,85,-0.5466798543930054,-1.0178728103637695,-0.07548695802688599,0.9310347437858582,0.21004824340343475,0.6255433559417725,0.013417237438261509,0.0035602303687483072,0.07319161295890808,0.14393766224384308,2
fixed,2020-10-16_CO,2021-01-05_CO,CO,CO,81,-2.7814483642578125,-3.0638492107391357,-2.4990475177764893,1.0322256088256836,0.22387634217739105,0.6968107223510742,0.013604572974145412,0.01782243326306343,-0.4694954752922058,0.14393766224384308,7
fixed,2020-10-23_CO,2021-01-05_CO,CO,CO,74,-0.39044269919395447,-0.4064652919769287,-0.3744201064109802,0.9469313025474548,0.216596320271492,0.648340106010437,0.012154151685535908,0.005148955620825291,-0.6167754530906677,1.8740684986114502,3
fixed,2020-11-03_CO,2021-01-05_CO,CO,CO,63,-1.8147586584091187,-2.5671300888061523,-1.0623871088027954,0.854332447052002,0.227812722325325,0.6381573677062988,0.008299540728330612,0.011987457983195782,-0.8895001411437988,0.1025877296924591,7
fixed,2020-11-05_CO,2021-01-05_CO,CO,CO,61,-0.19584982097148895,-0.010071545839309692,-0.3816280961036682,0.7914277911186218,0.21315176784992218,0.6000692844390869,0.00470822723582387,0.00877351500093937,-1.076629400253296,0.1025877296924591,10
fixed,2020-11-09_CO,2021-01-05_CO,CO,CO,57,-5.148741722106934,-8.72824764251709,-1.5692362785339355,0.8474532961845398,0.17801950871944427,0.6377662420272827,0.005826235748827457,0.01631491258740425,-0.8153388500213623,0.1025877296924591,5
fixed,2020-11-16_CO,2021-01-05_CO,CO,CO,50,-2.16591215133667,-1.4901511669158936,-2.8416733741760254,0.9353153109550476,0.1871519684791565,0.5587127804756165,0.011418507434427738,0.017083296552300453,-0.9411055445671082,0.10197404026985168,11
fixed,2020-12-03_CO,2021-01-05_CO,CO,CO,33,-0.8647473454475403,-1.8221560716629028,0.09266147017478943,0.8314364552497864,0.18463420867919922,0.6168212890625,0.0028104602824896574,0.0025119928177446127,-0.5492335557937622,0.13855454325675964,5
fixed,2020-12-04_CO,2021-01-05_CO,CO,CO,32,-0.14773565530776978,-0.13947391510009766,-0.1559973955154419,0.7752440571784973,0.24053440988063812,0.5778988599777222,0.005461276043206453,0.007295318879187107,-0.492864191532135,0.13855454325675964,9
fixed,2020-12-11_CO,2021-01-05_CO,CO,CO,25,-1.0687181949615479,-1.7838287353515625,-0.3536076545715332,0.6275511384010315,0.2539750933647156,0.5100629329681396,0.015101967379450798,0.007433289662003517,-0.7830571532249451,0.1017538458108902,12
fixed,2020-12-12_RD,2021-01-05_CO,RD,CO,24,-7.496508598327637,-13.944171905517578,-1.048845887184143,0.6300510764122009,0.15320856869220734,0.5297694206237793,0.005283598322421312,0.01192956417798996,-0.6056376099586487,0.1017538458108902,6
fixed,2021-01-04_CO,2021-01-05_CO,CO,CO,1,-1.0072638988494873,-1.1212129592895508,-0.8933150172233582,0.4408849775791168,0.09048175066709518,0.4923752546310425,0.002074500313028693,0.012752717360854149,-0.7925465703010559,0.0,3
fixed,2021-01-05_CO,2021-01-05_CO,CO,CO,0,0.335243821144104,0.4175063967704773,0.2529812455177307,0.03647277131676674,0.016535582020878792,0.16244268417358398,0.0005743892979808152,0.000800285954028368,-0.7488654851913452,0.0,0
renorm,2020-01-27_CO,2021-01-05_CO,CO,CO,344,-0.12298662960529327,-0.13667094707489014,-0.10930231213569641,0.03647277131676674,0.016535582020878792,0.43682563304901123,0.0006461705779656768,0.0008431678870692849,-1.1261682510375977,0.3261106014251709,11
renorm,2020-01-30_CO,2021-01-05_CO,CO,CO,341,-0.04375898838043213,-0.021100640296936035,-0.06641733646392822,0.03647277131676674,0.016535582020878792,0.43953239917755127,0.0005525099113583565,0.00012020077701890841,-0.9606360197067261,0.3261106014251709,14
renorm,2020-02-04_CO,2021-01-05_CO,CO,CO,336,-0.06716996431350708,-0.09805366396903992,-0.03628626465797424,0.03647277131676674,0.016535582020878792,0.45233815908432007,0.0005679018213413656,0.00016783825412858278,-0.9914249181747437,0.3261106014251709,10
renorm,2020-02-05_CO,2021-01-05_CO,CO,CO,335,-0.04807715117931366,-0.06493538618087769,-0.031218916177749634,0.03647277131676674,0.016535582020878792,0.45779091119766235,0.0007168647716753185,0.0001663583389017731,-0.8461620807647705,0.3261106014251709,12
renorm,2020-02-06_CO,2021-01-05_CO,CO,CO,334,-0.07243964076042175,-0.05027341842651367,-0.09460586309432983,0.03647277131676674,0.016535582020878792,0.4782677888870239,0.0006429869099520147,0.0004761547897942364,-0.9101762771606445,,10
renorm,2020-02-11_CO,2021-01-05_CO,CO,CO,329,-0.12390454113483429,-0.1737620234489441,-0.07404705882072449,0.03647277131676674,0.016535582020878792,0.4453445076942444,0.0006279889494180679,0.0005939521943219006,-1.1592172384262085,,11
renorm,2020-02-22_CO,2021-01-05_CO,CO,CO,318,-0.010674968361854553,-0.014268070459365845,-0.007081866264343262,0.03647277131676674,0.016535582020878792,0.435080885887146,0.000478177098557353,0.00033237619209103286,-1.0413987636566162,,12
renorm,2020-02-24_CO,2021-01-05_CO,CO,CO,316,-0.03293590247631073,-0.013784348964691162,-0.0520874559879303,0.03647277131676674,0.016535582020878792,0.4315829873085022,0.0005976247484795749,0.00012944515037816018,-0.7134977579116821,,10
renorm,2020-02-25_CO,2021-01-05_CO,CO,CO,315,-0.08951778709888458,-0.10724720358848572,-0.07178837060928345,0.03647277131676674,0.016535582020878792,0.459519624710083,0.0006126898224465549,0.0003800485865212977,-0.9294286966323853,,10
renorm,2020-02-28_RD,2021-01-05_CO,RD,CO,312,-0.2621036171913147,-0.458057165145874,-0.06615006923675537,0.03647277131676674,0.016535582020878792,0.45768511295318604,0.00063955073710531,0.0002160876028938219,-1.0111901760101318,,13
renorm,2020-03-02_RD,2021-01-05_CO,RD,CO,309,-0.3569006323814392,-0.59975266456604,-0.11404860019683838,0.03647277131676674,0.016535582020878792,0.4344600439071655,0.0007866455125622451,0.0003658419882413,-0.9738712310791016,,14
renorm,2020-03-10_RD,2021-01-05_CO,RD,CO,301,-0.28744643926620483,-0.5254552364349365,-0.049437642097473145,0.03647277131676674,0.016535582020878792,0.45002591609954834,0.0006784471333958209,0.0003400367859285325,-0.8202016353607178,,13
renorm,2020-03-13_RD,2021-01-05_CO,RD,CO,298,-0.24784862995147705,-0.43962621688842773,-0.05607104301452637,0.03647277131676674,0.016535582020878792,0.4612361192703247,0.0007224386208690703,0.00026097617228515446,-1.0940768718719482,,13
renorm,2020-03-17_RD,2021-01-05_CO,RD,CO,294,-0.12292689085006714,-0.21379715204238892,-0.03205662965774536,0.03647277131676674,0.016535582020878792,0.46341603994369507,0.0008211578242480755,0.0007454261067323387,-0.7447744607925415,,9
renorm,2020-03-18_RD,2021-01-05_CO,RD,CO,293,-0.23405316472053528,-0.36923807859420776,-0.09886825084686279,0.03647277131676674,0.016535582020878792,0.458659291267395,0.0013688477920368314,0.00036126808845438063,-0.9542312622070312,,10
renorm,2020-03-19_RD,2021-01-05_CO,RD,CO,292,-0.27708232402801514,-0.4451588988304138,-0.10900574922561646,0.03647277131676674,0.016535582020878792,0.46265530586242676,0.0007431894191540778,0.0006969667738303542,-1.0973395109176636,,7
renorm,2020-03-20_RD,2021-01-05_CO,RD,CO,291,-0.2834687829017639,-0.4905362129211426,-0.07640135288238525,0.03647277131676674,0.016535582020878792,0.45124363899230957,0.0009586866362951696,0.0002457618247717619,-1.0554929971694946,,10
renorm,2020-06-26_CO,2021-01-05_CO,CO,CO,193,-0.18980136513710022,-0.3370663523674011,-0.042536377906799316,0.03647277131676674,0.016535582020878792,0.4510319232940674,0.0004783450858667493,0.00019071370479650795,-0.8933298587799072,,10
renorm,2020-07-08_CO,2021-01-05_CO,CO,CO,181,-0.09569549560546875,-0.2043006420135498,0.012909650802612305,0.03647277131676674,0.016535582020878792,0.44743943214416504,0.0005480826366692781,0.00022807905043009669,-0.8542197942733765,0.3759837746620178,6
renorm,2020-07-14_CO,2021-01-05_CO,CO,CO,175,-0.13827824592590332,-0.2646637558937073,-0.011892735958099365,0.03647277131676674,0.016535582020878792,0.46278637647628784,0.000613231270108372,0.0004062999505549669,-1.1248692274093628,0.3759837746620178,31
renorm,2020-07-29_RD,2021-01-05_CO,RD,CO,160,-0.14494265615940094,-0.27127087116241455,-0.01861444115638733,0.03647277131676674,0.016535582020878792,0.4468950033187866,0.0006819487316533923,0.0005781892687082291,-1.1169952154159546,0.20381173491477966,12
renorm,2020-07-31_CO,2021-01-05_CO,CO,CO,158,0.05869242548942566,0.07724907994270325,0.04013577103614807,0.03647277131676674,0.016535582020878792,0.3966396450996399,0.0005278984317556024,0.0005152638768777251,-1.2630157470703125,0.20381173491477966,35
renorm,2020-08-08_RD,2021-01-05_CO,RD,CO,150,-0.2030414342880249,-0.3031027317047119,-0.10298013687133789,0.03647277131676674,0.016535582020878792,0.38045716285705566,0.0008193591493181884,0.0006917272112332284,-1.148486614227295,0.19468797743320465,6
renorm,2020-08-11_RD,2021-01-05_CO,RD,CO,147,-0.16653145849704742,-0.25553393363952637,-0.07752898335456848,0.03647277131676674,0.016535582020878792,0.40760964155197144,0.0009729957673698664,0.0004817460721824318,-1.0694295167922974,0.19468797743320465,7
renorm,2020-08-22_RD,2021-01-05_CO,RD,CO,136,-0.17867115139961243,-0.3225950002670288,-0.034747302532196045,0.03647277131676674,0.016535582020878792,0.4373588562011719,0.0009676754125393927,0.00010434225259814411,-1.2925934791564941,0.1762460321187973,6
renorm,2020-08-29_RD,2021-01-05_CO,RD,CO,129,-0.14409133791923523,-0.15144646167755127,-0.1367362141609192,0.03647277131676674,0.016535582020878792,0.3835028409957886,0.0011909777531400323,0.0016877080779522657,-1.2689800262451172,0.19865091145038605,16
renorm,2020-09-04_RD,2021-01-05_CO,RD,CO,123,-0.10353286564350128,-0.2301863431930542,0.023120611906051636,0.03647277131676674,0.016535582020878792,0.42814207077026367,0.0008627327042631805,0.0009675443288870156,-1.1371179819107056,0.19865091145038605,8
renorm,2020-09-24_CO,2021-01-05_CO,CO,CO,103,0.05754977464675903,-0.0016105175018310547,0.11671006679534912,0.03647277131676674,0.016535582020878792,0.3548967242240906,0.0005554661620408297,0.00026796769816428423,-1.162966251373291,0.20787066221237183,9
renorm,2020-09-28_CO,2021-01-05_CO,CO,CO,99,0.04053594172000885,-0.007602989673614502,0.0886748731136322,0.03647277131676674,0.016535582020878792,0.37282049655914307,0.0004634862416423857,0.00028454899438656867,-0.927169680595398,0.17546460032463074,9
renorm,2020-09-29_CO,2021-01-05_CO,CO,CO,98,-0.04610815644264221,-0.17057153582572937,0.07835522294044495,0.03647277131676674,0.016535582020878792,0.37958860397338867,0.0006444237078540027,0.0002840852248482406,-0.7954594492912292,0.17546460032463074,10
renorm,2020-10-02_CO,2021-01-05_CO,CO,CO,95,-0.005819112062454224,-0.07778725028038025,0.0661490261554718,0.03647277131676674,0.016535582020878792,0.38807523250579834,0.0007539003272540867,0.00012302823597565293,-1.3488253355026245,0.17546460032463074,6
renorm,2020-10-07_CO,2021-01-05_CO,CO,CO,90,0.11378850042819977,0.1234184205532074,0.10415858030319214,0.03647277131676674,0.016535582020878792,0.39286017417907715,0.00052687554853037,0.0006472906097769737,-1.2719340324401855,0.17546460032463074,9
renorm,2020-10-12_CO,2021-01-05_CO,CO,CO,85,0.004718765616416931,-0.0521550178527832,0.061592549085617065,0.03647277131676674,0.016535582020878792,0.37831276655197144,0.000423211429733783,0.00022134932805784047,-0.8283162117004395,0.14393766224384308,2
renorm,2020-10-16_CO,2021-01-05_CO,CO,CO,81,0.006251439452171326,-0.053656697273254395,0.06615957617759705,0.03647277131676674,0.016535582020878792,0.37586015462875366,0.000552905083168298,0.0005623526521958411,-1.089402675628662,0.14393766224384308,7
renorm,2020-10-23_CO,2021-01-05_CO,CO,CO,74,-0.0788830816745758,-0.18230164051055908,0.02453547716140747,0.03647277131676674,0.016535582020878792,0.40667468309402466,0.0005762960063293576,0.00043368851765990257,-1.1651427745819092,1.8740684986114502,3
renorm,2020-11-03_CO,2021-01-05_CO,CO,CO,63,0.1267031878232956,0.09786316752433777,0.15554320812225342,0.03647277131676674,0.016535582020878792,0.4101816415786743,0.00046308274613693357,0.0004162707773502916,-1.0842278003692627,0.1025877296924591,7
renorm,2020-11-05_CO,2021-01-05_CO,CO,CO,61,0.10091491043567657,0.07135674357414246,0.1304730772972107,0.03647277131676674,0.016535582020878792,0.3623236417770386,0.0005355135072022676,0.0007933787419460714,-0.9315654039382935,0.1025877296924591,10
renorm,2020-11-09_CO,2021-01-05_CO,CO,CO,57,0.10916934907436371,0.07754817605018616,0.14079052209854126,0.03647277131676674,0.016535582020878792,0.40548408031463623,0.00044077480561099946,0.0005225678323768079,-1.2319101095199585,0.1025877296924591,5
renorm,2020-11-16_CO,2021-01-05_CO,CO,CO,50,0.1094292402267456,0.11641377210617065,0.10244470834732056,0.03647277131676674,0.016535582020878792,0.44694769382476807,0.0004979153745807707,0.0004669607733376324,-0.8901443481445312,0.10197404026985168,11
renorm,2020-12-03_CO,2021-01-05_CO,CO,CO,33,0.12111735343933105,0.08168497681617737,0.16054973006248474,0.03647277131676674,0.016535582020878792,0.4301953911781311,0.0005371596198529005,0.0001754917175276205,-1.145755410194397,0.13855454325675964,5
renorm,2020-12-04_CO,2021-01-05_CO,CO,CO,32,0.12941652536392212,0.080481618642807,0.17835143208503723,0.03647277131676674,0.016535582020878792,0.4427158832550049,0.0009898613207042217,0.0004857315798290074,-0.983627200126648,0.13855454325675964,9
renorm,2020-12-11_CO,2021-01-05_CO,CO,CO,25,0.008191466331481934,-0.08088624477386475,0.09726917743682861,0.03647277131676674,0.016535582020878792,0.42295312881469727,0.00151095911860466,0.0002240935864392668,-0.9102058410644531,0.1017538458108902,12
renorm,2020-12-12_RD,2021-01-05_CO,RD,CO,24,-0.10786847770214081,-0.1736958920955658,-0.04204106330871582,0.03647277131676674,0.016535582020878792,0.34394049644470215,0.0010754963150247931,0.00036306417314335704,-1.1893463134765625,0.1017538458108902,6
renorm,2021-01-04_CO,2021-01-05_CO,CO,CO,1,0.25537168979644775,0.2832438349723816,0.2274995744228363,0.03647277131676674,0.016535582020878792,0.2357947826385498,0.00043097048182971776,0.0005665045464411378,-0.950533390045166,0.0,3
renorm,2021-01-05_CO,2021-01-05_CO,CO,CO,0,0.3382139801979065,0.4215066730976105,0.2549213171005249,0.03647277131676674,0.016535582020878792,0.16244268417358398,0.0005692580598406494,0.0008191937813535333,-0.7568206787109375,0.0,0
fixed,2020-01-27_CO,2021-01-06_CO,CO,CO,345,-1.4561574459075928,-1.499071478843689,-1.4132435321807861,1.209074854850769,0.3069806396961212,0.6383748054504395,0.0056332373060286045,0.016089370474219322,-1.268237829208374,0.3261106014251709,10
fixed,2020-01-30_CO,2021-01-06_CO,CO,CO,342,-2.200594425201416,-1.5784443616867065,-2.822744131088257,1.2428303956985474,0.31716346740722656,0.5883496403694153,0.005365084391087294,0.02332841046154499,-0.9710363149642944,0.3261106014251709,12
fixed,2020-02-04_CO,2021-01-06_CO,CO,CO,337,-1.8148902654647827,-2.124098777770996,-1.5056817531585693,1.1686023473739624,0.32240548729896545,0.6622776985168457,0.007504516746848822,0.018215956166386604,-0.41853269934654236,0.3261106014251709,7
fixed,2020-02-05_CO,2021-01-06_CO,CO,CO,336,-0.727222740650177,-0.9386773109436035,-0.5157681703567505,1.2707098722457886,0.34296658635139465,0.6164760589599609,0.0077176447957754135,0.009450053796172142,-0.9574655294418335,0.3261106014251709,12
fixed,2020-02-06_CO,2021-01-06_CO,CO,CO,335,-2.177096366882324,-3.8077616691589355,-0.5464311838150024,1.2475099563598633,0.3423483073711395,0.6255663633346558,0.01054259855300188,0.008141616359353065,-1.100559949874878,,10
fixed,2020-02-11_CO,2021-01-06_CO,CO,CO,330,-4.940681457519531,-6.758886337280273,-3.122476100921631,1.1108239889144897,0.2860179841518402,0.6515603065490723,0.01554026734083891,0.02523764595389366,-0.7011834383010864,,12
fixed,2020-02-22_CO,2021-01-06_CO,CO,CO,319,-0.3162127435207367,-0.4244999885559082,-0.20792549848556519,1.1371384859085083,0.2918311059474945,0.6041759848594666,0.006088213995099068,0.007472994737327099,-1.0500435829162598,,12
fixed,2020-02-24_CO,2021-01-06_CO,CO,CO,317,-3.161766529083252,-2.60099458694458,-3.7225382328033447,1.108240008354187,0.26067838072776794,0.6117225289344788,0.009215022437274456,0.02028273046016693,-0.34389162063598633,,9
fixed,2020-02-25_CO,2021-01-06_CO,CO,CO,316,-4.573519229888916,-8.688539505004883,-0.45849883556365967,1.1183462142944336,0.278496116399765,0.6341244578361511,0.0017830422148108482,0.007015538401901722,-0.499347984790802,,11
fixed,2020-02-28_RD,2021-01-06_CO,RD,CO,313,-6.5729570388793945,-12.399518966674805,-0.7463957667350769,1.2023383378982544,0.2706260681152344,0.6296805143356323,0.008452355861663818,0.009247281588613987,-0.4590785503387451,,12
fixed,2020-03-02_RD,2021-01-06_CO,RD,CO,310,-12.579264640808105,-23.3100643157959,-1.8484636545181274,1.0894302129745483,0.24734824895858765,0.631676435470581,0.008905628696084023,0.014357529580593109,-0.4476214051246643,,10
fixed,2020-03-10_RD,2021-01-06_CO,RD,CO,302,-1.9042974710464478,-3.73980712890625,-0.06878790259361267,1.1303715705871582,0.3166339099407196,0.6557821035385132,0.009699269197881222,0.0035370870027691126,-0.6010086536407471,,11
fixed,2020-03-13_RD,2021-01-06_CO,RD,CO,299,-2.1162502765655518,-3.4802229404449463,-0.7522777915000916,1.177039623260498,0.28997084498405457,0.649408221244812,0.01563558354973793,0.012459410354495049,-1.0212197303771973,,10
fixed,2020-03-17_RD,2021-01-06_CO,RD,CO,295,-0.6715755462646484,-1.1821948289871216,-0.16095632314682007,1.072657823562622,0.333182692527771,0.6181213855743408,0.013287653215229511,0.004815122578293085,-1.0833073854446411,,9
fixed,2020-03-18_RD,2021-01-06_CO,RD,CO,294,-0.4482828676700592,-0.7339017987251282,-0.16266393661499023,1.1010830402374268,0.31951048970222473,0.6017391085624695,0.007749310228973627,0.005717981606721878,-1.1219074726104736,,10
fixed,2020-03-19_RD,2021-01-06_CO,RD,CO,293,-7.721381187438965,-12.349295616149902,-3.0934669971466064,1.2160629034042358,0.3451502025127411,0.6669016480445862,0.003510518465191126,0.02349725365638733,-0.9085702896118164,,8
fixed,2020-03-20_RD,2021-01-06_CO,RD,CO,292,-25.475841522216797,-47.685020446777344,-3.2666640281677246,1.1666110754013062,0.27159664034843445,0.6541147232055664,0.012903044000267982,0.02404130809009075,0.09169705212116241,,10
fixed,2020-06-26_CO,2021-01-06_CO,CO,CO,194,-1.4339163303375244,-2.3231027126312256,-0.5447301864624023,0.9913882613182068,0.24548618495464325,0.6644822359085083,0.008536344394087791,0.008644216693937778,-0.7270398139953613,,9
fixed,2020-07-08_CO,2021-01-06_CO,CO,CO,182,-1.2995165586471558,-2.54190993309021,-0.05712318420410156,0.921492338180542,0.24659621715545654,0.6125890016555786,0.013003481552004814,0.0024894215166568756,-0.5616593360900879,0.3759837746620178,7
fixed,2020-07-14_CO,2021-01-06_CO,CO,CO,176,-1.130030632019043,-2.016428232192993,-0.24363309144973755,1.031446099281311,0.21743397414684296,0.6695324182510376,0.008147381246089935,0.0057426029816269875,-0.4773027300834656,0.3759837746620178,29
fixed,2020-07-29_RD,2021-01-06_CO,RD,CO,161,-2.756462574005127,-5.066033363342285,-0.44689130783081055,1.1377344131469727,0.20624400675296783,0.6291350722312927,0.0190436914563179,0.0061734640039503574,-0.3838254511356354,0.20381173491477966,10
fixed,2020-07-31_CO,2021-01-06_CO,CO,CO,159,-1.7914047241210938,-3.6051383018493652,0.02232891321182251,1.0990796089172363,0.23449838161468506,0.6816346645355225,0.005333652254194021,0.0012739459052681923,-0.7040970325469971,0.20381173491477966,32
fixed,2020-08-08_RD,2021-01-06_CO,RD,CO,151,-4.537281036376953,-5.825716495513916,-3.2488460540771484,1.0020121335983276,0.23257534205913544,0.6558309197425842,0.017406858503818512,0.02155953273177147,-0.3911583721637726,0.19468797743320465,5
fixed,2020-08-11_RD,2021-01-06_CO,RD,CO,148,-1.5108648538589478,-2.443232536315918,-0.5784971117973328,1.1810083389282227,0.25374940037727356,0.6781399250030518,0.009191971272230148,0.007368292193859816,-0.46711695194244385,0.19468797743320465,6
fixed,2020-08-22_RD,2021-01-06_CO,RD,CO,137,-16.101234436035156,-26.096420288085938,-6.106047630310059,1.0332659482955933,0.2365860790014267,0.6559833288192749,0.013842515647411346,0.032863467931747437,-0.22367528080940247,0.1762460321187973,9
fixed,2020-08-29_RD,2021-01-06_CO,RD,CO,130,-1.6336477994918823,-3.0131025314331055,-0.25419288873672485,0.8483174443244934,0.2304500937461853,0.6912007331848145,0.03513519838452339,0.005987557116895914,-1.2192538976669312,0.19865091145038605,15
fixed,2020-09-04_RD,2021-01-06_CO,RD,CO,124,-6.398383140563965,-12.335683822631836,-0.46108222007751465,0.9353504776954651,0.25460487604141235,0.704609215259552,0.01114252395927906,0.009242067113518715,-0.3866691589355469,0.19865091145038605,8
fixed,2020-09-24_CO,2021-01-06_CO,CO,CO,104,-3.792902708053589,-6.094374656677246,-1.4914307594299316,0.8626968860626221,0.19886142015457153,0.62342768907547,0.005941210314631462,0.017842259258031845,-0.30882182717323303,0.20787066221237183,8
fixed,2020-09-28_CO,2021-01-06_CO,CO,CO,100,-1.0366932153701782,-0.3120635151863098,-1.7613229751586914,0.8666091561317444,0.2171047478914261,0.6095840930938721,0.01549515500664711,0.017262492328882217,-0.879427433013916,0.17546460032463074,8
fixed,2020-09-29_CO,2021-01-06_CO,CO,CO,99,-3.155311346054077,-5.64486026763916,-0.6657626032829285,0.7653016448020935,0.20232133567333221,0.6374268531799316,0.005184120964258909,0.010884036310017109,-0.217483788728714,0.17546460032463074,7
fixed,2020-10-02_CO,2021-01-06_CO,CO,CO,96,-6.233711242675781,-12.29327392578125,-0.1741487979888916,0.8925006985664368,0.21435706317424774,0.6860398650169373,0.011290466412901878,0.004882493056356907,-0.5015203952789307,0.17546460032463074,7
fixed,2020-10-07_CO,2021-01-06_CO,CO,CO,91,-1.4820165634155273,-0.2129599153995514,-2.751073122024536,0.7971398234367371,0.19372184574604034,0.6610066294670105,0.0033887799363583326,0.019026316702365875,-0.8978683948516846,0.17546460032463074,9
fixed,2020-10-12_CO,2021-01-06_CO,CO,CO,86,-8.097185134887695,-14.648848533630371,-1.5455213785171509,0.9769861102104187,0.2159106284379959,0.6490554809570312,0.008725752122700214,0.014451151713728905,0.26352596282958984,0.14393766224384308,4
fixed,2020-10-16_CO,2021-01-06_CO,CO,CO,82,-5.454806327819824,-9.00737190246582,-1.9022407531738281,0.9609351754188538,0.199925497174263,0.6517282724380493,0.012909315526485443,0.017307741567492485,0.01065482385456562,0.14393766224384308,6
fixed,2020-10-23_CO,2021-01-06_CO,CO,CO,75,-7.640283107757568,-10.525370597839355,-4.755195140838623,0.8920607566833496,0.2022673338651657,0.6634913682937622,0.007150269579142332,0.025881251320242882,-0.22944505512714386,1.8740684986114502,4
fixed,2020-11-03_CO,2021-01-06_CO,CO,CO,64,-4.297617435455322,-8.319330215454102,-0.27590465545654297,0.8340581059455872,0.21822470426559448,0.6049140095710754,0.008040253072977066,0.007496070582419634,-0.7151274681091309,0.1025877296924591,5
fixed,2020-11-05_CO,2021-01-06_CO,CO,CO,62,-1.533537745475769,-2.582240104675293,-0.4848354160785675,0.7849843502044678,0.1967272013425827,0.6154524087905884,0.002557713072746992,0.008293641731142998,-0.7579174041748047,0.1025877296924591,9
fixed,2020-11-09_CO,2021-01-06_CO,CO,CO,58,-1.665452003479004,-1.1665574312210083,-2.164346694946289,0.8481531143188477,0.16951704025268555,0.6444723010063171,0.006548829842358828,0.021776147186756134,-0.6953922510147095,0.1025877296924591,6
fixed,2020-11-16_CO,2021-01-06_CO,CO,CO,51,-1.5304653644561768,-1.3536748886108398,-1.7072557210922241,0.9572699666023254,0.1876954585313797,0.5673781037330627,0.03161410242319107,0.019109731540083885,-0.41477736830711365,0.10197404026985168,8
fixed,2020-12-03_CO,2021-01-06_CO,CO,CO,34,-4.037208557128906,-4.5862226486206055,-3.488194227218628,0.9490547776222229,0.2035159021615982,0.6372796893119812,0.008464280515909195,0.01949000172317028,-0.2529633343219757,0.13855454325675964,7
fixed,2020-12-04_CO,2021-01-06_CO,CO,CO,33,-3.4341936111450195,-4.903167724609375,-1.965219259262085,0.8302721977233887,0.23830179870128632,0.5920781493186951,0.006407526321709156,0.016761168837547302,-0.24954485893249512,0.13855454325675964,9
fixed,2020-12-11_CO,2021-01-06_CO,CO,CO,26,-1.6468151807785034,-0.5777909159660339,-2.715839385986328,0.8147976994514465,0.24706129729747772,0.5275265574455261,0.06260820478200912,0.023710947483778,-0.6062697768211365,0.1017538458108902,9
fixed,2020-12-12_RD,2021-01-06_CO,RD,CO,25,-6.36474609375,-12.188493728637695,-0.5409984588623047,0.7686409950256348,0.17795364558696747,0.5810282826423645,0.012208976782858372,0.00820724107325077,-0.3441581428050995,0.1017538458108902,11
fixed,2021-01-04_CO,2021-01-06_CO,CO,CO,2,-4.824844837188721,-9.541568756103516,-0.10812079906463623,0.556166410446167,0.10183636099100113,0.5092129111289978,0.015408900566399097,0.006412237882614136,-0.5743530988693237,0.0,7
fixed,2021-01-05_CO,2021-01-06_CO,CO,CO,1,-3.463649272918701,-6.892244815826416,-0.03505343198776245,0.59964519739151,0.121389240026474,0.40927183628082275,0.028013169765472412,0.004083782900124788,-0.558762788772583,0.0,9
fixed,2021-01-06_CO,2021-01-06_CO,CO,CO,0,0.2647779583930969,0.3321356773376465,0.19742023944854736,0.038795679807662964,0.02434893511235714,0.08098918199539185,0.0004259764973539859,0.0008460680255666375,-0.7815043926239014,0.0,0
renorm,2020-01-27_CO,2021-01-06_CO,CO,CO,345,-0.06340630352497101,-0.07446151971817017,-0.05235108733177185,0.038795679807662964,0.02434893511235714,0.4495144486427307,0.0006331797339953482,0.000205779739189893,-1.1584208011627197,0.3261106014251709,10
renorm,2020-01-30_CO,2021-01-06_CO,CO,CO,342,-0.006540283560752869,0.021482199430465698,-0.034562766551971436,0.038795679807662964,0.02434893511235714,0.421716570854187,0.0005445970455184579,0.0004983979160897434,-0.9067980647087097,0.3261106014251709,12
renorm,2020-02-04_CO,2021-01-06_CO,CO,CO,337,-0.08218234777450562,-0.16381672024726868,-0.0005479753017425537,0.038795679807662964,0.02434893511235714,0.439008891582489,0.0005360606592148542,0.00042322248918935657,-0.8471116423606873,0.3261106014251709,7
renorm,2020-02-05_CO,2021-01-06_CO,CO,CO,336,-0.08324670791625977,-0.14294660091400146,-0.023546814918518066,0.038795679807662964,0.02434893511235714,0.43353933095932007,0.000671334913931787,0.0007348880171775818,-0.7733824253082275,0.3261106014251709,12
renorm,2020-02-06_CO,2021-01-06_CO,CO,CO,335,-0.0818701982498169,-0.11374104022979736,-0.049999356269836426,0.038795679807662964,0.02434893511235714,0.44896382093429565,0.000656121177598834,0.00030592799885198474,-0.902523398399353,,10
renorm,2020-02-11_CO,2021-01-06_CO,CO,CO,330,-0.0935455709695816,-0.13444766402244568,-0.05264347791671753,0.038795679807662964,0.02434893511235714,0.4204307198524475,0.0006230984581634402,0.0005059852264821529,-0.9531121253967285,,12
renorm,2020-02-22_CO,2021-01-06_CO,CO,CO,319,-0.0007105767726898193,-0.024579674005508423,0.023158520460128784,0.038795679807662964,0.02434893511235714,0.43145936727523804,0.0004970351001247764,0.0009816203964874148,-1.0244377851486206,,12
renorm,2020-02-24_CO,2021-01-06_CO,CO,CO,317,-0.09864287078380585,-0.155207097530365,-0.042078644037246704,0.038795679807662964,0.02434893511235714,0.42744457721710205,0.0006324279238469899,0.0010673943907022476,-0.5790793895721436,,9
renorm,2020-02-25_CO,2021-01-06_CO,CO,CO,316,-0.1208333671092987,-0.1845320463180542,-0.05713468790054321,0.038795679807662964,0.02434893511235714,0.4664269685745239,0.0005895307403989136,0.0004025075468234718,-0.7711368799209595,,11
renorm,2020-02-28_RD,2021-01-06_CO,RD,CO,313,-0.2867318093776703,-0.5411633253097534,-0.03230029344558716,0.038795679807662964,0.02434893511235714,0.4406222105026245,0.0006353345816023648,0.00032768258824944496,-0.9150406122207642,,12
renorm,2020-03-02_RD,2021-01-06_CO,RD,CO,310,-0.33172687888145447,-0.5885236263275146,-0.07493013143539429,0.038795679807662964,0.02434893511235714,0.4207737445831299,0.0008068167371675372,0.0008140555582940578,-1.0020182132720947,,10
renorm,2020-03-10_RD,2021-01-06_CO,RD,CO,302,-0.271047443151474,-0.5389963388442993,-0.0030985474586486816,0.038795679807662964,0.02434893511235714,0.43931853771209717,0.0006884075701236725,0.0004431859706528485,-0.8053045868873596,,11
renorm,2020-03-13_RD,2021-01-06_CO,RD,CO,299,-0.2005348801612854,-0.3707506060600281,-0.030319154262542725,0.038795679807662964,0.02434893511235714,0.4253137707710266,0.0008103682193905115,0.0004966228152625263,-1.1690696477890015,,10
renorm,2020-03-17_RD,2021-01-06_CO,RD,CO,295,-0.2106124460697174,-0.38301509618759155,-0.03820979595184326,0.038795679807662964,0.02434893511235714,0.42509204149246216,0.0008611835073679686,0.00033489346969872713,-0.7143969535827637,,9
renorm,2020-03-18_RD,2021-01-06_CO,RD,CO,294,-0.2330019474029541,-0.42966508865356445,-0.03633880615234375,0.038795679807662964,0.02434893511235714,0.41577351093292236,0.0012809191830456257,0.0003648041747510433,-0.9210278987884521,,10
renorm,2020-03-19_RD,2021-01-06_CO,RD,CO,293,-0.23499424755573273,-0.3759700655937195,-0.09401842951774597,0.038795679807662964,0.02434893511235714,0.4148763418197632,0.0007225407753139734,0.00031075908918865025,-1.2193467617034912,,8
renorm,2020-03-20_RD,2021-01-06_CO,RD,CO,292,-0.3329964876174927,-0.583095371723175,-0.08289757370948792,0.038795679807662964,0.02434893511235714,0.4248877167701721,0.0009063305915333331,0.0005630229134112597,-1.0360621213912964,,10
renorm,2020-06-26_CO,2021-01-06_CO,CO,CO,194,-0.2305193394422531,-0.4146847724914551,-0.04635390639305115,0.038795679807662964,0.02434893511235714,0.42508184909820557,0.0004682457074522972,0.0005351289873942733,-0.9095330238342285,,9
renorm,2020-07-08_CO,2021-01-06_CO,CO,CO,182,-0.10444134473800659,-0.19847571849822998,-0.010406970977783203,0.038795679807662964,0.02434893511235714,0.4297524094581604,0.0005625775083899498,0.0005124039016664028,-0.8703091740608215,0.3759837746620178,7
renorm,2020-07-14_CO,2021-01-06_CO,CO,CO,176,-0.21333763003349304,-0.39074456691741943,-0.03593069314956665,0.038795679807662964,0.02434893511235714,0.43061894178390503,0.0005995830288156867,0.0004381482722237706,-1.0487250089645386,0.3759837746620178,29
renorm,2020-07-29_RD,2021-01-06_CO,RD,CO,161,-0.13009850680828094,-0.24093389511108398,-0.019263118505477905,0.038795679807662964,0.02434893511235714,0.3869527578353882,0.0007107776473276317,0.00034379196586087346,-0.9885420799255371,0.20381173491477966,10
renorm,2020-07-31_CO,2021-01-06_CO,CO,CO,159,-0.04894094169139862,-0.12249612808227539,0.02461424469947815,0.038795679807662964,0.02434893511235714,0.4144219160079956,0.000575421319808811,0.0013957465998828411,-1.2586438655853271,0.20381173491477966,32
renorm,2020-08-08_RD,2021-01-06_CO,RD,CO,151,-0.19603848457336426,-0.33143359422683716,-0.06064337491989136,0.038795679807662964,0.02434893511235714,0.4506286382675171,0.0008422568789683282,0.00034587274421937764,-0.9375727772712708,0.19468797743320465,5
renorm,2020-08-11_RD,2021-01-06_CO,RD,CO,148,-0.22618865966796875,-0.37617558240890503,-0.07620173692703247,0.038795679807662964,0.02434893511235714,0.4514276385307312,0.0009322320111095905,0.0007110181031748652,-0.8512133955955505,0.19468797743320465,6
renorm,2020-08-22_RD,2021-01-06_CO,RD,CO,137,-0.21243871748447418,-0.40542060136795044,-0.019456833600997925,0.038795679807662964,0.02434893511235714,0.48919880390167236,0.0009853281080722809,0.0009520870517008007,-1.2526103258132935,0.1762460321187973,9
renorm,2020-08-29_RD,2021-01-06_CO,RD,CO,130,-0.09696340560913086,-0.13620352745056152,-0.057723283767700195,0.038795679807662964,0.02434893511235714,0.4334335923194885,0.001154094934463501,0.00039956855471245944,-1.1808222532272339,0.19865091145038605,15
renorm,2020-09-04_RD,2021-01-06_CO,RD,CO,124,-0.13655948638916016,-0.27296411991119385,-0.00015485286712646484,0.038795679807662964,0.02434893511235714,0.4584276080131531,0.0008769198320806026,0.0003336386289447546,-0.84806227684021,0.19865091145038605,8
renorm,2020-09-24_CO,2021-01-06_CO,CO,CO,104,0.02388516068458557,-0.030481815338134766,0.07825213670730591,0.038795679807662964,0.02434893511235714,0.3962486982345581,0.0005752278957515955,9.66601655818522e-05,-0.8772098422050476,0.20787066221237183,8
renorm,2020-09-28_CO,2021-01-06_CO,CO,CO,100,0.052177369594573975,0.09035849571228027,0.013996243476867676,0.038795679807662964,0.02434893511235714,0.4276861548423767,0.00047248718328773975,0.00011832652671728283,-0.8702478408813477,0.17546460032463074,8
renorm,2020-09-29_CO,2021-01-06_CO,CO,CO,99,-0.05284148454666138,-0.1233927309513092,0.01770976185798645,0.038795679807662964,0.02434893511235714,0.41002148389816284,0.0006589341210201383,0.0006936323479749262,-0.5346286296844482,0.17546460032463074,7
renorm,2020-10-02_CO,2021-01-06_CO,CO,CO,96,0.005057841539382935,0.0023263096809387207,0.0077893733978271484,0.038795679807662964,0.02434893511235714,0.4242311716079712,0.0007464184891432524,0.0005859575467184186,-1.131598711013794,0.17546460032463074,7
renorm,2020-10-07_CO,2021-01-06_CO,CO,CO,91,0.08557036519050598,0.12045252323150635,0.050688207149505615,0.038795679807662964,0.02434893511235714,0.3946477174758911,0.0005424452247098088,0.0004544368421193212,-1.1061681509017944,0.17546460032463074,9
renorm,2020-10-12_CO,2021-01-06_CO,CO,CO,86,0.01806873083114624,0.038289666175842285,-0.0021522045135498047,0.038795679807662964,0.02434893511235714,0.43801891803741455,0.00043740685214288533,0.00031865134951658547,-0.8201466202735901,0.14393766224384308,4
renorm,2020-10-16_CO,2021-01-06_CO,CO,CO,82,-0.03533947467803955,-0.08813393115997314,0.017454981803894043,0.038795679807662964,0.02434893511235714,0.4150427579879761,0.0005973015213385224,0.00029805852682329714,-0.8494367003440857,0.14393766224384308,6
renorm,2020-10-23_CO,2021-01-06_CO,CO,CO,75,-0.04376518726348877,-0.08473372459411621,-0.002796649932861328,0.038795679807662964,0.02434893511235714,0.4266165494918823,0.000593458884395659,0.00040509572136215866,-1.086108922958374,1.8740684986114502,4
renorm,2020-11-03_CO,2021-01-06_CO,CO,CO,64,0.09268265962600708,0.10753524303436279,0.07783007621765137,0.038795679807662964,0.02434893511235714,0.33966296911239624,0.0004365566710475832,9.16890348889865e-05,-0.9856665134429932,0.1025877296924591,5
renorm,2020-11-05_CO,2021-01-06_CO,CO,CO,62,0.031196266412734985,0.029960304498672485,0.032432228326797485,0.038795679807662964,0.02434893511235714,0.3992868661880493,0.000575632497202605,0.0003667442360892892,-0.8729693293571472,0.1025877296924591,9
renorm,2020-11-09_CO,2021-01-06_CO,CO,CO,58,0.06682002544403076,0.057595640420913696,0.07604441046714783,0.038795679807662964,0.02434893511235714,0.4430654048919678,0.00040903768967837095,0.00038552057230845094,-1.1358941793441772,0.1025877296924591,6
renorm,2020-11-16_CO,2021-01-06_CO,CO,CO,51,0.050274938344955444,0.06288126111030579,0.0376686155796051,0.038795679807662964,0.02434893511235714,0.38692474365234375,0.0004732119559776038,0.00015155680011957884,-0.786766767501831,0.10197404026985168,8
renorm,2020-12-03_CO,2021-01-06_CO,CO,CO,34,0.08624359965324402,0.1317150890827179,0.04077211022377014,0.038795679807662964,0.02434893511235714,0.4690031409263611,0.0005541386199183762,0.00025931495474651456,-0.9993915557861328,0.13855454325675964,7
renorm,2020-12-04_CO,2021-01-06_CO,CO,CO,33,0.06669673323631287,0.04913830757141113,0.0842551589012146,0.038795679807662964,0.02434893511235714,0.4198763966560364,0.0008500023395754397,0.00017229655350092798,-0.8839221596717834,0.13855454325675964,9
renorm,2020-12-11_CO,2021-01-06_CO,CO,CO,26,-0.15869171917438507,-0.32817864418029785,0.01079520583152771,0.038795679807662964,0.02434893511235714,0.48990076780319214,0.0017077075317502022,0.0009780449327081442,-0.7527245283126831,0.1017538458108902,9
renorm,2020-12-12_RD,2021-01-06_CO,RD,CO,25,-0.1409011334180832,-0.20382046699523926,-0.07798179984092712,0.038795679807662964,0.02434893511235714,0.40538501739501953,0.0010903533548116684,0.0012621621135622263,-1.0709878206253052,0.1017538458108902,11
renorm,2021-01-04_CO,2021-01-06_CO,CO,CO,2,0.1653250753879547,0.2147234082221985,0.11592674255371094,0.038795679807662964,0.02434893511235714,0.2816893458366394,0.0004384515050332993,0.0007576516945846379,-1.0159810781478882,0.0,7
renorm,2021-01-05_CO,2021-01-06_CO,CO,CO,1,0.1712557077407837,0.24895089864730835,0.09356051683425903,0.038795679807662964,0.02434893511235714,0.32474201917648315,0.0005697209271602333,0.00025758869014680386,-0.8685033917427063,0.0,9
renorm,2021-01-06_CO,2021-01-06_CO,CO,CO,0,0.26571351289749146,0.3339228332042694,0.1975041627883911,0.038795679807662964,0.02434893511235714,0.08098918199539185,0.0004215712833683938,0.0008493977366015315,-0.7840332388877869,0.0,0
fixed,2020-01-27_CO,2021-01-08_CO,CO,CO,347,-2.117596387863159,-3.83888578414917,-0.3963070511817932,1.2420555353164673,0.33558857440948486,0.6324610114097595,0.0027563166804611683,0.005737222731113434,-1.512190818786621,0.3261106014251709,14
fixed,2020-01-30_CO,2021-01-08_CO,CO,CO,344,-2.7044472694396973,-3.5347838401794434,-1.874110460281372,1.2895365953445435,0.35471558570861816,0.6676617860794067,0.002219762420281768,0.014426572248339653,-1.1960023641586304,0.3261106014251709,17
fixed,2020-02-04_CO,2021-01-08_CO,CO,CO,339,-0.920946478843689,-1.631300687789917,-0.21059226989746094,1.2087422609329224,0.35251855850219727,0.6605077385902405,0.0067413561046123505,0.0039989943616092205,-0.7768242955207825,0.3261106014251709,12
fixed,2020-02-05_CO,2021-01-08_CO,CO,CO,338,-1.2468211650848389,-1.992515206336975,-0.5011270642280579,1.3166509866714478,0.37011948227882385,0.6621977686882019,0.007270816247910261,0.00814812071621418,-1.1423680782318115,0.3261106014251709,15
fixed,2020-02-06_CO,2021-01-08_CO,CO,CO,337,-2.8097164630889893,-4.647850036621094,-0.9715828895568848,1.3547755479812622,0.3829936981201172,0.6589576601982117,0.009710765443742275,0.010263131931424141,-1.1761544942855835,,13
fixed,2020-02-11_CO,2021-01-08_CO,CO,CO,332,-1.9634954929351807,-2.0296552181243896,-1.8973356485366821,1.1828569173812866,0.3175537884235382,0.6461601257324219,0.008536936715245247,0.015029491856694221,-1.0567163228988647,,15
fixed,2020-02-22_CO,2021-01-08_CO,CO,CO,321,-0.18585315346717834,-0.2578069269657135,-0.11389937996864319,1.1903711557388306,0.3182297646999359,0.5917358994483948,0.004164549056440592,0.003874656744301319,-1.4637959003448486,,16
fixed,2020-02-24_CO,2021-01-08_CO,CO,CO,319,-0.33817389607429504,-0.07745012640953064,-0.5988976359367371,1.1512726545333862,0.29102638363838196,0.6459828615188599,0.010516731068491936,0.006574718747287989,-0.6278486251831055,,12
fixed,2020-02-25_CO,2021-01-08_CO,CO,CO,318,-0.3631630539894104,-0.6720812916755676,-0.054244816303253174,1.1726895570755005,0.3062107264995575,0.6193010210990906,0.003115331055596471,0.0014938305830582976,-1.046149730682373,,13
fixed,2020-02-28_RD,2021-01-08_CO,RD,CO,315,-0.7599863409996033,-1.4950406551361084,-0.02493208646774292,1.217510461807251,0.28348565101623535,0.6023160219192505,0.005629708990454674,0.0015185142401605844,-1.201478123664856,,14
fixed,2020-03-02_RD,2021-01-08_CO,RD,CO,312,-1.9140311479568481,-3.1549315452575684,-0.6731308102607727,1.1172419786453247,0.274188756942749,0.6130748987197876,0.00912830512970686,0.008343576453626156,-1.2724075317382812,,15
fixed,2020-03-10_RD,2021-01-08_CO,RD,CO,304,-0.5924838781356812,-0.8218092918395996,-0.36315852403640747,1.1636186838150024,0.3326009213924408,0.620027482509613,0.01164342276751995,0.005913679488003254,-1.257606863975525,,15
fixed,2020-03-13_RD,2021-01-08_CO,RD,CO,301,-0.22766102850437164,-0.34752124547958374,-0.10780081152915955,1.2298893928527832,0.3044905960559845,0.6296901702880859,0.01052227895706892,0.0019291918724775314,-1.3479907512664795,,14
fixed,2020-03-17_RD,2021-01-08_CO,RD,CO,297,-0.9486629962921143,-1.0753567218780518,-0.821969211101532,1.1870144605636597,0.3752962648868561,0.6391251683235168,0.014008737169206142,0.008999970741569996,-1.0689990520477295,,11
fixed,2020-03-18_RD,2021-01-08_CO,RD,CO,296,-0.5787692070007324,-0.9907534718513489,-0.16678500175476074,1.2287601232528687,0.35549601912498474,0.6440010070800781,0.018495623022317886,0.0028960970230400562,-1.228410243988037,,13
fixed,2020-03-19_RD,2021-01-08_CO,RD,CO,295,-4.036712646484375,-6.61775016784668,-1.455675482749939,1.226341724395752,0.36144623160362244,0.6335639953613281,0.003598857671022415,0.01354891061782837,-1.302534580230713,,10
fixed,2020-03-20_RD,2021-01-08_CO,RD,CO,294,-5.306704521179199,-6.545751571655273,-4.067656993865967,1.2042144536972046,0.281942218542099,0.6469552516937256,0.007254457101225853,0.02279108762741089,-0.6025871634483337,,11
fixed,2020-06-26_CO,2021-01-08_CO,CO,CO,196,-2.7265100479125977,-3.9265100955963135,-1.526510238647461,0.9650265574455261,0.24216775596141815,0.6187202334403992,0.015649808570742607,0.012365187518298626,-1.0195603370666504,,12
fixed,2020-07-08_CO,2021-01-08_CO,CO,CO,184,-0.7136718034744263,-1.1014070510864258,-0.32593658566474915,0.9463384747505188,0.24974189698696136,0.6402475833892822,0.009278422221541405,0.004135648254305124,-0.9382525682449341,0.3759837746620178,8
fixed,2020-07-14_CO,2021-01-08_CO,CO,CO,178,-0.5978876352310181,-0.2563474178314209,-0.9394277930259705,0.9099194407463074,0.21449442207813263,0.6222480535507202,0.013013608753681183,0.00907079130411148,-0.9196640253067017,0.3759837746620178,33
fixed,2020-07-29_RD,2021-01-08_CO,RD,CO,163,-5.212740898132324,-2.098262310028076,-8.327219009399414,0.9298185706138611,0.20285041630268097,0.5852448344230652,0.009876027703285217,0.03224702179431915,-1.1501693725585938,0.20381173491477966,13
fixed,2020-07-31_CO,2021-01-08_CO,CO,CO,161,-1.6664129495620728,-1.738983392715454,-1.5938425064086914,1.1902958154678345,0.24843920767307281,0.6570597290992737,0.006699605844914913,0.01179241668432951,-0.9020712375640869,0.20381173491477966,38
fixed,2020-08-08_RD,2021-01-08_CO,RD,CO,153,-1.2496826648712158,-1.551511287689209,-0.9478539228439331,1.009042739868164,0.24195055663585663,0.6623942255973816,0.012938594445586205,0.007133727427572012,-0.9755929708480835,0.19468797743320465,6
fixed,2020-08-11_RD,2021-01-08_CO,RD,CO,150,-5.144772052764893,-6.036968231201172,-4.252575874328613,1.282719373703003,0.2798229157924652,0.6473019123077393,0.011294280178844929,0.02339983358979225,-0.9337687492370605,0.19468797743320465,6
fixed,2020-08-22_RD,2021-01-08_CO,RD,CO,139,-21.893924713134766,-42.612892150878906,-1.1749579906463623,0.9844817519187927,0.2264644354581833,0.6772516965866089,0.01837822236120701,0.011561539024114609,-0.3035392761230469,0.1762460321187973,10
fixed,2020-08-29_RD,2021-01-08_CO,RD,CO,132,-1.5955328941345215,-2.234126091003418,-0.9569398760795593,0.8503542542457581,0.23724202811717987,0.6712925434112549,0.06355633586645126,0.010320397093892097,-1.3411195278167725,0.19865091145038605,19
fixed,2020-09-04_RD,2021-01-08_CO,RD,CO,126,-0.4401454031467438,-0.651809811592102,-0.2284809947013855,0.8617367148399353,0.2600760757923126,0.6652534008026123,0.0034867129288613796,0.0035078972578048706,-0.9367716312408447,0.19865091145038605,10
fixed,2020-09-24_CO,2021-01-08_CO,CO,CO,106,-1.4001919031143188,-1.4593662023544312,-1.3410176038742065,0.8302817344665527,0.1989385485649109,0.6466475129127502,0.0035895146429538727,0.010414564050734043,-0.9235849380493164,0.20787066221237183,9
fixed,2020-09-28_CO,2021-01-08_CO,CO,CO,102,-0.6563172340393066,-0.8477362990379333,-0.46489810943603516,0.8247460722923279,0.22109068930149078,0.6307380199432373,0.01046024914830923,0.008201888762414455,-1.186612606048584,0.17546460032463074,10
fixed,2020-09-29_CO,2021-01-08_CO,CO,CO,101,-0.5571211576461792,-0.23201137781143188,-0.8822309374809265,0.7269392013549805,0.21071334183216095,0.6389880776405334,0.0077186645939946175,0.009842530824244022,-0.8165691494941711,0.17546460032463074,9
fixed,2020-10-02_CO,2021-01-08_CO,CO,CO,98,-1.1071743965148926,-1.341923475265503,-0.8724253177642822,0.8554306030273438,0.2330467253923416,0.6801573634147644,0.008702428080141544,0.008381416089832783,-0.9952878952026367,0.17546460032463074,7
fixed,2020-10-07_CO,2021-01-08_CO,CO,CO,93,-1.1722393035888672,-0.8758741617202759,-1.468604564666748,0.80335932970047,0.2081107646226883,0.6434425115585327,0.003614769084379077,0.01362686138600111,-1.2205592393875122,0.17546460032463074,11
fixed,2020-10-12_CO,2021-01-08_CO,CO,CO,88,-0.8942053318023682,-1.5715272426605225,-0.2168833613395691,0.8299217820167542,0.20514804124832153,0.6677480936050415,0.007083038333803415,0.004875695798546076,-0.23160211741924286,0.14393766224384308,5
fixed,2020-10-16_CO,2021-01-08_CO,CO,CO,84,-3.086625099182129,-4.867856025695801,-1.305394172668457,0.9719926714897156,0.21072430908679962,0.6636420488357544,0.010651776567101479,0.010602694004774094,-0.40483540296554565,0.14393766224384308,8
fixed,2020-10-23_CO,2021-01-08_CO,CO,CO,77,-0.6914937496185303,-0.38151901960372925,-1.0014684200286865,0.8896151185035706,0.21460942924022675,0.6810153722763062,0.00690330658107996,0.009386490099132061,-0.8072613477706909,1.8740684986114502,4
fixed,2020-11-03_CO,2021-01-08_CO,CO,CO,66,-3.72737455368042,-6.066367149353027,-1.3883817195892334,0.7641801238059998,0.21841907501220703,0.6512701511383057,0.004935072269290686,0.014132747426629066,-0.5408593416213989,0.1025877296924591,7
fixed,2020-11-05_CO,2021-01-08_CO,CO,CO,64,-0.6894293427467346,-1.3880139589309692,0.009155184030532837,0.7743600010871887,0.21690471470355988,0.6478861570358276,0.0038682795129716396,0.0021508161444216967,-0.8908910751342773,0.1025877296924591,11
fixed,2020-11-09_CO,2021-01-08_CO,CO,CO,60,-2.861900568008423,-4.560090065002441,-1.1637108325958252,0.8541547656059265,0.18044675886631012,0.6730861663818359,0.00694742938503623,0.012745507061481476,-0.8695685863494873,0.1025877296924591,8
fixed,2020-11-16_CO,2021-01-08_CO,CO,CO,53,-2.356161594390869,-1.788289189338684,-2.9240336418151855,0.878068208694458,0.18453575670719147,0.5627857446670532,0.015640534460544586,0.014844249002635479,-0.4837896525859833,0.10197404026985168,11
fixed,2020-12-03_CO,2021-01-08_CO,CO,CO,36,-0.7246361374855042,-1.1052407026290894,-0.34403151273727417,0.8386881351470947,0.18768705427646637,0.6314836144447327,0.0040178680792450905,0.006134677212685347,-0.722129762172699,0.13855454325675964,7
fixed,2020-12-04_CO,2021-01-08_CO,CO,CO,35,-0.06419453024864197,0.06006103754043579,-0.18845009803771973,0.7561233043670654,0.22970323264598846,0.6298151016235352,0.004442786797881126,0.006525023374706507,-0.4184638559818268,0.13855454325675964,10
fixed,2020-12-11_CO,2021-01-08_CO,CO,CO,28,-1.5030951499938965,-1.7636858224868774,-1.242504358291626,0.6804265379905701,0.2533903419971466,0.595229983329773,0.010342984460294247,0.00923196878284216,-0.8390153646469116,0.1017538458108902,12
fixed,2020-12-12_RD,2021-01-08_CO,RD,CO,27,-3.8882012367248535,-5.842544078826904,-1.9338583946228027,0.7191062569618225,0.17137499153614044,0.5867682695388794,0.007320147939026356,0.013997773639857769,-0.7225521802902222,0.1017538458108902,12
fixed,2021-01-04_CO,2021-01-08_CO,CO,CO,4,-1.6048133373260498,-3.2219431400299072,0.01231655478477478,0.5307919383049011,0.12131360918283463,0.5228570103645325,0.0031046627555042505,0.004263394046574831,-0.35987532138824463,0.0,9
fixed,2021-01-05_CO,2021-01-08_CO,CO,CO,3,-2.9745066165924072,-5.385420799255371,-0.5635923147201538,0.4750021994113922,0.11434509605169296,0.46424686908721924,0.011449187994003296,0.009844223037362099,-0.3617430627346039,0.0,9
fixed,2021-01-06_CO,2021-01-08_CO,CO,CO,2,-2.0768344402313232,-4.213902473449707,0.060233861207962036,0.43353962898254395,0.11807604879140854,0.3209480047225952,0.0013650766341015697,0.0026628405321389437,-0.42291706800460815,0.0,10
fixed,2021-01-08_CO,2021-01-08_CO,CO,CO,0,0.342917263507843,0.4232591986656189,0.26257532835006714,0.029138019308447838,0.014270675368607044,0.12891751527786255,0.00041438027983531356,0.0005179682630114257,-0.5887260437011719,0.0,0
renorm,2020-01-27_CO,2021-01-08_CO,CO,CO,347,-0.16573947668075562,-0.15549707412719727,-0.17598187923431396,0.029138019308447838,0.014270675368607044,0.4815775752067566,0.0005725989467464387,0.0006441274890676141,-1.2430437803268433,0.3261106014251709,14
renorm,2020-01-30_CO,2021-01-08_CO,CO,CO,344,-0.10854454338550568,-0.06627103686332703,-0.15081804990768433,0.029138019308447838,0.014270675368607044,0.46014392375946045,0.0005297398893162608,0.000261896348092705,-0.8198058605194092,0.3261106014251709,17
renorm,2020-02-04_CO,2021-01-08_CO,CO,CO,339,-0.17141446471214294,-0.2285325527191162,-0.11429637670516968,0.029138019308447838,0.014270675368607044,0.481522798538208,0.0005934726796112955,0.0007177208317443728,-0.8215417265892029,0.3261106014251709,12
renorm,2020-02-05_CO,2021-01-08_CO,CO,CO,338,-0.12106950581073761,-0.11880344152450562,-0.1233355700969696,0.029138019308447838,0.014270675368607044,0.493871808052063,0.0006882341695018113,0.0007316726259887218,-0.7836735248565674,0.3261106014251709,15
renorm,2020-02-06_CO,2021-01-08_CO,CO,CO,337,-0.15920114517211914,-0.18132954835891724,-0.13707274198532104,0.029138019308447838,0.014270675368607044,0.5189247727394104,0.0006649843999184668,0.0003840077843051404,-0.845982551574707,,13
renorm,2020-02-11_CO,2021-01-08_CO,CO,CO,332,-0.1705956608057022,-0.21905562281608582,-0.1221356987953186,0.029138019308447838,0.014270675368607044,0.48042869567871094,0.0006224664393812418,0.00043356051901355386,-1.0121151208877563,,15
renorm,2020-02-22_CO,2021-01-08_CO,CO,CO,321,-0.05874702334403992,-0.05008774995803833,-0.0674062967300415,0.029138019308447838,0.014270675368607044,0.47040843963623047,0.0005193100078031421,0.0006280256202444434,-1.0054943561553955,,16
renorm,2020-02-24_CO,2021-01-08_CO,CO,CO,319,-0.1129302978515625,-0.07638412714004517,-0.14947646856307983,0.029138019308447838,0.014270675368607044,0.44912803173065186,0.0005910469335503876,0.0002160377916879952,-0.7268021106719971,,12
renorm,2020-02-25_CO,2021-01-08_CO,CO,CO,318,-0.10173489153385162,-0.05197414755821228,-0.15149563550949097,0.029138019308447838,0.014270675368607044,0.48729628324508667,0.0006388048641383648,0.00038773243431933224,-0.9161778688430786,,13
renorm,2020-02-28_RD,2021-01-08_CO,RD,CO,315,-0.3460182547569275,-0.5153774619102478,-0.17665904760360718,0.029138019308447838,0.014270675368607044,0.4808119535446167,0.0007174218771979213,0.0006294809281826019,-1.1732053756713867,,14
renorm,2020-03-02_RD,2021-01-08_CO,RD,CO,312,-0.4020755887031555,-0.587048351764679,-0.21710282564163208,0.029138019308447838,0.014270675368607044,0.44452083110809326,0.0007740991422906518,0.0009633416775614023,-1.1353031396865845,,15
renorm,2020-03-10_RD,2021-01-08_CO,RD,CO,304,-0.33466410636901855,-0.5708386301994324,-0.09848955273628235,0.029138019308447838,0.014270675368607044,0.49557918310165405,0.0006922719767317176,0.0006757817463949323,-0.967786431312561,,15
renorm,2020-03-13_RD,2021-01-08_CO,RD,CO,301,-0.29101985692977905,-0.44023776054382324,-0.14180198311805725,0.029138019308447838,0.014270675368607044,0.4916992783546448,0.0007644089637324214,0.0009763106936588883,-1.2442076206207275,,14
renorm,2020-03-17_RD,2021-01-08_CO,RD,CO,297,-0.2548159956932068,-0.35459309816360474,-0.15503889322280884,0.029138019308447838,0.014270675368607044,0.4760891795158386,0.0008863151888363063,0.0008732853457331657,-0.6447370052337646,,11
renorm,2020-03-18_RD,2021-01-08_CO,RD,CO,296,-0.3872896134853363,-0.5315340161323547,-0.24304521083831787,0.029138019308447838,0.014270675368607044,0.48695915937423706,0.001219341647811234,0.0007650746847502887,-0.9123455286026001,,13
renorm,2020-03-19_RD,2021-01-08_CO,RD,CO,295,-0.4072960317134857,-0.5542659163475037,-0.2603261470794678,0.029138019308447838,0.014270675368607044,0.47798842191696167,0.0008165239705704153,0.0009572588605806231,-1.1555979251861572,,10
renorm,2020-03-20_RD,2021-01-08_CO,RD,CO,294,-0.5354812145233154,-0.8185989260673523,-0.2523634433746338,0.029138019308447838,0.014270675368607044,0.4718902111053467,0.0008977208053693175,0.0008448463631793857,-1.0226432085037231,,11
renorm,2020-06-26_CO,2021-01-08_CO,CO,CO,196,-0.2511923015117645,-0.4397105574607849,-0.06267404556274414,0.029138019308447838,0.014270675368607044,0.4750787019729614,0.0004562657850328833,0.0002004494599532336,-1.2275595664978027,,12
renorm,2020-07-08_CO,2021-01-08_CO,CO,CO,184,-0.13951773941516876,-0.21114090085029602,-0.0678945779800415,0.029138019308447838,0.014270675368607044,0.46328431367874146,0.0005157936247996986,0.0006249865982681513,-1.1173421144485474,0.3759837746620178,8
renorm,2020-07-14_CO,2021-01-08_CO,CO,CO,178,-0.17223921418190002,-0.2666054964065552,-0.07787293195724487,0.029138019308447838,0.014270675368607044,0.4870537519454956,0.0005973722436465323,0.00030913506634533405,-1.120396375656128,0.3759837746620178,33
renorm,2020-07-29_RD,2021-01-08_CO,RD,CO,163,-0.21469908952713013,-0.32257360219955444,-0.10682457685470581,0.029138019308447838,0.014270675368607044,0.4494975209236145,0.0006597841274924576,0.0006689781439490616,-1.2865875959396362,0.20381173491477966,13
renorm,2020-07-31_CO,2021-01-08_CO,CO,CO,161,-0.03148496150970459,-0.037805259227752686,-0.025164663791656494,0.029138019308447838,0.014270675368607044,0.44285809993743896,0.0005298230098560452,0.0003560433688107878,-1.1795871257781982,0.20381173491477966,38
renorm,2020-08-08_RD,2021-01-08_CO,RD,CO,153,-0.23326513171195984,-0.27465158700942993,-0.19187867641448975,0.029138019308447838,0.014270675368607044,0.41580116748809814,0.000890989787876606,0.00027911009965464473,-1.2742304801940918,0.19468797743320465,6
renorm,2020-08-11_RD,2021-01-08_CO,RD,CO,150,-0.2263374924659729,-0.2623428702354431,-0.19033211469650269,0.029138019308447838,0.014270675368607044,0.4492127299308777,0.0009902945021167397,0.0005460253451019526,-1.2030988931655884,0.19468797743320465,6
renorm,2020-08-22_RD,2021-01-08_CO,RD,CO,139,-0.21662333607673645,-0.370236337184906,-0.0630103349685669,0.029138019308447838,0.014270675368607044,0.48501044511795044,0.0010331165976822376,0.0001473332231398672,-1.3207135200500488,0.1762460321187973,10
renorm,2020-08-29_RD,2021-01-08_CO,RD,CO,132,-0.16097617149353027,-0.19124990701675415,-0.1307024359703064,0.029138019308447838,0.014270675368607044,0.450508713722229,0.0011852981988340616,0.0014484371058642864,-1.1369484663009644,0.19865091145038605,19
renorm,2020-09-04_RD,2021-01-08_CO,RD,CO,126,-0.1399950385093689,-0.2353495955467224,-0.04464048147201538,0.029138019308447838,0.014270675368607044,0.4742252826690674,0.0008365618996322155,0.0011446988210082054,-0.9911718964576721,0.19865091145038605,10
renorm,2020-09-24_CO,2021-01-08_CO,CO,CO,106,0.05829469859600067,-0.008430123329162598,0.12501952052116394,0.029138019308447838,0.014270675368607044,0.4099801182746887,0.0005698741297237575,0.0003205689718015492,-1.1479957103729248,0.20787066221237183,9
renorm,2020-09-28_CO,2021-01-08_CO,CO,CO,102,0.03377284109592438,0.02425822615623474,0.043287456035614014,0.029138019308447838,0.014270675368607044,0.4201788902282715,0.00045726230018772185,0.0004360359744168818,-1.1328872442245483,0.17546460032463074,10
renorm,2020-09-29_CO,2021-01-08_CO,CO,CO,101,-0.0880548357963562,-0.19234520196914673,0.016235530376434326,0.029138019308447838,0.014270675368607044,0.4177967309951782,0.0006522273761220276,0.0012391082709655166,-0.884993851184845,0.17546460032463074,9
renorm,2020-10-02_CO,2021-01-08_CO,CO,CO,98,-0.005077466368675232,-0.043867409229278564,0.0337124764919281,0.029138019308447838,0.014270675368607044,0.4140430688858032,0.0006627708207815886,0.0006255358457565308,-1.3324617147445679,0.17546460032463074,7
renorm,2020-10-07_CO,2021-01-08_CO,CO,CO,93,0.07795651257038116,0.10598775744438171,0.049925267696380615,0.029138019308447838,0.014270675368607044,0.43340837955474854,0.000500389258377254,0.00016167023568414152,-1.2780176401138306,0.17546460032463074,11
renorm,2020-10-12_CO,2021-01-08_CO,CO,CO,88,0.02140621840953827,0.05417436361312866,-0.011361926794052124,0.029138019308447838,0.014270675368607044,0.45754075050354004,0.0004351507523097098,0.000679489690810442,-0.9569459557533264,0.14393766224384308,5
renorm,2020-10-16_CO,2021-01-08_CO,CO,CO,84,0.014729738235473633,0.04811331629753113,-0.018653839826583862,0.029138019308447838,0.014270675368607044,0.43081653118133545,0.0005567343323491514,0.0004939163336530328,-1.065697431564331,0.14393766224384308,8
renorm,2020-10-23_CO,2021-01-08_CO,CO,CO,77,-0.12059435248374939,-0.15389016270637512,-0.08729854226112366,0.029138019308447838,0.014270675368607044,0.4545046091079712,0.000551824748981744,0.0005341112264432013,-1.3550273180007935,1.8740684986114502,4
renorm,2020-11-03_CO,2021-01-08_CO,CO,CO,66,0.16618762910366058,0.2001045048236847,0.13227075338363647,0.029138019308447838,0.014270675368607044,0.38720667362213135,0.00041778231388889253,0.00047195242950692773,-0.9012879133224487,0.1025877296924591,7
renorm,2020-11-05_CO,2021-01-08_CO,CO,CO,64,0.08749954402446747,0.11081302165985107,0.06418606638908386,0.029138019308447838,0.014270675368607044,0.4350394606590271,0.000577144674025476,0.0008439662051387131,-0.8661968111991882,0.1025877296924591,11
renorm,2020-11-09_CO,2021-01-08_CO,CO,CO,60,0.11564899981021881,0.13300064206123352,0.0982973575592041,0.029138019308447838,0.014270675368607044,0.45904672145843506,0.0004123157123103738,0.00022825089399702847,-1.2850627899169922,0.1025877296924591,8
renorm,2020-11-16_CO,2021-01-08_CO,CO,CO,53,0.10398736596107483,0.17290949821472168,0.03506523370742798,0.029138019308447838,0.014270675368607044,0.3852851986885071,0.00045911839697510004,0.0006201786454766989,-0.8566336631774902,0.10197404026985168,11
renorm,2020-12-03_CO,2021-01-08_CO,CO,CO,36,0.1273733526468277,0.1838705837726593,0.0708761215209961,0.029138019308447838,0.014270675368607044,0.4847298860549927,0.0005321833305060863,0.0006412534276023507,-1.1990731954574585,0.13855454325675964,7
renorm,2020-12-04_CO,2021-01-08_CO,CO,CO,35,0.1836252063512802,0.23283430933952332,0.1344161033630371,0.029138019308447838,0.014270675368607044,0.3623972535133362,0.0007777088321745396,0.0003433007514104247,-0.8599523305892944,0.13855454325675964,10
renorm,2020-12-11_CO,2021-01-08_CO,CO,CO,28,-0.006867408752441406,-0.027372121810913086,0.013637304306030273,0.029138019308447838,0.014270675368607044,0.4260305166244507,0.0015856527024880052,0.00015230703866109252,-1.118408441543579,0.1017538458108902,12
renorm,2020-12-12_RD,2021-01-08_CO,RD,CO,27,-0.16516190767288208,-0.1234816312789917,-0.20684218406677246,0.029138019308447838,0.014270675368607044,0.3922078609466553,0.0010765574406832457,0.0006324814748950303,-1.131487250328064,0.1017538458108902,12
renorm,2021-01-04_CO,2021-01-08_CO,CO,CO,4,0.2099628895521164,0.25713756680488586,0.16278821229934692,0.029138019308447838,0.014270675368607044,0.3324316740036011,0.00043899298179894686,0.00042196549475193024,-0.8042968511581421,0.0,9
renorm,2021-01-05_CO,2021-01-08_CO,CO,CO,3,0.2557410001754761,0.32355305552482605,0.1879289448261261,0.029138019308447838,0.014270675368607044,0.37021005153656006,0.0006748799933120608,0.0005085344891995192,-0.6855369210243225,0.0,9
renorm,2021-01-06_CO,2021-01-08_CO,CO,CO,2,0.1917867809534073,0.2616328299045563,0.1219407320022583,0.029138019308447838,0.014270675368607044,0.24226856231689453,0.0004278303822502494,0.0005016967188566923,-0.7565845251083374,0.0,10
renorm,2021-01-08_CO,2021-01-08_CO,CO,CO,0,0.3453565835952759,0.4276672601699829,0.26304587721824646,0.029138019308447838,0.014270675368607044,0.12891751527786255,0.0004116057534702122,0.0005148535128682852,-0.5984286665916443,0.0,0
fixed,2020-01-27_CO,2021-01-11_CO,CO,CO,350,-1.2523037195205688,-2.378567695617676,-0.12603968381881714,1.295502781867981,0.34102189540863037,0.5998722314834595,0.002682086545974016,0.004612094257026911,-1.400164246559143,0.3261106014251709,11
fixed,2020-01-30_CO,2021-01-11_CO,CO,CO,347,-1.1807535886764526,-1.7012907266616821,-0.6602163910865784,1.3278725147247314,0.34227824211120605,0.6180875897407532,0.007141885347664356,0.011342321522533894,-1.2868130207061768,0.3261106014251709,12
fixed,2020-02-04_CO,2021-01-11_CO,CO,CO,342,-1.2371660470962524,-1.4050061702728271,-1.0693259239196777,1.2257471084594727,0.3525782525539398,0.6362993121147156,0.0038034794852137566,0.01497992966324091,-1.0229781866073608,0.3261106014251709,9
fixed,2020-02-05_CO,2021-01-11_CO,CO,CO,341,-0.462393581867218,-0.880901038646698,-0.04388612508773804,1.351899266242981,0.3670995235443115,0.6034878492355347,0.009740868583321571,0.0036954537499696016,-1.4061108827590942,0.3261106014251709,12
fixed,2020-02-06_CO,2021-01-11_CO,CO,CO,340,-0.6993146538734436,-1.3820717334747314,-0.0165574848651886,1.3281506299972534,0.3724721670150757,0.6520032286643982,0.008562625385820866,0.002043738029897213,-1.2799758911132812,,10
fixed,2020-02-11_CO,2021-01-11_CO,CO,CO,335,-0.45318639278411865,-0.057365208864212036,-0.8490076065063477,1.1717690229415894,0.30954137444496155,0.6154991388320923,0.007938147522509098,0.012191185727715492,-1.6235820055007935,,10
fixed,2020-02-22_CO,2021-01-11_CO,CO,CO,324,-0.4919516444206238,-0.3299689292907715,-0.6539343595504761,1.2009865045547485,0.3233647644519806,0.5828239321708679,0.006388260517269373,0.011446348391473293,-1.6391552686691284,,12
fixed,2020-02-24_CO,2021-01-11_CO,CO,CO,322,-1.0384873151779175,-0.7074313163757324,-1.3695433139801025,1.150984764099121,0.272767573595047,0.5454545617103577,0.021722087636590004,0.01572861708700657,-1.173609733581543,,8
fixed,2020-02-25_CO,2021-01-11_CO,CO,CO,321,-0.32925930619239807,-0.4725423753261566,-0.18597626686096191,1.1981316804885864,0.28735673427581787,0.5961183309555054,0.005524400621652603,0.006033517885953188,-1.3662300109863281,,8
fixed,2020-02-28_RD,2021-01-11_CO,RD,CO,318,-2.147676944732666,-4.1801981925964355,-0.11515593528747559,1.1984878778457642,0.28082573413848877,0.5754345059394836,0.006215699948370457,0.004702117294073105,-1.5592191219329834,,13
fixed,2020-03-02_RD,2021-01-11_CO,RD,CO,315,-2.4406373500823975,-3.37241268157959,-1.5088618993759155,1.0882846117019653,0.25248613953590393,0.5917051434516907,0.01388006191700697,0.01597527042031288,-1.5387928485870361,,11
fixed,2020-03-10_RD,2021-01-11_CO,RD,CO,307,-0.8428584933280945,-0.9694681763648987,-0.7162488698959351,1.182366967201233,0.3362515866756439,0.5901402235031128,0.007231453899294138,0.011191952973604202,-1.3059574365615845,,12
fixed,2020-03-13_RD,2021-01-11_CO,RD,CO,304,-1.473380446434021,-1.4797720909118652,-1.4669888019561768,1.2197223901748657,0.2954448163509369,0.5999561548233032,0.016262557357549667,0.017160583287477493,-1.466810703277588,,11
fixed,2020-03-17_RD,2021-01-11_CO,RD,CO,300,-4.131035804748535,-7.671955108642578,-0.5901167988777161,1.1981924772262573,0.3870406150817871,0.628699004650116,0.014935909770429134,0.008443792350590229,-1.4246625900268555,,10
fixed,2020-03-18_RD,2021-01-11_CO,RD,CO,299,-3.9885683059692383,-6.986502170562744,-0.9906343221664429,1.2747586965560913,0.3599550426006317,0.5833824872970581,0.015514777041971684,0.013468027114868164,-1.456104040145874,,11
fixed,2020-03-19_RD,2021-01-11_CO,RD,CO,298,-2.867220163345337,-4.618931770324707,-1.1155083179473877,1.249703288078308,0.35849878191947937,0.6427637338638306,0.009509215131402016,0.014700484462082386,-1.4131689071655273,,10
fixed,2020-03-20_RD,2021-01-11_CO,RD,CO,297,-2.3625597953796387,-1.4836969375610352,-3.241422653198242,1.1744474172592163,0.26522254943847656,0.6232633590698242,0.009849484078586102,0.0255502350628376,-1.3922457695007324,,9
fixed,2020-06-26_CO,2021-01-11_CO,CO,CO,199,-0.27641549706459045,-0.173272967338562,-0.3795580267906189,0.9522817730903625,0.23228496313095093,0.6313223242759705,0.00749618886038661,0.008248960599303246,-1.5398132801055908,,7
fixed,2020-07-08_CO,2021-01-11_CO,CO,CO,187,-0.22970956563949585,-0.26739275455474854,-0.19202637672424316,0.9829164147377014,0.25192275643348694,0.6376062631607056,0.012781170196831226,0.006183390971273184,-1.1901836395263672,0.3759837746620178,5
fixed,2020-07-14_CO,2021-01-11_CO,CO,CO,181,-0.18295073509216309,-0.17709463834762573,-0.18880683183670044,1.000496745109558,0.21374110877513885,0.6012559533119202,0.011931573040783405,0.005378025583922863,-0.9429885745048523,0.3759837746620178,31
fixed,2020-07-29_RD,2021-01-11_CO,RD,CO,166,-0.7267780303955078,-0.4826729893684387,-0.9708831906318665,1.0418717861175537,0.21331600844860077,0.5799672603607178,0.026306090876460075,0.010208258405327797,-0.9202843904495239,0.20381173491477966,10
fixed,2020-07-31_CO,2021-01-11_CO,CO,CO,164,-0.5670102834701538,-0.8647911548614502,-0.2692294418811798,1.183477520942688,0.2408614158630371,0.6394519209861755,0.013431651517748833,0.00710690813139081,-1.5864497423171997,0.20381173491477966,32
fixed,2020-08-08_RD,2021-01-11_CO,RD,CO,156,-0.2688441574573517,-0.47816646099090576,-0.05952185392379761,0.9099686741828918,0.21138538420200348,0.5945401191711426,0.004580700304359198,0.002954856026917696,-0.9784692525863647,0.19468797743320465,4
fixed,2020-08-11_RD,2021-01-11_CO,RD,CO,153,-3.972066879272461,-6.153611660003662,-1.7905218601226807,1.3282073736190796,0.2736915647983551,0.603267252445221,0.02542443946003914,0.017790915444493294,-0.8948289752006531,0.19468797743320465,6
fixed,2020-08-22_RD,2021-01-11_CO,RD,CO,142,-7.900198936462402,-15.407712936401367,-0.39268434047698975,0.9625690579414368,0.2089325189590454,0.6363315582275391,0.01552666537463665,0.007615039125084877,-0.6210732460021973,0.1762460321187973,4
fixed,2020-08-29_RD,2021-01-11_CO,RD,CO,135,-1.0767252445220947,-1.3552991151809692,-0.7981514930725098,0.8446535468101501,0.22913186252117157,0.653615415096283,0.020944001153111458,0.010741235688328743,-1.8110389709472656,0.19865091145038605,13
fixed,2020-09-04_RD,2021-01-11_CO,RD,CO,129,-0.8645577430725098,-1.616146206855774,-0.11296933889389038,0.9042634963989258,0.23734265565872192,0.6696495413780212,0.00880021508783102,0.0038423954974859953,-1.304924488067627,0.19865091145038605,9
fixed,2020-09-24_CO,2021-01-11_CO,CO,CO,109,-0.5117291212081909,-0.9480055570602417,-0.07545265555381775,0.8784798979759216,0.1885213851928711,0.5922118425369263,0.011887534521520138,0.004475998692214489,-1.1395691633224487,0.20787066221237183,7
fixed,2020-09-28_CO,2021-01-11_CO,CO,CO,105,-1.372377634048462,-2.346940040588379,-0.3978152871131897,0.9224753379821777,0.22182156145572662,0.6322702765464783,0.013787521049380302,0.009243104606866837,-1.3787992000579834,0.17546460032463074,8
fixed,2020-09-29_CO,2021-01-11_CO,CO,CO,104,-1.8582875728607178,-3.4022505283355713,-0.31432464718818665,0.7777253985404968,0.20361800491809845,0.6062250137329102,0.013936248607933521,0.007088855374604464,-0.8639312982559204,0.17546460032463074,7
fixed,2020-10-02_CO,2021-01-11_CO,CO,CO,101,-1.5247122049331665,-2.9149370193481445,-0.1344873607158661,0.8108792901039124,0.19830159842967987,0.647200345993042,0.0059058405458927155,0.006179888732731342,-1.1114141941070557,0.17546460032463074,5
fixed,2020-10-07_CO,2021-01-11_CO,CO,CO,96,-0.5445302724838257,-0.9956778287887573,-0.09338259696960449,0.8507407307624817,0.2125939577817917,0.6073197722434998,0.011194094084203243,0.004970400594174862,-1.3176894187927246,0.17546460032463074,9
fixed,2020-10-12_CO,2021-01-11_CO,CO,CO,91,-1.3020637035369873,-2.283318519592285,-0.320809006690979,0.8445501327514648,0.1887810230255127,0.6135343313217163,0.014496061019599438,0.007401070091873407,-0.34858763217926025,0.14393766224384308,4
fixed,2020-10-16_CO,2021-01-11_CO,CO,CO,87,-1.8167788982391357,-3.4483067989349365,-0.18525105714797974,0.9956874847412109,0.19299399852752686,0.6094954609870911,0.0152635108679533,0.007889224216341972,-0.6266839504241943,0.14393766224384308,6
fixed,2020-10-23_CO,2021-01-11_CO,CO,CO,80,-0.5862591862678528,-0.4311608672142029,-0.7413575053215027,0.8719778060913086,0.1971290111541748,0.6395964622497559,0.008289122022688389,0.011447739787399769,-0.7402246594429016,1.8740684986114502,3
fixed,2020-11-03_CO,2021-01-11_CO,CO,CO,69,-2.8592779636383057,-4.788057327270508,-0.9304989576339722,0.9065685272216797,0.2392970770597458,0.6289740800857544,0.0037735705263912678,0.012558644637465477,-1.068948745727539,0.1025877296924591,8
fixed,2020-11-05_CO,2021-01-11_CO,CO,CO,67,0.019546255469322205,0.02953428030014038,0.009558230638504028,0.8561543822288513,0.2267385870218277,0.6462161540985107,0.006000530906021595,0.003137378254905343,-1.3273829221725464,0.1025877296924591,9
fixed,2020-11-09_CO,2021-01-11_CO,CO,CO,63,-1.4749151468276978,-2.591843605041504,-0.357986718416214,0.760594367980957,0.15788622200489044,0.5528477430343628,0.004230622202157974,0.008179528638720512,-1.3347643613815308,0.1025877296924591,5
fixed,2020-11-16_CO,2021-01-11_CO,CO,CO,56,-1.2739112377166748,-0.8501361608505249,-1.6976861953735352,0.9697127342224121,0.19853226840496063,0.5492396354675293,0.010615909472107887,0.015298704616725445,-1.1959969997406006,0.10197404026985168,7
fixed,2020-12-03_CO,2021-01-11_CO,CO,CO,39,-0.2601783871650696,-0.6231206655502319,0.10276386141777039,0.7654020190238953,0.16770116984844208,0.5584386587142944,0.002478515263646841,0.0025236806832253933,-1.1210317611694336,0.13855454325675964,4
fixed,2020-12-04_CO,2021-01-11_CO,CO,CO,38,-0.055150777101516724,-0.0871245265007019,-0.023177027702331543,0.7618871331214905,0.23365657031536102,0.5151145458221436,0.00761477230116725,0.005764645058661699,-0.8392288088798523,0.13855454325675964,10
fixed,2020-12-11_CO,2021-01-11_CO,CO,CO,31,-0.6021769642829895,-0.5893834233283997,-0.6149705052375793,0.5367012619972229,0.22575531899929047,0.5340273976325989,0.010277481749653816,0.010609522461891174,-1.1568922996520996,0.1017538458108902,10
fixed,2020-12-12_RD,2021-01-11_CO,RD,CO,30,-3.0123708248138428,-5.5202789306640625,-0.5044624209403992,0.5287011861801147,0.13460423052310944,0.49939781427383423,0.00968844909220934,0.010117247700691223,-1.262223720550537,0.1017538458108902,6
fixed,2021-01-04_CO,2021-01-11_CO,CO,CO,7,-0.059231385588645935,-0.23428478837013245,0.11582201719284058,0.4927736818790436,0.11419355869293213,0.4721418619155884,0.0017184802563861012,0.0028864825144410133,-1.201879620552063,0.0,5
fixed,2021-01-05_CO,2021-01-11_CO,CO,CO,6,-0.2319941371679306,-0.4653944969177246,0.0014062225818634033,0.3697664737701416,0.10048863291740417,0.3564356565475464,0.0024191848933696747,0.00661759078502655,-1.137382984161377,0.0,4
fixed,2021-01-06_CO,2021-01-11_CO,CO,CO,5,-1.420947790145874,-1.8438793420791626,-0.9980162978172302,0.5891807079315186,0.14727583527565002,0.41405296325683594,0.0024647514801472425,0.014359730295836926,-1.1852867603302002,0.0,10
fixed,2021-01-08_CO,2021-01-11_CO,CO,CO,3,-0.24412594735622406,-0.14205452799797058,-0.34619736671447754,0.519491970539093,0.13042758405208588,0.4316905736923218,0.002511903177946806,0.007471498567610979,-1.3744471073150635,0.0,3
fixed,2021-01-11_CO,2021-01-11_CO,CO,CO,0,0.2813505232334137,0.30073413252830505,0.26196691393852234,0.031763866543769836,0.0134355453774333,0.15725290775299072,0.0004814555577468127,0.00015572119446005672,-0.9654622077941895,0.0,0
renorm,2020-01-27_CO,2021-01-11_CO,CO,CO,350,-0.05552385747432709,-0.05603921413421631,-0.055008500814437866,0.031763866543769836,0.0134355453774333,0.45260751247406006,0.0006098976009525359,0.000786463962867856,-1.1041405200958252,0.3261106014251709,11
renorm,2020-01-30_CO,2021-01-11_CO,CO,CO,347,-0.030026212334632874,0.0008617937564849854,-0.06091421842575073,0.031763866543769836,0.0134355453774333,0.4462212324142456,0.0005418707733042538,0.0004850429540965706,-0.8484216928482056,0.3261106014251709,12
renorm,2020-02-04_CO,2021-01-11_CO,CO,CO,342,-0.031662121415138245,-0.03592574596405029,-0.027398496866226196,0.031763866543769836,0.0134355453774333,0.4504493474960327,0.0005792714073322713,0.0007570961024612188,-0.8514009118080139,0.3261106014251709,9
renorm,2020-02-05_CO,2021-01-11_CO,CO,CO,341,-0.01890769600868225,0.005439490079879761,-0.04325488209724426,0.031763866543769836,0.0134355453774333,0.4649837017059326,0.0006841489812359214,0.0007825210341252387,-0.8951053619384766,0.3261106014251709,12
renorm,2020-02-06_CO,2021-01-11_CO,CO,CO,340,-0.06590446829795837,-0.06248345971107483,-0.06932547688484192,0.031763866543769836,0.0134355453774333,0.4712797999382019,0.0006062409956939518,0.0005449401214718819,-0.886023998260498,,10
renorm,2020-02-11_CO,2021-01-11_CO,CO,CO,335,-0.06379984319210052,-0.048013001680374146,-0.0795866847038269,0.031763866543769836,0.0134355453774333,0.45150768756866455,0.0005712068523280323,0.0006026352057233453,-1.0706186294555664,,10
renorm,2020-02-22_CO,2021-01-11_CO,CO,CO,324,-0.009094178676605225,0.007114052772521973,-0.025302410125732422,0.031763866543769836,0.0134355453774333,0.43981730937957764,0.000499953341204673,0.0006244131363928318,-0.998694658279419,,12
renorm,2020-02-24_CO,2021-01-11_CO,CO,CO,322,-0.010487645864486694,0.016554653644561768,-0.037529945373535156,0.031763866543769836,0.0134355453774333,0.43514716625213623,0.0005941924755461514,0.000526598421856761,-0.7440101504325867,,8
renorm,2020-02-25_CO,2021-01-11_CO,CO,CO,321,-0.06385859847068787,-0.09240293502807617,-0.03531426191329956,0.031763866543769836,0.0134355453774333,0.4481978416442871,0.0005859728553332388,0.000727757578715682,-0.8468548655509949,,8
renorm,2020-02-28_RD,2021-01-11_CO,RD,CO,318,-0.17488177120685577,-0.3024734854698181,-0.04729005694389343,0.031763866543769836,0.0134355453774333,0.4535578489303589,0.0006928989896550775,0.0006216773763298988,-0.9011345505714417,,13
renorm,2020-03-02_RD,2021-01-11_CO,RD,CO,315,-0.16892868280410767,-0.2308368682861328,-0.10702049732208252,0.031763866543769836,0.0134355453774333,0.44812488555908203,0.0007788735092617571,0.0005903501296415925,-0.8864767551422119,,11
renorm,2020-03-10_RD,2021-01-11_CO,RD,CO,307,-0.11239324510097504,-0.227053701877594,0.002267211675643921,0.031763866543769836,0.0134355453774333,0.45676344633102417,0.000633014424238354,0.0002581900334917009,-0.8156673312187195,,12
renorm,2020-03-13_RD,2021-01-11_CO,RD,CO,304,-0.10452830791473389,-0.15263736248016357,-0.0564192533493042,0.031763866543769836,0.0134355453774333,0.445412278175354,0.000705837388522923,0.0005940006813034415,-1.0101304054260254,,11
renorm,2020-03-17_RD,2021-01-11_CO,RD,CO,300,-0.09960828721523285,-0.15291273593902588,-0.04630383849143982,0.031763866543769836,0.0134355453774333,0.43061935901641846,0.0008231101091951132,0.00044987507862970233,-0.7072770595550537,,10
renorm,2020-03-18_RD,2021-01-11_CO,RD,CO,299,-0.13465474545955658,-0.19646543264389038,-0.07284405827522278,0.031763866543769836,0.0134355453774333,0.42572951316833496,0.0012391123455017805,0.0005691371043212712,-0.797823429107666,,11
renorm,2020-03-19_RD,2021-01-11_CO,RD,CO,298,-0.15983828902244568,-0.20223653316497803,-0.11744004487991333,0.031763866543769836,0.0134355453774333,0.4483863115310669,0.0007682280847802758,0.0008068764582276344,-1.0778390169143677,,10
renorm,2020-03-20_RD,2021-01-11_CO,RD,CO,297,-0.18912659585475922,-0.28065043687820435,-0.09760275483131409,0.031763866543769836,0.0134355453774333,0.4518702030181885,0.0008962655556388199,0.0004451833665370941,-1.0178961753845215,,9
renorm,2020-06-26_CO,2021-01-11_CO,CO,CO,199,-0.1808752417564392,-0.28662002086639404,-0.07513046264648438,0.031763866543769836,0.0134355453774333,0.4270234704017639,0.0004570986202452332,0.00047729938523843884,-1.0654150247573853,,7
renorm,2020-07-08_CO,2021-01-11_CO,CO,CO,187,-0.04743735492229462,-0.09565424919128418,0.0007795393466949463,0.031763866543769836,0.0134355453774333,0.44261765480041504,0.0005181317683309317,0.0005440200329758227,-0.9029941558837891,0.3759837746620178,5
renorm,2020-07-14_CO,2021-01-11_CO,CO,CO,181,-0.06000666320323944,-0.11788409948348999,-0.0021292269229888916,0.031763866543769836,0.0134355453774333,0.4552198052406311,0.0005685677751898766,0.0003863518941216171,-1.0852731466293335,0.3759837746620178,31
renorm,2020-07-29_RD,2021-01-11_CO,RD,CO,166,-0.06278900802135468,-0.07291510701179504,-0.05266290903091431,0.031763866543769836,0.0134355453774333,0.43208378553390503,0.0006645697867497802,0.0006436587427742779,-0.8908408880233765,0.20381173491477966,10
renorm,2020-07-31_CO,2021-01-11_CO,CO,CO,164,-0.0027281194925308228,-0.03617718815803528,0.030720949172973633,0.031763866543769836,0.0134355453774333,0.3812233805656433,0.0005282838828861713,0.00027781218523159623,-1.1939520835876465,0.20381173491477966,32
renorm,2020-08-08_RD,2021-01-11_CO,RD,CO,156,-0.09693542122840881,-0.12375819683074951,-0.07011264562606812,0.031763866543769836,0.0134355453774333,0.40823858976364136,0.0008524249424226582,0.00033679642365314066,-0.9138846397399902,0.19468797743320465,4
renorm,2020-08-11_RD,2021-01-11_CO,RD,CO,153,-0.10064323246479034,-0.1414738893508911,-0.059812575578689575,0.031763866543769836,0.0134355453774333,0.4048663377761841,0.0009645983809605241,0.0005655300337821245,-0.9157915711402893,0.19468797743320465,6
renorm,2020-08-22_RD,2021-01-11_CO,RD,CO,142,-0.10089190304279327,-0.16363894939422607,-0.038144856691360474,0.031763866543769836,0.0134355453774333,0.42806780338287354,0.0009510864038020372,0.0004266099422238767,-1.1921472549438477,0.1762460321187973,4
renorm,2020-08-29_RD,2021-01-11_CO,RD,CO,135,-0.04510866105556488,0.010614186525344849,-0.10083150863647461,0.031763866543769836,0.0134355453774333,0.4228118658065796,0.0012013139203190804,0.00044790172250941396,-1.1876879930496216,0.19865091145038605,13
renorm,2020-09-04_RD,2021-01-11_CO,RD,CO,129,-0.04362626373767853,-0.10771125555038452,0.020458728075027466,0.031763866543769836,0.0134355453774333,0.4441760778427124,0.0008772545261308551,0.0006713994080200791,-0.9794085025787354,0.19865091145038605,9
renorm,2020-09-24_CO,2021-01-11_CO,CO,CO,109,0.07643724977970123,0.0682336688041687,0.08464083075523376,0.031763866543769836,0.0134355453774333,0.37265050411224365,0.0005442759138531983,0.0001889907434815541,-0.9922493696212769,0.20787066221237183,7
renorm,2020-09-28_CO,2021-01-11_CO,CO,CO,105,0.06710834801197052,0.06678017973899841,0.06743651628494263,0.031763866543769836,0.0134355453774333,0.383048415184021,0.0004544252878986299,0.00033354898914694786,-0.8332920670509338,0.17546460032463074,8
renorm,2020-09-29_CO,2021-01-11_CO,CO,CO,104,0.048365846276283264,0.009089440107345581,0.08764225244522095,0.031763866543769836,0.0134355453774333,0.37358570098876953,0.0006605247035622597,0.0001315626868745312,-0.6288256645202637,0.17546460032463074,7
renorm,2020-10-02_CO,2021-01-11_CO,CO,CO,101,0.07740308344364166,0.08920514583587646,0.06560102105140686,0.031763866543769836,0.0134355453774333,0.38905954360961914,0.0007155683124437928,0.00020017287170048803,-1.2256834506988525,0.17546460032463074,5
renorm,2020-10-07_CO,2021-01-11_CO,CO,CO,96,0.08505967259407043,0.0986146628856659,0.07150468230247498,0.031763866543769836,0.0134355453774333,0.39689934253692627,0.000506859680172056,0.00019782765593845397,-1.175957202911377,0.17546460032463074,9
renorm,2020-10-12_CO,2021-01-11_CO,CO,CO,91,0.06933477520942688,0.07396396994590759,0.06470558047294617,0.031763866543769836,0.0134355453774333,0.37393975257873535,0.00040528958197683096,0.00032752094557508826,-0.8327445983886719,0.14393766224384308,4
renorm,2020-10-16_CO,2021-01-11_CO,CO,CO,87,0.11956477165222168,0.12125593423843384,0.11787360906600952,0.031763866543769836,0.0134355453774333,0.3627745509147644,0.0005499552353285253,0.00033738670754246414,-1.0103399753570557,0.14393766224384308,6
renorm,2020-10-23_CO,2021-01-11_CO,CO,CO,80,0.01568947732448578,0.020516186952590942,0.010862767696380615,0.031763866543769836,0.0134355453774333,0.3854263424873352,0.0005499537801370025,0.000527706288266927,-1.1661330461502075,1.8740684986114502,3
renorm,2020-11-03_CO,2021-01-11_CO,CO,CO,69,0.14041875302791595,0.11453625559806824,0.16630125045776367,0.031763866543769836,0.0134355453774333,0.3725939393043518,0.0004651926283258945,0.000412498862715438,-1.0557105541229248,0.1025877296924591,8
renorm,2020-11-05_CO,2021-01-11_CO,CO,CO,67,0.10255169868469238,0.0825619101524353,0.12254148721694946,0.031763866543769836,0.0134355453774333,0.36119914054870605,0.0005191185628063977,0.0003847575280815363,-0.9124221205711365,0.1025877296924591,9
renorm,2020-11-09_CO,2021-01-11_CO,CO,CO,63,0.09597977995872498,0.06606331467628479,0.12589624524116516,0.031763866543769836,0.0134355453774333,0.39544546604156494,0.0004446321981959045,0.0003174921148456633,-1.232322335243225,0.1025877296924591,5
renorm,2020-11-16_CO,2021-01-11_CO,CO,CO,56,0.1450648307800293,0.16216450929641724,0.12796515226364136,0.031763866543769836,0.0134355453774333,0.40938472747802734,0.0004950647125951946,0.0002930843038484454,-0.9386371970176697,0.10197404026985168,7
renorm,2020-12-03_CO,2021-01-11_CO,CO,CO,39,0.15781214833259583,0.1832013726234436,0.13242292404174805,0.031763866543769836,0.0134355453774333,0.4591781497001648,0.0005203091423027217,0.0001628058817004785,-1.0809354782104492,0.13855454325675964,4
renorm,2020-12-04_CO,2021-01-11_CO,CO,CO,38,0.11985272169113159,0.10743004083633423,0.13227540254592896,0.031763866543769836,0.0134355453774333,0.45216959714889526,0.0009753505000844598,0.0001689172349870205,-1.0698235034942627,0.13855454325675964,10
renorm,2020-12-11_CO,2021-01-11_CO,CO,CO,31,0.029793009161949158,-0.024009764194488525,0.08359578251838684,0.031763866543769836,0.0134355453774333,0.42681044340133667,0.0015294254990294576,0.00019466018420644104,-1.0714125633239746,0.1017538458108902,10
renorm,2020-12-12_RD,2021-01-11_CO,RD,CO,30,-0.02569761872291565,-0.002022683620452881,-0.04937255382537842,0.031763866543769836,0.0134355453774333,0.3071237802505493,0.0010789509397000074,0.00011053632624680176,-1.1731853485107422,0.1017538458108902,6
renorm,2021-01-04_CO,2021-01-11_CO,CO,CO,7,0.15779197216033936,0.15316104888916016,0.16242289543151855,0.031763866543769836,0.0134355453774333,0.2688792943954468,0.00043244182597845793,0.0005601700977422297,-1.0768969058990479,0.0,5
renorm,2021-01-05_CO,2021-01-11_CO,CO,CO,6,0.1741085946559906,0.14209774136543274,0.20611944794654846,0.031763866543769836,0.0134355453774333,0.20004314184188843,0.0005356003530323505,0.000323090614983812,-1.0099337100982666,0.0,4
renorm,2021-01-06_CO,2021-01-11_CO,CO,CO,5,0.17805764079093933,0.18739187717437744,0.16872340440750122,0.031763866543769836,0.0134355453774333,0.3821715712547302,0.00044664109009318054,0.0003644778626039624,-1.1475012302398682,0.0,10
renorm,2021-01-08_CO,2021-01-11_CO,CO,CO,3,0.19598357379436493,0.17790961265563965,0.2140575349330902,0.031763866543769836,0.0134355453774333,0.4102339744567871,0.0005038969684392214,0.0002893361379392445,-1.0623947381973267,0.0,3
renorm,2021-01-11_CO,2021-01-11_CO,CO,CO,0,0.2815989851951599,0.3010338246822357,0.2621641159057617,0.031763866543769836,0.0134355453774333,0.15725290775299072,0.00047507131239399314,0.0001594112254679203,-0.9666627645492554,0.0,0
fixed,2020-01-27_CO,2021-01-21_RD,CO,RD,360,-0.1099516749382019,-0.21649163961410522,-0.003411710262298584,1.2116938829421997,0.26810720562934875,0.5887030959129333,0.0037460934836417437,0.0029702356550842524,-0.8453423380851746,0.3261106014251709,10
fixed,2020-01-30_CO,2021-01-21_RD,CO,RD,357,-0.9878725409507751,-0.21781790256500244,-1.7579271793365479,1.2493270635604858,0.2774061858654022,0.6116496324539185,0.004478173330426216,0.02069089189171791,-0.8416913151741028,0.3261106014251709,8
fixed,2020-02-04_CO,2021-01-21_RD,CO,RD,352,-0.05687806010246277,0.019598841667175293,-0.13335496187210083,1.1247690916061401,0.2583983242511749,0.6317387819290161,0.0060436599887907505,0.006375123746693134,-0.46433135867118835,0.3261106014251709,6
fixed,2020-02-05_CO,2021-01-21_RD,CO,RD,351,-0.46916353702545166,-0.7968836426734924,-0.1414434313774109,1.209661602973938,0.3017929494380951,0.6293474435806274,0.00953899696469307,0.0055686491541564465,-0.5791189074516296,0.3261106014251709,7
fixed,2020-02-06_CO,2021-01-21_RD,CO,RD,350,-0.6986559629440308,-1.4419840574264526,0.044672101736068726,1.2589043378829956,0.30916836857795715,0.6438104510307312,0.008966444060206413,0.0025973268784582615,-0.6748468279838562,,6
fixed,2020-02-11_CO,2021-01-21_RD,CO,RD,345,-2.3495583534240723,-3.5565247535705566,-1.1425918340682983,1.0766109228134155,0.2229296714067459,0.5613855123519897,0.005513057112693787,0.014628183096647263,-0.4434025287628174,,8
fixed,2020-02-22_CO,2021-01-21_RD,CO,RD,334,-0.5150988101959229,-0.718376636505127,-0.31182101368904114,1.1361265182495117,0.27898019552230835,0.619225800037384,0.007741783745586872,0.006855328101664782,-0.5456184148788452,,9
fixed,2020-02-24_CO,2021-01-21_RD,CO,RD,332,-1.2314783334732056,-1.510505199432373,-0.9524513483047485,1.0834563970565796,0.23170830309391022,0.6100541353225708,0.013963701203465462,0.0141980005428195,-0.3015792667865753,,6
fixed,2020-02-25_CO,2021-01-21_RD,CO,RD,331,-0.4967394173145294,-0.6622246503829956,-0.33125418424606323,1.1581816673278809,0.24957847595214844,0.589924156665802,0.001814395422115922,0.009723644703626633,-0.6767598986625671,,5
fixed,2020-02-28_RD,2021-01-21_RD,RD,RD,328,-2.0064783096313477,-3.7805423736572266,-0.2324146032333374,1.175373911857605,0.26465269923210144,0.5747047662734985,0.005783570930361748,0.009236081503331661,-0.34470364451408386,,8
fixed,2020-03-02_RD,2021-01-21_RD,RD,RD,325,-2.6447641849517822,-4.57965087890625,-0.7098773121833801,1.0718504190444946,0.24220575392246246,0.562512993812561,0.01221158541738987,0.014447489753365517,-0.4193563461303711,,10
fixed,2020-03-10_RD,2021-01-21_RD,RD,RD,317,-0.5180634260177612,-0.9402005672454834,-0.09592628479003906,1.1023104190826416,0.26239386200904846,0.6026456356048584,0.006776157766580582,0.005924183875322342,-0.7782717347145081,,10
fixed,2020-03-13_RD,2021-01-21_RD,RD,RD,314,-0.9798826575279236,-1.8401235342025757,-0.11964181065559387,1.1608786582946777,0.24373944103717804,0.5763193368911743,0.009252023883163929,0.007738599553704262,-0.6100144386291504,,8
fixed,2020-03-17_RD,2021-01-21_RD,RD,RD,310,-1.0607789754867554,-1.8735313415527344,-0.24802666902542114,1.0940231084823608,0.2625998854637146,0.5658239126205444,0.010667937807738781,0.008262377232313156,-0.962236762046814,,7
fixed,2020-03-18_RD,2021-01-21_RD,RD,RD,309,-1.1680846214294434,-2.2245678901672363,-0.11160141229629517,1.1565414667129517,0.26950228214263916,0.5581637620925903,0.011685770004987717,0.007032293826341629,-1.059865951538086,,8
fixed,2020-03-19_RD,2021-01-21_RD,RD,RD,308,-2.8436436653137207,-3.8873069286346436,-1.7999800443649292,1.184932827949524,0.2801092267036438,0.6035524606704712,0.014848119579255581,0.022820275276899338,-0.6259910464286804,,7
fixed,2020-03-20_RD,2021-01-21_RD,RD,RD,307,-5.538290023803711,-10.34476375579834,-0.7318163514137268,1.1210322380065918,0.22086894512176514,0.5732570290565491,0.011582788079977036,0.015060012228786945,-0.12911054491996765,,7
fixed,2020-06-26_CO,2021-01-21_RD,CO,RD,209,-1.6455473899841309,-2.0930209159851074,-1.1980738639831543,1.007001280784607,0.22685210406780243,0.6173628568649292,0.006471429485827684,0.01872875541448593,-0.3473770022392273,,5
fixed,2020-07-08_CO,2021-01-21_RD,CO,RD,197,-1.189380407333374,-2.3986401557922363,0.019879311323165894,0.9620866775512695,0.24174053966999054,0.6033861637115479,0.0073393858037889,0.0017951310146600008,-0.21715863049030304,0.3759837746620178,3
fixed,2020-07-14_CO,2021-01-21_RD,CO,RD,191,-2.322864055633545,-4.310686111450195,-0.3350421190261841,1.0024703741073608,0.2461845427751541,0.5737800598144531,0.006881417240947485,0.007983316667377949,-0.35192346572875977,0.3759837746620178,27
fixed,2020-07-29_RD,2021-01-21_RD,RD,RD,176,-4.4353156089782715,-8.64086627960205,-0.22976481914520264,1.104904055595398,0.23486237227916718,0.504647970199585,0.02516424097120762,0.004139161668717861,-0.007794578559696674,0.20381173491477966,6
fixed,2020-07-31_CO,2021-01-21_RD,CO,RD,174,-1.3903826475143433,-2.5475399494171143,-0.23322537541389465,1.181688666343689,0.20438985526561737,0.58656245470047,0.012799535878002644,0.008675909601151943,-0.620486319065094,0.20381173491477966,29
fixed,2020-08-08_RD,2021-01-21_RD,RD,RD,166,-3.142857551574707,-5.656064987182617,-0.6296499967575073,1.0382555723190308,0.23358704149723053,0.6227682828903198,0.004298869986087084,0.010973775759339333,-0.21682916581630707,0.19468797743320465,4
fixed,2020-08-11_RD,2021-01-21_RD,RD,RD,163,-0.6681471467018127,0.020015209913253784,-1.3563095331192017,1.2540391683578491,0.21857403218746185,0.5915597677230835,0.01465978566557169,0.019221603870391846,-0.6707289218902588,0.19468797743320465,5
fixed,2020-08-22_RD,2021-01-21_RD,RD,RD,152,-1.3850585222244263,-2.284341812133789,-0.4857752323150635,1.091496229171753,0.25543996691703796,0.6343151330947876,0.02642577886581421,0.011682039126753807,-0.20597754418849945,0.1762460321187973,2
fixed,2020-08-29_RD,2021-01-21_RD,RD,RD,145,-0.23913198709487915,-0.2478683590888977,-0.2303956151008606,0.7936277985572815,0.19249749183654785,0.6316893100738525,0.0092217568308115,0.007712033111602068,-1.1489917039871216,0.19865091145038605,11
fixed,2020-09-04_RD,2021-01-21_RD,RD,RD,139,-1.1348191499710083,-2.032306671142578,-0.23733168840408325,0.876674473285675,0.24040551483631134,0.6587868928909302,0.0034448152873665094,0.007481050211936235,-0.41933539509773254,0.19865091145038605,6
fixed,2020-09-24_CO,2021-01-21_RD,CO,RD,119,-3.475508213043213,-6.461483955383301,-0.4895325303077698,0.9229917526245117,0.2187255620956421,0.6268447637557983,0.010126231238245964,0.008419189602136612,-0.2838749885559082,0.20787066221237183,6
fixed,2020-09-28_CO,2021-01-21_RD,CO,RD,115,-0.707567036151886,-0.23589041829109192,-1.1792436838150024,0.8851516842842102,0.22364263236522675,0.6015589237213135,0.008508463390171528,0.01831796020269394,-0.9090359210968018,0.17546460032463074,4
fixed,2020-09-29_CO,2021-01-21_RD,CO,RD,114,-3.425915241241455,-5.621917247772217,-1.229913353919983,0.8096566200256348,0.1711413860321045,0.5880741477012634,0.005754385609179735,0.011761371046304703,-0.01665727235376835,0.17546460032463074,3
fixed,2020-10-02_CO,2021-01-21_RD,CO,RD,111,-1.4934232234954834,-2.666682243347168,-0.3201643228530884,0.8710958957672119,0.18987727165222168,0.6596540808677673,0.008496012538671494,0.009069425985217094,-0.5055707693099976,0.17546460032463074,5
fixed,2020-10-07_CO,2021-01-21_RD,CO,RD,106,-0.23751713335514069,-0.14043983817100525,-0.3345944285392761,0.84541255235672,0.18804939091205597,0.5710599422454834,0.009508520364761353,0.010684097185730934,-0.6891591548919678,0.17546460032463074,6
fixed,2020-10-12_CO,2021-01-21_RD,CO,RD,101,-4.418033599853516,-8.163805961608887,-0.6722607612609863,0.9801958203315735,0.23183505237102509,0.6120119690895081,0.009826081804931164,0.0114274388179183,0.3011201024055481,0.14393766224384308,3
fixed,2020-10-16_CO,2021-01-21_RD,CO,RD,97,-2.3156304359436035,-3.5882468223571777,-1.0430140495300293,1.0633646249771118,0.20233099162578583,0.6513025164604187,0.011602852493524551,0.017265891656279564,0.09171837568283081,0.14393766224384308,4
fixed,2020-10-23_CO,2021-01-21_RD,CO,RD,90,-4.282825469970703,-5.122436046600342,-3.4432146549224854,0.9463990330696106,0.20416845381259918,0.6279096007347107,0.01143758837133646,0.030744731426239014,-0.2384963482618332,1.8740684986114502,2
fixed,2020-11-03_CO,2021-01-21_RD,CO,RD,79,-1.4241583347320557,-2.8956074714660645,0.047290682792663574,0.8785278797149658,0.2494736909866333,0.6423748731613159,0.007402460556477308,0.0029729274101555347,-0.5520539879798889,0.1025877296924591,4
fixed,2020-11-05_CO,2021-01-21_RD,CO,RD,77,-0.5789783000946045,0.15367799997329712,-1.3116346597671509,0.7665678858757019,0.2201060801744461,0.6379728317260742,0.004052526317536831,0.019917989149689674,-0.7673215866088867,0.1025877296924591,5
fixed,2020-11-09_CO,2021-01-21_RD,CO,RD,73,-1.5850608348846436,-1.2825801372528076,-1.8875412940979004,0.8936592936515808,0.20279653370380402,0.605014979839325,0.00922767911106348,0.023584973067045212,-0.6235541701316833,0.1025877296924591,4
fixed,2020-11-16_CO,2021-01-21_RD,CO,RD,66,-0.21510568261146545,-0.06508588790893555,-0.36512547731399536,0.9546862244606018,0.21304826438426971,0.5851576328277588,0.013989225961267948,0.011326096020638943,-0.48359155654907227,0.10197404026985168,7
fixed,2020-12-03_CO,2021-01-21_RD,CO,RD,49,-0.820217490196228,-0.27925318479537964,-1.3611817359924316,0.8848983645439148,0.2054065316915512,0.5463356971740723,0.006746192462742329,0.020032580941915512,-0.2140960693359375,0.13855454325675964,2
fixed,2020-12-04_CO,2021-01-21_RD,CO,RD,48,-0.8166131377220154,-0.49655547738075256,-1.1366708278656006,0.8429182171821594,0.24426095187664032,0.5912100076675415,0.011506712064146996,0.01865404099225998,-0.3891790807247162,0.13855454325675964,5
fixed,2020-12-11_CO,2021-01-21_RD,CO,RD,41,-0.6702761650085449,-0.0928071141242981,-1.2477452754974365,0.7959402203559875,0.2596897482872009,0.5560237765312195,0.015131442807614803,0.017470858991146088,-0.8618592023849487,0.1017538458108902,6
fixed,2020-12-12_RD,2021-01-21_RD,RD,RD,40,-0.4967220723628998,-0.1983034610748291,-0.7951406836509705,0.7112579345703125,0.16611386835575104,0.522528350353241,0.011135246604681015,0.014652040787041187,-0.48606622219085693,0.1017538458108902,4
fixed,2021-01-04_CO,2021-01-21_RD,CO,RD,17,-1.9828213453292847,-3.7030622959136963,-0.2625805139541626,0.6465972065925598,0.16842949390411377,0.5210098624229431,0.01306691113859415,0.009151619859039783,-0.37249910831451416,0.0,5
fixed,2021-01-05_CO,2021-01-21_RD,CO,RD,16,-0.9986585378646851,-1.9517993927001953,-0.04551762342453003,0.5718861222267151,0.15831436216831207,0.45592671632766724,0.01222716923803091,0.005358229856938124,-0.29784661531448364,0.0,4
fixed,2021-01-06_CO,2021-01-21_RD,CO,RD,15,-0.6524545550346375,-0.568511962890625,-0.7363971471786499,0.5834541320800781,0.15534661710262299,0.42151761054992676,0.002118934877216816,0.012477310374379158,-0.6689910292625427,0.0,8
fixed,2021-01-08_CO,2021-01-21_RD,CO,RD,13,-0.7972373962402344,-0.8447613716125488,-0.7497133612632751,0.6212806701660156,0.18073265254497528,0.426985502243042,0.0034562053624540567,0.015419701114296913,-0.4751984179019928,0.0,3
fixed,2021-01-11_CO,2021-01-21_RD,CO,RD,10,-3.543409585952759,-7.241788864135742,0.15497002005577087,0.6830158233642578,0.1891718953847885,0.5396560430526733,0.00971876922994852,0.00034007729846052825,0.1480485200881958,0.0,2
fixed,2021-01-21_RD,2021-01-21_RD,RD,RD,0,0.3962967097759247,0.5445711612701416,0.24802222847938538,0.03198981285095215,0.035920146852731705,0.12231922149658203,0.0004995118943043053,0.0002742478100117296,-0.5418829917907715,0.0,0
renorm,2020-01-27_CO,2021-01-21_RD,CO,RD,360,0.06014053523540497,0.07085084915161133,0.04943022131919861,0.03198981285095215,0.035920146852731705,0.37570881843566895,0.0006024957983754575,0.0002529931953176856,-1.0814776420593262,0.3261106014251709,10
renorm,2020-01-30_CO,2021-01-21_RD,CO,RD,357,0.10424484312534332,0.14040625095367432,0.06808343529701233,0.03198981285095215,0.035920146852731705,0.3729294538497925,0.000538773718290031,0.00021843748982064426,-0.8307268023490906,0.3261106014251709,8
renorm,2020-02-04_CO,2021-01-21_RD,CO,RD,352,0.09669958055019379,0.13232660293579102,0.06107255816459656,0.03198981285095215,0.035920146852731705,0.38423383235931396,0.0006403198349289596,0.00010649742762325332,-0.5859529376029968,0.3261106014251709,6
renorm,2020-02-05_CO,2021-01-21_RD,CO,RD,351,0.07811374962329865,0.10824796557426453,0.047979533672332764,0.03198981285095215,0.035920146852731705,0.3908272981643677,0.0006886930204927921,6.507139187306166e-05,-0.7981652617454529,0.3261106014251709,7
renorm,2020-02-06_CO,2021-01-21_RD,CO,RD,350,0.0355643630027771,0.0439763069152832,0.027152419090270996,0.03198981285095215,0.035920146852731705,0.4108901023864746,0.0006475156405940652,0.00032710033701732755,-0.7354481220245361,,6
renorm,2020-02-11_CO,2021-01-21_RD,CO,RD,345,0.03726382553577423,0.055221736431121826,0.019305914640426636,0.03198981285095215,0.035920146852731705,0.35855406522750854,0.0006140343029983342,0.00030066556064412,-0.8285938501358032,,8
renorm,2020-02-22_CO,2021-01-21_RD,CO,RD,334,0.15147706866264343,0.2151012420654297,0.08785289525985718,0.03198981285095215,0.035920146852731705,0.3849231004714966,0.000505299773067236,0.00016447590314783156,-0.6648756265640259,,9
renorm,2020-02-24_CO,2021-01-21_RD,CO,RD,332,0.10508613288402557,0.1555202305316925,0.05465203523635864,0.03198981285095215,0.035920146852731705,0.37206941843032837,0.0006458830321207643,0.0008470133179798722,-0.6051133871078491,,6
renorm,2020-02-25_CO,2021-01-21_RD,CO,RD,331,0.09255531430244446,0.13711139559745789,0.04799923300743103,0.03198981285095215,0.035920146852731705,0.3912461996078491,0.0006034575053490698,0.0002044144057435915,-0.6252657175064087,,5
renorm,2020-02-28_RD,2021-01-21_RD,RD,RD,328,-0.014485552906990051,-0.08071073889732361,0.051739633083343506,0.03198981285095215,0.035920146852731705,0.3778824210166931,0.0006846723263151944,0.0007969023426994681,-0.6873435378074646,,8
renorm,2020-03-02_RD,2021-01-21_RD,RD,RD,325,-0.08106674253940582,-0.22330421209335327,0.061170727014541626,0.03198981285095215,0.035920146852731705,0.3687562942504883,0.0007519423961639404,0.0004316143458709121,-0.7577622532844543,,10
renorm,2020-03-10_RD,2021-01-21_RD,RD,RD,317,0.014312803745269775,-0.055977821350097656,0.08460342884063721,0.03198981285095215,0.035920146852731705,0.3886817693710327,0.0006389236659742892,0.0001491496223025024,-0.7275873422622681,,10
renorm,2020-03-13_RD,2021-01-21_RD,RD,RD,314,0.04177697002887726,-0.006376981735229492,0.08993092179298401,0.03198981285095215,0.035920146852731705,0.3946160078048706,0.0008094511576928198,0.000181644776603207,-0.8309303522109985,,8
renorm,2020-03-17_RD,2021-01-21_RD,RD,RD,310,0.07531186938285828,0.07307302951812744,0.07755070924758911,0.03198981285095215,0.035920146852731705,0.37820279598236084,0.0007942287484183908,0.0002507918106857687,-0.366243451833725,,7
renorm,2020-03-18_RD,2021-01-21_RD,RD,RD,309,0.051438406109809875,0.038978010416030884,0.06389880180358887,0.03198981285095215,0.035920146852731705,0.3554798364639282,0.0012069965014234185,0.0001437720493413508,-0.5906667113304138,,8
renorm,2020-03-19_RD,2021-01-21_RD,RD,RD,308,0.016436994075775146,-0.018779337406158447,0.05165332555770874,0.03198981285095215,0.035920146852731705,0.37782782316207886,0.0006849083583801985,0.0003971999976783991,-1.0543732643127441,,7
renorm,2020-03-20_RD,2021-01-21_RD,RD,RD,307,-0.018621861934661865,-0.09461408853530884,0.05737036466598511,0.03198981285095215,0.035920146852731705,0.3495218753814697,0.0009043012396432459,0.0006554288556799293,-0.858538806438446,,7
renorm,2020-06-26_CO,2021-01-21_RD,CO,RD,209,-0.055068135261535645,-0.13490355014801025,0.024767279624938965,0.03198981285095215,0.035920146852731705,0.3668273687362671,0.00046171274152584374,3.8969534216448665e-05,-0.831750750541687,,5
renorm,2020-07-08_CO,2021-01-21_RD,CO,RD,197,0.010204032063484192,-0.015006005764007568,0.03541406989097595,0.03198981285095215,0.035920146852731705,0.3741150498390198,0.0005294264410622418,0.000372626498574391,-0.8027417659759521,0.3759837746620178,3
renorm,2020-07-14_CO,2021-01-21_RD,CO,RD,191,0.01943090558052063,-0.011674672365188599,0.05053648352622986,0.03198981285095215,0.035920146852731705,0.3912532329559326,0.0005839582881890237,0.0004116880299989134,-0.7361077070236206,0.3759837746620178,27
renorm,2020-07-29_RD,2021-01-21_RD,RD,RD,176,-0.07600666582584381,-0.1275334358215332,-0.02447989583015442,0.03198981285095215,0.035920146852731705,0.35551702976226807,0.0006644868408329785,0.0006625425303354859,-0.980776309967041,0.20381173491477966,6
renorm,2020-07-31_CO,2021-01-21_RD,CO,RD,174,0.0633121132850647,0.07792031764984131,0.048703908920288086,0.03198981285095215,0.035920146852731705,0.3938831090927124,0.0005003756959922612,0.0010451264679431915,-1.1481510400772095,0.20381173491477966,29
renorm,2020-08-08_RD,2021-01-21_RD,RD,RD,166,0.020020976662635803,0.021536797285079956,0.01850515604019165,0.03198981285095215,0.035920146852731705,0.37082040309906006,0.0008052800549194217,0.0016038476023823023,-0.8932774066925049,0.19468797743320465,4
renorm,2020-08-11_RD,2021-01-21_RD,RD,RD,163,0.05236908793449402,0.10018616914749146,0.004552006721496582,0.03198981285095215,0.035920146852731705,0.423275887966156,0.0009776789229363203,0.0007889188127592206,-0.7763498425483704,0.19468797743320465,5
renorm,2020-08-22_RD,2021-01-21_RD,RD,RD,152,0.02504931390285492,0.028512507677078247,0.021586120128631592,0.03198981285095215,0.035920146852731705,0.4633985757827759,0.0010215836809948087,0.0010760719887912273,-1.1617740392684937,0.1762460321187973,2
renorm,2020-08-29_RD,2021-01-21_RD,RD,RD,145,0.048701584339141846,0.08989092707633972,0.00751224160194397,0.03198981285095215,0.035920146852731705,0.37702929973602295,0.0011625803308561444,0.00022508669644594193,-1.1211086511611938,0.19865091145038605,11
renorm,2020-09-04_RD,2021-01-21_RD,RD,RD,139,0.0814727246761322,0.08864128589630127,0.07430416345596313,0.03198981285095215,0.035920146852731705,0.4631432890892029,0.0008489522733725607,0.0008129776106216013,-0.8467238545417786,0.19865091145038605,6
renorm,2020-09-24_CO,2021-01-21_RD,CO,RD,119,0.10072697699069977,0.11897635459899902,0.08247759938240051,0.03198981285095215,0.035920146852731705,0.3450075387954712,0.0005493371863849461,0.000564869144000113,-0.8112882971763611,0.20787066221237183,6
renorm,2020-09-28_CO,2021-01-21_RD,CO,RD,115,0.06760168075561523,0.06687319278717041,0.06833016872406006,0.03198981285095215,0.035920146852731705,0.3718467950820923,0.0004844127397518605,0.000735219509806484,-0.921233057975769,0.17546460032463074,4
renorm,2020-09-29_CO,2021-01-21_RD,CO,RD,114,0.009396106004714966,-0.08509388566017151,0.10388609766960144,0.03198981285095215,0.035920146852731705,0.3250043988227844,0.0006310768076218665,0.0007810959359630942,-0.6065922975540161,0.17546460032463074,3
renorm,2020-10-02_CO,2021-01-21_RD,CO,RD,111,0.12878401577472687,0.16146939992904663,0.0960986316204071,0.03198981285095215,0.035920146852731705,0.3583793640136719,0.0006813238724134862,0.0008697218145243824,-1.0701707601547241,0.17546460032463074,5
renorm,2020-10-07_CO,2021-01-21_RD,CO,RD,106,0.1367725431919098,0.18846824765205383,0.08507683873176575,0.03198981285095215,0.035920146852731705,0.36177384853363037,0.0004935454926453531,0.0005089747137390077,-1.0299699306488037,0.17546460032463074,6
renorm,2020-10-12_CO,2021-01-21_RD,CO,RD,101,0.12088780105113983,0.18101933598518372,0.06075626611709595,0.03198981285095215,0.035920146852731705,0.37492072582244873,0.0004264343006070703,0.0005208424408920109,-0.7013276219367981,0.14393766224384308,3
renorm,2020-10-16_CO,2021-01-21_RD,CO,RD,97,0.1149740219116211,0.18733495473861694,0.042613089084625244,0.03198981285095215,0.035920146852731705,0.35603487491607666,0.0005240089376457036,0.0006381839048117399,-0.6892291903495789,0.14393766224384308,4
renorm,2020-10-23_CO,2021-01-21_RD,CO,RD,90,0.04264557361602783,0.04127281904220581,0.044018328189849854,0.03198981285095215,0.035920146852731705,0.36039429903030396,0.0005505974404513836,0.0008709963876754045,-1.0648380517959595,1.8740684986114502,2
renorm,2020-11-03_CO,2021-01-21_RD,CO,RD,79,0.1736827790737152,0.24636641144752502,0.1009991466999054,0.03198981285095215,0.035920146852731705,0.42398351430892944,0.00044629452168010175,0.0002876587677747011,-0.8016308546066284,0.1025877296924591,4
renorm,2020-11-05_CO,2021-01-21_RD,CO,RD,77,0.17967002093791962,0.25287964940071106,0.10646039247512817,0.03198981285095215,0.035920146852731705,0.3746243715286255,0.0005254613352008164,0.00020310934633016586,-0.7419688105583191,0.1025877296924591,5
renorm,2020-11-09_CO,2021-01-21_RD,CO,RD,73,0.14674678444862366,0.18832716345787048,0.10516640543937683,0.03198981285095215,0.035920146852731705,0.4473620057106018,0.00040686989086680114,0.00022306412574835122,-1.0288071632385254,0.1025877296924591,4
renorm,2020-11-16_CO,2021-01-21_RD,CO,RD,66,0.1589498370885849,0.2246822714805603,0.0932174026966095,0.03198981285095215,0.035920146852731705,0.45164191722869873,0.000541259185411036,0.00013400829629972577,-0.6051332354545593,0.10197404026985168,7
renorm,2020-12-03_CO,2021-01-21_RD,CO,RD,49,0.19080597162246704,0.2661476731300354,0.11546427011489868,0.03198981285095215,0.035920146852731705,0.43255436420440674,0.0005603035097010434,0.0006488561630249023,-0.7769356369972229,0.13855454325675964,2
renorm,2020-12-04_CO,2021-01-21_RD,CO,RD,48,0.17668594419956207,0.2355600893497467,0.11781179904937744,0.03198981285095215,0.035920146852731705,0.48232120275497437,0.001044414471834898,0.0003145115915685892,-0.9016797542572021,0.13855454325675964,5
renorm,2020-12-11_CO,2021-01-21_RD,CO,RD,41,0.11232568323612213,0.10702019929885864,0.11763116717338562,0.03198981285095215,0.035920146852731705,0.4505045413970947,0.00160589802544564,0.0006639334606006742,-0.9629124402999878,0.1017538458108902,6
renorm,2020-12-12_RD,2021-01-21_RD,RD,RD,40,0.07754839956760406,0.11469137668609619,0.04040542244911194,0.03198981285095215,0.035920146852731705,0.318729043006897,0.001080440590158105,0.00031461723847314715,-1.0162639617919922,0.1017538458108902,4
renorm,2021-01-04_CO,2021-01-21_RD,CO,RD,17,0.21023564040660858,0.2723787724971771,0.14809250831604004,0.03198981285095215,0.035920146852731705,0.2649574875831604,0.00043691854807548225,8.157378761097789e-05,-1.0082206726074219,0.0,5
renorm,2021-01-05_CO,2021-01-21_RD,CO,RD,16,0.2335413694381714,0.3354504406452179,0.13163229823112488,0.03198981285095215,0.035920146852731705,0.3653782606124878,0.000700980017427355,0.00024726742412894964,-0.7527852654457092,0.0,4
renorm,2021-01-06_CO,2021-01-21_RD,CO,RD,15,0.2160586565732956,0.2969697117805481,0.1351476013660431,0.03198981285095215,0.035920146852731705,0.30552077293395996,0.00046366776223294437,0.0005484804860316217,-0.8656928539276123,0.0,8
renorm,2021-01-08_CO,2021-01-21_RD,CO,RD,13,0.24625039100646973,0.32698023319244385,0.1655205488204956,0.03198981285095215,0.035920146852731705,0.35462188720703125,0.0004986865678802133,0.000599183957092464,-0.7095983624458313,0.0,3
renorm,2021-01-11_CO,2021-01-21_RD,CO,RD,10,0.24767979979515076,0.3329818844795227,0.1623777151107788,0.03198981285095215,0.035920146852731705,0.30327510833740234,0.0005290194530971348,0.0005231215618550777,-0.7416326403617859,0.0,2
renorm,2021-01-21_RD,2021-01-21_RD,RD,RD,0,0.4002447724342346,0.5518436431884766,0.24864590167999268,0.03198981285095215,0.035920146852731705,0.12231922149658203,0.0004919930943287909,0.0002801104565151036,-0.5567225813865662,0.0,0
fixed,2020-01-27_CO,2021-01-22_RD,CO,RD,361,-1.0231009721755981,-2.006732940673828,-0.03946906328201294,1.1449766159057617,0.2930394113063812,0.5765684843063354,0.003141961293295026,0.004108075983822346,-1.2227966785430908,0.3261106014251709,13
fixed,2020-01-30_CO,2021-01-22_RD,CO,RD,358,-0.5686233639717102,0.15755268931388855,-1.2947993278503418,1.1848939657211304,0.29695913195610046,0.6368094682693481,0.001635924563743174,0.017983172088861465,-1.0631486177444458,0.3261106014251709,16
fixed,2020-02-04_CO,2021-01-22_RD,CO,RD,353,-0.32136109471321106,-0.40400463342666626,-0.23871755599975586,1.0605684518814087,0.28805938363075256,0.599549412727356,0.003206026740372181,0.008933275006711483,-0.7590727806091309,0.3261106014251709,10
fixed,2020-02-05_CO,2021-01-22_RD,CO,RD,352,-0.5488204956054688,-0.934908390045166,-0.16273260116577148,1.1794153451919556,0.3147291839122772,0.6382813453674316,0.0022956759203225374,0.0067966897040605545,-0.9141380786895752,0.3261106014251709,14
fixed,2020-02-06_CO,2021-01-22_RD,CO,RD,351,-1.5468854904174805,-2.9171934127807617,-0.17657744884490967,1.1761761903762817,0.3197634518146515,0.6553783416748047,0.01126958429813385,0.005823294632136822,-1.0139825344085693,,12
fixed,2020-02-11_CO,2021-01-22_RD,CO,RD,346,-2.2829744815826416,-3.4728143215179443,-1.0931346416473389,1.031302571296692,0.2559404969215393,0.5649331212043762,0.006621235050261021,0.012133609503507614,-0.8976043462753296,,11
fixed,2020-02-22_CO,2021-01-22_RD,CO,RD,335,-0.46948671340942383,-0.642183780670166,-0.29678964614868164,1.0492883920669556,0.261589914560318,0.5676513314247131,0.0038133675698190928,0.006744589656591415,-0.9028289914131165,,12
fixed,2020-02-24_CO,2021-01-22_RD,CO,RD,333,-0.5379185080528259,-0.5950793027877808,-0.4807577133178711,1.0186513662338257,0.22471602261066437,0.5847660303115845,0.00390937365591526,0.009553929790854454,-0.6056883931159973,,8
fixed,2020-02-25_CO,2021-01-22_RD,CO,RD,332,-1.0195084810256958,-1.8715739250183105,-0.16744303703308105,1.0610512495040894,0.2450597733259201,0.5915969610214233,0.002673439448699355,0.007492369040846825,-0.8404014110565186,,10
fixed,2020-02-28_RD,2021-01-22_RD,RD,RD,329,-3.855198383331299,-7.4729413986206055,-0.23745542764663696,1.068331003189087,0.2386869192123413,0.5999847650527954,0.0054674395360052586,0.008983716368675232,-0.6923158168792725,,14
fixed,2020-03-02_RD,2021-01-22_RD,RD,RD,326,-4.330733776092529,-8.382474899291992,-0.2789924740791321,0.9245970845222473,0.214208722114563,0.5704026818275452,0.004445828031748533,0.009054446592926979,-0.7388476729393005,,16
fixed,2020-03-10_RD,2021-01-22_RD,RD,RD,318,-1.3966810703277588,-2.819904088973999,0.026541799306869507,1.0469577312469482,0.2795669138431549,0.5673858523368835,0.006405815947800875,0.003065434517338872,-1.128673791885376,,15
fixed,2020-03-13_RD,2021-01-22_RD,RD,RD,315,-3.3034725189208984,-6.529150485992432,-0.07779449224472046,1.0624736547470093,0.24497894942760468,0.5749887824058533,0.0029660076834261417,0.005717681720852852,-0.8617156744003296,,13
fixed,2020-03-17_RD,2021-01-22_RD,RD,RD,311,-0.6966869235038757,-1.2089784145355225,-0.184395432472229,1.0580286979675293,0.31180769205093384,0.5799335241317749,0.003396727843210101,0.0071553257293999195,-1.1590999364852905,,9
fixed,2020-03-18_RD,2021-01-22_RD,RD,RD,310,-0.3159562647342682,-0.6087581515312195,-0.023154377937316895,1.0941630601882935,0.29790520668029785,0.6140181422233582,0.007984321564435959,0.003963830415159464,-1.1912938356399536,,12
fixed,2020-03-19_RD,2021-01-22_RD,RD,RD,309,-6.813714504241943,-12.221522331237793,-1.405907154083252,1.1254316568374634,0.3143860399723053,0.6044130325317383,0.006010132841765881,0.019447026774287224,-0.990984320640564,,9
fixed,2020-03-20_RD,2021-01-22_RD,RD,RD,308,-6.268589973449707,-12.097010612487793,-0.4401685893535614,1.034919023513794,0.22016580402851105,0.5883023142814636,0.0030930249486118555,0.010692202486097813,-0.5091848969459534,,11
fixed,2020-06-26_CO,2021-01-22_RD,CO,RD,210,-0.8162508010864258,-1.4215171337127686,-0.21098452806472778,0.8175775408744812,0.17479974031448364,0.6467005610466003,0.0034827638883143663,0.006903464440256357,-0.8657550811767578,,9
fixed,2020-07-08_CO,2021-01-22_RD,CO,RD,198,-1.357089638710022,-2.7487573623657227,0.0345781147480011,0.7690353393554688,0.18508154153823853,0.5834048986434937,0.004531382117420435,0.0015039757126942277,-0.5434616208076477,0.3759837746620178,7
fixed,2020-07-14_CO,2021-01-22_RD,CO,RD,192,-0.7380048632621765,-1.1777236461639404,-0.2982860803604126,0.7682436108589172,0.16812019050121307,0.590241551399231,0.004924388136714697,0.006986140739172697,-0.8114458918571472,0.3759837746620178,35
fixed,2020-07-29_RD,2021-01-22_RD,RD,RD,177,-1.5335450172424316,-2.661351442337036,-0.4057384133338928,0.8694128394126892,0.16720794141292572,0.5758453607559204,0.005144056398421526,0.00940345972776413,-0.35919225215911865,0.20381173491477966,14
fixed,2020-07-31_CO,2021-01-22_RD,CO,RD,175,-0.9184333682060242,-1.4178364276885986,-0.4190303087234497,1.0931037664413452,0.20555804669857025,0.6128706932067871,0.0031650036107748747,0.010921334847807884,-0.9257263541221619,0.20381173491477966,42
fixed,2020-08-08_RD,2021-01-22_RD,RD,RD,167,-1.0662715435028076,-1.7647873163223267,-0.3677559196949005,0.8297353386878967,0.18262630701065063,0.6037530899047852,0.005929151549935341,0.008602160029113293,-0.37869614362716675,0.19468797743320465,4
fixed,2020-08-11_RD,2021-01-22_RD,RD,RD,164,-1.2175835371017456,-0.5376575589179993,-1.8975095748901367,1.2134090662002563,0.23031066358089447,0.6313124299049377,0.01718892715871334,0.02258610725402832,-0.7441369891166687,0.19468797743320465,4
fixed,2020-08-22_RD,2021-01-22_RD,RD,RD,153,-1.3506228923797607,-2.7119061946868896,0.010660409927368164,0.860826313495636,0.17952387034893036,0.6148018836975098,0.015313423238694668,0.002544201910495758,-0.19853752851486206,0.1762460321187973,8
fixed,2020-08-29_RD,2021-01-22_RD,RD,RD,146,-0.20008240640163422,-0.3330521881580353,-0.06711262464523315,0.65467768907547,0.17194128036499023,0.573476254940033,0.008779153227806091,0.005319585558027029,-1.3215702772140503,0.19865091145038605,18
fixed,2020-09-04_RD,2021-01-22_RD,RD,RD,140,-1.9376871585845947,-3.7382357120513916,-0.1371387243270874,0.7185821533203125,0.19808053970336914,0.6553104519844055,0.007260057609528303,0.006802191026508808,-0.5494003295898438,0.19865091145038605,8
fixed,2020-09-24_CO,2021-01-22_RD,CO,RD,120,-2.3982961177825928,-4.451419353485107,-0.3451730012893677,0.7378233075141907,0.150869682431221,0.6167404055595398,0.00273084151558578,0.009515302255749702,-0.4593053460121155,0.20787066221237183,8
fixed,2020-09-28_CO,2021-01-22_RD,CO,RD,116,-0.48395800590515137,-0.458129346370697,-0.5097866654396057,0.7211161255836487,0.1819595843553543,0.6288649439811707,0.0016128504648804665,0.01237252913415432,-1.1429075002670288,0.17546460032463074,10
fixed,2020-09-29_CO,2021-01-22_RD,CO,RD,115,-2.421370029449463,-4.3338446617126465,-0.5088950395584106,0.6274905800819397,0.16372720897197723,0.588562548160553,0.004209716338664293,0.008558007888495922,-0.3700547218322754,0.17546460032463074,8
fixed,2020-10-02_CO,2021-01-22_RD,CO,RD,112,-1.702345609664917,-3.3441669940948486,-0.060524165630340576,0.6708190441131592,0.1574956327676773,0.6219902038574219,0.004005972761660814,0.004133226349949837,-0.8147393465042114,0.17546460032463074,7
fixed,2020-10-07_CO,2021-01-22_RD,CO,RD,107,-0.24948856234550476,-0.45970094203948975,-0.039276182651519775,0.656937837600708,0.14859066903591156,0.5928387641906738,0.004089246969670057,0.005322301294654608,-0.912429690361023,0.17546460032463074,10
fixed,2020-10-12_CO,2021-01-22_RD,CO,RD,102,-2.806745767593384,-5.2004547119140625,-0.41303688287734985,0.7294006943702698,0.15178769826889038,0.6300045847892761,0.004325710702687502,0.01048964262008667,0.15468919277191162,0.14393766224384308,4
fixed,2020-10-16_CO,2021-01-22_RD,CO,RD,98,-0.7585297226905823,-1.2888994216918945,-0.22816002368927002,0.890092670917511,0.16090966761112213,0.6313818693161011,0.009817353449761868,0.006818145513534546,-0.32872822880744934,0.14393766224384308,7
fixed,2020-10-23_CO,2021-01-22_RD,CO,RD,91,-3.8898234367370605,-4.566440105438232,-3.2132067680358887,0.7339992523193359,0.15128065645694733,0.6157380938529968,0.004440914839506149,0.029621828347444534,-0.4221764802932739,1.8740684986114502,3
fixed,2020-11-03_CO,2021-01-22_RD,CO,RD,80,-1.4067012071609497,-2.7726683616638184,-0.040734052658081055,0.6789973378181458,0.1913566142320633,0.6316719651222229,0.006411091890186071,0.005682359449565411,-1.0143778324127197,0.1025877296924591,8
fixed,2020-11-05_CO,2021-01-22_RD,CO,RD,78,-0.4349181056022644,-0.4436089098453522,-0.42622727155685425,0.693756103515625,0.2033751755952835,0.6466162800788879,0.004184609279036522,0.011248143389821053,-0.9311225414276123,0.1025877296924591,15
fixed,2020-11-09_CO,2021-01-22_RD,CO,RD,74,-0.3357551693916321,0.03609880805015564,-0.7076091170310974,0.6943202614784241,0.1529821902513504,0.540122926235199,0.007619723677635193,0.014597481116652489,-1.0332071781158447,0.1025877296924591,11
fixed,2020-11-16_CO,2021-01-22_RD,CO,RD,67,-0.1646815836429596,0.0008205175399780273,-0.3301836848258972,0.7359821200370789,0.1416022926568985,0.5539270043373108,0.01051959116011858,0.009586373344063759,-0.7154576182365417,0.10197404026985168,14
fixed,2020-12-03_CO,2021-01-22_RD,CO,RD,50,-0.7359750270843506,-1.3975417613983154,-0.07440817356109619,0.7573606371879578,0.16558237373828888,0.4693670868873596,0.0109897805377841,0.006217071786522865,-0.3238949477672577,0.13855454325675964,9
fixed,2020-12-04_CO,2021-01-22_RD,CO,RD,49,-0.12798570096492767,0.044440001249313354,-0.3004114031791687,0.643417477607727,0.19713743031024933,0.5271177291870117,0.005177804734557867,0.010031052865087986,-0.766973614692688,0.13855454325675964,10
fixed,2020-12-11_CO,2021-01-22_RD,CO,RD,42,-0.5993005037307739,-0.765934944152832,-0.4326661229133606,0.6954627633094788,0.27380815148353577,0.6127191781997681,0.022146858274936676,0.011723527684807777,-1.167967677116394,0.1017538458108902,15
fixed,2020-12-12_RD,2021-01-22_RD,RD,RD,41,-2.103555202484131,-3.620292901992798,-0.5868174433708191,0.6207450032234192,0.16387195885181427,0.5908759832382202,0.011242720298469067,0.011140435934066772,-0.658800482749939,0.1017538458108902,17
fixed,2021-01-04_CO,2021-01-22_RD,CO,RD,18,-2.6139743328094482,-4.992583274841309,-0.23536568880081177,0.51292484998703,0.14912985265254974,0.5402242541313171,0.005742365960031748,0.009135465137660503,-0.725080668926239,0.0,15
fixed,2021-01-05_CO,2021-01-22_RD,CO,RD,17,-1.9027764797210693,-3.9065256118774414,0.10097259283065796,0.5909691452980042,0.16204999387264252,0.5217342972755432,0.01636854186654091,0.003311684587970376,-0.4409688413143158,0.0,15
fixed,2021-01-06_CO,2021-01-22_RD,CO,RD,16,-0.20077836513519287,-0.3053175210952759,-0.09623920917510986,0.5617115497589111,0.15934781730175018,0.4726552963256836,0.0026086419820785522,0.006012932863086462,-0.907471776008606,0.0,18
fixed,2021-01-08_CO,2021-01-22_RD,CO,RD,14,-0.043398842215538025,-0.09706014394760132,0.010262459516525269,0.5471351742744446,0.16017407178878784,0.5092706084251404,0.005617124494165182,0.006899762898683548,-0.5388017892837524,0.0,10
fixed,2021-01-11_CO,2021-01-22_RD,CO,RD,11,-4.634495258331299,-9.183382987976074,-0.08560815453529358,0.5595592856407166,0.15629500150680542,0.48721784353256226,0.016271168366074562,0.007503528147935867,-0.0945281982421875,0.0,16
fixed,2021-01-21_RD,2021-01-22_RD,RD,RD,1,0.049180880188941956,-0.03696522116661072,0.13532698154449463,0.31575822830200195,0.11904159188270569,0.397305428981781,0.001999611733481288,0.004959137178957462,-0.8445695638656616,0.0,19
fixed,2021-01-22_RD,2021-01-22_RD,RD,RD,0,0.3886747360229492,0.5281789302825928,0.2491704821586609,0.059126030653715134,0.026172393932938576,0.16404038667678833,0.0005612383247353137,0.0007491756114177406,-0.47322458028793335,0.0,0
renorm,2020-01-27_CO,2021-01-22_RD,CO,RD,361,0.05206723511219025,0.0783877968788147,0.025746673345565796,0.059126030653715134,0.026172393932938576,0.3995276093482971,0.0006515698623843491,0.00046189079876057804,-1.1868066787719727,0.3261106014251709,13
renorm,2020-01-30_CO,2021-01-22_RD,CO,RD,358,0.09793734550476074,0.16916832327842712,0.02670636773109436,0.059126030653715134,0.026172393932938576,0.3773042559623718,0.0005655093700625002,0.0003849198401439935,-0.8848845958709717,0.3261106014251709,16
renorm,2020-02-04_CO,2021-01-22_RD,CO,RD,353,0.09230487048625946,0.14095592498779297,0.04365381598472595,0.059126030653715134,0.026172393932938576,0.39221853017807007,0.0006391783826984465,0.00021927854686509818,-0.7804993987083435,0.3261106014251709,10
renorm,2020-02-05_CO,2021-01-22_RD,CO,RD,352,0.04021929204463959,0.07032939791679382,0.010109186172485352,0.059126030653715134,0.026172393932938576,0.36439085006713867,0.0006419744458980858,0.00045864610001444817,-0.8966777324676514,0.3261106014251709,14
renorm,2020-02-06_CO,2021-01-22_RD,CO,RD,351,0.01807384192943573,0.047123610973358154,-0.010975927114486694,0.059126030653715134,0.026172393932938576,0.4004870653152466,0.0005905748112127185,0.0005006913561373949,-0.8817054033279419,,12
renorm,2020-02-11_CO,2021-01-22_RD,CO,RD,346,0.04988838732242584,0.11999791860580444,-0.02022114396095276,0.059126030653715134,0.026172393932938576,0.37235957384109497,0.0005822766688652337,6.286441930569708e-05,-1.0614640712738037,,11
renorm,2020-02-22_CO,2021-01-22_RD,CO,RD,335,0.1223626434803009,0.18994346261024475,0.054781824350357056,0.059126030653715134,0.026172393932938576,0.3649085760116577,0.000465998804429546,0.0003172305296175182,-0.8409104943275452,,12
renorm,2020-02-24_CO,2021-01-22_RD,CO,RD,333,0.09761808812618256,0.16002216935157776,0.035214006900787354,0.059126030653715134,0.026172393932938576,0.385276734828949,0.000576127611566335,0.00033554236870259047,-0.7345156669616699,,8
renorm,2020-02-25_CO,2021-01-22_RD,CO,RD,332,0.06620444357395172,0.11076593399047852,0.021642953157424927,0.059126030653715134,0.026172393932938576,0.4097195863723755,0.0006054464029148221,0.00013626950385514647,-0.6976147890090942,,10
renorm,2020-02-28_RD,2021-01-22_RD,RD,RD,329,-0.03637509047985077,-0.09050104022026062,0.017750859260559082,0.059126030653715134,0.026172393932938576,0.4022945761680603,0.0006751473993062973,7.714656385360286e-05,-0.7950620055198669,,14
renorm,2020-03-02_RD,2021-01-22_RD,RD,RD,326,-0.11345793306827545,-0.2429404854774475,0.016024619340896606,0.059126030653715134,0.026172393932938576,0.3816536068916321,0.0007946862606331706,0.00020593170484062284,-0.9355722665786743,,16
renorm,2020-03-10_RD,2021-01-22_RD,RD,RD,318,-0.010298818349838257,-0.08401614427566528,0.06341850757598877,0.059126030653715134,0.026172393932938576,0.4018954038619995,0.0006435635732486844,0.00019469615654088557,-0.8606647253036499,,15
renorm,2020-03-13_RD,2021-01-22_RD,RD,RD,315,-0.026788905262947083,-0.09544944763183594,0.04187163710594177,0.059126030653715134,0.026172393932938576,0.3791395425796509,0.000723696022760123,0.000169106584507972,-0.9769541025161743,,13
renorm,2020-03-17_RD,2021-01-22_RD,RD,RD,311,0.027575060725212097,0.008442878723144531,0.04670724272727966,0.059126030653715134,0.026172393932938576,0.392886757850647,0.0007995647611096501,0.00038127589505165815,-0.3437569737434387,,9
renorm,2020-03-18_RD,2021-01-22_RD,RD,RD,310,0.020907476544380188,0.007894039154052734,0.03392091393470764,0.059126030653715134,0.026172393932938576,0.37604790925979614,0.0012903816532343626,0.0002514259540475905,-0.6135499477386475,,12
renorm,2020-03-19_RD,2021-01-22_RD,RD,RD,309,-0.03939931094646454,-0.07134509086608887,-0.00745353102684021,0.059126030653715134,0.026172393932938576,0.3765783905982971,0.000751385057810694,0.00035674954415299,-1.136141061782837,,9
renorm,2020-03-20_RD,2021-01-22_RD,RD,RD,308,-0.0484686940908432,-0.11155745387077332,0.014620065689086914,0.059126030653715134,0.026172393932938576,0.3584275245666504,0.0008986491593532264,0.0002543049049563706,-0.9953608512878418,,11
renorm,2020-06-26_CO,2021-01-22_RD,CO,RD,210,-0.09239672124385834,-0.16331130266189575,-0.021482139825820923,0.059126030653715134,0.026172393932938576,0.3574047088623047,0.0004503167874645442,0.00019981279911007732,-1.0880420207977295,,9
renorm,2020-07-08_CO,2021-01-22_RD,CO,RD,198,-0.0165155827999115,-0.05988556146621704,0.026854395866394043,0.059126030653715134,0.026172393932938576,0.37264251708984375,0.0005006768624298275,6.891235534567386e-05,-0.9971572160720825,0.3759837746620178,7
renorm,2020-07-14_CO,2021-01-22_RD,CO,RD,192,-0.028321772813796997,-0.07951530814170837,0.02287176251411438,0.059126030653715134,0.026172393932938576,0.38647234439849854,0.0006078719743527472,0.00010415542055852711,-0.9211002588272095,0.3759837746620178,35
renorm,2020-07-29_RD,2021-01-22_RD,RD,RD,177,-0.036155566573143005,-0.037233322858810425,-0.035077810287475586,0.059126030653715134,0.026172393932938576,0.37557876110076904,0.0006556006264872849,0.0010804833145812154,-0.9468601942062378,0.20381173491477966,14
renorm,2020-07-31_CO,2021-01-22_RD,CO,RD,175,0.042254507541656494,0.048466891050338745,0.03604212403297424,0.059126030653715134,0.026172393932938576,0.3455290198326111,0.0005104170413687825,0.0006950621027499437,-1.2427263259887695,0.20381173491477966,42
renorm,2020-08-08_RD,2021-01-22_RD,RD,RD,167,0.02406325936317444,0.049963682889938354,-0.0018371641635894775,0.059126030653715134,0.026172393932938576,0.35033470392227173,0.0008014981867745519,0.0006297839572653174,-0.8764896392822266,0.19468797743320465,4
renorm,2020-08-11_RD,2021-01-22_RD,RD,RD,164,0.015755027532577515,0.062255680561065674,-0.030745625495910645,0.059126030653715134,0.026172393932938576,0.3399837613105774,0.000925371830817312,0.0004880824126303196,-0.8800870776176453,0.19468797743320465,4
renorm,2020-08-22_RD,2021-01-22_RD,RD,RD,153,0.005038321018218994,-0.01459994912147522,0.024676591157913208,0.059126030653715134,0.026172393932938576,0.3580915331840515,0.0009945097845047712,0.0007320380536839366,-1.2492601871490479,0.1762460321187973,8
renorm,2020-08-29_RD,2021-01-22_RD,RD,RD,146,0.10780178010463715,0.18072274327278137,0.03488081693649292,0.059126030653715134,0.026172393932938576,0.31779760122299194,0.0012313250917941332,0.00017114293586928397,-1.117197036743164,0.19865091145038605,18
renorm,2020-09-04_RD,2021-01-22_RD,RD,RD,140,0.0736280083656311,0.08736437559127808,0.05989164113998413,0.059126030653715134,0.026172393932938576,0.39216840267181396,0.0008618570864200592,0.000506836106069386,-0.8674530982971191,0.19865091145038605,8
renorm,2020-09-24_CO,2021-01-22_RD,CO,RD,120,0.10744483768939972,0.13013550639152527,0.08475416898727417,0.059126030653715134,0.026172393932938576,0.31083232164382935,0.0005583108868449926,0.00042090786155313253,-0.9134987592697144,0.20787066221237183,8
renorm,2020-09-28_CO,2021-01-22_RD,CO,RD,116,0.0680072158575058,0.07229176163673401,0.06372267007827759,0.059126030653715134,0.026172393932938576,0.2997802495956421,0.00044367200462147593,0.00020985853916499764,-0.9829307794570923,0.17546460032463074,10
renorm,2020-09-29_CO,2021-01-22_RD,CO,RD,115,0.032320111989974976,-0.017083704471588135,0.08172392845153809,0.059126030653715134,0.026172393932938576,0.3421868085861206,0.0006007676129229367,0.00039568860665895045,-0.7075052857398987,0.17546460032463074,8
renorm,2020-10-02_CO,2021-01-22_RD,CO,RD,112,0.10586994886398315,0.15404456853866577,0.05769532918930054,0.059126030653715134,0.026172393932938576,0.3487986922264099,0.0006704017287120223,0.0006246698903851211,-1.2314902544021606,0.17546460032463074,7
renorm,2020-10-07_CO,2021-01-22_RD,CO,RD,107,0.14761874079704285,0.20302212238311768,0.09221535921096802,0.059126030653715134,0.026172393932938576,0.2975863218307495,0.0004654708318412304,0.0006628261180594563,-1.1027551889419556,0.17546460032463074,10
renorm,2020-10-12_CO,2021-01-22_RD,CO,RD,102,0.16015316545963287,0.2450266182422638,0.07527971267700195,0.059126030653715134,0.026172393932938576,0.30350589752197266,0.000413923233281821,0.0005166261689737439,-0.6439568400382996,0.14393766224384308,4
renorm,2020-10-16_CO,2021-01-22_RD,CO,RD,98,0.13330692052841187,0.21484315395355225,0.051770687103271484,0.059126030653715134,0.026172393932938576,0.3139162063598633,0.0005649970844388008,5.744462396251038e-05,-0.6940664649009705,0.14393766224384308,7
renorm,2020-10-23_CO,2021-01-22_RD,CO,RD,91,0.054249107837677,0.04512608051300049,0.06337213516235352,0.059126030653715134,0.026172393932938576,0.3303074240684509,0.0005232983385212719,0.00036692561116069555,-1.023980975151062,1.8740684986114502,3
renorm,2020-11-03_CO,2021-01-22_RD,CO,RD,80,0.15321780741214752,0.17955467104911804,0.126880943775177,0.059126030653715134,0.026172393932938576,0.32984089851379395,0.0004144127306062728,0.0002448637969791889,-1.0250916481018066,0.1025877296924591,8
renorm,2020-11-05_CO,2021-01-22_RD,CO,RD,78,0.163580983877182,0.22970795631408691,0.0974540114402771,0.059126030653715134,0.026172393932938576,0.3246520757675171,0.0005476626101881266,0.0004447053070180118,-0.7455562353134155,0.1025877296924591,15
renorm,2020-11-09_CO,2021-01-22_RD,CO,RD,74,0.13784950971603394,0.18214967846870422,0.09354934096336365,0.059126030653715134,0.026172393932938576,0.39192575216293335,0.0005027070292271674,0.00020468248112592846,-1.12498939037323,0.1025877296924591,11
renorm,2020-11-16_CO,2021-01-22_RD,CO,RD,67,0.16666920483112335,0.22300532460212708,0.11033308506011963,0.059126030653715134,0.026172393932938576,0.389731228351593,0.0005228808149695396,0.00023404488456435502,-0.8124138116836548,0.10197404026985168,14
renorm,2020-12-03_CO,2021-01-22_RD,CO,RD,50,0.16720923781394958,0.27543461322784424,0.05898386240005493,0.059126030653715134,0.026172393932938576,0.4045143723487854,0.0009017300908453763,0.00021736902999691665,-0.8576737642288208,0.13855454325675964,9
renorm,2020-12-04_CO,2021-01-22_RD,CO,RD,49,0.18661195039749146,0.2628129720687866,0.11041092872619629,0.059126030653715134,0.026172393932938576,0.43492215871810913,0.0009403713047504425,0.000310310599161312,-1.076904296875,0.13855454325675964,10
renorm,2020-12-11_CO,2021-01-22_RD,CO,RD,42,0.031912416219711304,-0.02385842800140381,0.08768326044082642,0.059126030653715134,0.026172393932938576,0.4444141387939453,0.0015884045278653502,0.00031665863934904337,-1.071865200996399,0.1017538458108902,15
renorm,2020-12-12_RD,2021-01-22_RD,RD,RD,41,0.037615686655044556,0.07822442054748535,-0.0029930472373962402,0.059126030653715134,0.026172393932938576,0.38761651515960693,0.0013652328634634614,0.0010916530154645443,-1.1977453231811523,0.1017538458108902,17
renorm,2021-01-04_CO,2021-01-22_RD,CO,RD,18,0.20279107987880707,0.2728503346443176,0.1327318251132965,0.059126030653715134,0.026172393932938576,0.34268879890441895,0.000993282999843359,0.0009769384050741792,-1.157408595085144,0.0,15
renorm,2021-01-05_CO,2021-01-22_RD,CO,RD,17,0.24043509364128113,0.3414139449596405,0.13945624232292175,0.059126030653715134,0.026172393932938576,0.35925209522247314,0.0008634492987766862,0.0004468089318834245,-0.8039017915725708,0.0,15
renorm,2021-01-06_CO,2021-01-22_RD,CO,RD,16,0.24048079550266266,0.31408098340034485,0.16688060760498047,0.059126030653715134,0.026172393932938576,0.3883579969406128,0.0005782147054560483,0.0005871534231118858,-1.0400512218475342,0.0,18
renorm,2021-01-08_CO,2021-01-22_RD,CO,RD,14,0.2572236657142639,0.3285593092441559,0.18588799238204956,0.059126030653715134,0.026172393932938576,0.439242422580719,0.0006965662469156086,0.0003109288518317044,-0.7152571678161621,0.0,10
renorm,2021-01-11_CO,2021-01-22_RD,CO,RD,11,0.22644764184951782,0.2801634669303894,0.17273181676864624,0.059126030653715134,0.026172393932938576,0.3297765254974365,0.0009104759665206075,0.00021112815011292696,-0.7468669414520264,0.0,16
renorm,2021-01-21_RD,2021-01-22_RD,RD,RD,1,0.35634827613830566,0.49808967113494873,0.2146068811416626,0.059126030653715134,0.026172393932938576,0.34808170795440674,0.0007144527044147253,0.0007054347661323845,-0.8016852140426636,0.0,19
renorm,2021-01-22_RD,2021-01-22_RD,RD,RD,0,0.3911004960536957,0.5327914953231812,0.24940946698188782,0.059126030653715134,0.026172393932938576,0.16404038667678833,0.00054438371444121,0.0007488607661798596,-0.48162204027175903,0.0,0
fixed,2020-01-27_CO,2021-01-23_CO,CO,CO,362,-1.6350924968719482,-2.9068613052368164,-0.3633236885070801,1.3290824890136719,0.35852479934692383,0.6101456880569458,0.003156244056299329,0.006268610246479511,-1.1310279369354248,0.3261106014251709,9
fixed,2020-01-30_CO,2021-01-23_CO,CO,CO,359,-1.4147870540618896,-0.20591461658477783,-2.623659610748291,1.3467298746109009,0.364764541387558,0.6329724192619324,0.006129277870059013,0.019352227449417114,-1.2125264406204224,0.3261106014251709,10
fixed,2020-02-04_CO,2021-01-23_CO,CO,CO,354,-1.5401004552841187,-2.974304437637329,-0.1058964729309082,1.2488117218017578,0.3552621901035309,0.6250582337379456,0.0076620266772806644,0.0035359696485102177,-0.7764663696289062,0.3261106014251709,8
fixed,2020-02-05_CO,2021-01-23_CO,CO,CO,353,-2.0931591987609863,-3.423067569732666,-0.7632507085800171,1.3585014343261719,0.3831693232059479,0.6268455982208252,0.007524358108639717,0.011734819039702415,-0.9422193169593811,0.3261106014251709,10
fixed,2020-02-06_CO,2021-01-23_CO,CO,CO,352,-3.4466500282287598,-6.6833415031433105,-0.20995819568634033,1.3284043073654175,0.3777489960193634,0.6398860216140747,0.006223632022738457,0.0058204298838973045,-1.2748204469680786,,9
fixed,2020-02-11_CO,2021-01-23_CO,CO,CO,347,-5.174998760223389,-9.443259239196777,-0.9067382216453552,1.18701171875,0.320154070854187,0.6074864864349365,0.00415827427059412,0.011529550887644291,-1.1396827697753906,,10
fixed,2020-02-22_CO,2021-01-23_CO,CO,CO,336,-0.9082114696502686,-1.7519526481628418,-0.06447023153305054,1.2097276449203491,0.3254714608192444,0.5766434669494629,0.003916510380804539,0.0034773850347846746,-1.252695083618164,,12
fixed,2020-02-24_CO,2021-01-23_CO,CO,CO,334,-3.439138650894165,-6.136015892028809,-0.742261528968811,1.18466055393219,0.2880644202232361,0.5659531354904175,0.008339636959135532,0.008028029464185238,-0.9319045543670654,,9
fixed,2020-02-25_CO,2021-01-23_CO,CO,CO,333,-2.4544525146484375,-4.870639801025391,-0.03826525807380676,1.2080867290496826,0.30491623282432556,0.5991417169570923,0.0025315755046904087,0.0029513919726014137,-1.3572138547897339,,8
fixed,2020-02-28_RD,2021-01-23_CO,RD,CO,330,-9.107730865478516,-18.178930282592773,-0.03653150796890259,1.2268749475479126,0.2977348268032074,0.5773360729217529,0.008497458882629871,0.0023712054826319218,-0.9075247049331665,,11
fixed,2020-03-02_RD,2021-01-23_CO,RD,CO,327,-10.191286087036133,-19.68376350402832,-0.6988080143928528,1.0993508100509644,0.28006502985954285,0.5878828763961792,0.01011346559971571,0.010528992861509323,-1.0814459323883057,,11
fixed,2020-03-10_RD,2021-01-23_CO,RD,CO,319,-3.524783134460449,-6.588473320007324,-0.46109259128570557,1.176777720451355,0.34673309326171875,0.6118272542953491,0.005733800120651722,0.006747945211827755,-1.126731038093567,,12
fixed,2020-03-13_RD,2021-01-23_CO,RD,CO,316,-4.492152690887451,-8.737476348876953,-0.24682939052581787,1.2244372367858887,0.3045699894428253,0.5776186585426331,0.009025035426020622,0.006133376620709896,-1.1053659915924072,,11
fixed,2020-03-17_RD,2021-01-23_CO,RD,CO,312,-4.119494915008545,-8.02051067352295,-0.2184789776802063,1.2063076496124268,0.37423834204673767,0.5922377705574036,0.009326446801424026,0.0068862298503518105,-1.2616877555847168,,9
fixed,2020-03-18_RD,2021-01-23_CO,RD,CO,311,-1.7949632406234741,-3.5624008178710938,-0.027525722980499268,1.2595120668411255,0.35917726159095764,0.6445280313491821,0.008770272135734558,0.0017403945093974471,-1.2876719236373901,,8
fixed,2020-03-19_RD,2021-01-23_CO,RD,CO,310,-10.92285442352295,-20.916671752929688,-0.929036021232605,1.2835792303085327,0.37396469712257385,0.6472209095954895,0.009650333784520626,0.011348760686814785,-0.8852822780609131,,8
fixed,2020-03-20_RD,2021-01-23_CO,RD,CO,309,-11.573016166687012,-21.99422836303711,-1.151803970336914,1.2019621133804321,0.2850190997123718,0.6237061619758606,0.00945912767201662,0.012675408273935318,-0.8171756267547607,,8
fixed,2020-06-26_CO,2021-01-23_CO,CO,CO,211,-0.925312340259552,-1.777784824371338,-0.07283985614776611,0.9877081513404846,0.23289470374584198,0.6629322171211243,0.006267911288887262,0.0030895196832716465,-1.1991692781448364,,5
fixed,2020-07-08_CO,2021-01-23_CO,CO,CO,199,-2.0045032501220703,-3.990443706512451,-0.018563121557235718,0.8706583380699158,0.22485952079296112,0.49940288066864014,0.007463021669536829,0.0021161248441785574,-1.1387022733688354,0.3759837746620178,3
fixed,2020-07-14_CO,2021-01-23_CO,CO,CO,193,-1.6325254440307617,-2.5023341178894043,-0.7627168297767639,0.9468622207641602,0.22623008489608765,0.6000628471374512,0.010062397457659245,0.009229786694049835,-0.9082821607589722,0.3759837746620178,29
fixed,2020-07-29_RD,2021-01-23_CO,RD,CO,178,-10.883264541625977,-19.801271438598633,-1.9652581214904785,0.9169890284538269,0.19981630146503448,0.5659885406494141,0.016934772953391075,0.01742102950811386,-0.7960766553878784,0.20381173491477966,9
fixed,2020-07-31_CO,2021-01-23_CO,CO,CO,176,-1.2943298816680908,-1.602808952331543,-0.9858509302139282,1.1310524940490723,0.23286931216716766,0.5882076621055603,0.007229285314679146,0.010702763684093952,-1.2850536108016968,0.20381173491477966,28
fixed,2020-08-08_RD,2021-01-23_CO,RD,CO,168,-5.8806586265563965,-11.140344619750977,-0.6209733486175537,0.9798355102539062,0.24187004566192627,0.6045630574226379,0.004803238902240992,0.007253381423652172,-0.7785503268241882,0.19468797743320465,5
fixed,2020-08-11_RD,2021-01-23_CO,RD,CO,165,-1.7816730737686157,-1.761342167854309,-1.8020038604736328,1.3260098695755005,0.2853967249393463,0.635168194770813,0.015141847543418407,0.016943858936429024,-0.8433530330657959,0.19468797743320465,5
fixed,2020-08-22_RD,2021-01-23_CO,RD,CO,154,-7.642420768737793,-14.142385482788086,-1.142456293106079,0.944218635559082,0.21008233726024628,0.6439691781997681,0.016543090343475342,0.012597518973052502,-0.41077950596809387,0.1762460321187973,4
fixed,2020-08-29_RD,2021-01-23_CO,RD,CO,147,-1.1774203777313232,-2.009016513824463,-0.34582412242889404,0.8060434460639954,0.2220839262008667,0.6308810710906982,0.02234828658401966,0.007192215882241726,-1.6203422546386719,0.19865091145038605,12
fixed,2020-09-04_RD,2021-01-23_CO,RD,CO,141,-6.494696617126465,-12.872501373291016,-0.11689156293869019,0.8701708912849426,0.24504965543746948,0.6637759208679199,0.0035215462557971478,0.004067346919327974,-1.0668679475784302,0.19865091145038605,5
fixed,2020-09-24_CO,2021-01-23_CO,CO,CO,121,-11.82452392578125,-22.830543518066406,-0.8185058236122131,0.862699031829834,0.20580041408538818,0.5940488576889038,0.009358321316540241,0.009770299308001995,-0.6330877542495728,0.20787066221237183,6
fixed,2020-09-28_CO,2021-01-23_CO,CO,CO,117,-1.142130732536316,-0.9369302988052368,-1.3473310470581055,0.87868732213974,0.23167137801647186,0.6144155859947205,0.008250798098742962,0.01353390607982874,-1.476025938987732,0.17546460032463074,4
fixed,2020-09-29_CO,2021-01-23_CO,CO,CO,116,-6.333445072174072,-12.382084846496582,-0.2848049998283386,0.7613418698310852,0.2138991802930832,0.581031084060669,0.00789320282638073,0.0067545766942203045,-0.5803160071372986,0.17546460032463074,4
fixed,2020-10-02_CO,2021-01-23_CO,CO,CO,113,-3.7535550594329834,-7.4517741203308105,-0.05533599853515625,0.7978864312171936,0.21652227640151978,0.6315286159515381,0.00445519620552659,0.003496895544230938,-1.0540645122528076,0.17546460032463074,5
fixed,2020-10-07_CO,2021-01-23_CO,CO,CO,108,-1.5747334957122803,-2.6800031661987305,-0.4694640040397644,0.8304627537727356,0.21606819331645966,0.6180088520050049,0.007897879928350449,0.008198665454983711,-1.0741266012191772,0.17546460032463074,6
fixed,2020-10-12_CO,2021-01-23_CO,CO,CO,103,-9.085515975952148,-17.05332374572754,-1.1177068948745728,0.802745521068573,0.1952391266822815,0.6172733902931213,0.006952865049242973,0.011073477566242218,-0.1321476250886917,0.14393766224384308,2
fixed,2020-10-16_CO,2021-01-23_CO,CO,CO,99,-6.149328231811523,-11.818929672241211,-0.4797263741493225,0.9494398236274719,0.2055150866508484,0.620178759098053,0.009750916622579098,0.009219055995345116,-0.3191973567008972,0.14393766224384308,6
fixed,2020-10-23_CO,2021-01-23_CO,CO,CO,92,-7.756101608276367,-13.860291481018066,-1.6519123315811157,0.8400730490684509,0.2041720598936081,0.6032947301864624,0.007915462367236614,0.01652364805340767,-0.5426336526870728,1.8740684986114502,2
fixed,2020-11-03_CO,2021-01-23_CO,CO,CO,81,-6.1651434898376465,-12.002717971801758,-0.32756972312927246,0.8277875781059265,0.23623967170715332,0.5771965384483337,0.004448200110346079,0.0077555435709655285,-1.0774807929992676,0.1025877296924591,5
fixed,2020-11-05_CO,2021-01-23_CO,CO,CO,79,-1.5898085832595825,-2.530710220336914,-0.6489070653915405,0.764319896697998,0.2125542014837265,0.6177232265472412,0.004201091360300779,0.010651648975908756,-1.2574845552444458,0.1025877296924591,7
fixed,2020-11-09_CO,2021-01-23_CO,CO,CO,75,-1.0762020349502563,-1.0397393703460693,-1.1126646995544434,0.8345167636871338,0.18225593864917755,0.6139789819717407,0.0048746042884886265,0.013275299221277237,-1.2022181749343872,0.1025877296924591,5
fixed,2020-11-16_CO,2021-01-23_CO,CO,CO,68,-1.1979732513427734,-1.5848067998886108,-0.8111395239830017,0.8521968722343445,0.18563778698444366,0.47252166271209717,0.01512451283633709,0.012884445488452911,-0.9625037908554077,0.10197404026985168,7
fixed,2020-12-03_CO,2021-01-23_CO,CO,CO,51,-6.114710330963135,-11.467361450195312,-0.7620593309402466,0.8294115662574768,0.18295972049236298,0.5471861958503723,0.005016356240957975,0.009407133795320988,-0.7471306920051575,0.13855454325675964,3
fixed,2020-12-04_CO,2021-01-23_CO,CO,CO,50,-4.510463714599609,-8.674001693725586,-0.34692591428756714,0.8046285510063171,0.25287601351737976,0.5504745244979858,0.00576546648517251,0.006144520826637745,-0.7319971323013306,0.13855454325675964,5
fixed,2020-12-11_CO,2021-01-23_CO,CO,CO,43,-1.4082385301589966,-1.9588778018951416,-0.8575994372367859,0.6861060261726379,0.2546561658382416,0.5548511743545532,0.012059621512889862,0.012543469667434692,-1.2572369575500488,0.1017538458108902,6
fixed,2020-12-12_RD,2021-01-23_CO,RD,CO,42,-5.731799602508545,-11.189050674438477,-0.27454856038093567,0.6565645337104797,0.16267167031764984,0.4993188977241516,0.01455493550747633,0.004059702157974243,-0.928257405757904,0.1017538458108902,6
fixed,2021-01-04_CO,2021-01-23_CO,CO,CO,19,-8.459927558898926,-16.472490310668945,-0.4473649263381958,0.6102054715156555,0.14798758924007416,0.503926157951355,0.004927927628159523,0.010147079825401306,-0.8159053325653076,0.0,5
fixed,2021-01-05_CO,2021-01-23_CO,CO,CO,18,-6.977146148681641,-13.296363830566406,-0.6579282283782959,0.6115246415138245,0.13890783488750458,0.40470802783966064,0.011631639674305916,0.011559586971998215,-0.5806986093521118,0.0,4
fixed,2021-01-06_CO,2021-01-23_CO,CO,CO,17,-2.4479241371154785,-4.851254940032959,-0.0445934534072876,0.6060037016868591,0.16157369315624237,0.41676992177963257,0.002765265991911292,0.005334473215043545,-0.6883945465087891,0.0,7
fixed,2021-01-08_CO,2021-01-23_CO,CO,CO,15,-3.0475640296936035,-6.263322353363037,0.16819432377815247,0.44828000664711,0.11884182691574097,0.31787312030792236,0.0018450432689860463,0.00027756232884712517,-1.016252040863037,0.0,1
fixed,2021-01-11_CO,2021-01-23_CO,CO,CO,12,-9.847402572631836,-19.188222885131836,-0.5065817832946777,0.5692084431648254,0.1332312971353531,0.457222044467926,0.010323090478777885,0.011049110442399979,-0.43771031498908997,0.0,4
fixed,2021-01-21_RD,2021-01-23_CO,RD,CO,2,-3.242921829223633,-6.572562217712402,0.08671867847442627,0.42208829522132874,0.1326153725385666,0.39927273988723755,0.0012610767735168338,0.002352511277422309,-0.9998477697372437,0.0,5
fixed,2021-01-22_RD,2021-01-23_CO,RD,CO,1,-4.686045169830322,-9.355795860290527,-0.016295015811920166,0.46983733773231506,0.11644362658262253,0.44493746757507324,0.003857965115457773,0.004737927112728357,-0.6925503611564636,0.0,2
fixed,2021-01-23_CO,2021-01-23_CO,CO,CO,0,0.27676093578338623,0.32771122455596924,0.2258106768131256,0.03297062963247299,0.028713474050164223,0.10998010635375977,0.0004990386078134179,0.00025937656755559146,-0.7587813138961792,0.0,0
renorm,2020-01-27_CO,2021-01-23_CO,CO,CO,362,-0.14379622042179108,-0.20060831308364868,-0.08698412775993347,0.03297062963247299,0.028713474050164223,0.43289124965667725,0.0005609863437712193,0.00019962459919042885,-1.2291758060455322,0.3261106014251709,9
renorm,2020-01-30_CO,2021-01-23_CO,CO,CO,359,-0.06956923007965088,-0.10212022066116333,-0.03701823949813843,0.03297062963247299,0.028713474050164223,0.4261329174041748,0.0005008607404306531,0.00030663807410746813,-1.0565855503082275,0.3261106014251709,10
renorm,2020-02-04_CO,2021-01-23_CO,CO,CO,354,-0.05899058282375336,-0.10902529954910278,-0.00895586609840393,0.03297062963247299,0.028713474050164223,0.4252878427505493,0.0005646389327012002,3.7789821362821385e-05,-0.9726089239120483,0.3261106014251709,8
renorm,2020-02-05_CO,2021-01-23_CO,CO,CO,353,-0.11584703624248505,-0.1693357229232788,-0.062358349561691284,0.03297062963247299,0.028713474050164223,0.45902860164642334,0.0006089324015192688,0.00014497488155029714,-0.816504180431366,0.3261106014251709,10
renorm,2020-02-06_CO,2021-01-23_CO,CO,CO,352,-0.1515687108039856,-0.23007172346115112,-0.07306569814682007,0.03297062963247299,0.028713474050164223,0.48163551092147827,0.0005856858333572745,0.0002753769513219595,-0.9250921607017517,,9
renorm,2020-02-11_CO,2021-01-23_CO,CO,CO,347,-0.07399450242519379,-0.08406192064285278,-0.06392708420753479,0.03297062963247299,0.028713474050164223,0.4264732599258423,0.0005614955443888903,0.000143508063047193,-1.0988662242889404,,10
renorm,2020-02-22_CO,2021-01-23_CO,CO,CO,336,0.02941378951072693,0.045254915952682495,0.013572663068771362,0.03297062963247299,0.028713474050164223,0.42076385021209717,0.00046707133878953755,7.5047071732115e-05,-1.0912127494812012,,12
renorm,2020-02-24_CO,2021-01-23_CO,CO,CO,334,-0.06422191858291626,-0.07757264375686646,-0.050871193408966064,0.03297062963247299,0.028713474050164223,0.40741539001464844,0.0005484085995703936,0.00032293974072672427,-1.0556224584579468,,9
renorm,2020-02-25_CO,2021-01-23_CO,CO,CO,333,-0.06513617932796478,-0.055668026208877563,-0.074604332447052,0.03297062963247299,0.028713474050164223,0.43950819969177246,0.0005841687088832259,0.00012008588237222284,-1.0983223915100098,,8
renorm,2020-02-28_RD,2021-01-23_CO,RD,CO,330,-0.2897884249687195,-0.4512917995452881,-0.12828508019447327,0.03297062963247299,0.028713474050164223,0.41776174306869507,0.0006484142504632473,0.00012950829113833606,-1.1729336977005005,,11
renorm,2020-03-02_RD,2021-01-23_CO,RD,CO,327,-0.3481401205062866,-0.5677784085273743,-0.12850186228752136,0.03297062963247299,0.028713474050164223,0.4046318531036377,0.000759518938139081,0.0003077865985687822,-1.1902267932891846,,11
renorm,2020-03-10_RD,2021-01-23_CO,RD,CO,319,-0.24194829165935516,-0.4727240204811096,-0.011172562837600708,0.03297062963247299,0.028713474050164223,0.4412224292755127,0.0006596060120500624,0.00030105141922831535,-0.9594772458076477,,12
renorm,2020-03-13_RD,2021-01-23_CO,RD,CO,316,-0.21835297346115112,-0.4114764332771301,-0.02522951364517212,0.03297062963247299,0.028713474050164223,0.44650137424468994,0.0006876304978504777,0.0003487926151137799,-1.1828118562698364,,11
renorm,2020-03-17_RD,2021-01-23_CO,RD,CO,312,-0.2908593714237213,-0.5538640022277832,-0.027854740619659424,0.03297062963247299,0.028713474050164223,0.42263710498809814,0.000773558858782053,0.00022457772865891457,-0.6606388092041016,,9
renorm,2020-03-18_RD,2021-01-23_CO,RD,CO,311,-0.3415461480617523,-0.5914441347122192,-0.0916481614112854,0.03297062963247299,0.028713474050164223,0.42218130826950073,0.0011648940853774548,0.00028598259086720645,-0.7735072374343872,,8
renorm,2020-03-19_RD,2021-01-23_CO,RD,CO,310,-0.37663888931274414,-0.6206293702125549,-0.13264840841293335,0.03297062963247299,0.028713474050164223,0.4245595932006836,0.0007143862312659621,0.00036450574407353997,-1.0926578044891357,,8
renorm,2020-03-20_RD,2021-01-23_CO,RD,CO,309,-0.33017852902412415,-0.554118275642395,-0.10623878240585327,0.03297062963247299,0.028713474050164223,0.4189308285713196,0.0008474117494188249,0.0002795031759887934,-1.1195636987686157,,8
renorm,2020-06-26_CO,2021-01-23_CO,CO,CO,211,-0.13622917234897614,-0.2415054440498352,-0.030952900648117065,0.03297062963247299,0.028713474050164223,0.4146086573600769,0.00041024695383384824,0.0004511492734309286,-1.228393793106079,,5
renorm,2020-07-08_CO,2021-01-23_CO,CO,CO,199,-0.04398326575756073,-0.08588194847106934,-0.002084583044052124,0.03297062963247299,0.028713474050164223,0.39551079273223877,0.0004933361196890473,0.0004309941432438791,-1.271904706954956,0.3759837746620178,3
renorm,2020-07-14_CO,2021-01-23_CO,CO,CO,193,-0.10326068103313446,-0.2115129828453064,0.004991620779037476,0.03297062963247299,0.028713474050164223,0.4317705035209656,0.0005548243643715978,0.0002975020033773035,-1.097357988357544,0.3759837746620178,29
renorm,2020-07-29_RD,2021-01-23_CO,RD,CO,178,-0.16178245842456818,-0.27170372009277344,-0.051861196756362915,0.03297062963247299,0.028713474050164223,0.3950347304344177,0.0005904954159632325,0.0008545650634914637,-1.2366182804107666,0.20381173491477966,9
renorm,2020-07-31_CO,2021-01-23_CO,CO,CO,176,-0.04830765724182129,-0.13371044397354126,0.03709512948989868,0.03297062963247299,0.028713474050164223,0.42851489782333374,0.0005076241213828325,0.0003699866065289825,-1.3293434381484985,0.20381173491477966,28
renorm,2020-08-08_RD,2021-01-23_CO,RD,CO,168,-0.15596328675746918,-0.24753481149673462,-0.06439176201820374,0.03297062963247299,0.028713474050164223,0.39322394132614136,0.000774718530010432,0.0001681409339653328,-1.305469274520874,0.19468797743320465,5
renorm,2020-08-11_RD,2021-01-23_CO,RD,CO,165,-0.2467968612909317,-0.3881223201751709,-0.1054714024066925,0.03297062963247299,0.028713474050164223,0.434121310710907,0.0009140011970885098,0.00024276893236674368,-1.0951199531555176,0.19468797743320465,5
renorm,2020-08-22_RD,2021-01-23_CO,RD,CO,154,-0.14065131545066833,-0.2516542673110962,-0.02964836359024048,0.03297062963247299,0.028713474050164223,0.460530161857605,0.0009509875089861453,0.0004094993928447366,-1.4251872301101685,0.1762460321187973,4
renorm,2020-08-29_RD,2021-01-23_CO,RD,CO,147,-0.04265841841697693,-0.04280298948287964,-0.04251384735107422,0.03297062963247299,0.028713474050164223,0.4217711091041565,0.001185108907520771,0.0003848824417218566,-1.3773133754730225,0.19865091145038605,12
renorm,2020-09-04_RD,2021-01-23_CO,RD,CO,141,-0.09743349254131317,-0.21201017498970032,0.017143189907073975,0.03297062963247299,0.028713474050164223,0.46848899126052856,0.0007896444294601679,0.00019943161169067025,-1.1516263484954834,0.19865091145038605,5
renorm,2020-09-24_CO,2021-01-23_CO,CO,CO,121,0.05708807706832886,0.03843560814857483,0.07574054598808289,0.03297062963247299,0.028713474050164223,0.39772289991378784,0.00047601127880625427,0.0003264299884904176,-1.3144657611846924,0.20787066221237183,6
renorm,2020-09-28_CO,2021-01-23_CO,CO,CO,117,0.019901230931282043,0.013498008251190186,0.0263044536113739,0.03297062963247299,0.028713474050164223,0.39918047189712524,0.00044804642675444484,0.00042411964386701584,-1.2849476337432861,0.17546460032463074,4
renorm,2020-09-29_CO,2021-01-23_CO,CO,CO,116,0.0032755136489868164,-0.030687808990478516,0.03723883628845215,0.03297062963247299,0.028713474050164223,0.38874363899230957,0.0005806025001220405,0.0006570900441147387,-0.9659367799758911,0.17546460032463074,4
renorm,2020-10-02_CO,2021-01-23_CO,CO,CO,113,-0.007586821913719177,-0.014726489782333374,-0.00044715404510498047,0.03297062963247299,0.028713474050164223,0.3966979384422302,0.0006504736957140267,0.0005300742341205478,-1.3523545265197754,0.17546460032463074,5
renorm,2020-10-07_CO,2021-01-23_CO,CO,CO,108,0.07838484644889832,0.0760047435760498,0.08076494932174683,0.03297062963247299,0.028713474050164223,0.4128994345664978,0.0004737839917652309,0.00023666172637604177,-1.4627553224563599,0.17546460032463074,6
renorm,2020-10-12_CO,2021-01-23_CO,CO,CO,103,0.04919855296611786,0.0855303704738617,0.012866735458374023,0.03297062963247299,0.028713474050164223,0.4181257486343384,0.00041543878614902496,0.0002127734333043918,-0.8591983318328857,0.14393766224384308,2
renorm,2020-10-16_CO,2021-01-23_CO,CO,CO,99,0.05422315001487732,0.07792305946350098,0.030523240566253662,0.03297062963247299,0.028713474050164223,0.4011853337287903,0.0005449604359455407,0.00043347838800400496,-1.1367616653442383,0.14393766224384308,6
renorm,2020-10-23_CO,2021-01-23_CO,CO,CO,92,-0.026941418647766113,-0.045490771532058716,-0.00839206576347351,0.03297062963247299,0.028713474050164223,0.4102073907852173,0.0005394651088863611,0.0002266943920403719,-1.3717955350875854,1.8740684986114502,2
renorm,2020-11-03_CO,2021-01-23_CO,CO,CO,81,0.07692308723926544,0.0553896427154541,0.09845653176307678,0.03297062963247299,0.028713474050164223,0.4173809289932251,0.0004039285995531827,8.759443880990148e-05,-1.2090593576431274,0.1025877296924591,5
renorm,2020-11-05_CO,2021-01-23_CO,CO,CO,79,0.032232314348220825,0.009828746318817139,0.05463588237762451,0.03297062963247299,0.028713474050164223,0.38120174407958984,0.0005313250003382564,0.0003990325494669378,-0.9162961840629578,0.1025877296924591,7
renorm,2020-11-09_CO,2021-01-23_CO,CO,CO,75,0.0722731500864029,0.05723312497138977,0.08731317520141602,0.03297062963247299,0.028713474050164223,0.4280710816383362,0.0004178510280326009,9.675161709310487e-05,-1.445510983467102,0.1025877296924591,5
renorm,2020-11-16_CO,2021-01-23_CO,CO,CO,68,0.09561504423618317,0.09720420837402344,0.0940258800983429,0.03297062963247299,0.028713474050164223,0.36705732345581055,0.00043213937897235155,0.00022011059627402574,-1.1101529598236084,0.10197404026985168,7
renorm,2020-12-03_CO,2021-01-23_CO,CO,CO,51,0.12373054027557373,0.18010488152503967,0.06735619902610779,0.03297062963247299,0.028713474050164223,0.43222272396087646,0.0005057051894254982,8.935187361203134e-05,-1.1414612531661987,0.13855454325675964,3
renorm,2020-12-04_CO,2021-01-23_CO,CO,CO,50,0.0979810506105423,0.11146259307861328,0.08449950814247131,0.03297062963247299,0.028713474050164223,0.3359321355819702,0.0007085385150276124,0.00019603525288403034,-1.2028179168701172,0.13855454325675964,5
renorm,2020-12-11_CO,2021-01-23_CO,CO,CO,43,-0.0835045576095581,-0.19487473368644714,0.027865618467330933,0.03297062963247299,0.028713474050164223,0.3987846374511719,0.0014826527331024408,0.0004240383277647197,-1.1912177801132202,0.1017538458108902,6
renorm,2020-12-12_RD,2021-01-23_CO,RD,CO,42,-0.11393581330776215,-0.10852289199829102,-0.11934873461723328,0.03297062963247299,0.028713474050164223,0.3451725244522095,0.0010050357086583972,0.0003826655447483063,-1.2716553211212158,0.1017538458108902,6
renorm,2021-01-04_CO,2021-01-23_CO,CO,CO,19,0.07788236439228058,0.05125966668128967,0.10450506210327148,0.03297062963247299,0.028713474050164223,0.32048094272613525,0.00041710128425620496,0.00022847784566693008,-1.2613143920898438,0.0,5
renorm,2021-01-05_CO,2021-01-23_CO,CO,CO,18,0.07971031963825226,0.04180794954299927,0.11761268973350525,0.03297062963247299,0.028713474050164223,0.35666245222091675,0.0005893936613574624,0.00029803707730025053,-1.0318598747253418,0.0,4
renorm,2021-01-06_CO,2021-01-23_CO,CO,CO,17,0.10779845714569092,0.10026237368583679,0.11533454060554504,0.03297062963247299,0.028713474050164223,0.31203901767730713,0.00040612471639178693,0.00036003062268719077,-1.0732159614562988,0.0,7
renorm,2021-01-08_CO,2021-01-23_CO,CO,CO,15,0.18173234164714813,0.20938819646835327,0.154076486825943,0.03297062963247299,0.028713474050164223,0.22462046146392822,0.00042523822048678994,0.00019201927352696657,-1.1279810667037964,0.0,1
renorm,2021-01-11_CO,2021-01-23_CO,CO,CO,12,0.18560777604579926,0.22335636615753174,0.14785918593406677,0.03297062963247299,0.028713474050164223,0.3132336139678955,0.0004701997968368232,0.0005838986253365874,-1.110402226448059,0.0,4
renorm,2021-01-21_RD,2021-01-23_CO,RD,CO,2,0.04439245164394379,0.003782331943511963,0.08500257134437561,0.03297062963247299,0.028713474050164223,0.28934353590011597,0.00049257354112342,0.00014632398961111903,-1.0750809907913208,0.0,5
renorm,2021-01-22_RD,2021-01-23_CO,RD,CO,1,0.056174829602241516,-0.002368330955505371,0.1147179901599884,0.03297062963247299,0.028713474050164223,0.36352014541625977,0.0005254487041383982,0.0001512436574557796,-0.8392709493637085,0.0,2
renorm,2021-01-23_CO,2021-01-23_CO,CO,CO,0,0.28629717230796814,0.3398115634918213,0.232782781124115,0.03297062963247299,0.028713474050164223,0.10998010635375977,0.0004938668571412563,0.0002286356466356665,-0.7683779001235962,0.0,0
fixed,2020-01-27_CO,2021-02-25_CO,CO,CO,395,-2.740814208984375,-4.5943603515625,-0.8872678279876709,1.3968995809555054,0.34410181641578674,0.5683277249336243,0.0054846154525876045,0.009021339938044548,-1.1492849588394165,0.3710770010948181,8
fixed,2020-01-30_CO,2021-02-25_CO,CO,CO,392,-2.2201428413391113,-2.7037980556488037,-1.736487865447998,1.4604768753051758,0.3455258905887604,0.5848108530044556,0.013630405999720097,0.013627882115542889,-1.3156059980392456,0.3710770010948181,7
fixed,2020-02-04_CO,2021-02-25_CO,CO,CO,387,-3.6455860137939453,-4.079550743103027,-3.211621046066284,1.2839382886886597,0.3258921802043915,0.6025984883308411,0.014448574744164944,0.01873088628053665,-0.9463337659835815,0.3710770010948181,6
fixed,2020-02-05_CO,2021-02-25_CO,CO,CO,386,-1.7292208671569824,-2.6324918270111084,-0.8259498476982117,1.4381718635559082,0.3674333989620209,0.5699111223220825,0.013528471812605858,0.009068898856639862,-1.1858268976211548,0.3710770010948181,7
fixed,2020-02-06_CO,2021-02-25_CO,CO,CO,385,-3.162148952484131,-5.4198689460754395,-0.904429018497467,1.4243074655532837,0.36046814918518066,0.5640265941619873,0.007795148529112339,0.008206222206354141,-1.0690131187438965,,7
fixed,2020-02-11_CO,2021-02-25_CO,CO,CO,380,-1.6413376331329346,-1.483005166053772,-1.7996699810028076,1.2772397994995117,0.2982245981693268,0.6179065704345703,0.012440524995326996,0.013072943314909935,-1.3591448068618774,,8
fixed,2020-02-22_CO,2021-02-25_CO,CO,CO,369,-1.0673620700836182,-0.1882144808769226,-1.9465094804763794,1.330506682395935,0.3167150914669037,0.5841645002365112,0.007245906163007021,0.01466105505824089,-1.3743412494659424,,10
fixed,2020-02-24_CO,2021-02-25_CO,CO,CO,367,-3.7294507026672363,-0.7899706959724426,-6.668931007385254,1.3223762512207031,0.27557146549224854,0.5397053956985474,0.03773094713687897,0.02381736785173416,-1.1305053234100342,,8
fixed,2020-02-25_CO,2021-02-25_CO,CO,CO,366,-1.2673039436340332,-1.7654523849487305,-0.7691556215286255,1.315992832183838,0.2921888530254364,0.5806724429130554,0.011267432942986488,0.008375955745577812,-1.3062468767166138,,7
fixed,2020-02-28_RD,2021-02-25_CO,RD,CO,363,-2.812893867492676,-4.842217922210693,-0.7835698127746582,1.3264232873916626,0.28454065322875977,0.5662603974342346,0.01384778507053852,0.008653741329908371,-1.2191240787506104,,8
fixed,2020-03-02_RD,2021-02-25_CO,RD,CO,360,-8.300823211669922,-10.163047790527344,-6.4385986328125,1.2568718194961548,0.26886042952537537,0.5523557066917419,0.018157316371798515,0.026679392904043198,-1.1221914291381836,,9
fixed,2020-03-10_RD,2021-02-25_CO,RD,CO,352,-3.888720750808716,-5.898094654083252,-1.8793468475341797,1.2640337944030762,0.32885172963142395,0.5983573198318481,0.01848953776061535,0.014323122799396515,-0.848616898059845,,9
fixed,2020-03-13_RD,2021-02-25_CO,RD,CO,349,-3.922578811645508,-1.8751795291900635,-5.969977855682373,1.312269926071167,0.281489759683609,0.567407488822937,0.03308180347084999,0.023664627224206924,-0.987094521522522,,8
fixed,2020-03-17_RD,2021-02-25_CO,RD,CO,345,-7.576428413391113,-14.324380874633789,-0.8284755945205688,1.2875632047653198,0.3580469787120819,0.6405948996543884,0.03299712762236595,0.008626866154372692,-1.0710450410842896,,8
fixed,2020-03-18_RD,2021-02-25_CO,RD,CO,344,-5.060259819030762,-6.5795698165893555,-3.540950298309326,1.3457657098770142,0.3455563485622406,0.6090774536132812,0.01406135130673647,0.019283322617411613,-1.1979138851165771,,8
fixed,2020-03-19_RD,2021-02-25_CO,RD,CO,343,-5.780528545379639,-8.425386428833008,-3.1356711387634277,1.3027757406234741,0.33980050683021545,0.6289470195770264,0.020416971296072006,0.01854555308818817,-1.1989656686782837,,6
fixed,2020-03-20_RD,2021-02-25_CO,RD,CO,342,-10.317633628845215,-6.589967727661133,-14.045299530029297,1.3000870943069458,0.2702323794364929,0.598253607749939,0.028484297916293144,0.03857256844639778,-1.2759790420532227,,6
fixed,2020-06-26_CO,2021-02-25_CO,CO,CO,244,-0.23599696159362793,-0.20992249250411987,-0.262071430683136,1.0562313795089722,0.20616424083709717,0.558421790599823,0.014249904081225395,0.004220730625092983,-1.3649585247039795,,4
fixed,2020-07-08_CO,2021-02-25_CO,CO,CO,232,-1.1990312337875366,-1.196321725845337,-1.2017407417297363,1.1079777479171753,0.2300366908311844,0.5241222977638245,0.023700054734945297,0.011431906372308731,-1.1195874214172363,0.37921470403671265,3
fixed,2020-07-14_CO,2021-02-25_CO,CO,CO,226,-1.9274128675460815,-3.7737460136413574,-0.08107975125312805,1.240554690361023,0.22536420822143555,0.5249863862991333,0.01866862177848816,0.0006823455332778394,-0.9802017211914062,0.37921470403671265,24
fixed,2020-07-29_RD,2021-02-25_CO,RD,CO,211,-6.707521438598633,-7.259588241577148,-6.155454635620117,1.2046384811401367,0.20603811740875244,0.4551745057106018,0.04853680357336998,0.023122673854231834,-0.7209093570709229,0.23357242345809937,8
fixed,2020-07-31_CO,2021-02-25_CO,CO,CO,209,-0.717822790145874,-0.3348996639251709,-1.1007459163665771,1.1953012943267822,0.22016476094722748,0.5723882913589478,0.02535248175263405,0.010851218365132809,-1.4296642541885376,0.23357242345809937,20
fixed,2020-08-08_RD,2021-02-25_CO,RD,CO,201,-1.243316888809204,-1.1858649253845215,-1.3007688522338867,1.0849957466125488,0.21209287643432617,0.5620826482772827,0.006946625653654337,0.010852113366127014,-1.1008355617523193,0.22546690702438354,4
fixed,2020-08-11_RD,2021-02-25_CO,RD,CO,198,-6.031060695648193,-7.427282333374023,-4.634839057922363,1.3627718687057495,0.25873056054115295,0.5903838872909546,0.03852180391550064,0.019893644377589226,-0.8648325204849243,0.22546690702438354,6
fixed,2020-08-22_RD,2021-02-25_CO,RD,CO,187,-9.43207836151123,-14.327676773071289,-4.53648042678833,1.1284340620040894,0.22401364147663116,0.6245043873786926,0.026145722717046738,0.021914063021540642,-0.73586505651474,0.22847038507461548,2
fixed,2020-08-29_RD,2021-02-25_CO,RD,CO,180,-3.2701406478881836,-1.403515338897705,-5.136765480041504,0.9681220054626465,0.22759516537189484,0.5921841859817505,0.02857731282711029,0.023056255653500557,-1.8599673509597778,0.22802132368087769,7
fixed,2020-09-04_RD,2021-02-25_CO,RD,CO,174,-3.704131841659546,-3.8631532192230225,-3.5451107025146484,1.0689258575439453,0.2501586973667145,0.5725241899490356,0.016365213319659233,0.018982961773872375,-1.187782645225525,0.22802132368087769,6
fixed,2020-09-24_CO,2021-02-25_CO,CO,CO,154,-1.1066746711730957,-2.117347240447998,-0.09600198268890381,1.0117968320846558,0.2004413604736328,0.5423916578292847,0.02276906929910183,0.0030983444303274155,-1.16907799243927,0.20690694451332092,6
fixed,2020-09-28_CO,2021-02-25_CO,CO,CO,150,-1.7992608547210693,-1.1775627136230469,-2.420958995819092,1.0992273092269897,0.23980383574962616,0.49911409616470337,0.02216232754290104,0.016822339966893196,-1.3457739353179932,0.205412819981575,5
fixed,2020-09-29_CO,2021-02-25_CO,CO,CO,149,-2.46273136138916,-1.7114661931991577,-3.213996410369873,0.9107305407524109,0.20097322762012482,0.5532948970794678,0.024537211284041405,0.01831655204296112,-0.76313316822052,0.205412819981575,5
fixed,2020-10-02_CO,2021-02-25_CO,CO,CO,146,-2.570894956588745,-4.910126686096191,-0.2316632866859436,0.9700213074684143,0.19680345058441162,0.5607617497444153,0.009520530700683594,0.005356308072805405,-1.0246822834014893,0.205412819981575,6
fixed,2020-10-07_CO,2021-02-25_CO,CO,CO,141,-0.1979987919330597,-0.33115214109420776,-0.06484544277191162,1.0248292684555054,0.20992445945739746,0.5486208200454712,0.02233993075788021,0.0023112737108021975,-1.2164559364318848,0.205412819981575,8
fixed,2020-10-12_CO,2021-02-25_CO,CO,CO,136,-4.543450355529785,-6.524086952209473,-2.562814235687256,0.9809904098510742,0.18083655834197998,0.5317127108573914,0.017663585022091866,0.015007631853222847,-0.3348293900489807,0.1731431931257248,3
fixed,2020-10-16_CO,2021-02-25_CO,CO,CO,132,-6.231287002563477,-12.382254600524902,-0.08032017946243286,1.0662492513656616,0.19306039810180664,0.5425747632980347,0.02152194455265999,0.0037142739165574312,-0.5108848810195923,0.1731431931257248,4
fixed,2020-10-23_CO,2021-02-25_CO,CO,CO,125,-4.341947078704834,-3.2412805557250977,-5.44261360168457,0.980724036693573,0.18147027492523193,0.5956045985221863,0.016776978969573975,0.018884597346186638,-0.6217294335365295,1.8943893909454346,3
fixed,2020-11-03_CO,2021-02-25_CO,CO,CO,114,-5.206606864929199,-9.086844444274902,-1.326369285583496,1.0177253484725952,0.2347874790430069,0.4939877390861511,0.008537317626178265,0.011596801690757275,-0.9468737840652466,0.137875497341156,6
fixed,2020-11-05_CO,2021-02-25_CO,CO,CO,112,-2.440225124359131,-2.204108238220215,-2.6763417720794678,0.9222022891044617,0.22087232768535614,0.5351868867874146,0.011545835062861443,0.017553802579641342,-1.3208928108215332,0.137875497341156,5
fixed,2020-11-09_CO,2021-02-25_CO,CO,CO,108,-2.803314208984375,-2.6674914360046387,-2.9391369819641113,0.9166387915611267,0.18016557395458221,0.5843314528465271,0.008568552322685719,0.01778193563222885,-1.1598005294799805,0.137875497341156,4
fixed,2020-11-16_CO,2021-02-25_CO,CO,CO,101,-0.330375611782074,-0.24619293212890625,-0.4145582914352417,1.0484939813613892,0.20819830894470215,0.4724607467651367,0.012331962585449219,0.007871465757489204,-0.863904595375061,0.1398123800754547,8
fixed,2020-12-03_CO,2021-02-25_CO,CO,CO,84,-1.505391240119934,-2.4265542030334473,-0.5842283368110657,0.9366524815559387,0.19293732941150665,0.5411238670349121,0.004626300185918808,0.00890489760786295,-1.1252686977386475,0.15496128797531128,4
fixed,2020-12-04_CO,2021-02-25_CO,CO,CO,83,-1.745186448097229,-1.4009579420089722,-2.0894148349761963,0.9793805480003357,0.24782885611057281,0.4897802472114563,0.01766172982752323,0.012236659415066242,-0.780731201171875,0.15496128797531128,6
fixed,2020-12-11_CO,2021-02-25_CO,CO,CO,76,-2.3087494373321533,-4.084391117095947,-0.5331078171730042,0.5336824059486389,0.21739590167999268,0.4524417519569397,0.011883670464158058,0.006656693760305643,-0.8328112363815308,0.11037394404411316,5
fixed,2020-12-12_RD,2021-02-25_CO,RD,CO,75,-0.903093695640564,-0.6365022659301758,-1.1696851253509521,0.7057121396064758,0.15429551899433136,0.4747253656387329,0.008047911338508129,0.010617624036967754,-1.54867684841156,0.11037394404411316,5
fixed,2021-01-04_CO,2021-02-25_CO,CO,CO,52,-1.9818260669708252,-3.393631935119629,-0.5700201392173767,0.6090388894081116,0.13984960317611694,0.386111319065094,0.0027746884152293205,0.008961290121078491,-1.0441220998764038,0.07934582978487015,4
fixed,2021-01-05_CO,2021-02-25_CO,CO,CO,51,-2.6425023078918457,-3.78141450881958,-1.5035898685455322,0.5484463572502136,0.1534627228975296,0.42412370443344116,0.0028789241332560778,0.009575328789651394,-0.8112125992774963,0.07934582978487015,3
fixed,2021-01-06_CO,2021-02-25_CO,CO,CO,50,-4.2772064208984375,-6.794972896575928,-1.7594399452209473,0.6379291415214539,0.16697712242603302,0.3858298063278198,0.002326397458091378,0.012932628393173218,-0.8502963185310364,0.07934582978487015,7
fixed,2021-01-08_CO,2021-02-25_CO,CO,CO,48,-0.3831835985183716,-0.13795360922813416,-0.6284135580062866,0.6809840202331543,0.1695149689912796,0.3640304207801819,0.004613469820469618,0.007495397236198187,-1.177979826927185,0.07934582978487015,2
fixed,2021-01-11_CO,2021-02-25_CO,CO,CO,45,-1.6447606086730957,-2.557929754257202,-0.7315914034843445,0.5353431105613708,0.11930209398269653,0.44924360513687134,0.0015622344799339771,0.009369619190692902,-1.0351296663284302,0.07934582978487015,3
fixed,2021-01-21_RD,2021-02-25_CO,RD,CO,35,-1.8323777914047241,-3.5089430809020996,-0.15581250190734863,0.6460486054420471,0.15863731503486633,0.47876232862472534,0.002099518897011876,0.0035564666613936424,-1.0552372932434082,0.07934582978487015,4
fixed,2021-01-22_RD,2021-02-25_CO,RD,CO,34,-2.8216989040374756,-2.471357583999634,-3.1720402240753174,0.875677764415741,0.17720834910869598,0.49805164337158203,0.014081900008022785,0.01687854714691639,-0.8751809000968933,0.07934582978487015,3
fixed,2021-01-23_CO,2021-02-25_CO,CO,CO,33,-0.9396121501922607,-0.7001806497573853,-1.1790435314178467,0.5908450484275818,0.1259176880121231,0.3867862820625305,0.0022373157553374767,0.011318579316139221,-0.9065802097320557,0.07934582978487015,2
fixed,2021-02-25_CO,2021-02-25_CO,CO,CO,0,0.29581597447395325,0.28801119327545166,0.30362075567245483,0.045377980917692184,0.042440015822649,0.08519852161407471,0.0004910802817903459,0.0004719748394563794,-0.9730443954467773,0.0,0
renorm,2020-01-27_CO,2021-02-25_CO,CO,CO,395,-0.19162142276763916,-0.20543837547302246,-0.17780447006225586,0.045377980917692184,0.042440015822649,0.4820076823234558,0.0006017668638378382,0.0003554791328497231,-1.091479778289795,0.3710770010948181,8
renorm,2020-01-30_CO,2021-02-25_CO,CO,CO,392,-0.09163796901702881,-0.10969674587249756,-0.07357919216156006,0.045377980917692184,0.042440015822649,0.44243037700653076,0.00046272488543763757,0.00037679343950003386,-0.9028539657592773,0.3710770010948181,7
renorm,2020-02-04_CO,2021-02-25_CO,CO,CO,387,-0.10698994994163513,-0.10150420665740967,-0.1124756932258606,0.045377980917692184,0.042440015822649,0.4563411474227905,0.0005569473723880947,0.00042112014489248395,-0.9415180683135986,0.3710770010948181,6
renorm,2020-02-05_CO,2021-02-25_CO,CO,CO,386,-0.14552079141139984,-0.07921737432479858,-0.2118242084980011,0.045377980917692184,0.042440015822649,0.4669688940048218,0.000597428239416331,0.0005574017413891852,-0.8998554944992065,0.3710770010948181,7
renorm,2020-02-06_CO,2021-02-25_CO,CO,CO,385,-0.21738070249557495,-0.21033602952957153,-0.22442537546157837,0.045377980917692184,0.042440015822649,0.49962806701660156,0.0005679522291757166,0.0005635693087242544,-0.7457647919654846,,7
renorm,2020-02-11_CO,2021-02-25_CO,CO,CO,380,-0.1345924735069275,-0.1106303334236145,-0.15855461359024048,0.045377980917692184,0.042440015822649,0.43995845317840576,0.0005435023922473192,0.0004231595085002482,-1.0931769609451294,,8
renorm,2020-02-22_CO,2021-02-25_CO,CO,CO,369,-0.011386275291442871,-0.002590268850326538,-0.020182281732559204,0.045377980917692184,0.042440015822649,0.4494286775588989,0.00042643785127438605,0.00023086104192771018,-1.0189111232757568,,10
renorm,2020-02-24_CO,2021-02-25_CO,CO,CO,367,-0.029252350330352783,0.006724804639816284,-0.06522950530052185,0.045377980917692184,0.042440015822649,0.4605094790458679,0.0005405667470768094,0.0003831139183603227,-0.9367197751998901,,8
renorm,2020-02-25_CO,2021-02-25_CO,CO,CO,366,-0.029788881540298462,-0.003994077444076538,-0.055583685636520386,0.045377980917692184,0.042440015822649,0.4993933439254761,0.0005501240375451744,0.0002715453738346696,-0.9006459712982178,,7
renorm,2020-02-28_RD,2021-02-25_CO,RD,CO,363,-0.33103668689727783,-0.5307757258415222,-0.13129767775535583,0.045377980917692184,0.042440015822649,0.4572046995162964,0.0006316602812148631,0.00031306000892072916,-0.9658582806587219,,8
renorm,2020-03-02_RD,2021-02-25_CO,RD,CO,360,-0.33028990030288696,-0.5272789001464844,-0.13330093026161194,0.045377980917692184,0.042440015822649,0.4533531069755554,0.0007740077562630177,0.00030172686092555523,-0.9109301567077637,,9
renorm,2020-03-10_RD,2021-02-25_CO,RD,CO,352,-0.2034231573343277,-0.38535231351852417,-0.021494001150131226,0.045377980917692184,0.042440015822649,0.46168625354766846,0.0005891239852644503,0.0002442851255182177,-0.8988614678382874,,9
renorm,2020-03-13_RD,2021-02-25_CO,RD,CO,349,-0.2568051815032959,-0.39000922441482544,-0.12360110878944397,0.045377980917692184,0.042440015822649,0.4760218858718872,0.0006548127857968211,0.0003893909743055701,-0.9885016679763794,,8
renorm,2020-03-17_RD,2021-02-25_CO,RD,CO,345,-0.19609209895133972,-0.35243457555770874,-0.0397496223449707,0.045377980917692184,0.042440015822649,0.44027209281921387,0.0007615744252689183,0.000609019713010639,-0.7317643761634827,,8
renorm,2020-03-18_RD,2021-02-25_CO,RD,CO,344,-0.24303975701332092,-0.29562216997146606,-0.19045734405517578,0.045377980917692184,0.042440015822649,0.43797069787979126,0.00118537456728518,1.0773323992907535e-06,-0.9446795582771301,,8
renorm,2020-03-19_RD,2021-02-25_CO,RD,CO,343,-0.2380092442035675,-0.3188992142677307,-0.1571192741394043,0.045377980917692184,0.042440015822649,0.4360542893409729,0.0006750501925125718,0.00038227299228310585,-1.2237818241119385,,6
renorm,2020-03-20_RD,2021-02-25_CO,RD,CO,342,-0.27904415130615234,-0.3135486841201782,-0.24453961849212646,0.045377980917692184,0.042440015822649,0.43549060821533203,0.0008803157252259552,0.00034668634179979563,-1.30117666721344,,6
renorm,2020-06-26_CO,2021-02-25_CO,CO,CO,244,-0.18032054603099823,-0.26858848333358765,-0.09205260872840881,0.045377980917692184,0.042440015822649,0.42223262786865234,0.0004289248026907444,0.0002627583162393421,-1.13919997215271,,4
renorm,2020-07-08_CO,2021-02-25_CO,CO,CO,232,-0.07380452752113342,-0.18599045276641846,0.03838139772415161,0.045377980917692184,0.042440015822649,0.4232712984085083,0.0004874050209764391,0.00035513320472091436,-1.000537395477295,0.37921470403671265,3
renorm,2020-07-14_CO,2021-02-25_CO,CO,CO,226,-0.09417641162872314,-0.198810875415802,0.010458052158355713,0.045377980917692184,0.042440015822649,0.4367910623550415,0.000548460113350302,0.00027010368648916483,-1.1652740240097046,0.37921470403671265,24
renorm,2020-07-29_RD,2021-02-25_CO,RD,CO,211,-0.3338499665260315,-0.4154759645462036,-0.2522239685058594,0.045377980917692184,0.042440015822649,0.3761180639266968,0.0006423043669201434,0.0001876332680694759,-1.0349291563034058,0.23357242345809937,8
renorm,2020-07-31_CO,2021-02-25_CO,CO,CO,209,-0.10279542207717896,-0.19898968935012817,-0.006601154804229736,0.045377980917692184,0.042440015822649,0.4132040739059448,0.0005051837069913745,9.251148730982095e-05,-1.1432828903198242,0.23357242345809937,20
renorm,2020-08-08_RD,2021-02-25_CO,RD,CO,201,-0.2398567497730255,-0.23869651556015015,-0.24101698398590088,0.045377980917692184,0.042440015822649,0.45066672563552856,0.0008087711757980287,0.0004935497418045998,-1.1974787712097168,0.22546690702438354,4
renorm,2020-08-11_RD,2021-02-25_CO,RD,CO,198,-0.29335567355155945,-0.4159601926803589,-0.17075115442276,0.045377980917692184,0.042440015822649,0.4577113389968872,0.000909514375962317,0.0005328148836269975,-0.9970091581344604,0.22546690702438354,6
renorm,2020-08-22_RD,2021-02-25_CO,RD,CO,187,-0.28094255924224854,-0.48606836795806885,-0.07581672072410583,0.045377980917692184,0.042440015822649,0.48605406284332275,0.0009277315111830831,0.0002467787417117506,-1.3489240407943726,0.22847038507461548,2
renorm,2020-08-29_RD,2021-02-25_CO,RD,CO,180,-0.1918332278728485,-0.21203750371932983,-0.1716289520263672,0.045377980917692184,0.042440015822649,0.445048987865448,0.0011905875289812684,0.0005480128456838429,-1.3013324737548828,0.22802132368087769,7
renorm,2020-09-04_RD,2021-02-25_CO,RD,CO,174,-0.08632656931877136,-0.13830584287643433,-0.0343472957611084,0.045377980917692184,0.042440015822649,0.470831036567688,0.0007666704477742314,0.0004214669461362064,-1.167271375656128,0.22802132368087769,6
renorm,2020-09-24_CO,2021-02-25_CO,CO,CO,154,0.038782998919487,-0.00739598274230957,0.08496198058128357,0.045377980917692184,0.042440015822649,0.40735697746276855,0.0005441865068860352,0.00017846016271505505,-1.1571263074874878,0.20690694451332092,6
renorm,2020-09-28_CO,2021-02-25_CO,CO,CO,150,0.0785662829875946,0.059334397315979004,0.0977981686592102,0.045377980917692184,0.042440015822649,0.41658949851989746,0.00043100901530124247,0.00010976603516610339,-1.046694278717041,0.205412819981575,5
renorm,2020-09-29_CO,2021-02-25_CO,CO,CO,149,-0.04566824436187744,-0.1951802372932434,0.10384374856948853,0.045377980917692184,0.042440015822649,0.4081301689147949,0.000586918496992439,0.00017318836762569845,-0.843698263168335,0.205412819981575,5
renorm,2020-10-02_CO,2021-02-25_CO,CO,CO,146,0.0554349422454834,0.020609349012374878,0.09026053547859192,0.045377980917692184,0.042440015822649,0.4214838743209839,0.0006364521104842424,0.00018371365149505436,-1.3197098970413208,0.205412819981575,6
renorm,2020-10-07_CO,2021-02-25_CO,CO,CO,141,0.04835046827793121,0.017275214195251465,0.07942572236061096,0.045377980917692184,0.042440015822649,0.4376436471939087,0.00043537261080928147,0.00024553254479542375,-1.3653349876403809,0.205412819981575,8
renorm,2020-10-12_CO,2021-02-25_CO,CO,CO,136,0.019166022539138794,0.05224883556365967,-0.01391679048538208,0.045377980917692184,0.042440015822649,0.41955816745758057,0.0004004989459645003,0.0005324446246959269,-0.8634461164474487,0.1731431931257248,3
renorm,2020-10-16_CO,2021-02-25_CO,CO,CO,132,0.031288355588912964,0.006804078817367554,0.055772632360458374,0.045377980917692184,0.042440015822649,0.40640491247177124,0.0005360080394893885,0.00024318817304447293,-1.2054237127304077,0.1731431931257248,4
renorm,2020-10-23_CO,2021-02-25_CO,CO,CO,125,-0.0006235837936401367,-0.02250155806541443,0.021254390478134155,0.045377980917692184,0.042440015822649,0.40505552291870117,0.0004894927842542529,0.0005960592534393072,-1.2353154420852661,1.8943893909454346,3
renorm,2020-11-03_CO,2021-02-25_CO,CO,CO,114,0.07187049090862274,0.05070239305496216,0.09303858876228333,0.045377980917692184,0.042440015822649,0.43530404567718506,0.00038297378341667354,0.0001308986102230847,-1.1050963401794434,0.137875497341156,6
renorm,2020-11-05_CO,2021-02-25_CO,CO,CO,112,0.07491293549537659,0.07795429229736328,0.07187157869338989,0.045377980917692184,0.042440015822649,0.4136645793914795,0.0004740412114188075,0.00019083358347415924,-1.0054455995559692,0.137875497341156,5
renorm,2020-11-09_CO,2021-02-25_CO,CO,CO,108,0.0754227489233017,0.012439250946044922,0.13840624690055847,0.045377980917692184,0.042440015822649,0.47767162322998047,0.0004105412808712572,6.85813429299742e-05,-1.187727689743042,0.137875497341156,4
renorm,2020-11-16_CO,2021-02-25_CO,CO,CO,101,0.0998174399137497,0.033330053091049194,0.1663048267364502,0.045377980917692184,0.042440015822649,0.37749338150024414,0.0004164825368206948,0.00014301239571068436,-0.9022563695907593,0.1398123800754547,8
renorm,2020-12-03_CO,2021-02-25_CO,CO,CO,84,0.1475948691368103,0.14275336265563965,0.15243637561798096,0.045377980917692184,0.042440015822649,0.4466487765312195,0.00048556688125245273,0.0004665599262807518,-1.222873568534851,0.15496128797531128,4
renorm,2020-12-04_CO,2021-02-25_CO,CO,CO,83,0.0824790745973587,0.04200714826583862,0.12295100092887878,0.045377980917692184,0.042440015822649,0.4237241744995117,0.0007438408210873604,0.00038152706110849977,-1.2083945274353027,0.15496128797531128,6
renorm,2020-12-11_CO,2021-02-25_CO,CO,CO,76,-0.0026124417781829834,-0.0796506404876709,0.07442575693130493,0.045377980917692184,0.042440015822649,0.3771953582763672,0.001317737391218543,0.0004643733846023679,-1.0982242822647095,0.11037394404411316,5
renorm,2020-12-12_RD,2021-02-25_CO,RD,CO,75,-0.07656754553318024,-0.08380675315856934,-0.06932833790779114,0.045377980917692184,0.042440015822649,0.3542110323905945,0.0009664357057772577,0.0004104382242076099,-1.491410493850708,0.11037394404411316,5
renorm,2021-01-04_CO,2021-02-25_CO,CO,CO,52,0.08291487395763397,0.011845529079437256,0.1539842188358307,0.045377980917692184,0.042440015822649,0.3299944996833801,0.00042914465302601457,0.00031510653207078576,-1.3498389720916748,0.07934582978487015,4
renorm,2021-01-05_CO,2021-02-25_CO,CO,CO,51,0.03686775267124176,0.014391392469406128,0.05934411287307739,0.045377980917692184,0.042440015822649,0.32694220542907715,0.000498895940836519,0.00047129992162808776,-1.0299396514892578,0.07934582978487015,3
renorm,2021-01-06_CO,2021-02-25_CO,CO,CO,50,0.023997560143470764,-0.050081729888916016,0.09807685017585754,0.045377980917692184,0.042440015822649,0.2800779342651367,0.000385498336981982,3.583212674129754e-05,-1.192276120185852,0.07934582978487015,7
renorm,2021-01-08_CO,2021-02-25_CO,CO,CO,48,0.09476757049560547,0.06998249888420105,0.11955264210700989,0.045377980917692184,0.042440015822649,0.3403499722480774,0.0004897015169262886,0.00044600930414162576,-1.1115583181381226,0.07934582978487015,2
renorm,2021-01-11_CO,2021-02-25_CO,CO,CO,45,0.09331345558166504,0.10564783215522766,0.08097907900810242,0.045377980917692184,0.042440015822649,0.31167733669281006,0.0004586386785376817,0.00010110588482348248,-1.2973203659057617,0.07934582978487015,3
renorm,2021-01-21_RD,2021-02-25_CO,RD,CO,35,-0.05267162621021271,-0.13029170036315918,0.024948447942733765,0.045377980917692184,0.042440015822649,0.37668508291244507,0.0004721342702396214,0.0002919471880886704,-1.1735197305679321,0.07934582978487015,4
renorm,2021-01-22_RD,2021-02-25_CO,RD,CO,34,-0.023698747158050537,-0.07153654098510742,0.024139046669006348,0.045377980917692184,0.042440015822649,0.3842164874076843,0.0005103719304315746,3.2050287700258195e-05,-0.9214636087417603,0.07934582978487015,3
renorm,2021-01-23_CO,2021-02-25_CO,CO,CO,33,0.11527644097805023,0.10325241088867188,0.1273004710674286,0.045377980917692184,0.042440015822649,0.2694775462150574,0.0005509978509508073,0.0004575658531393856,-0.9416419267654419,0.07934582978487015,2
renorm,2021-02-25_CO,2021-02-25_CO,CO,CO,0,0.29701781272888184,0.2888859808444977,0.3051496148109436,0.045377980917692184,0.042440015822649,0.08519852161407471,0.00048774125752970576,0.00046244863187894225,-0.9756375551223755,0.0,0
