subject,alpha,train,test,gap_target,days,L0,L1,L2,L4u,L4s,L3_n300,lam_L3_n300,L6_n300,lam_L6_n300,L6p_n300,lam_L6p_n300,own
T11,10000.0,T11_day41,T11_day48,7,7,-0.1365889310836792,-0.13592487573623657,-0.13420408964157104,-0.2664381265640259,-0.2341252565383911,-0.004001295165476815,0.0001,0.044163081183185904,100000.0,-0.006618427481900113,100000.0,0.0015318095684051514
T11,10000.0,T11_day41,T11_day69,30,28,-0.7367392778396606,-0.7437422275543213,-0.7296501398086548,-0.8024004697799683,-0.8498817086219788,-0.26772205970011576,0.0001,-0.1909917446141185,100000.0,-0.3116673023871519,10000.0,-0.18829494714736938
T11,10000.0,T11_day41,T11_day153,120,112,-0.10369402170181274,-0.10277014970779419,-0.14905089139938354,-0.15679126977920532,-0.20268160104751587,-0.12814651059488213,0.01,0.0013831678776632939,100000.0,0.02197759614786876,10000.0,0.010301440954208374
T11,10000.0,T11_day41,T11_day521,480,480,-0.07577985525131226,-0.07355397939682007,-0.07773011922836304,-0.11483180522918701,-0.21160078048706055,0.04251670815070091,0.0001,0.12403576002936445,10000.0,0.1321773267367104,10000.0,0.12403622269630432
T11,10000.0,T11_day48,T11_day55,7,7,0.2098042368888855,0.21016964316368103,0.20660540461540222,0.1461907923221588,0.1545981764793396,0.2166803217190456,0.0001,0.25248864655179093,100000.0,0.3066669109479765,100000.0,0.2740897238254547
T11,10000.0,T11_day48,T11_day79,30,31,0.08424323797225952,0.08460131287574768,0.08610585331916809,-0.01812213659286499,-0.004841893911361694,0.0441595014317811,0.0001,0.06517172155962969,100000.0,0.036881223804144825,10000.0,0.1318570077419281
T11,10000.0,T11_day48,T11_day171,120,123,0.13793298602104187,0.13678109645843506,0.13110360503196716,-0.06947791576385498,-0.08686977624893188,0.23524592143697215,0.0001,0.3105171581364818,10000.0,0.3362908544727536,10000.0,0.3105166554450989
T11,10000.0,T11_day48,T11_day527,480,479,0.015130758285522461,0.012101858854293823,0.008324950933456421,-0.08295786380767822,-0.09209197759628296,0.3768193476093892,0.0001,0.5153458886415387,10000.0,0.4999893943643888,10000.0,0.5153458118438721
T11,10000.0,T11_day51,T11_day58,7,7,-0.140247642993927,-0.14723479747772217,-0.1435273289680481,-0.19014763832092285,-0.19477808475494385,0.13297132616889396,0.0001,0.19659303319933724,100000.0,0.15159787384049128,100000.0,0.22828596830368042
T11,10000.0,T11_day51,T11_day79,30,28,-0.05170378088951111,-0.05330023169517517,-0.05104050040245056,-0.10885155200958252,-0.11210387945175171,0.035793194136180595,0.0001,0.06517172155962969,100000.0,0.03139645344786751,10000.0,0.1318570077419281
T11,10000.0,T11_day51,T11_day171,120,120,-0.059523940086364746,-0.062260210514068604,-0.06387132406234741,-0.16141152381896973,-0.16962093114852905,0.2241669779933903,1e-06,0.3105171581364818,10000.0,0.3193268455285835,10000.0,0.3105166554450989
T11,10000.0,T11_day51,T11_day527,480,476,-0.02944907546043396,-0.03000706434249878,-0.017766863107681274,-0.043230682611465454,-0.023431330919265747,0.335182714800378,0.0001,0.5153458886415387,10000.0,0.5035178740932008,10000.0,0.5153458118438721
T11,10000.0,T11_day55,T11_day86,30,31,-0.3547729253768921,-0.35954588651657104,-0.3598122000694275,-0.26730918884277344,-0.26689642667770386,0.08409434376382419,0.0001,0.13066880648185547,100000.0,0.1556677669051834,10000.0,0.16207927465438843
T11,10000.0,T11_day55,T11_day177,120,122,-0.0905875563621521,-0.09041941165924072,-0.10611259937286377,-0.07232898473739624,-0.08221298456192017,-0.09481359193182703,0.0001,-0.11680619998857095,10000.0,-0.07286899035571776,10000.0,-0.11680629849433899
T11,10000.0,T11_day55,T11_day535,480,480,-0.11766952276229858,-0.1180313229560852,-0.11369842290878296,-0.01137116551399231,0.0058463215827941895,0.3402776819580259,0.0001,0.3801413302884922,10000.0,0.37620459036899856,10000.0,0.3801414370536804
T11,10000.0,T11_day58,T11_day86,30,28,-0.23013359308242798,-0.23203104734420776,-0.22912323474884033,-0.21432334184646606,-0.17873477935791016,0.09689252398204184,1e-05,0.13066880648185547,100000.0,0.16608651473714708,10000.0,0.16207927465438843
T11,10000.0,T11_day58,T11_day177,120,119,-0.04752400517463684,-0.04850512742996216,-0.05548352003097534,-0.10307526588439941,-0.08894461393356323,-0.05673855230946323,0.0001,-0.11680619998857095,10000.0,-0.03726031279303199,10000.0,-0.11680629849433899
T11,10000.0,T11_day58,T11_day538,480,480,-0.11987221240997314,-0.12456870079040527,-0.14355957508087158,-0.2370164394378662,-0.19021934270858765,-0.01349188456592687,0.0001,0.07975685597926935,10000.0,0.05599756217425467,10000.0,0.07975614070892334
T11,10000.0,T11_day69,T11_day100,30,31,-0.16409480571746826,-0.16901952028274536,-0.18892496824264526,-0.1590791940689087,-0.16604387760162354,0.007037565100179388,0.0001,0.025052965737980326,100000.0,-0.09920118037279863,10000.0,-0.009057193994522095
T11,10000.0,T11_day69,T11_day191,120,122,-0.13591140508651733,-0.14227509498596191,-0.15373873710632324,-0.16463607549667358,-0.16510486602783203,-0.0255105360342478,0.0001,0.0030115878069580937,100000.0,-0.03280136856898419,10000.0,-0.02551901340484619
T11,10000.0,T11_day69,T11_day548,480,479,-0.127216637134552,-0.13148891925811768,-0.16697567701339722,-0.26727956533432007,-0.24628019332885742,0.3473244820565209,0.0001,0.4112733591629393,10000.0,0.3475038344708711,10000.0,0.41127368807792664
T11,10000.0,T11_day79,T11_day86,7,7,-0.14590716361999512,-0.14589709043502808,-0.13988572359085083,-0.2371443510055542,-0.25460994243621826,0.053363722400769364,0.0001,0.13066880648185547,100000.0,0.15480347565356017,10000.0,0.16207927465438843
T11,10000.0,T11_day79,T11_day111,30,32,-0.30311158299446106,-0.30048415064811707,-0.3142935037612915,-0.23745158314704895,-0.2385571002960205,-0.05315040883706529,0.0001,-0.07481496732950654,10000.0,-0.1182713505771692,10000.0,-0.0748138427734375
T11,10000.0,T11_day79,T11_day199,120,120,-0.1468493938446045,-0.14781373739242554,-0.16342425346374512,-0.2240140438079834,-0.20212990045547485,-0.030758683251031704,0.0001,-0.004390896838623315,10000.0,-0.02462867844085115,10000.0,-0.004390299320220947
T11,10000.0,T11_day79,T11_day560,480,481,-0.13027185201644897,-0.13081449270248413,-0.14899086952209473,-0.2842622399330139,-0.5999373197555542,-0.10055945311512526,1e-05,-0.04686427920642067,10000.0,-0.07061639439162537,10000.0,-0.04686468839645386
T11,10000.0,T11_day83,T11_day112,30,29,-0.04718661308288574,-0.046847641468048096,-0.0471116304397583,-0.17618995904922485,-0.13021886348724365,0.37849995079234033,1e-05,0.4439168317557505,10000.0,0.4387412031426515,10000.0,0.44391748309135437
T11,10000.0,T11_day83,T11_day199,120,116,-0.21792322397232056,-0.2183740735054016,-0.23840278387069702,-0.48962634801864624,-0.44107842445373535,-0.07075012880304854,0.0001,-0.004390896838623315,10000.0,-0.019814928491542982,10000.0,-0.004390299320220947
T11,10000.0,T11_day83,T11_day563,480,480,-0.06776773929595947,-0.06708663702011108,-0.0672888457775116,-0.42184656858444214,-0.550625741481781,0.2723588285956712,1e-05,0.34741370282521794,10000.0,0.3477365702211063,10000.0,0.3474140465259552
T11,10000.0,T11_day86,T11_day112,30,26,-0.13612431287765503,-0.1332852840423584,-0.1348191499710083,-0.21244484186172485,-0.2766420841217041,0.3068521025431267,1e-05,0.4439168317557505,10000.0,0.43401811218922653,10000.0,0.44391748309135437
T11,10000.0,T11_day86,T11_day199,120,113,-0.23374462127685547,-0.2296118140220642,-0.23961204290390015,-0.4513566493988037,-0.2769913077354431,-0.09203301128985986,0.0001,-0.004390896838623315,10000.0,-0.02069591088406636,10000.0,-0.004390299320220947
T11,10000.0,T11_day86,T11_day563,480,477,-0.1146804690361023,-0.11132919788360596,-0.10981082916259766,-0.17408907413482666,-0.18468689918518066,0.2616563987910329,1e-05,0.34741370282521794,10000.0,0.3459026431304186,10000.0,0.3474140465259552
T11,10000.0,T11_day97,T11_day126,30,29,0.03243270516395569,0.026942521333694458,0.020332813262939453,0.03218519687652588,0.01682940125465393,0.26964646223138733,0.0001,0.21966025376678155,100000.0,0.35648100511785513,10000.0,0.3472542464733124
T11,10000.0,T11_day97,T11_day219,120,122,0.09913954138755798,0.0970323383808136,0.08765453100204468,0.028139889240264893,0.028540730476379395,0.2737806197514431,0.0001,0.3240458975529572,10000.0,0.31166042550402717,10000.0,0.32404643297195435
T11,10000.0,T11_day97,T11_day576,480,479,0.15637508034706116,0.15466633439064026,0.1480664312839508,-0.030478477478027344,-0.07012325525283813,0.4433269266592503,0.0001,0.47806006235904247,10000.0,0.4757578292127859,10000.0,0.47805991768836975
T11,10000.0,T11_day100,T11_day126,30,26,-0.014379233121871948,-0.018384337425231934,-0.02138659358024597,-0.047755420207977295,-0.06097427010536194,0.2862959575924934,0.0001,0.21966025376678155,100000.0,0.020908880601464397,1000000.0,0.3472542464733124
T11,10000.0,T11_day100,T11_day219,120,119,0.10548147559165955,0.10507795214653015,0.10760164260864258,0.05652499198913574,0.039983510971069336,0.3016674629868081,0.0001,0.3240458975529572,10000.0,0.3157930720689643,10000.0,0.32404643297195435
T11,10000.0,T11_day100,T11_day583,480,483,-0.0833173394203186,-0.08711427450180054,-0.07999330759048462,-0.013640165328979492,-0.017261803150177002,0.45159899259012104,0.0001,0.5228132791739262,10000.0,0.5146873019119946,10000.0,0.5228129625320435
T11,10000.0,T11_day111,T11_day112,1,1,0.2580232620239258,0.2624528110027313,0.2612057030200958,0.20493659377098083,0.19250059127807617,0.40906994757852794,0.0001,0.4439168317557505,10000.0,0.41549646182562655,100000.0,0.44391748309135437
T11,10000.0,T11_day111,T11_day140,30,29,0.03626739978790283,0.03808322548866272,0.05981677770614624,0.04819902777671814,0.05126449465751648,0.16461967460311416,0.0001,0.1537964324978856,100000.0,0.1801895583438211,10000.0,0.16567280888557434
T11,10000.0,T11_day111,T11_day231,120,120,-0.17037004232406616,-0.16417807340621948,-0.1626414656639099,-0.24064481258392334,-0.3362533450126648,-0.03428493667184884,1e-05,-0.010793225096065673,10000.0,-0.005931198327431941,10000.0,-0.01079222559928894
T11,10000.0,T11_day111,T11_day590,480,479,-0.48885470628738403,-0.4801534414291382,-13.430468559265137,-12.883682250976562,-20.846830368041992,-3.9312394927332437,0.001,-30.50954975002238,10000.0,-27.133558063934785,10000.0,-30.509510040283203
T11,10000.0,T11_day112,T11_day140,30,28,0.1411084234714508,0.14191821217536926,0.14611074328422546,-0.06612503528594971,-0.028459280729293823,0.1795791618689015,0.0001,0.1537964324978856,100000.0,0.19874051426157557,1000000.0,0.16567280888557434
T11,10000.0,T11_day112,T11_day231,120,119,-0.1766553521156311,-0.17636728286743164,-0.17854613065719604,-0.2986462116241455,-0.3701772689819336,-0.016529334406403473,0.0001,-0.010793225096065673,10000.0,-0.013148026858746276,10000.0,-0.01079222559928894
T11,10000.0,T11_day112,T11_day590,480,478,-0.5462144613265991,-0.5547584295272827,-11.627484321594238,-23.372676849365234,-71.77119445800781,-9.436390176128764,0.01,-30.50954975002238,10000.0,-35.868285839654334,10000.0,-30.509510040283203
T11,10000.0,T11_day122,T11_day153,30,31,0.0853261947631836,0.0886930525302887,0.05443665385246277,0.01460254192352295,0.02661728858947754,0.02659831945778529,1.0,0.0013831678776632939,100000.0,0.09820393355450535,100000.0,0.010301440954208374
T11,10000.0,T11_day122,T11_day241,120,119,-0.09568285942077637,-0.09176886081695557,-0.0924261212348938,-0.08895182609558105,-0.09181523323059082,-0.004366653381893348,0.0001,-0.0030462644233479885,100000.0,0.002558270092321291,10000.0,-0.0011084675788879395
T11,10000.0,T11_day122,T11_day602,480,480,-0.2757400870323181,-0.2696738839149475,-0.09232884645462036,-0.13371241092681885,-0.14083558320999146,-0.01369683333220656,0.0001,-0.14923473471573245,10000.0,-0.12380726793595476,10000.0,-0.20699793100357056
T11,10000.0,T11_day126,T11_day153,30,27,0.020063459873199463,0.017059296369552612,-0.00025272369384765625,-0.004815876483917236,-0.01401415467262268,0.005471165299345826,10.0,0.0013831678776632939,100000.0,0.04373777168231208,100000.0,0.010301440954208374
T11,10000.0,T11_day126,T11_day247,120,121,0.01757150888442993,0.02271401882171631,-0.0065243542194366455,-0.11552667617797852,-0.0992971658706665,-0.006404243024417389,100.0,0.14030560874625203,10000.0,0.062110461039064646,10000.0,0.14030495285987854
T11,10000.0,T11_day126,T11_day604,480,478,0.010403245687484741,0.01602572202682495,-0.0007342100143432617,-0.0732373595237732,-0.06901103258132935,0.27518219535112504,0.0001,0.3494128045489099,10000.0,0.361710106089372,10000.0,0.3494122326374054
T11,10000.0,T11_day140,T11_day171,30,31,0.25404414534568787,0.254366934299469,0.2518567740917206,0.1268448829650879,0.08282512426376343,0.29335330466706366,0.0001,0.3105171581364818,10000.0,0.32388462388861905,10000.0,0.3105166554450989
T11,10000.0,T11_day140,T11_day261,120,121,0.10375863313674927,0.10574981570243835,0.06845670938491821,0.000183790922164917,0.08097675442695618,0.1173434786131986,0.1,0.17647709440104853,100000.0,0.16606787883928986,100000.0,0.23692303895950317
T11,10000.0,T11_day140,T11_day617,480,477,0.25411325693130493,0.2540529668331146,0.2564043402671814,0.07688775658607483,0.06298622488975525,0.38302407518648074,0.0001,0.411856270049923,10000.0,0.4272234681050383,10000.0,0.41185662150382996
T11,10000.0,T11_day153,T11_day185,30,32,-0.2047903835773468,-0.2014782726764679,-0.0856599509716034,-0.15758848190307617,-0.22898662090301514,0.06352934838887248,0.0001,0.04576175160558216,100000.0,0.06261613239917913,100000.0,0.09044104814529419
T11,10000.0,T11_day153,T11_day275,120,122,0.06600973010063171,0.06831037998199463,0.06038674712181091,-0.027929484844207764,0.014325201511383057,0.12976584941453823,1e-05,0.1530621265135409,10000.0,0.1530913449521395,10000.0,0.19326189160346985
T11,10000.0,T11_day153,T11_day632,480,479,-0.1861943006515503,-0.17570137977600098,-0.14635592699050903,-0.17959445714950562,-0.1882656216621399,0.05625552444483822,0.01,0.06323522869375053,10000.0,0.020777352642361913,10000.0,0.06323647499084473
T11,10000.0,T11_day171,T11_day177,7,6,0.007935792207717896,0.01647043228149414,0.0009522140026092529,-0.08141547441482544,-0.1471276879310608,0.04673379463579819,0.001,-0.11680619998857095,10000.0,-0.10239937402810173,10000.0,-0.11680629849433899
T11,10000.0,T11_day171,T11_day199,30,28,-0.24495553970336914,-0.23794925212860107,-0.24858295917510986,-0.2997506856918335,-0.276445209980011,0.014543134969025595,0.0001,-0.004390896838623315,10000.0,-0.023411949588759473,10000.0,-0.004390299320220947
T11,10000.0,T11_day171,T11_day297,120,126,0.13958656787872314,0.1391802430152893,0.14034530520439148,0.11550301313400269,0.11448583006858826,0.1364396832937606,1e-05,0.15786885440305237,100000.0,0.17681060203637705,10000.0,0.14895537495613098
T11,10000.0,T11_day171,T11_day646,480,475,-0.5114676356315613,-0.5116866230964661,-0.53340744972229,-0.47456836700439453,-0.13676804304122925,-0.3917811012274012,0.1,0.0923481023323009,10000.0,-0.16129842427687613,1000000.0,0.09234854578971863
T11,10000.0,T11_day177,T11_day185,7,8,-0.06303119659423828,-0.050172001123428345,-0.04030004143714905,-0.12847262620925903,-0.14906305074691772,-0.04033508601629704,100.0,0.04576175160558216,100000.0,0.03293337900296328,100000.0,0.09044104814529419
T11,10000.0,T11_day177,T11_day297,120,120,0.08098655939102173,0.09757539629936218,0.1037626564502716,0.06475856900215149,0.04626139998435974,0.13877745032749428,0.0001,0.15786885440305237,100000.0,0.163495919280783,10000.0,0.14895537495613098
T11,10000.0,T11_day177,T11_day658,480,481,-0.09207925200462341,-0.08072790503501892,-0.08838939666748047,-0.19092631340026855,-0.3310728073120117,-0.045122605347559464,1e-05,0.07433442677045149,10000.0,0.07122751269268973,10000.0,0.07433560490608215
T11,10000.0,T11_day185,T11_day191,7,6,-0.003814518451690674,-0.003527432680130005,-0.0048722028732299805,-0.009868025779724121,-0.01010984182357788,-0.002008653642943281,1.0,0.0030115878069580937,100000.0,-0.0018003412501182425,1000000.0,-0.02551901340484619
T11,10000.0,T11_day185,T11_day219,30,34,0.25497135519981384,0.25431907176971436,0.22728171944618225,0.1340700387954712,0.09169355034828186,0.30221485494508654,0.0001,0.3240458975529572,10000.0,0.31559472408787137,10000.0,0.32404643297195435
T11,10000.0,T11_day185,T11_day308,120,123,0.03634464740753174,0.03644821047782898,0.03432992100715637,-0.010433316230773926,-0.011299431324005127,0.1944436100115683,1e-05,0.26198547644044046,10000.0,0.2623734596992559,10000.0,0.2734331786632538
T11,10000.0,T11_day185,T11_day665,480,480,0.16924184560775757,0.16986054182052612,0.17051073908805847,0.13522863388061523,0.1334434449672699,0.2551779804614908,0.0001,0.35950753187855977,10000.0,0.3648315813259234,10000.0,0.3450687825679779
T11,10000.0,T11_day191,T11_day198,7,7,-0.20310109853744507,-0.17956286668777466,-0.18021482229232788,-0.3434210419654846,-0.3632833957672119,-0.15919050462544249,10.0,0.012126002608210895,10000.0,-0.10177876660529872,100000.0,0.012125581502914429
T11,10000.0,T11_day191,T11_day219,30,28,0.30892106890678406,0.30912691354751587,0.3008570075035095,0.16877636313438416,0.17037740349769592,0.31909675606004717,0.0001,0.3240458975529572,10000.0,0.31561640450964634,10000.0,0.32404643297195435
T11,10000.0,T11_day191,T11_day310,120,119,0.03619399666786194,0.038634151220321655,0.003379642963409424,-0.18285387754440308,-0.14992398023605347,0.019333675932829697,0.001,-0.03347349520425463,10000.0,-0.015915236056935955,100000.0,-0.033472150564193726
T11,10000.0,T11_day191,T11_day672,480,481,0.046015262603759766,0.04546579718589783,0.03980627655982971,0.05229648947715759,0.033082157373428345,0.142669612262263,0.0001,0.20736997572476618,10000.0,0.23518274811863576,10000.0,0.20736941695213318
T11,10000.0,T11_day198,T11_day199,1,1,-0.0806925892829895,-0.07874852418899536,-0.06556814908981323,-0.10870492458343506,-0.09642016887664795,-0.03819611731416167,0.001,-0.004390896838623315,10000.0,-0.02041110294008963,10000.0,-0.004390299320220947
T11,10000.0,T11_day198,T11_day227,30,29,-0.003929406404495239,0.0017083585262298584,0.008319765329360962,0.04761761426925659,0.057070404291152954,0.04134088121556506,0.1,0.06482716326263016,100000.0,0.11077574664692391,100000.0,0.08027482032775879
T11,10000.0,T11_day198,T11_day324,120,126,-0.05806314945220947,-0.05504131317138672,-0.008747100830078125,-0.07943040132522583,-0.06098806858062744,0.05677685400345983,0.0001,0.04835843146783092,100000.0,0.09186138014850215,10000.0,0.15799883008003235
T11,10000.0,T11_day198,T11_day675,480,477,-0.3402271866798401,-0.3392024636268616,-0.25105077028274536,-0.3862536549568176,-0.5273647904396057,-0.4729707037112336,0.0001,-0.24789972702614704,10000.0,-0.27048639395901963,10000.0,-0.24789929389953613
T11,10000.0,T11_day199,T11_day227,30,28,0.05889105796813965,0.06032460927963257,0.03324151039123535,0.009926646947860718,-0.23381179571151733,0.08132850612949294,0.01,0.06482716326263016,100000.0,0.07325219775129682,10000.0,0.08027482032775879
T11,10000.0,T11_day199,T11_day324,120,125,-0.02043473720550537,-0.020369887351989746,-0.006311595439910889,-0.16527986526489258,-0.17972290515899658,0.06567319862042226,0.0001,0.04835843146783092,100000.0,0.05974733106245461,100000.0,0.15799883008003235
T11,10000.0,T11_day199,T11_day681,480,482,0.13782137632369995,0.142348051071167,0.1418668031692505,0.21755120158195496,0.22238478064537048,0.2754318995823603,0.001,0.43821450758196295,10000.0,0.4500794723521391,10000.0,0.4382138252258301
T11,10000.0,T11_day219,T11_day226,7,7,0.03442421555519104,0.03248313069343567,0.022249281406402588,0.019930660724639893,0.03554052114486694,0.022141040061750106,100.0,0.060502646545965655,10000.0,0.05971878301963629,100000.0,0.06050184369087219
T11,10000.0,T11_day219,T11_day247,30,28,0.07178869843482971,0.07601529359817505,0.06821200251579285,0.053380370140075684,0.12736204266548157,0.0681051579965734,100.0,0.14030560874625203,10000.0,0.14399655891751423,100000.0,0.14030495285987854
T11,10000.0,T11_day219,T11_day339,120,120,-0.052212297916412354,-0.05160468816757202,-0.04397225379943848,-0.07322746515274048,-0.3107241988182068,-0.015088555956617622,0.0001,0.004860975198096362,100000.0,0.018780886346927483,100000.0,0.045983850955963135
T11,10000.0,T11_day219,T11_day702,480,483,-0.19423431158065796,-0.1969674825668335,-0.1838560700416565,-0.11758875846862793,-0.12164759635925293,-0.09842966529215813,0.0001,0.028995202015388022,100000.0,-0.04303917828321002,10000.0,-0.00408405065536499
T11,10000.0,T11_day226,T11_day227,1,1,0.18344572186470032,0.18533894419670105,0.14028599858283997,-0.10446357727050781,-0.11729401350021362,0.14038420485233988,100.0,0.06482716326263016,100000.0,0.13504871060637924,100000.0,0.08027482032775879
T11,10000.0,T11_day226,T11_day233,7,7,0.22751423716545105,0.2298717498779297,0.2039198875427246,0.074139803647995,0.1280948519706726,0.3078587462585706,0.001,0.38854204684547516,10000.0,0.37714786981832765,10000.0,0.3885415196418762
T11,10000.0,T11_day226,T11_day255,30,29,0.04141935706138611,0.03927937150001526,0.027872413396835327,0.034318625926971436,0.015525072813034058,0.030794474359095048,0.001,-0.04744476351930066,1000000.0,0.046027594802465766,100000.0,0.07053813338279724
T11,10000.0,T11_day226,T11_day346,120,120,0.03644779324531555,0.03915509581565857,0.044181495904922485,0.0266454815864563,0.01665729284286499,0.07787583356101269,0.0001,0.09830927530693878,100000.0,0.09263013555234045,100000.0,0.14957976341247559
T11,10000.0,T11_day226,T11_day706,480,480,-0.15853548049926758,-0.16009396314620972,-0.16198444366455078,-0.17964881658554077,-0.16562116146087646,-0.06501519593949201,0.0001,-0.0159250679906367,10000.0,-0.009469889477314086,10000.0,-0.0159243643283844
T11,10000.0,T11_day227,T11_day233,7,6,0.14024317264556885,0.13943621516227722,0.15286889672279358,-0.1549450159072876,-0.16174840927124023,0.36748172994384515,0.0001,0.38854204684547516,10000.0,0.3845391700749653,10000.0,0.3885415196418762
T11,10000.0,T11_day227,T11_day255,30,28,-0.0027175843715667725,-0.0030592679977416992,-0.0018652677536010742,-0.015113264322280884,-0.008032888174057007,-0.001932555057026497,100.0,-0.04744476351930066,1000000.0,-0.0012230891934335575,1000000.0,0.07053813338279724
T11,10000.0,T11_day227,T11_day346,120,119,-0.016814887523651123,-0.013155937194824219,-0.005411863327026367,-0.011945158243179321,-0.009007573127746582,0.05636775723386406,0.0001,0.09830927530693878,100000.0,0.078837830603801,100000.0,0.14957976341247559
T11,10000.0,T11_day227,T11_day706,480,479,-0.08246797323226929,-0.08669817447662354,-0.09584689140319824,-0.09830981492996216,-0.09062153100967407,-0.061501229896747556,0.0001,-0.0159250679906367,10000.0,-0.01650760541423335,10000.0,-0.0159243643283844
T11,10000.0,T11_day231,T11_day233,1,2,0.19968637824058533,0.20093604922294617,0.1807573437690735,0.0887623131275177,0.055706173181533813,0.36273970448380594,0.001,0.38854204684547516,10000.0,0.35690064395219623,10000.0,0.3885415196418762
T11,10000.0,T11_day231,T11_day261,30,30,0.22527199983596802,0.22586002945899963,0.20058351755142212,0.19965842366218567,0.167255699634552,0.2017540229323903,10.0,0.17647709440104853,100000.0,0.24448228145685186,100000.0,0.23692303895950317
T11,10000.0,T11_day231,T11_day353,120,122,-0.02773401141166687,-0.03041630983352661,-0.024921178817749023,-0.15184500813484192,-0.13909515738487244,0.3354408549039797,0.001,0.42278633722282716,10000.0,0.3559646636270851,10000.0,0.42278602719306946
T11,10000.0,T11_day231,T11_day709,480,478,0.07735306024551392,0.08211261034011841,0.08183509111404419,-0.06809401512145996,-0.025607407093048096,0.37955327206132033,0.0001,0.4547661935554427,10000.0,0.4398832723096979,10000.0,0.45476606488227844
T11,10000.0,T11_day233,T11_day241,7,8,-0.015745937824249268,-0.015792250633239746,-0.013456583023071289,-0.011384129524230957,-0.013917028903961182,-0.0035440972130429405,0.1,-0.0030462644233479885,100000.0,0.0020453910577363232,100000.0,-0.0011084675788879395
T11,10000.0,T11_day233,T11_day262,30,29,0.27622875571250916,0.2783752381801605,0.27311813831329346,0.2751803398132324,0.2706076502799988,0.38124697879149877,0.0001,0.40159391280404416,10000.0,0.40560383820142526,10000.0,0.40159446001052856
T11,10000.0,T11_day233,T11_day353,120,120,0.1409587562084198,0.13905969262123108,0.15025144815444946,0.11444887518882751,0.09318387508392334,0.37416669936147856,0.0001,0.42278633722282716,10000.0,0.40244584410246576,10000.0,0.42278602719306946
T11,10000.0,T11_day233,T11_day715,480,482,-0.13266462087631226,-0.13016223907470703,-0.12343305349349976,-0.14773160219192505,-0.13598567247390747,-0.004279874947337947,0.0001,0.05938495603946331,100000.0,0.038760452364411,100000.0,0.07546389102935791
T11,10000.0,T11_day241,T11_day247,7,6,0.021670222282409668,0.020876973867416382,-0.07604920864105225,-0.08096563816070557,0.0630684494972229,-0.07844518972817494,10.0,0.14030560874625203,10000.0,-0.03147644422206147,1000000.0,0.14030495285987854
T11,10000.0,T11_day241,T11_day269,30,28,0.10907414555549622,0.10885977745056152,0.05480322241783142,-0.08332157135009766,-0.08417356014251709,0.19163385016280637,0.0001,0.14060085656103283,10000.0,0.07764164881818347,10000.0,0.14057263731956482
T11,10000.0,T11_day241,T11_day359,120,118,0.18637573719024658,0.1865234673023224,0.17872992157936096,0.14163100719451904,0.13558056950569153,0.3095341609886236,1e-05,0.3393703346137518,100000.0,0.33078233002575125,100000.0,0.3837153911590576
T11,10000.0,T11_day241,T11_day715,480,474,-0.046263933181762695,-0.04559981822967529,-0.06693840026855469,-0.04920780658721924,-0.0482211709022522,-0.0014376475200161276,0.0001,0.05938495603946331,100000.0,0.08768378966807677,10000.0,0.07546389102935791
T11,10000.0,T11_day247,T11_day254,7,7,0.06643924117088318,0.07158952951431274,0.04463165998458862,0.03496244549751282,0.03578829765319824,0.18145837081693122,0.0001,0.1981370190026141,10000.0,0.19847078168571852,10000.0,0.19813841581344604
T11,10000.0,T11_day247,T11_day275,30,28,0.06931698322296143,0.07322058081626892,0.07926252484321594,-0.024380922317504883,-0.02770864963531494,0.14937071485417652,0.0001,0.1530621265135409,10000.0,0.15050698392606632,10000.0,0.19326189160346985
T11,10000.0,T11_day247,T11_day367,120,120,0.13396498560905457,0.13644355535507202,0.14914986491203308,0.14802762866020203,0.14813491702079773,0.15139222269337016,1.0,-0.002314837315780971,1000000.0,0.2246630109210307,10000.0,0.21775424480438232
T11,10000.0,T11_day247,T11_day727,480,480,-0.04771336913108826,-0.04272770881652832,-0.03891664743423462,-0.04516887664794922,-0.05064055323600769,0.19373620198675418,0.001,0.35720212749866226,10000.0,0.3514598155066837,10000.0,0.35720184445381165
T11,10000.0,T11_day254,T11_day255,1,1,-0.029644638299942017,-0.03055480122566223,-0.03496310114860535,-0.052236586809158325,-0.05142056941986084,0.004396840828397641,1.0,-0.04744476351930066,1000000.0,-0.037563574671670485,1000000.0,0.07053813338279724
T11,10000.0,T11_day254,T11_day261,7,7,0.1889246702194214,0.19028186798095703,0.1613335907459259,0.020002782344818115,0.04227161407470703,0.2148002312942736,0.1,0.17647709440104853,100000.0,0.1515277578289979,100000.0,0.23692303895950317
T11,10000.0,T11_day254,T11_day373,120,119,0.36002209782600403,0.36030176281929016,0.34671875834465027,0.06322026252746582,0.06407538056373596,0.34518827349978853,0.1,0.4265942908668273,10000.0,0.42415152034567066,10000.0,0.4749833345413208
T11,10000.0,T11_day254,T11_day737,480,483,-0.5442686676979065,-0.5892865061759949,-169.61444091796875,-181.7844696044922,-197.05926513671875,-169.6043196767888,100.0,-513.5812420472173,10000.0,-621.1240953255435,10000.0,-513.5794677734375
T11,10000.0,T11_day255,T11_day262,7,7,0.1779298484325409,0.181194007396698,0.1307302713394165,-0.08977210521697998,-0.0823054313659668,0.33802561428819117,0.0001,0.40159391280404416,10000.0,0.39150416059114507,10000.0,0.40159446001052856
T11,10000.0,T11_day255,T11_day373,120,118,0.23064905405044556,0.23043093085289001,0.20757168531417847,-0.0899052619934082,-0.07416653633117676,0.32520274241671576,0.001,0.4265942908668273,10000.0,0.41976800885583737,10000.0,0.4749833345413208
T11,10000.0,T11_day255,T11_day737,480,482,-0.8569328784942627,-0.8986759781837463,-1163.470703125,-1193.24755859375,-1122.442138671875,-1162.8313948594891,100.0,-513.5812420472173,10000.0,-912.0809997962062,10000.0,-513.5794677734375
T11,10000.0,T11_day261,T11_day262,1,1,0.3707706332206726,0.3713112771511078,0.36759817600250244,0.09141254425048828,0.09668773412704468,0.38426296157113876,0.001,0.40159391280404416,10000.0,0.4127571720467873,10000.0,0.40159446001052856
T11,10000.0,T11_day261,T11_day269,7,8,-0.33508235216140747,-0.3337435722351074,-0.4117709994316101,-0.31115496158599854,-0.17690616846084595,0.12583881295282295,0.0001,0.14060085656103283,10000.0,-0.11721756066803418,10000.0,0.14057263731956482
T11,10000.0,T11_day261,T11_day297,30,36,0.11568588018417358,0.12477269768714905,0.13722681999206543,0.1452193260192871,0.14590749144554138,0.13711533417606087,0.0001,0.15786885440305237,100000.0,0.17033986331550438,10000.0,0.14895537495613098
T11,10000.0,T11_day261,T11_day385,120,124,-0.20441347360610962,-0.19196957349777222,-0.195010244846344,-0.2018250823020935,-0.20018404722213745,-0.02523209082269462,0.1,-0.0224658470791419,100000.0,-0.04569534544931064,10000.0,-0.020870596170425415
T11,10000.0,T11_day261,T11_day741,480,480,0.018179118633270264,0.025597840547561646,0.01738598942756653,0.008579611778259277,0.006939142942428589,0.017599263673949206,100.0,0.25723694138558983,10000.0,0.03242881637188627,1000000.0,0.2572370171546936
T11,10000.0,T11_day262,T11_day269,7,7,0.19562405347824097,0.1923624873161316,0.18151193857192993,-0.23525714874267578,-0.31100237369537354,0.23158187409919267,0.0001,0.14060085656103283,10000.0,0.2446121807501953,100000.0,0.14057263731956482
T11,10000.0,T11_day262,T11_day297,30,35,0.2204882800579071,0.2210443615913391,0.22001582384109497,0.12558308243751526,0.0914374589920044,0.1598279300852325,0.0001,0.15786885440305237,100000.0,0.22945185958257963,100000.0,0.14895537495613098
T11,10000.0,T11_day262,T11_day385,120,123,-0.07850319147109985,-0.07338368892669678,-0.07368713617324829,-0.07742303609848022,-0.08081328868865967,-0.04044382370861088,1.0,-0.0224658470791419,100000.0,-0.07185461726448772,1000000.0,-0.020870596170425415
T11,10000.0,T11_day262,T11_day741,480,479,0.06762215495109558,0.06382259726524353,0.05757671594619751,0.06874385476112366,0.038458794355392456,0.13142390789816633,0.001,0.25723694138558983,10000.0,0.2716982908913048,10000.0,0.2572370171546936
T11,10000.0,T11_day266,T11_day297,30,31,0.22795727849006653,0.22934117913246155,0.22764930129051208,0.2079538106918335,0.2065773606300354,0.15173070475416112,0.001,0.15786885440305237,100000.0,0.22921099453467053,100000.0,0.14895537495613098
T11,10000.0,T11_day266,T11_day385,120,119,-0.06724447011947632,-0.06628847122192383,-0.06693065166473389,-0.0674353837966919,-0.06704992055892944,-0.037275509672590634,1.0,-0.0224658470791419,100000.0,-0.0637283594684821,1000000.0,-0.020870596170425415
T11,10000.0,T11_day266,T11_day744,480,478,0.16680112481117249,0.16679245233535767,0.16334280371665955,0.13550898432731628,0.1523200273513794,0.18984527667337908,0.01,0.32032075579377506,10000.0,0.26472237442330404,10000.0,0.3203212320804596
T11,10000.0,T11_day269,T11_day275,7,6,0.08600521087646484,0.08698287606239319,0.08914560079574585,0.04047629237174988,0.044531285762786865,0.15194262961122756,0.0001,0.1530621265135409,10000.0,0.14921379972268534,100000.0,0.19326189160346985
T11,10000.0,T11_day269,T11_day297,30,28,0.21454477310180664,0.21682986617088318,0.22120529413223267,0.1721278429031372,0.1688801348209381,0.15242528178046205,0.0001,0.15786885440305237,100000.0,0.23935927606320112,100000.0,0.14895537495613098
T11,10000.0,T11_day269,T11_day391,120,122,-0.09790587425231934,-0.09697532653808594,-0.08833420276641846,-0.06885439157485962,-0.07125818729400635,-0.10286859501200818,0.001,-0.09808808611881359,100000.0,-0.07203009679612926,10000.0,-0.0905529260635376
T11,10000.0,T11_day269,T11_day749,480,480,-0.7245270013809204,-0.7267717123031616,-1.0248783826828003,-0.7871938943862915,-0.8185479640960693,-0.7557272989884541,0.001,-0.45555042428193027,10000.0,-0.6075504655812437,10000.0,-0.45554912090301514
T11,10000.0,T11_day275,T11_day308,30,33,0.1419542133808136,0.14268267154693604,0.1426866352558136,0.10684537887573242,0.005041033029556274,0.2523555804230125,1e-05,0.26198547644044046,10000.0,0.2604637580927313,10000.0,0.2734331786632538
T11,10000.0,T11_day275,T11_day391,120,116,-0.06747591495513916,-0.06397473812103271,-0.058794379234313965,-0.05487257242202759,-0.10167199373245239,-0.10678351626111215,0.001,-0.09808808611881359,100000.0,-0.0735509996880408,10000.0,-0.0905529260635376
T11,10000.0,T11_day275,T11_day756,480,481,-0.07563149929046631,-0.0754389762878418,-0.10925561189651489,-0.09772741794586182,-0.12236082553863525,-0.14221014138499477,0.01,-0.03846300965437288,10000.0,-0.08551233650862167,10000.0,-0.038463473320007324
T11,10000.0,T11_day297,T11_day328,30,31,-0.08005368709564209,-0.07922708988189697,-0.07588070631027222,-0.07955062389373779,-0.11954772472381592,-0.03203304546269836,0.0001,-0.012550827002731246,100000.0,-0.033227649544020355,100000.0,-0.037514686584472656
T11,10000.0,T11_day297,T11_day415,120,118,-0.14212852716445923,-0.1386932134628296,-0.13346678018569946,-0.11470717191696167,-0.11395621299743652,-0.0882644079238526,1.0,-0.031783439056217166,100000.0,-0.08271721662153986,100000.0,-0.02888941764831543
T11,10000.0,T11_day297,T11_day783,480,486,-0.02797752618789673,-0.019411981105804443,-0.024686872959136963,-0.1251876950263977,-0.18154823780059814,0.37706732158249445,0.0001,0.3963511135693968,100000.0,0.43209122469379607,10000.0,0.44558244943618774
T11,10000.0,T11_day308,T11_day309,1,1,0.36019831895828247,0.3616968095302582,0.35699301958084106,0.34929049015045166,0.34368565678596497,0.34816298444326893,0.01,0.28608079232921146,10000.0,0.3649693383868882,1000000.0,0.2860807180404663
T11,10000.0,T11_day308,T11_day338,30,30,-0.06413573026657104,-0.06378865242004395,-0.06539613008499146,-0.18251276016235352,-0.2795265316963196,0.002625453014765522,0.001,2.5423500870258575e-05,100000.0,-0.004013364785448448,100000.0,-0.0056092143058776855
T11,10000.0,T11_day308,T11_day428,120,120,0.16459238529205322,0.16536259651184082,0.1573469042778015,0.11315557360649109,0.07799398899078369,0.20864987126101114,0.001,0.2603593925064657,10000.0,0.16480899190865145,10000.0,0.26004502177238464
T11,10000.0,T11_day308,T11_day790,480,482,-0.0021663010120391846,-0.0011220276355743408,-0.007705599069595337,-0.03302586078643799,-0.03584003448486328,0.10635972115689601,0.001,0.1468254388130118,10000.0,0.1387318117032249,10000.0,0.14682653546333313
T11,10000.0,T11_day309,T11_day310,1,1,-0.1536240577697754,-0.15406131744384766,-0.1992461085319519,-0.21695786714553833,-0.29677116870880127,-0.19931768379587167,100.0,-0.03347349520425463,10000.0,-0.2620558692273933,1000000.0,-0.033472150564193726
T11,10000.0,T11_day309,T11_day339,30,30,-0.04107403755187988,-0.04010897874832153,-0.02950739860534668,-0.04562777280807495,-0.028126180171966553,-0.006800234400748728,0.0001,0.004860975198096362,100000.0,0.01755052779129712,100000.0,0.045983850955963135
T11,10000.0,T11_day309,T11_day428,120,119,0.13543274998664856,0.13723224401474,0.1446276307106018,0.16449236869812012,0.13506385684013367,0.20322312973102657,0.001,0.2603593925064657,10000.0,0.21573746300642488,10000.0,0.26004502177238464
T11,10000.0,T11_day309,T11_day790,480,481,-0.00966140627861023,-0.005306214094161987,-0.01011437177658081,-0.027464210987091064,-0.031094014644622803,0.10682677333564439,0.001,0.1468254388130118,10000.0,0.1392821511622414,10000.0,0.14682653546333313
T11,10000.0,T11_day310,T11_day339,30,29,-0.009280085563659668,-0.008119583129882812,0.002891063690185547,-0.11374169588088989,-0.16786730289459229,0.00010330684406700819,0.0001,0.004860975198096362,100000.0,0.022779829898686765,100000.0,0.045983850955963135
T11,10000.0,T11_day310,T11_day428,120,118,0.16819310188293457,0.16726043820381165,0.1827068030834198,0.16002660989761353,0.1632315218448639,0.2165865650079425,0.001,0.2603593925064657,10000.0,0.214579055298454,10000.0,0.26004502177238464
T11,10000.0,T11_day310,T11_day790,480,480,-0.0012815892696380615,-0.0014553964138031006,0.01919195055961609,0.00580829381942749,0.015806227922439575,0.09392215115794833,0.001,0.1468254388130118,10000.0,0.1450695313555737,10000.0,0.14682653546333313
T11,10000.0,T11_day324,T11_day325,1,1,0.11355248093605042,0.11362385749816895,0.11393782496452332,0.12212955951690674,0.13059690594673157,0.14824520841511468,0.001,0.12920074809337134,100000.0,0.16563301205267505,100000.0,0.15530025959014893
T11,10000.0,T11_day324,T11_day353,30,29,0.34039106965065,0.3365267813205719,0.33736652135849,0.008223235607147217,-0.0023961663246154785,0.3962495893851196,0.001,0.42278633722282716,10000.0,0.4250003825106554,10000.0,0.42278602719306946
T11,10000.0,T11_day324,T11_day444,120,120,0.2209359109401703,0.22004491090774536,0.20890042185783386,0.15098974108695984,0.15731912851333618,0.24481278273734186,0.001,0.31081801439095674,10000.0,0.3053919288115254,10000.0,0.3108173608779907
T11,10000.0,T11_day324,T11_day814,480,490,-0.5801864862442017,-0.5734334588050842,-0.5783290863037109,-0.5793986320495605,-0.5718837976455688,0.08317533327124038,0.0001,0.19284310344434197,100000.0,0.16909452975128936,10000.0,0.20767363905906677
T11,10000.0,T11_day325,T11_day353,30,28,0.12628769874572754,0.11729708313941956,0.11644342541694641,-0.22041559219360352,-0.21128696203231812,0.3873623904491017,0.001,0.42278633722282716,10000.0,0.37955496622860346,10000.0,0.42278602719306946
T11,10000.0,T11_day325,T11_day444,120,119,0.20912852883338928,0.20962345600128174,0.20455116033554077,0.18724128603935242,0.18816077709197998,0.2599429658710933,0.001,0.31081801439095674,10000.0,0.30176307133333735,10000.0,0.3108173608779907
T11,10000.0,T11_day325,T11_day814,480,489,-0.7477530837059021,-0.7477201223373413,-0.753040075302124,-0.720025360584259,-0.7141238451004028,0.08603344528152457,0.0001,0.19284310344434197,100000.0,0.14726221589698651,10000.0,0.20767363905906677
T11,10000.0,T11_day328,T11_day357,30,29,0.1598486304283142,0.15985897183418274,0.15466231107711792,0.08107784390449524,0.08124291896820068,0.15469365039944893,100.0,0.051145503102604406,1000000.0,0.16464214103790192,1000000.0,0.25641801953315735
T11,10000.0,T11_day328,T11_day444,120,116,0.13045650720596313,0.1289570927619934,0.12748023867607117,0.11519777774810791,0.1055707037448883,0.23553849059888998,0.001,0.31081801439095674,10000.0,0.2950350885479719,10000.0,0.3108173608779907
T11,10000.0,T11_day328,T11_day814,480,486,-0.7741551399230957,-0.7735412120819092,-0.7951775193214417,-0.7424827218055725,-0.74823397397995,0.047492608625907484,0.0001,0.19284310344434197,100000.0,0.15412270472040113,10000.0,0.20767363905906677
T11,10000.0,T11_day338,T11_day339,1,1,0.01912623643875122,0.018836140632629395,0.020139306783676147,0.0266665518283844,0.01873326301574707,0.006817543029597917,0.1,0.004860975198096362,100000.0,0.03530840838505034,100000.0,0.045983850955963135
T11,10000.0,T11_day338,T11_day346,7,8,-0.01668339967727661,-0.015507876873016357,-0.010019510984420776,-0.0216713547706604,-0.02028679847717285,0.0767743305990728,0.0001,0.09830927530693878,100000.0,0.06547885497391348,100000.0,0.14957976341247559
T11,10000.0,T11_day338,T11_day367,30,29,-0.021128594875335693,-0.01677832007408142,0.026273369789123535,0.034549593925476074,0.036196500062942505,0.08243373416625527,1.0,-0.002314837315780971,1000000.0,0.03701617724938694,1000000.0,0.21775424480438232
T11,10000.0,T11_day338,T11_day456,120,118,-0.6520475149154663,-0.6477769613265991,-0.9662576913833618,-0.4915847182273865,-0.5656558275222778,-0.35899057536213763,0.001,-0.6922557743486493,10000.0,-1.016377703078621,10000.0,-0.6922569870948792
T11,10000.0,T11_day338,T11_day814,480,476,-0.4207735061645508,-0.4232710599899292,-0.43738049268722534,-0.5049811601638794,-0.5117883086204529,0.10400636503597593,1e-05,0.19284310344434197,100000.0,0.18560949258912712,10000.0,0.20767363905906677
T11,10000.0,T11_day339,T11_day346,7,7,0.06462976336479187,0.06553909182548523,0.06889581680297852,0.07061660289764404,0.07133331894874573,0.07627926465951612,0.001,0.09830927530693878,100000.0,0.0906879191688314,100000.0,0.14957976341247559
T11,10000.0,T11_day339,T11_day367,30,28,0.058821916580200195,0.06282061338424683,0.09428131580352783,0.10045695304870605,0.10207417607307434,0.09434359870150255,100.0,-0.002314837315780971,1000000.0,0.10115370976527455,1000000.0,0.21775424480438232
T11,10000.0,T11_day339,T11_day461,120,122,0.07443472743034363,0.07503700256347656,0.025263100862503052,0.03224080801010132,0.047956377267837524,0.0762854784756542,0.001,-0.06898320637976746,10000.0,0.07045385209826488,100000.0,-0.06898236274719238
T11,10000.0,T11_day339,T11_day814,480,475,-0.6816740036010742,-0.6854190826416016,-0.7115434408187866,-0.6928379535675049,-0.7092332243919373,0.08161155216830696,1e-05,0.19284310344434197,100000.0,0.16001529958231747,10000.0,0.20767363905906677
T11,10000.0,T11_day342,T11_day372,30,30,0.23376023769378662,0.23175173997879028,0.21855837106704712,0.0024502575397491455,-0.023925453424453735,0.3422582838953704,0.001,0.3989192991498798,10000.0,0.3855331464078588,10000.0,0.3989199101924896
T11,10000.0,T11_day342,T11_day461,120,119,0.058611780405044556,0.057951897382736206,-0.09250578284263611,-0.018434375524520874,-0.017749428749084473,-0.1838000456801242,0.0001,-0.06898320637976746,10000.0,-0.02930049153053399,1000000.0,-0.06898236274719238
T11,10000.0,T11_day342,T11_day814,480,472,-0.7914665937423706,-0.7845589518547058,-0.802516758441925,-0.8881399035453796,-0.8850956559181213,0.019921436711075047,0.0001,0.19284310344434197,100000.0,0.13677860613750714,10000.0,0.20767363905906677
T11,10000.0,T11_day346,T11_day353,7,7,0.2828422486782074,0.2751987874507904,0.2660199701786041,0.1099962592124939,0.09980776906013489,0.4238514834358593,0.001,0.42278633722282716,10000.0,0.4053047298770818,10000.0,0.42278602719306946
T11,10000.0,T11_day346,T11_day373,30,27,0.3893817961215973,0.38915860652923584,0.38256266713142395,0.12517720460891724,0.11831045150756836,0.40858169422472856,0.01,0.4265942908668273,10000.0,0.4103359418386471,100000.0,0.4749833345413208
T11,10000.0,T11_day346,T11_day464,120,118,0.13378667831420898,0.1345139741897583,0.12781071662902832,0.11732101440429688,0.11128970980644226,0.23255994950904318,0.0001,0.2760695127009115,10000.0,0.2820221902804343,10000.0,0.27606961131095886
T11,10000.0,T11_day346,T11_day814,480,468,-0.7546836733818054,-0.7555287480354309,-0.7753836512565613,-0.7834885120391846,-0.7886020541191101,0.05695699546842897,0.0001,0.19284310344434197,100000.0,0.13849958024309272,10000.0,0.20767363905906677
T11,10000.0,T11_day353,T11_day359,7,6,0.2376086711883545,0.23207050561904907,0.23086875677108765,0.1903286874294281,0.18544742465019226,0.23195410645548487,100.0,0.3393703346137518,100000.0,0.3349011883120773,100000.0,0.3837153911590576
T11,10000.0,T11_day353,T11_day385,30,32,-0.03830218315124512,-0.041695237159729004,-0.042756587266922,-0.043911248445510864,-0.0425034761428833,-0.042419652364776184,100.0,-0.0224658470791419,100000.0,-0.04124226531146302,1000000.0,-0.020870596170425415
T11,10000.0,T11_day353,T11_day471,120,118,0.22680163383483887,0.2266518473625183,0.23048314452171326,0.22103586792945862,0.18761542439460754,0.3232234163682182,0.001,0.3340617928926931,100000.0,0.34350330687845415,10000.0,0.3709638714790344
T11,10000.0,T11_day353,T11_day841,480,488,-0.005562156438827515,-0.005774259567260742,-0.009179741144180298,0.005415737628936768,-0.12443172931671143,0.2666214203604023,1e-05,0.36107798932144153,10000.0,0.362840554986862,10000.0,0.39634406566619873
T11,10000.0,T11_day357,T11_day359,1,2,0.30506157875061035,0.3049095869064331,0.30581173300743103,0.2878071069717407,0.2847937047481537,0.3064825526214883,100.0,0.3393703346137518,100000.0,0.31539313681533443,1000000.0,0.3837153911590576
T11,10000.0,T11_day357,T11_day364,7,7,0.2500248849391937,0.24932748079299927,0.247702956199646,0.2406512200832367,0.24327334761619568,0.2706362139455197,0.001,0.11847629424733613,100000.0,0.2635258216849876,100000.0,0.21750950813293457
T11,10000.0,T11_day357,T11_day385,30,28,-0.0161321759223938,-0.017270147800445557,-0.01955711841583252,-0.019821584224700928,-0.02132067084312439,-0.019552899291148118,100.0,-0.0224658470791419,100000.0,-0.020706813512327837,1000000.0,-0.020870596170425415
T11,10000.0,T11_day357,T11_day476,120,119,0.3456891179084778,0.34542837738990784,0.3412157893180847,0.21821531653404236,0.17996746301651,0.45641804308148753,0.0001,0.49010416923524697,10000.0,0.4898649683456811,10000.0,0.49010464549064636
T11,10000.0,T11_day357,T11_day841,480,484,0.037887901067733765,0.03516387939453125,0.035114437341690063,-0.10063621401786804,0.036280035972595215,0.19794977173695788,1e-05,0.36107798932144153,10000.0,0.36592465807714786,10000.0,0.39634406566619873
T11,10000.0,T11_day359,T11_day367,7,8,0.22438204288482666,0.22431522607803345,0.22636958956718445,0.21593818068504333,0.21365997195243835,0.22627281123835014,100.0,-0.002314837315780971,1000000.0,0.22894220037418483,1000000.0,0.21775424480438232
T11,10000.0,T11_day359,T11_day391,30,32,-0.05341947078704834,-0.05509448051452637,-0.050459086894989014,-0.035783469676971436,-0.04322803020477295,-0.11458556210485871,0.001,-0.09808808611881359,100000.0,-0.08255253737683033,10000.0,-0.0905529260635376
T11,10000.0,T11_day359,T11_day476,120,117,0.38778454065322876,0.3885296583175659,0.3862334191799164,0.1732770800590515,0.1646212637424469,0.4629637236133832,0.0001,0.49010416923524697,10000.0,0.4912501109792433,10000.0,0.49010464549064636
T11,10000.0,T11_day359,T11_day841,480,482,0.06298765540122986,0.06209161877632141,0.06166499853134155,-0.07604211568832397,-0.06812363862991333,0.22291911637254713,1e-05,0.36107798932144153,10000.0,0.3690477349904359,10000.0,0.39634406566619873
T11,10000.0,T11_day364,T11_day372,7,8,0.22858241200447083,0.22891584038734436,0.19447696208953857,0.004774898290634155,-0.061886370182037354,0.3291534473298026,0.001,0.3989192991498798,10000.0,0.39672409774839995,10000.0,0.3989199101924896
T11,10000.0,T11_day364,T11_day391,30,27,-0.0695728063583374,-0.07040083408355713,-0.06749123334884644,-0.07740670442581177,-0.10369247198104858,-0.11063827168972684,0.001,-0.09808808611881359,100000.0,-0.08330430482419215,10000.0,-0.0905529260635376
T11,10000.0,T11_day364,T11_day484,120,120,-0.03795194625854492,-0.038803160190582275,-0.05418211221694946,-0.11182266473770142,-0.12027281522750854,0.07402254706923667,0.0001,0.11128605010991965,10000.0,0.088115832731537,10000.0,0.11128672957420349
T11,10000.0,T11_day364,T11_day842,480,478,0.12226635217666626,0.12325781583786011,0.07967188954353333,0.008418112993240356,0.03833070397377014,0.3548498818819785,0.0001,0.3861840897422553,100000.0,0.31010032434390616,100000.0,0.37076887488365173
T11,10000.0,T11_day367,T11_day373,7,6,0.3236161172389984,0.321997731924057,0.3444865345954895,0.07569718360900879,0.035874247550964355,0.39717238444759145,0.001,0.4265942908668273,10000.0,0.42325034939737494,100000.0,0.4749833345413208
T11,10000.0,T11_day367,T11_day401,30,34,0.3347512185573578,0.3332914710044861,0.35224732756614685,0.21384266018867493,0.2197473645210266,0.4390994443383954,0.0001,0.48110226851515836,10000.0,0.48437571748428,10000.0,0.4811026155948639
T11,10000.0,T11_day367,T11_day484,120,117,0.010313659906387329,0.010008424520492554,-0.0024605393409729004,-0.0007255077362060547,0.007565498352050781,0.05899418722197902,0.0001,0.11128605010991965,10000.0,0.10429330360872247,10000.0,0.11128672957420349
T11,10000.0,T11_day367,T11_day842,480,475,0.15205779671669006,0.15134543180465698,0.1769500970840454,-0.001885831356048584,-0.040122926235198975,0.30553036640146,0.0001,0.3861840897422553,100000.0,0.367584612099827,100000.0,0.37076887488365173
T11,10000.0,T11_day372,T11_day373,1,1,0.42914190888404846,0.429146945476532,0.4286940097808838,0.4030741751194,0.4000449478626251,0.42817069740186026,10.0,0.4265942908668273,10000.0,0.44406333697944483,100000.0,0.4749833345413208
T11,10000.0,T11_day372,T11_day401,30,29,0.4158480763435364,0.4149625599384308,0.4140394330024719,0.3487001359462738,0.3396337032318115,0.41392711836152485,100.0,0.48110226851515836,10000.0,0.4753233616411891,10000.0,0.4811026155948639
T11,10000.0,T11_day372,T11_day492,120,120,-0.4332551956176758,-0.4335997700691223,-0.48623108863830566,-0.6305735111236572,-0.8447728157043457,-0.3597053607182328,0.001,-0.18674708351422853,10000.0,-0.22893771974755972,100000.0,-0.18674713373184204
T11,10000.0,T11_day372,T11_day842,480,470,0.2201380729675293,0.21968361735343933,0.2094024121761322,0.23579448461532593,0.1697300672531128,0.29251258193860896,0.001,0.3861840897422553,100000.0,0.3618902959116914,100000.0,0.37076887488365173
T11,10000.0,T11_day373,T11_day401,30,28,0.41258665919303894,0.41241052746772766,0.4008951485157013,0.3248315453529358,0.30985593795776367,0.4008601056763138,100.0,0.48110226851515836,10000.0,0.4772562625595115,10000.0,0.4811026155948639
T11,10000.0,T11_day373,T11_day492,120,119,-0.1422417163848877,-0.14237111806869507,-0.18515413999557495,-0.2128201723098755,-0.23693233728408813,-0.09559194605448118,0.001,-0.18674708351422853,10000.0,-0.12034499491087425,100000.0,-0.18674713373184204
T11,10000.0,T11_day373,T11_day842,480,469,0.21731814742088318,0.21679121255874634,0.21328434348106384,0.20278489589691162,0.18280962109565735,0.34741120102717216,0.001,0.3861840897422553,100000.0,0.3736198298022531,100000.0,0.37076887488365173
T11,10000.0,T11_day385,T11_day391,7,6,-0.06574416160583496,-0.05853402614593506,-0.06386268138885498,-0.06500977277755737,-0.05923032760620117,-0.1008757235915837,0.001,-0.09808808611881359,100000.0,-0.06153817618965918,100000.0,-0.0905529260635376
T11,10000.0,T11_day385,T11_day415,30,30,-0.07742738723754883,-0.07906031608581543,-0.08416974544525146,-0.10805642604827881,-0.11539721488952637,-0.08403683815327545,100.0,-0.031783439056217166,100000.0,-0.07447512894069175,1000000.0,-0.02888941764831543
T11,10000.0,T11_day385,T11_day505,120,120,-0.031040549278259277,-0.03382650017738342,-0.1961287260055542,-0.18450725078582764,-0.24575865268707275,-0.19598794459444357,100.0,-0.03179381430220485,10000.0,0.027532896666896955,100000.0,-0.03179401159286499
T11,10000.0,T11_day385,T11_day868,480,483,0.04367196559906006,0.047921180725097656,0.030047178268432617,-0.11072564125061035,-0.1264132857322693,0.2999047325202271,0.0001,0.17814020674934794,10000.0,0.19135725168606177,10000.0,0.17813992500305176
T11,10000.0,T11_day391,T11_day420,30,29,0.14705803990364075,0.1415381133556366,0.12421634793281555,0.045471131801605225,0.042194366455078125,0.27587091546009784,0.001,0.2557014292702057,100000.0,0.15961666006440262,1000000.0,0.322670042514801
T11,10000.0,T11_day391,T11_day511,120,120,0.03420957922935486,0.006616771221160889,0.0010711252689361572,-0.18637770414352417,-0.22537845373153687,0.2952855824410782,1e-06,0.35793038811598366,0.1,0.3579312163799277,0.1,0.3879568874835968
T11,10000.0,T11_day391,T11_day870,480,479,-0.11773037910461426,-0.15656942129135132,-0.18297064304351807,-0.33005666732788086,-0.29985976219177246,0.3254434193101932,1e-05,0.3902358896025695,10000.0,0.38085739785826805,1000.0,0.39023706316947937
T11,10000.0,T11_day401,T11_day409,7,8,0.019591599702835083,0.019056499004364014,0.04025757312774658,-0.12665849924087524,-0.15906256437301636,0.16820529402212153,0.0001,0.15707691083789976,10000.0,0.16676972416518965,100000.0,0.1851118803024292
T11,10000.0,T11_day401,T11_day428,30,27,0.2563023269176483,0.2552684247493744,0.25615230202674866,0.23427999019622803,0.17786383628845215,0.2091076430335963,0.0001,0.2603593925064657,10000.0,0.19365946096397813,10000.0,0.26004502177238464
T11,10000.0,T11_day401,T11_day521,120,120,-0.08481335639953613,-0.0836305320262909,-0.0752125084400177,-0.08946213126182556,-0.10576319694519043,0.09432439310576735,0.0001,0.12403576002936445,10000.0,0.11753148091900334,10000.0,0.12403622269630432
T11,10000.0,T11_day401,T11_day882,480,481,-0.1471232771873474,-0.1400858759880066,-0.13521808385849,-0.21271604299545288,-0.2331702709197998,-0.046566678051980503,0.0001,-0.0122575958502949,10000.0,-0.054188745723024456,10000.0,-0.012256264686584473
T11,10000.0,T11_day405,T11_day406,1,1,0.29325976967811584,0.29309341311454773,0.2828133702278137,0.0830555260181427,0.04660844802856445,0.2827918521924061,100.0,0.30726310151955727,10000.0,0.3162811344955541,100000.0,0.3072623610496521
T11,10000.0,T11_day405,T11_day412,7,7,0.04982462525367737,0.05000290274620056,0.06324195861816406,0.03266829252243042,0.01618361473083496,-0.057023145756505245,0.001,-0.14163304798191795,100000.0,0.041777713311986486,100000.0,-0.08569371700286865
T11,10000.0,T11_day405,T11_day437,30,32,-0.024360060691833496,-0.02333056926727295,-0.024717092514038086,-0.04073214530944824,-0.028410404920578003,-0.020107722161911035,10.0,-0.01704465002484834,1000000.0,-0.02034134874231086,1000000.0,-0.0099143385887146
T11,10000.0,T11_day405,T11_day524,120,119,0.13979458808898926,0.13674324750900269,0.14981287717819214,0.15645161271095276,0.17069172859191895,0.23687121042873022,0.001,0.30606474797803795,10000.0,0.3102409100773183,10000.0,0.3060649037361145
T11,10000.0,T11_day405,T11_day882,480,477,-0.1833629012107849,-0.19441020488739014,-0.2194424867630005,-0.22074562311172485,-0.22618341445922852,-0.08344507911849919,0.0001,-0.0122575958502949,10000.0,-0.062470340145056036,10000.0,-0.012256264686584473
T11,10000.0,T11_day406,T11_day413,7,7,-0.10910475254058838,-0.10578244924545288,-0.09584492444992065,-2.485621452331543,-1.6167595386505127,-0.03384001909356227,0.001,-0.04252322877417092,100000.0,-0.22984212746918142,10000.0,-0.22757625579833984
T11,10000.0,T11_day406,T11_day437,30,31,-0.0425722599029541,-0.04244256019592285,-0.04500633478164673,-0.05278366804122925,-0.02602723240852356,-0.016182518698825366,1.0,-0.01704465002484834,1000000.0,-0.043208145187903224,1000000.0,-0.0099143385887146
T11,10000.0,T11_day406,T11_day527,120,121,0.35483402013778687,0.35597026348114014,0.3574252128601074,0.35015884041786194,0.32764822244644165,0.4628496646308253,0.001,0.5153458886415387,10000.0,0.5141827763443436,10000.0,0.5153458118438721
T11,10000.0,T11_day406,T11_day888,480,482,0.009576618671417236,0.01132228970527649,0.013287365436553955,-0.07437121868133545,-0.11851322650909424,0.2316258314794934,0.0001,0.33253464110390607,10000.0,0.3100077113217407,10000.0,0.332535058259964
T11,10000.0,T11_day409,T11_day415,7,6,-0.014184504747390747,-0.01488158106803894,-0.016076654195785522,-0.033547401428222656,-0.03031092882156372,-0.01620823822589751,100.0,-0.031783439056217166,100000.0,-0.013666778210451425,100000.0,-0.02888941764831543
T11,10000.0,T11_day409,T11_day440,30,31,0.11516714096069336,0.11530742049217224,0.11698731780052185,0.11205592751502991,0.11374184489250183,0.107916909239125,0.0001,0.09821226865271171,100000.0,0.1524152247002462,100000.0,0.12983593344688416
T11,10000.0,T11_day409,T11_day527,120,118,0.3968157470226288,0.39735448360443115,0.40961161255836487,0.3594045341014862,0.35541802644729614,0.4786316201715304,0.001,0.5153458886415387,10000.0,0.5164011429474442,10000.0,0.5153458118438721
T11,10000.0,T11_day409,T11_day888,480,479,-0.019320130348205566,-0.019329965114593506,-0.02482825517654419,-0.07391822338104248,-0.14932143688201904,0.229096767703874,0.0001,0.33253464110390607,10000.0,0.3042421552702043,10000.0,0.332535058259964
T11,10000.0,T11_day412,T11_day413,1,1,-0.14269113540649414,-0.14332348108291626,-0.20836567878723145,-0.2644067406654358,-0.3188486099243164,-0.2063068259934825,10.0,-0.04252322877417092,100000.0,-0.13171134765406312,100000.0,-0.22757625579833984
T11,10000.0,T11_day412,T11_day420,7,8,0.24650678038597107,0.24035274982452393,0.24174073338508606,0.20861464738845825,0.17682185769081116,0.26532969597391565,1.0,0.2557014292702057,100000.0,0.2823923415349287,100000.0,0.322670042514801
T11,10000.0,T11_day412,T11_day441,30,29,0.2803751528263092,0.2832057476043701,0.2711091637611389,0.19156670570373535,0.0760636031627655,0.33151253228293803,0.0001,0.3373855442735855,10000.0,0.33945752512262245,10000.0,0.3373847007751465
T11,10000.0,T11_day412,T11_day535,120,123,0.2940903306007385,0.2949352562427521,0.29645511507987976,0.19493597745895386,0.09558829665184021,0.35432938354178495,0.001,0.3801413302884922,10000.0,0.37313264956577646,10000.0,0.3801414370536804
T11,10000.0,T11_day412,T11_day891,480,479,0.06253841519355774,0.06042250990867615,0.05973157286643982,0.021091997623443604,-0.03416627645492554,0.33226383524763164,0.0001,0.4098273623540565,10000.0,0.40640912924107714,10000.0,0.409828245639801
T11,10000.0,T11_day413,T11_day414,1,1,-0.03284406661987305,-0.03588593006134033,-0.007772237062454224,-0.05609089136123657,-0.10808455944061279,-0.007830277188751011,100.0,-0.0003674332544107983,1000000.0,0.019917128889292035,1000000.0,-2.659130096435547
T11,10000.0,T11_day413,T11_day420,7,7,-0.006433844566345215,-0.014516592025756836,0.001724153757095337,-0.062246233224868774,-0.05958467721939087,0.0035080774476473064,10.0,0.2557014292702057,100000.0,0.30656554039451056,10000.0,0.322670042514801
T11,10000.0,T11_day413,T11_day443,30,30,-0.005443274974822998,-0.0013068318367004395,0.011920630931854248,-0.03337913751602173,-0.04540669918060303,0.15297378534463763,0.0001,0.29233493665622434,10000.0,0.3117782045737238,10000.0,0.2923348546028137
T11,10000.0,T11_day413,T11_day535,120,122,-0.028225868940353394,-0.028955459594726562,-0.015250056982040405,-0.09294646978378296,-0.08699595928192139,0.3283609711080731,1e-05,0.3801413302884922,10000.0,0.36757633352060004,10000.0,0.3801414370536804
T11,10000.0,T11_day413,T11_day891,480,478,-0.061204493045806885,-0.06807208061218262,-0.04055863618850708,-0.04319339990615845,-0.030529946088790894,0.25936122833165737,1e-05,0.4098273623540565,10000.0,0.4073264768915886,10000.0,0.409828245639801
T11,10000.0,T11_day414,T11_day415,1,1,-0.1368359923362732,-0.13851428031921387,-0.07989668846130371,-0.05433011054992676,-0.054940998554229736,-0.08002368623693124,100.0,-0.031783439056217166,100000.0,-0.03751307683538896,100000.0,-0.02888941764831543
T11,10000.0,T11_day414,T11_day420,7,6,-4.904660224914551,-4.967628479003906,0.24204769730567932,0.13829058408737183,0.134654700756073,0.30893925966656793,0.001,0.2557014292702057,100000.0,0.30161501112665523,10000.0,0.322670042514801
T11,10000.0,T11_day414,T11_day444,30,30,-4.55455207824707,-4.5446672439575195,0.257965087890625,0.26430776715278625,0.24788960814476013,0.2838314247152001,0.0001,0.31081801439095674,10000.0,0.30805450551971225,10000.0,0.3108173608779907
T11,10000.0,T11_day414,T11_day535,120,121,-4.054629325866699,-4.022271156311035,0.2914374768733978,0.07192486524581909,0.040453940629959106,0.3642679534688225,0.0001,0.3801413302884922,10000.0,0.3829384632318552,10000.0,0.3801414370536804
T11,10000.0,T11_day414,T11_day891,480,477,-2.5466437339782715,-2.5454370975494385,-0.003958672285079956,-0.05548149347305298,-0.06262606382369995,0.25368234312483473,0.0001,0.4098273623540565,10000.0,0.40591176116297195,10000.0,0.409828245639801
T11,10000.0,T11_day415,T11_day444,30,29,0.07929062843322754,0.08006590604782104,0.0647469162940979,0.07507160305976868,0.08414465188980103,0.23337742860727184,1e-05,0.31081801439095674,10000.0,0.304459822056832,10000.0,0.3108173608779907
T11,10000.0,T11_day415,T11_day535,120,120,0.12432250380516052,0.12193262577056885,0.11241418123245239,-0.06738069653511047,-0.08355194330215454,0.3248931189284365,1e-05,0.3801413302884922,10000.0,0.37247320045412236,10000.0,0.3801414370536804
T11,10000.0,T11_day415,T11_day891,480,476,-0.014120817184448242,-0.015087604522705078,-0.00574985146522522,-0.008071154356002808,-0.023764491081237793,0.296954884127702,1e-05,0.4098273623540565,10000.0,0.4109617735111013,10000.0,0.409828245639801
T11,10000.0,T11_day420,T11_day427,7,7,-0.5870188474655151,-0.5977411270141602,-0.5752122402191162,-0.5224519968032837,-0.5984591245651245,-0.0038503172981711464,0.0001,0.017619582368656017,100000.0,-0.02501231574939733,10000.0,0.024881303310394287
T11,10000.0,T11_day420,T11_day454,30,34,-0.019917279481887817,-0.01497003436088562,-0.02454906702041626,-0.015290617942810059,-0.021786481142044067,-0.015613578494576952,0.001,0.07927639159570216,10000.0,0.07781513800258216,10000.0,0.07927721738815308
T11,10000.0,T11_day420,T11_day539,120,119,0.31352293491363525,0.3048851788043976,0.2818787395954132,0.27306056022644043,0.24217820167541504,0.2961245199454741,1.0,0.1663932991636049,100000.0,0.2915200421584637,1000000.0,-0.06746518611907959
T11,10000.0,T11_day420,T11_day905,480,485,0.006364285945892334,0.0044009387493133545,0.0006270110607147217,0.0011359751224517822,0.001595228910446167,0.010395221165509505,1.0,0.06836752756211212,10000.0,0.04710645818046488,100000.0,0.06836801767349243
T11,10000.0,T11_day427,T11_day428,1,1,0.01639804244041443,0.01874181628227234,0.016008317470550537,0.006374478340148926,-0.022043585777282715,0.19156752954165268,1e-05,0.2603593925064657,10000.0,0.24097118057756667,10000.0,0.26004502177238464
T11,10000.0,T11_day427,T11_day456,30,29,-0.13998645544052124,-0.1412731409072876,-0.29566603899002075,-0.3794558644294739,-0.6700189113616943,-0.6315998438484499,0.0001,-0.6922557743486493,10000.0,-0.8542765920144177,10000.0,-0.6922569870948792
T11,10000.0,T11_day427,T11_day548,120,121,0.04620376229286194,0.046606242656707764,0.04232752323150635,0.026634305715560913,-0.010427296161651611,0.29731554745107874,0.0001,0.4112733591629393,10000.0,0.41821604442312976,10000.0,0.41127368807792664
T11,10000.0,T11_day427,T11_day905,480,478,0.015907704830169678,0.014930576086044312,0.013898372650146484,0.011730402708053589,0.013358861207962036,0.01396049488153095,100.0,0.06836752756211212,10000.0,0.08797219825757707,10000.0,0.06836801767349243
T11,10000.0,T11_day428,T11_day456,30,28,-1.1252377033233643,-1.1283390522003174,-1.790789008140564,-1.0424144268035889,-2.0262742042541504,-0.516157867249832,0.001,-0.6922557743486493,10000.0,-1.4219355809544703,100000.0,-0.6922569870948792
T11,10000.0,T11_day428,T11_day548,120,120,0.3562723398208618,0.35560503602027893,0.32229381799697876,0.08257508277893066,0.16983279585838318,0.40698639354352606,0.001,0.4112733591629393,10000.0,0.39905040347297915,10000.0,0.41127368807792664
T11,10000.0,T11_day428,T11_day905,480,477,0.029113680124282837,0.03354400396347046,0.03179425001144409,0.027299165725708008,0.03444233536720276,0.04059837443789649,0.01,0.06836752756211212,10000.0,0.059198405386472086,100000.0,0.06836801767349243
T11,10000.0,T11_day437,T11_day444,7,7,0.01130637526512146,0.01424989104270935,0.019745171070098877,0.0057031214237213135,0.015004932880401611,0.16429941284361788,0.0001,0.31081801439095674,10000.0,0.3077457980534449,10000.0,0.3108173608779907
T11,10000.0,T11_day437,T11_day468,30,31,0.007506877183914185,0.0072119832038879395,-0.0008185505867004395,-0.010666251182556152,-0.0058713555335998535,0.0677889042790672,0.001,0.15684832550866928,10000.0,0.14143420956738184,10000.0,0.1568482220172882
T11,10000.0,T11_day437,T11_day555,120,118,0.007832974195480347,0.006356924772262573,-0.00249519944190979,-0.18486404418945312,-0.04741823673248291,0.2688576662585622,0.0001,0.4171396157672809,10000.0,0.3263145590842916,10000.0,0.41713884472846985
T11,10000.0,T11_day437,T11_day924,480,487,-0.2804245948791504,-0.27058500051498413,-0.30081361532211304,-0.29959768056869507,-0.3087317943572998,-0.017544911743328617,1e-06,0.17416641939863775,10000.0,0.14857286707635003,10000.0,0.1741684377193451
T11,10000.0,T11_day440,T11_day441,1,1,0.3299466073513031,0.33294913172721863,0.30347740650177,-0.06480899453163147,-0.030867576599121094,0.3251363260611355,0.0001,0.3373855442735855,10000.0,0.35398794519761445,10000.0,0.3373847007751465
T11,10000.0,T11_day440,T11_day469,30,29,0.36291444301605225,0.362461119890213,0.3542361855506897,0.048871010541915894,0.05502524971961975,0.4310456468015394,0.001,0.43743258755038245,10000.0,0.46486863277629675,10000.0,0.437432199716568
T11,10000.0,T11_day440,T11_day560,120,120,-0.19802993535995483,-0.19832485914230347,-0.24723923206329346,-0.25435537099838257,-0.24142444133758545,-0.1247720785440305,0.0001,-0.04686427920642067,10000.0,-0.05170884285080102,10000.0,-0.04686468839645386
T11,10000.0,T11_day440,T11_day924,480,484,-0.5163766741752625,-0.5220548510551453,-0.5473507046699524,-0.4998741149902344,-0.5063071846961975,0.09339684573277607,0.0001,0.17416641939863775,10000.0,0.12980871093588958,10000.0,0.1741684377193451
T11,10000.0,T11_day441,T11_day443,1,2,0.040347158908843994,0.035236507654190063,0.043430596590042114,0.05572482943534851,0.025430142879486084,0.20287798295785592,0.001,0.29233493665622434,10000.0,0.3040256311619323,10000.0,0.2923348546028137
T11,10000.0,T11_day441,T11_day471,30,30,0.3047909438610077,0.30070823431015015,0.3069719076156616,0.2855721414089203,0.25247156620025635,0.318070841351775,0.1,0.3340617928926931,100000.0,0.3218612413349383,1000000.0,0.3709638714790344
T11,10000.0,T11_day441,T11_day560,120,119,-0.18162477016448975,-0.18367820978164673,-0.20246374607086182,-0.3990812301635742,-0.2983372211456299,-0.12177105296215474,0.0001,-0.04686427920642067,10000.0,-0.05424921465000376,10000.0,-0.04686468839645386
T11,10000.0,T11_day441,T11_day924,480,483,-0.3952428102493286,-0.4016197919845581,-0.37725770473480225,-0.4507215619087219,-0.4829830527305603,0.1494581044559843,1e-05,0.17416641939863775,10000.0,0.14506409605251586,10000.0,0.1741684377193451
T11,10000.0,T11_day443,T11_day444,1,1,0.08635944128036499,0.08449944853782654,0.06373128294944763,-0.06213846802711487,-0.3532434105873108,0.24138905079913164,0.001,0.31081801439095674,10000.0,0.2934152442563897,10000.0,0.3108173608779907
T11,10000.0,T11_day443,T11_day471,30,28,0.266996294260025,0.2651194930076599,0.2547100782394409,0.23929643630981445,0.20317280292510986,0.3385648894492808,0.001,0.3340617928926931,100000.0,0.35860857653231076,10000.0,0.3709638714790344
T11,10000.0,T11_day443,T11_day563,120,120,0.09866589307785034,0.09007841348648071,0.08745342493057251,0.07928407192230225,0.12579652667045593,0.3021868917440842,0.0001,0.34741370282521794,10000.0,0.3299577711221932,10000.0,0.3474140465259552
T11,10000.0,T11_day443,T11_day924,480,481,-0.3833087086677551,-0.3845018148422241,-0.3869163393974304,-0.46818047761917114,-0.516198992729187,0.09765551731508948,0.0001,0.17416641939863775,10000.0,0.1460222933188171,10000.0,0.1741684377193451
T11,10000.0,T11_day444,T11_day476,30,32,0.35353177785873413,0.3528316020965576,0.33544987440109253,0.03574135899543762,0.01735866069793701,0.45569364526260836,0.0001,0.49010416923524697,10000.0,0.4874180929745068,10000.0,0.49010464549064636
T11,10000.0,T11_day444,T11_day563,120,119,0.2295813262462616,0.2290152609348297,0.2063978612422943,0.08876627683639526,0.05518460273742676,0.3099329020189745,0.0001,0.34741370282521794,10000.0,0.3360850841706406,10000.0,0.3474140465259552
T11,10000.0,T11_day444,T11_day924,480,480,-0.27197742462158203,-0.2714226245880127,-0.2964882254600525,-0.27001309394836426,-0.2769169211387634,0.12742002276406644,0.0001,0.17416641939863775,10000.0,0.15285512505346632,10000.0,0.1741684377193451
T11,10000.0,T11_day454,T11_day456,1,2,-0.38906610012054443,-0.3929139971733093,-0.7280225157737732,-1.2808613777160645,-0.9168805480003357,-0.7281515738658708,100.0,-0.6922557743486493,10000.0,-0.7767270603398003,1000000.0,-0.6922569870948792
T11,10000.0,T11_day454,T11_day461,7,7,0.050316691398620605,0.05156746506690979,-0.061090052127838135,-0.043100714683532715,-0.06375765800476074,-0.2769194392769865,0.001,-0.06898320637976746,10000.0,-0.03604237209015532,10000.0,-0.06898236274719238
T11,10000.0,T11_day454,T11_day484,30,30,0.013797163963317871,0.014541089534759521,-0.004384219646453857,-0.047990262508392334,-0.011834442615509033,0.07411607806080106,0.0001,0.11128605010991965,10000.0,0.10595686289830109,100000.0,0.11128672957420349
T11,10000.0,T11_day454,T11_day575,120,121,0.18692031502723694,0.18440815806388855,0.18569454550743103,0.1732240617275238,0.15145760774612427,0.30642906904342354,0.001,0.31297285297335625,100000.0,0.3169062582188729,100000.0,0.35337159037590027
T11,10000.0,T11_day454,T11_day938,480,484,-0.568397581577301,-0.5682049989700317,-0.4781164526939392,-0.8315950036048889,-0.8516364097595215,-0.29902967676270664,0.0001,-0.07856387275072574,100000.0,-0.3041530824054426,100000.0,-0.2488536238670349
T11,10000.0,T11_day456,T11_day463,7,7,0.15718701481819153,0.15968266129493713,0.14976483583450317,0.12644550204277039,0.12357369065284729,0.2097575391174734,0.0001,0.20852310763947285,100000.0,0.20960658853288727,100000.0,0.2096041440963745
T11,10000.0,T11_day456,T11_day484,30,28,-0.048806965351104736,-0.04528313875198364,-0.015329629182815552,0.016911238431930542,-0.09328556060791016,0.11137834486350923,0.0001,0.11128605010991965,10000.0,0.10012608925309652,10000.0,0.11128672957420349
T11,10000.0,T11_day456,T11_day576,120,120,0.15079772472381592,0.1461678147315979,0.17161086201667786,0.18500447273254395,0.23369017243385315,0.4575132833458557,0.0001,0.47806006235904247,10000.0,0.46253420305618803,10000.0,0.47805991768836975
T11,10000.0,T11_day456,T11_day938,480,482,-0.5201461911201477,-0.5135464072227478,-0.36297839879989624,-0.6060935258865356,-0.5600235462188721,-0.25840192972934173,0.0001,-0.07856387275072574,100000.0,-0.3047391818054035,10000.0,-0.2488536238670349
T11,10000.0,T11_day461,T11_day463,1,2,0.19316187500953674,0.19209498167037964,0.23600730299949646,0.16829141974449158,0.17517516016960144,0.25160843723128684,0.001,0.20852310763947285,100000.0,0.25569231190058167,100000.0,0.2096041440963745
T11,10000.0,T11_day461,T11_day468,7,7,-0.1525661051273346,-0.14967027306556702,-0.11993047595024109,-0.1356801688671112,-0.1462618112564087,-0.11985731189557336,100.0,0.15684832550866928,10000.0,-0.021843346784122808,10000.0,0.1568482220172882
T11,10000.0,T11_day461,T11_day490,30,29,-0.3897615075111389,-0.39025551080703735,-0.2452717423439026,-0.12434864044189453,-0.1033790111541748,-0.00957578897381478,0.0001,-0.06085435969270814,10000.0,-0.07704869282565319,10000.0,-0.06085306406021118
T11,10000.0,T11_day461,T11_day583,120,122,0.2796955108642578,0.2779654860496521,0.3639774024486542,0.09304800629615784,0.06377837061882019,0.4985870897247165,0.0001,0.5228132791739262,10000.0,0.5244761235103008,10000.0,0.5228129625320435
T11,10000.0,T11_day461,T11_day940,480,479,0.11161494255065918,0.1116132140159607,0.1559605598449707,0.14622560143470764,0.14007630944252014,0.19561627539573062,0.001,0.27717818762512375,10000.0,0.25513598925555847,100000.0,0.2771778404712677
T11,10000.0,T11_day463,T11_day464,1,1,0.16589349508285522,0.16480812430381775,0.16380444169044495,0.15685269236564636,0.15761983394622803,0.23783357537624877,0.001,0.2760695127009115,10000.0,0.22946311366354205,100000.0,0.27606961131095886
T11,10000.0,T11_day463,T11_day469,7,6,0.36875391006469727,0.3692477345466614,0.3646278977394104,0.1477334201335907,0.12139314413070679,0.4115135971922528,0.001,0.43743258755038245,10000.0,0.43553939788885043,10000.0,0.437432199716568
T11,10000.0,T11_day463,T11_day492,30,29,-0.1135970950126648,-0.11286002397537231,-0.1798551082611084,-0.26433372497558594,-0.3381732106208801,-0.1947782764105933,0.001,-0.18674708351422853,10000.0,-0.1479538670015691,100000.0,-0.18674713373184204
T11,10000.0,T11_day463,T11_day583,120,120,0.32552605867385864,0.32692670822143555,0.31838932633399963,0.16195613145828247,0.15320798754692078,0.4954527586204923,0.0001,0.5228132791739262,10000.0,0.526279426014599,10000.0,0.5228129625320435
T11,10000.0,T11_day463,T11_day940,480,477,0.07995125651359558,0.0774151086807251,0.080817312002182,0.10214182734489441,0.09017539024353027,0.08564023676264054,0.1,0.27717818762512375,10000.0,0.29547854504425686,10000.0,0.2771778404712677
T11,10000.0,T11_day464,T11_day471,7,7,0.2589587867259979,0.2584386467933655,0.2581322491168976,0.2140769064426422,0.1963055431842804,0.34461734697206275,0.001,0.3340617928926931,100000.0,0.3531089030625599,100000.0,0.3709638714790344
T11,10000.0,T11_day464,T11_day492,30,28,-0.1407407522201538,-0.1426047682762146,-0.17078334093093872,-0.34879887104034424,-0.2974774241447449,-0.19950997729381925,0.001,-0.18674708351422853,10000.0,-0.1679877056696104,10000.0,-0.18674713373184204
T11,10000.0,T11_day464,T11_day583,120,119,0.26406535506248474,0.2654619514942169,0.25588274002075195,-0.06847184896469116,-0.0003770589828491211,0.47709913507808666,0.0001,0.5228132791739262,10000.0,0.5209731338739934,10000.0,0.5228129625320435
T11,10000.0,T11_day464,T11_day940,480,476,-0.03706899285316467,-0.037000834941864014,-0.04137980937957764,0.009343534708023071,0.010523289442062378,0.01804687619119638,0.01,0.27717818762512375,10000.0,0.22552571866879623,10000.0,0.2771778404712677
T11,10000.0,T11_day468,T11_day469,1,1,0.37331122159957886,0.3741064667701721,0.3958616256713867,0.0709218680858612,0.040998637676239014,0.42255823094980954,0.0001,0.43743258755038245,10000.0,0.4548974632751391,10000.0,0.437432199716568
T11,10000.0,T11_day468,T11_day476,7,8,0.3189721405506134,0.3158130943775177,0.3346688151359558,-0.08254885673522949,-0.08089548349380493,0.44631207420814245,0.0001,0.49010416923524697,10000.0,0.4828236450372295,10000.0,0.49010464549064636
T11,10000.0,T11_day468,T11_day496,30,28,0.15699264407157898,0.15505754947662354,0.1406322717666626,0.11274880170822144,0.08908447623252869,0.14046747109551921,100.0,0.2720747851657624,10000.0,0.13335949397243485,1000000.0,0.2720727324485779
T11,10000.0,T11_day468,T11_day587,120,119,-0.31139183044433594,-0.30326664447784424,-0.25189489126205444,-0.25945526361465454,-0.26047784090042114,-0.16405175041545605,1e-05,-0.1521639439334883,10000.0,-0.1538589222169261,10000.0,-0.1062324047088623
T11,10000.0,T11_day468,T11_day952,480,484,-0.030446767807006836,-0.0369531512260437,-0.01580098271369934,-0.023096174001693726,-0.03882932662963867,0.31067381021356555,0.0001,0.388730994016179,10000.0,0.3877535148140212,10000.0,0.38873180747032166
T11,10000.0,T11_day469,T11_day471,1,2,0.33711469173431396,0.33544832468032837,0.3314739763736725,0.3373606503009796,0.2524479031562805,0.3399176820433927,0.01,0.3340617928926931,100000.0,0.37295245512355235,100000.0,0.3709638714790344
T11,10000.0,T11_day469,T11_day476,7,7,0.40892401337623596,0.4046497941017151,0.40067070722579956,0.38537663221359253,0.3745516240596771,0.47958781756189023,0.0001,0.49010416923524697,10000.0,0.48657708867065536,10000.0,0.49010464549064636
T11,10000.0,T11_day469,T11_day496,30,27,0.20984256267547607,0.20693203806877136,0.19933444261550903,0.20320555567741394,0.1966947317123413,0.19931467582368295,100.0,0.2720747851657624,10000.0,0.2785456936625786,10000.0,0.2720727324485779
T11,10000.0,T11_day469,T11_day589,120,120,0.35970523953437805,0.3575369715690613,0.34700894355773926,0.36992883682250977,0.37243038415908813,0.4985161056810753,1e-05,0.5356580985793,10000.0,0.5427515832783898,10000.0,0.5545543432235718
T11,10000.0,T11_day469,T11_day952,480,483,-0.01651453971862793,-0.02396559715270996,-0.034066617488861084,-0.004037737846374512,-0.056241750717163086,0.31290688920086673,0.0001,0.388730994016179,10000.0,0.37506969345943747,10000.0,0.38873180747032166
T11,10000.0,T11_day471,T11_day503,30,32,0.3360353708267212,0.3349592685699463,0.3394555449485779,0.17282196879386902,0.1441270411014557,0.3796753034380216,0.001,0.38207232691836307,10000.0,0.38147826777564564,10000.0,0.38207241892814636
T11,10000.0,T11_day471,T11_day590,120,119,-0.15141022205352783,-0.15342509746551514,-3.1916799545288086,-5.262150764465332,-3.348094940185547,-3.1291416471297975,1.0,-30.50954975002238,10000.0,-29.64126459259063,10000.0,-30.509510040283203
T11,10000.0,T11_day471,T11_day952,480,481,0.0016870200634002686,0.002031683921813965,0.004461616277694702,-0.04381829500198364,-0.0779305100440979,0.31399130760942406,0.0001,0.388730994016179,10000.0,0.370793045461791,10000.0,0.38873180747032166
T11,10000.0,T11_day476,T11_day484,7,8,0.045903563499450684,0.04688146710395813,0.04324233531951904,0.06515857577323914,0.0797482430934906,0.11167196724902495,0.0001,0.11128605010991965,10000.0,0.13972546371387806,100000.0,0.11128672957420349
T11,10000.0,T11_day476,T11_day505,30,29,-0.019968241453170776,-0.019917160272598267,-0.11730998754501343,-0.2457924783229828,0.005362361669540405,-0.11730423551221036,100.0,-0.03179381430220485,10000.0,-0.039375456485333304,100000.0,-0.03179401159286499
T11,10000.0,T11_day476,T11_day596,120,120,-0.08207842707633972,-0.08274942636489868,-0.09514972567558289,-0.0541854202747345,-0.06614163517951965,0.14122655921907545,0.0001,0.12216682287289488,10000.0,0.11520526486933008,10000.0,0.11160475015640259
T11,10000.0,T11_day476,T11_day952,480,476,0.04587015509605408,0.04393577575683594,0.042661577463150024,0.004304766654968262,0.02894499897956848,0.26915153350037835,0.0001,0.388730994016179,10000.0,0.38175518768291783,10000.0,0.38873180747032166
T11,10000.0,T11_day484,T11_day490,7,6,-0.03188928961753845,-0.03169548511505127,-0.05190175771713257,-0.0794716477394104,-0.06630247831344604,-0.03558097182707837,0.0001,-0.06085435969270814,10000.0,-0.043441632859326396,10000.0,-0.06085306406021118
T11,10000.0,T11_day484,T11_day511,30,27,0.14137813448905945,0.13415390253067017,0.14071226119995117,-0.003605067729949951,0.0023464560508728027,0.3358950249426029,1e-06,0.35793038811598366,0.1,0.35793053076694364,0.1,0.3879568874835968
T11,10000.0,T11_day484,T11_day604,120,120,0.18481504917144775,0.18266764283180237,0.17945849895477295,0.07338500022888184,0.10321018099784851,0.2910056545558142,0.0001,0.3494128045489099,10000.0,0.357064687487742,10000.0,0.3494122326374054
T11,10000.0,T11_day484,T11_day952,480,468,-0.03856080770492554,-0.0452614426612854,-0.04420346021652222,-0.06493335962295532,-0.05867093801498413,0.3308643111356002,0.0001,0.388730994016179,10000.0,0.3702230924961204,10000.0,0.38873180747032166
T11,10000.0,T11_day490,T11_day492,1,2,-0.2695235013961792,-0.2707745432853699,-0.2448408603668213,-0.26743513345718384,-0.3257521986961365,-0.21863236079556891,0.001,-0.18674708351422853,10000.0,-0.1842168985334296,100000.0,-0.18674713373184204
T11,10000.0,T11_day490,T11_day496,7,6,0.25945842266082764,0.2613183259963989,0.2687282860279083,0.2168523669242859,0.19214341044425964,0.2687768379152246,100.0,0.2720747851657624,10000.0,0.31633107163001023,100000.0,0.2720727324485779
T11,10000.0,T11_day490,T11_day521,30,31,-0.012664824724197388,-0.009529054164886475,-0.0024143457412719727,0.01661255955696106,-0.02503708004951477,0.0868180668210547,0.001,0.12403576002936445,10000.0,0.0802640840492459,100000.0,0.12403622269630432
T11,10000.0,T11_day490,T11_day610,120,120,0.16913452744483948,0.16687718033790588,0.16178494691848755,0.20302948355674744,0.1971840262413025,0.10000529138589498,0.0001,0.22969969987345884,10000.0,0.24899051364769664,10000.0,0.22970104217529297
T11,10000.0,T11_day490,T11_day987,480,497,-0.07497197389602661,-0.07467687129974365,-0.0711866021156311,-0.11682409048080444,-0.15542006492614746,-0.03157179100577184,0.0001,0.03520808646250079,100000.0,-0.06182791841980839,10000.0,-0.04997250437736511
T11,10000.0,T11_day492,T11_day521,30,29,-0.035818517208099365,-0.03197360038757324,-0.023292601108551025,-0.028316080570220947,-0.061166584491729736,0.007616754814312898,0.001,0.12403576002936445,10000.0,0.07564891553324166,100000.0,0.12403622269630432
T11,10000.0,T11_day492,T11_day610,120,118,0.022479921579360962,0.0334322452545166,0.026512324810028076,-0.008277952671051025,0.008890479803085327,0.1428025818615436,0.0001,0.22969969987345884,10000.0,0.2189854046232415,10000.0,0.22970104217529297
T11,10000.0,T11_day492,T11_day987,480,495,-0.11758577823638916,-0.11615830659866333,-0.12906402349472046,-0.1794711947441101,-0.3321213126182556,-0.054377747015745714,0.0001,0.03520808646250079,100000.0,-0.0248818807874559,100000.0,-0.04997250437736511
T11,10000.0,T11_day496,T11_day503,7,7,0.3836635947227478,0.38348379731178284,0.3911345303058624,0.20369884371757507,0.20169025659561157,0.42455404599672303,0.001,0.38207232691836307,10000.0,0.39624469160436,10000.0,0.38207241892814636
T11,10000.0,T11_day496,T11_day527,30,31,0.4016185998916626,0.40347224473953247,0.40608909726142883,0.21495142579078674,0.23116397857666016,0.46479656680283177,0.0001,0.5153458886415387,10000.0,0.5113147344759654,10000.0,0.5153458118438721
T11,10000.0,T11_day496,T11_day617,120,121,0.29366424679756165,0.2918853759765625,0.28206923604011536,0.10598155856132507,0.06806600093841553,0.36221770566732436,0.0001,0.411856270049923,10000.0,0.4186743481478797,10000.0,0.41185662150382996
T11,10000.0,T11_day496,T11_day987,480,491,-0.13641595840454102,-0.13609158992767334,-0.15309149026870728,-0.19286078214645386,-0.17733848094940186,-0.08139976722087261,0.0001,0.03520808646250079,100000.0,-0.04640410277084428,100000.0,-0.04997250437736511
T11,10000.0,T11_day503,T11_day504,1,1,0.3838958144187927,0.3821354806423187,0.38061198592185974,0.383346289396286,0.38260579109191895,0.38060761991145114,100.0,0.3729568177933386,10000.0,0.38492214406948644,1000000.0,0.37295618653297424
T11,10000.0,T11_day503,T11_day511,7,8,-0.04014512896537781,-0.033569544553756714,0.2058616280555725,0.19509273767471313,0.1947716474533081,0.37225581328237195,1e-06,0.35793038811598366,0.1,0.35793044532923546,0.1,0.3879568874835968
T11,10000.0,T11_day503,T11_day535,30,32,0.19842135906219482,0.20223301649093628,0.3613998293876648,0.3412407636642456,0.3314920961856842,0.39267214926628907,0.001,0.3801413302884922,10000.0,0.3879708847647203,10000.0,0.3801414370536804
T11,10000.0,T11_day503,T11_day623,120,120,0.1822448968887329,0.1831245720386505,0.17469605803489685,0.1850343942642212,0.13632813096046448,0.25539512543782966,0.001,0.2423696100601775,10000.0,0.24080909864574312,10000.0,0.2423679530620575
T11,10000.0,T11_day503,T11_day987,480,484,-0.19440823793411255,-0.19095087051391602,-0.10444849729537964,-0.24787992238998413,-0.2757986783981323,0.011882118312465606,0.0001,0.03520808646250079,100000.0,0.0017092200605418606,100000.0,-0.04997250437736511
T11,10000.0,T11_day504,T11_day505,1,1,0.1641758680343628,0.16438156366348267,0.11787742376327515,0.014862686395645142,-0.04634749889373779,0.11784920320210412,100.0,-0.03179381430220485,10000.0,0.08671127511903048,100000.0,-0.03179401159286499
T11,10000.0,T11_day504,T11_day511,7,7,0.25301602482795715,0.2504083812236786,0.256981760263443,0.15595293045043945,0.17666760087013245,0.36393592666852204,1e-06,0.35793038811598366,0.1,0.35793075986517764,0.1,0.3879568874835968
T11,10000.0,T11_day504,T11_day535,30,31,0.3428407311439514,0.3430841565132141,0.3480437994003296,0.33356770873069763,0.31065836548805237,0.3851275216015199,0.001,0.3801413302884922,10000.0,0.38485160057194645,10000.0,0.3801414370536804
T11,10000.0,T11_day504,T11_day623,120,119,0.1846226453781128,0.18413737416267395,0.19459104537963867,0.21531572937965393,0.1747114062309265,0.24366289522937928,0.001,0.2423696100601775,10000.0,0.24351598538669195,10000.0,0.2423679530620575
T11,10000.0,T11_day504,T11_day987,480,483,-0.07595598697662354,-0.07684123516082764,-0.11263233423233032,-0.15117502212524414,-0.14064663648605347,-0.018722659317450097,0.0001,0.03520808646250079,100000.0,-0.006084978095594384,100000.0,-0.04997250437736511
T11,10000.0,T11_day505,T11_day511,7,6,0.23130854964256287,0.23323923349380493,0.22404897212982178,0.25630030035972595,0.22834992408752441,0.37391482879126575,1e-06,0.35793038811598366,0.1,0.3579307164951775,0.1,0.3879568874835968
T11,10000.0,T11_day505,T11_day535,30,30,0.3207257390022278,0.3223739266395569,0.32452908158302307,0.31976208090782166,0.310298353433609,0.3819997724845184,0.001,0.3801413302884922,10000.0,0.37987574816083314,10000.0,0.3801414370536804
T11,10000.0,T11_day505,T11_day623,120,118,0.15798437595367432,0.15513372421264648,0.14664223790168762,0.1965031921863556,0.038826167583465576,0.21598004962540873,0.001,0.2423696100601775,10000.0,0.21189617413833983,10000.0,0.2423679530620575
T11,10000.0,T11_day505,T11_day987,480,482,-0.25399237871170044,-0.25472110509872437,-0.32149767875671387,-0.34835928678512573,-0.6542053818702698,-0.02597565329592577,0.0001,0.03520808646250079,100000.0,-0.008726550999341387,100000.0,-0.04997250437736511
T11,10000.0,T11_day511,T11_day539,30,28,0.2086067795753479,0.2112829089164734,0.15072223544120789,-0.04987967014312744,-0.10345906019210815,0.19459717656273995,0.1,0.1663932991636049,100000.0,0.153714604889025,1000000.0,-0.06746518611907959
T11,10000.0,T11_day511,T11_day630,120,119,-0.020239979028701782,-0.021499454975128174,-0.040649235248565674,0.027565360069274902,0.05477669835090637,0.2963317274578054,1e-05,0.3212450061085607,10000.0,0.3314775431262707,10000.0,0.3272106647491455
T11,10000.0,T11_day511,T11_day987,480,476,-0.16871178150177002,-0.16899240016937256,-0.19146710634231567,-0.2671129107475281,-0.384113609790802,-0.01794057999450327,0.0001,0.03520808646250079,100000.0,0.03067713488969076,100000.0,-0.04997250437736511
T11,10000.0,T11_day521,T11_day527,7,6,0.4207284450531006,0.42040273547172546,0.4369250535964966,0.3836665749549866,0.3813655376434326,0.4758988568814022,0.001,0.5153458886415387,10000.0,0.5121876987656869,10000.0,0.5153458118438721
T11,10000.0,T11_day521,T11_day552,30,31,-0.3218574523925781,-0.3248891234397888,-0.3325546979904175,-0.280426561832428,-0.504493772983551,-0.11511371331405529,0.0001,-0.019901610589958985,10000.0,-0.047156021828575034,10000.0,-0.019900858402252197
T11,10000.0,T11_day521,T11_day639,120,118,0.3032534718513489,0.29669642448425293,0.31013497710227966,0.2724965214729309,0.26553502678871155,0.42730632132232715,0.001,0.4481213918316623,10000.0,0.44251324503864664,10000.0,0.44812265038490295
T11,10000.0,T11_day521,T11_day1001,480,480,0.017555803060531616,0.01672828197479248,-0.0013162195682525635,-0.0028670430183410645,-0.05517745018005371,0.32250178249277817,0.0001,0.3776571885160457,10000.0,0.34685103311698323,10000.0,0.3776566684246063
T11,10000.0,T11_day524,T11_day555,30,31,0.2475166916847229,0.2465868890285492,0.2363286018371582,-0.17158690094947815,-0.22713303565979004,0.37970223192853714,0.001,0.4171396157672809,10000.0,0.3069552225672179,100000.0,0.41713884472846985
T11,10000.0,T11_day524,T11_day643,120,119,0.21027973294258118,0.2104455530643463,0.2087191939353943,0.12342119216918945,0.13794192671775818,0.3460137384979666,0.0001,0.33249568519250333,10000.0,0.33787834366233116,10000.0,0.33249571919441223
T11,10000.0,T11_day524,T11_day1001,480,477,-0.01904851198196411,-0.01947462558746338,-0.03571981191635132,-0.02553221583366394,-0.0552079975605011,0.2878765222484685,0.0001,0.3776571885160457,10000.0,0.33848067484157646,10000.0,0.3776566684246063
T11,10000.0,T11_day527,T11_day535,7,8,0.2800064980983734,0.27984902262687683,0.28197991847991943,0.29709336161613464,0.28033092617988586,0.3729656015872357,0.001,0.3801413302884922,10000.0,0.3714707670185793,10000.0,0.3801414370536804
T11,10000.0,T11_day527,T11_day555,30,28,0.25155168771743774,0.2522018849849701,0.19327643513679504,0.14933079481124878,-0.9890822172164917,0.2835981419420529,0.001,0.4171396157672809,10000.0,0.297584618993486,10000.0,0.41713884472846985
T11,10000.0,T11_day527,T11_day646,120,119,-0.036556750535964966,-0.039470285177230835,-0.05841001868247986,-0.13708293437957764,-0.7781760096549988,0.04654746101639612,0.0001,0.0923481023323009,10000.0,0.04734666089412942,100000.0,0.09234854578971863
T11,10000.0,T11_day527,T11_day1001,480,474,-0.002320617437362671,-0.0022966861724853516,-0.019548475742340088,-0.00486794114112854,0.007891684770584106,0.33789574144443735,0.0001,0.3776571885160457,10000.0,0.3551513165208112,10000.0,0.3776566684246063
T11,10000.0,T11_day535,T11_day563,30,28,0.2997928857803345,0.29969823360443115,0.29356813430786133,0.296921968460083,0.29894566535949707,0.33522546783702156,0.0001,0.34741370282521794,10000.0,0.3442302976467763,10000.0,0.3474140465259552
T11,10000.0,T11_day535,T11_day658,120,123,-0.035545796155929565,-0.03529149293899536,-0.051530539989471436,-0.059459388256073,0.007033854722976685,0.03585366289013786,0.0001,0.07433442677045149,10000.0,0.07290720208714369,10000.0,0.07433560490608215
T11,10000.0,T11_day535,T11_day1017,480,482,0.04408377408981323,0.03858080506324768,-0.02831423282623291,0.08992308378219604,0.08076721429824829,0.2033896724686905,1e-06,0.2341107487777469,0.1,0.23411245024973282,0.1,0.35920295119285583
T11,10000.0,T11_day538,T11_day539,1,1,0.3732359707355499,0.3721338212490082,0.34975317120552063,0.29845839738845825,0.24697980284690857,0.34972774017667263,100.0,0.1663932991636049,100000.0,0.33954983438345204,1000000.0,-0.06746518611907959
T11,10000.0,T11_day538,T11_day563,30,25,0.2838323712348938,0.28472280502319336,0.28413504362106323,0.28941765427589417,0.2960383892059326,0.3308996152384325,0.0001,0.34741370282521794,10000.0,0.33896248992646594,10000.0,0.3474140465259552
T11,10000.0,T11_day538,T11_day658,120,120,-0.027873694896697998,-0.02651500701904297,-0.03466212749481201,-0.05394619703292847,-0.007417559623718262,0.044390807407290456,1e-05,0.07433442677045149,10000.0,0.06626062389313825,10000.0,0.07433560490608215
T11,10000.0,T11_day538,T11_day1017,480,479,-0.03330877423286438,-0.04063898324966431,-0.10812979936599731,-0.06025412678718567,-0.08657339215278625,0.24215870528846106,1e-06,0.2341107487777469,0.1,0.2341104203607538,0.1,0.35920295119285583
T11,10000.0,T11_day539,T11_day563,30,24,0.24764373898506165,0.24860331416130066,0.2582005262374878,0.15329325199127197,0.1370922029018402,0.3306214180152239,0.0001,0.34741370282521794,10000.0,0.3407096544603311,10000.0,0.3474140465259552
T11,10000.0,T11_day539,T11_day658,120,119,0.018059760332107544,0.018359988927841187,0.02185007929801941,-0.015620708465576172,-0.03163415193557739,0.0592386197315069,0.0001,0.07433442677045149,10000.0,0.06875808432856739,10000.0,0.07433560490608215
T11,10000.0,T11_day539,T11_day1017,480,478,0.05508255958557129,0.050597965717315674,0.022073566913604736,-0.011364668607711792,0.02952808141708374,0.28031887946456674,1e-06,0.2341107487777469,0.1,0.23411131907185112,0.1,0.35920295119285583
T11,10000.0,T11_day548,T11_day555,7,7,-4.160992622375488,-4.164525032043457,0.35860636830329895,0.24164265394210815,0.1957734227180481,0.4194678356630743,0.001,0.4171396157672809,10000.0,0.41924679912183765,100000.0,0.41713884472846985
T11,10000.0,T11_day548,T11_day576,30,28,0.2342793047428131,0.23544687032699585,0.3987326920032501,0.36680322885513306,0.3725304901599884,0.46558880702346667,0.001,0.47806006235904247,10000.0,0.4803588795523795,10000.0,0.47805991768836975
T11,10000.0,T11_day548,T11_day665,120,117,0.024543434381484985,0.026201695203781128,0.11384782195091248,0.10054495930671692,0.04928889870643616,0.2532404721106887,0.0001,0.35950753187855977,10000.0,0.3536650874890456,10000.0,0.3450687825679779
T11,10000.0,T11_day548,T11_day1025,480,477,-0.013692587614059448,-0.008387476205825806,0.07739594578742981,0.19170460104942322,0.20239245891571045,0.3309815609438507,1e-05,0.4150705176470477,10000.0,0.41690740044625485,10000.0,0.4150710105895996
T11,10000.0,T11_day552,T11_day560,7,8,-0.16942858695983887,-0.16636240482330322,-0.1929020881652832,-0.16461294889450073,-0.15060102939605713,-0.13393464820241163,0.0001,-0.04686427920642067,10000.0,-0.12098186384941456,100000.0,-0.04686468839645386
T11,10000.0,T11_day552,T11_day583,30,31,0.40641576051712036,0.4034428000450134,0.40578383207321167,0.37569496035575867,0.3933679461479187,0.509595515338648,0.0001,0.5228132791739262,10000.0,0.5222970883948872,10000.0,0.5228129625320435
T11,10000.0,T11_day552,T11_day672,120,120,0.07128304243087769,0.07163101434707642,0.06736403703689575,0.03038838505744934,-0.0063509345054626465,0.14703552881721238,0.0001,0.20736997572476618,10000.0,0.19542874184732778,10000.0,0.20736941695213318
T11,10000.0,T11_day552,T11_day1025,480,473,0.16085511445999146,0.16256844997406006,0.16654232144355774,0.15724027156829834,0.17158713936805725,0.3523559170268562,0.0001,0.4150705176470477,10000.0,0.41748545931551767,10000.0,0.4150710105895996
T11,10000.0,T11_day555,T11_day563,7,8,0.32263919711112976,0.32561323046684265,0.3291071951389313,0.3489989638328552,0.35033440589904785,0.34709358184467803,0.0001,0.34741370282521794,10000.0,0.3578723326163878,100000.0,0.3474140465259552
T11,10000.0,T11_day555,T11_day583,30,28,0.46107375621795654,0.460923969745636,0.46686145663261414,0.478665828704834,0.4735824167728424,0.5041594640432496,0.001,0.5228132791739262,10000.0,0.5261030232609227,100000.0,0.5228129625320435
T11,10000.0,T11_day555,T11_day675,120,120,-0.5172011852264404,-0.5178257822990417,-0.5760249495506287,-0.5907517671585083,-0.6142821907997131,-0.5429892752729841,0.0001,-0.24789972702614704,10000.0,-0.32980452018898043,10000.0,-0.24789929389953613
T11,10000.0,T11_day555,T11_day1025,480,470,0.014341384172439575,0.007145106792449951,0.018396466970443726,0.1556529402732849,0.1448596715927124,0.38075244676662345,0.0001,0.4150705176470477,10000.0,0.4082429001405537,10000.0,0.4150710105895996
T11,10000.0,T11_day560,T11_day590,30,30,-0.6568464040756226,-0.6609170436859131,-9.330350875854492,-13.241921424865723,-11.508323669433594,-9.25446846972206,1.0,-30.50954975002238,10000.0,-10.51020665652948,100000.0,-30.509510040283203
T11,10000.0,T11_day560,T11_day681,120,121,0.29444292187690735,0.2943759858608246,0.2921800911426544,0.262079656124115,0.2533549666404724,0.34319809586138633,0.001,0.43821450758196295,10000.0,0.44285553064625727,10000.0,0.4382138252258301
T11,10000.0,T11_day560,T11_day1025,480,465,0.10061755776405334,0.1010335385799408,0.09706750512123108,0.11342185735702515,0.192447692155838,0.37535612287392006,1e-05,0.4150705176470477,10000.0,0.4115795363252832,10000.0,0.4150710105895996
T11,10000.0,T11_day563,T11_day590,30,27,-0.5288527011871338,-0.5338563919067383,-27.137939453125,-43.384971618652344,-89.96268463134766,-27.17503486511982,1.0,-30.50954975002238,10000.0,-28.384257492953594,100000.0,-30.509510040283203
T11,10000.0,T11_day563,T11_day681,120,118,0.3036509156227112,0.30269482731819153,0.3017321527004242,0.2787184417247772,0.2711433470249176,0.3008489298973885,10.0,0.43821450758196295,10000.0,0.4382430530332323,10000.0,0.4382138252258301
T11,10000.0,T11_day563,T11_day1057,480,494,-0.15742039680480957,-0.1530395746231079,-0.09800779819488525,0.07332071661949158,0.010791420936584473,0.40986912661217306,1e-05,0.47383143526068655,10000.0,0.4551280357832306,1000.0,0.47383126616477966
T11,10000.0,T11_day575,T11_day576,1,1,0.37916818261146545,0.3728841245174408,0.3745774030685425,0.16045519709587097,0.10811877250671387,0.452762078871147,0.0001,0.47806006235904247,10000.0,0.4662348636746697,10000.0,0.47805991768836975
T11,10000.0,T11_day575,T11_day583,7,8,0.4344237446784973,0.43437591195106506,0.43671566247940063,0.20241746306419373,0.1598840057849884,0.5065478829501613,0.0001,0.5228132791739262,10000.0,0.5254357664543905,10000.0,0.5228129625320435
T11,10000.0,T11_day575,T11_day604,30,29,0.2879023253917694,0.28064200282096863,0.28522989153862,0.17903393507003784,0.12704193592071533,0.3308390729178293,0.0001,0.3494128045489099,10000.0,0.3502920068941158,100000.0,0.3494122326374054
T11,10000.0,T11_day575,T11_day692,120,117,0.31493040919303894,0.3131393790245056,0.3248710036277771,0.10708573460578918,0.13250303268432617,0.41640193285228033,0.0001,0.44278092403157426,10000.0,0.4530099166296717,10000.0,0.4427807331085205
T11,10000.0,T11_day575,T11_day1057,480,482,-0.000827103853225708,-0.0006631910800933838,0.004325121641159058,-0.030462443828582764,-0.061882972717285156,0.41818312625139764,0.0001,0.47383143526068655,10000.0,0.45982193061711196,10000.0,0.47383126616477966
T11,10000.0,T11_day576,T11_day583,7,7,0.4942139685153961,0.4916510283946991,0.48919346928596497,0.47713860869407654,0.47399818897247314,0.48919886799477375,100.0,0.5228132791739262,10000.0,0.521078498925075,100000.0,0.5228129625320435
T11,10000.0,T11_day576,T11_day604,30,28,0.2720074951648712,0.2723216712474823,0.26722070574760437,0.2648802101612091,0.2676309645175934,0.31511198328585127,0.0001,0.3494128045489099,10000.0,0.36376081928709264,10000.0,0.3494122326374054
T11,10000.0,T11_day576,T11_day692,120,116,0.2432299256324768,0.24278661608695984,0.2611373960971832,0.3288612365722656,0.29049152135849,0.43033188640163256,0.0001,0.44278092403157426,10000.0,0.4465875845803112,10000.0,0.4427807331085205
T11,10000.0,T11_day576,T11_day1057,480,481,-0.22805756330490112,-0.23136886954307556,-0.12770912051200867,-0.04420191049575806,0.12176185846328735,0.4139273066291678,1e-05,0.47383143526068655,10000.0,0.4579797239364235,10000.0,0.47383126616477966
T11,10000.0,T11_day583,T11_day590,7,7,-0.006226897239685059,-0.006961256265640259,-21.15277862548828,-49.84369659423828,-128.33226013183594,-21.152314002960193,100.0,-30.50954975002238,10000.0,-21.211842948039873,100000.0,-30.509510040283203
T11,10000.0,T11_day583,T11_day610,30,27,0.10607030987739563,0.10954725742340088,0.10006248950958252,0.0225999653339386,0.010202586650848389,0.11385023640387831,0.0001,0.22969969987345884,10000.0,0.2202155346638065,10000.0,0.22970104217529297
T11,10000.0,T11_day583,T11_day702,120,119,-0.44815748929977417,-0.4438682198524475,-0.4511011838912964,-0.5633289813995361,-0.825632631778717,-0.031016482743934426,0.0001,0.028995202015388022,100000.0,-0.050094515191098754,10000.0,-0.00408405065536499
T11,10000.0,T11_day583,T11_day1064,480,481,-0.06767842173576355,-0.06473729014396667,-0.06097021698951721,-0.03499844670295715,-0.060624271631240845,0.3285535375108818,0.0001,0.44512015415395445,10000.0,0.43284264507124365,10000.0,0.4451197385787964
T11,10000.0,T11_day587,T11_day589,1,2,0.4588603377342224,0.45911699533462524,0.4595663845539093,0.3976261019706726,0.38444826006889343,0.5132718839549515,0.0001,0.5356580985793,10000.0,0.5356617163950647,10000.0,0.5545543432235718
T11,10000.0,T11_day587,T11_day617,30,30,0.2907842993736267,0.2956601083278656,0.2924058437347412,0.2030748426914215,0.18698200583457947,0.3487165559666595,0.1,0.411856270049923,10000.0,0.42508224560755503,10000.0,0.41185662150382996
T11,10000.0,T11_day587,T11_day706,120,119,-0.17202061414718628,-0.1610317826271057,-0.17161166667938232,-0.20719164609909058,-0.2537961006164551,-0.028428077867994672,0.0001,-0.0159250679906367,10000.0,-0.08214274252618992,100000.0,-0.0159243643283844
T11,10000.0,T11_day587,T11_day1064,480,477,-0.08158662915229797,-0.07883244752883911,-0.07620468735694885,0.02840977907180786,0.02307233214378357,0.3638793979868172,0.0001,0.44512015415395445,10000.0,0.42967396109844935,10000.0,0.4451197385787964
T11,10000.0,T11_day589,T11_day590,1,1,0.020525962114334106,0.018494516611099243,-62.063053131103516,-223.3538055419922,-125.22474670410156,-61.81995635976001,1.0,-30.50954975002238,10000.0,-50.288286232233254,100000.0,-30.509510040283203
T11,10000.0,T11_day589,T11_day596,7,7,0.17789235711097717,0.17700383067131042,0.1708947718143463,0.15660154819488525,-0.28350692987442017,0.11858467397307038,0.0001,0.12216682287289488,10000.0,0.10904986519068666,10000.0,0.11160475015640259
T11,10000.0,T11_day589,T11_day617,30,28,0.3265417814254761,0.33084967732429504,0.3272416889667511,0.3124423325061798,0.2582703232765198,0.3931668992375128,0.0001,0.411856270049923,10000.0,0.4205635091210633,10000.0,0.41185662150382996
T11,10000.0,T11_day589,T11_day709,120,120,0.2093256413936615,0.20907077193260193,0.20662206411361694,0.18005526065826416,0.16908687353134155,0.40495135325865095,0.0001,0.4547661935554427,10000.0,0.4327250766419383,10000.0,0.45476606488227844
T11,10000.0,T11_day589,T11_day1064,480,475,-0.015124797821044922,-0.013569146394729614,-0.018868237733840942,0.08085229992866516,0.026047199964523315,0.32947572660076885,0.0001,0.44512015415395445,10000.0,0.4338539085363509,10000.0,0.4451197385787964
T11,10000.0,T11_day590,T11_day596,7,6,-8.335315704345703,-8.347034454345703,-0.02483236789703369,-0.05908757448196411,-0.48483002185821533,0.13376504325758615,1e-05,0.12216682287289488,10000.0,0.1153341283088336,10000.0,0.11160475015640259
T11,10000.0,T11_day590,T11_day617,30,27,-0.6997871994972229,-0.7126891016960144,0.261542946100235,0.1742655634880066,0.16015800833702087,0.380308652884265,0.0001,0.411856270049923,10000.0,0.4250794885109913,10000.0,0.41185662150382996
T11,10000.0,T11_day590,T11_day709,120,119,-1.245323657989502,-1.209525227546692,0.1467607617378235,0.16762509942054749,0.1730726957321167,0.3629409012612482,0.0001,0.4547661935554427,10000.0,0.44035172809640705,10000.0,0.45476606488227844
T11,10000.0,T11_day590,T11_day1064,480,474,-5.045235633850098,-5.099579334259033,-0.12228137254714966,-0.014718741178512573,-0.0375821590423584,0.3265647230087219,0.0001,0.44512015415395445,10000.0,0.42793464897499706,10000.0,0.4451197385787964
T11,10000.0,T11_day596,T11_day602,7,6,-0.23048686981201172,-0.23014569282531738,-0.25284987688064575,-0.17260843515396118,-0.910121500492096,-0.25299346250026356,100.0,-0.14923473471573245,10000.0,-0.3849547867757168,100000.0,-0.20699793100357056
T11,10000.0,T11_day596,T11_day623,30,27,0.17882424592971802,0.17892393469810486,0.16879427433013916,0.22778955101966858,0.22242051362991333,0.21458170954744749,0.001,0.2423696100601775,10000.0,0.19647229325595122,10000.0,0.2423679530620575
T11,10000.0,T11_day596,T11_day715,120,119,-0.14213061332702637,-0.13794875144958496,-0.13885360956192017,-0.1738886833190918,-0.1783962845802307,-0.0032996455104215006,0.001,0.05938495603946331,100000.0,0.002603430085634184,100000.0,0.07546389102935791
T11,10000.0,T11_day596,T11_day1064,480,468,0.00901821255683899,0.012434929609298706,0.015165477991104126,0.11241394281387329,0.08814355731010437,0.38823309657067206,0.0001,0.44512015415395445,10000.0,0.43712445040227055,10000.0,0.4451197385787964
T11,10000.0,T11_day602,T11_day604,1,2,0.2519950866699219,0.24514731764793396,0.24025511741638184,0.11890983581542969,0.06637638807296753,0.32336150633915367,0.0001,0.3494128045489099,10000.0,0.3545223112534931,10000.0,0.3494122326374054
T11,10000.0,T11_day602,T11_day610,7,8,0.1480046808719635,0.14654949307441711,0.1309245228767395,-0.1256117820739746,-0.109344482421875,0.19253296109024903,0.0001,0.22969969987345884,10000.0,0.22380562449297625,10000.0,0.22970104217529297
T11,10000.0,T11_day602,T11_day632,30,30,0.06589275598526001,0.061322540044784546,0.049348652362823486,0.05271404981613159,0.03448063135147095,0.04983505867739885,100.0,0.06323522869375053,10000.0,0.043483220087322916,10000.0,0.06323647499084473
T11,10000.0,T11_day602,T11_day727,120,125,0.22709989547729492,0.22706246376037598,0.22229251265525818,0.22599640488624573,0.2229655683040619,0.27423238913419246,0.0001,0.35720212749866226,10000.0,0.3390395922400684,10000.0,0.35720184445381165
T11,10000.0,T11_day602,T11_day1092,480,490,0.01701095700263977,0.02067449688911438,0.01528438925743103,0.0259208083152771,0.0441536009311676,0.3687175752285724,0.0001,0.454443672086747,10000.0,0.4422724283384594,10000.0,0.45444318652153015
T11,10000.0,T11_day604,T11_day610,7,6,0.06707030534744263,0.07824325561523438,0.07138773798942566,0.04941996932029724,0.03239881992340088,0.18880255887493752,0.0001,0.22969969987345884,10000.0,0.2175169624631365,10000.0,0.22970104217529297
T11,10000.0,T11_day604,T11_day632,30,28,0.27328065037727356,0.26502203941345215,0.2632331848144531,0.1633991301059723,0.1579868197441101,0.262721775587165,100.0,0.06323522869375053,10000.0,0.24235630617721288,100000.0,0.06323647499084473
T11,10000.0,T11_day604,T11_day727,120,123,0.24513274431228638,0.24755311012268066,0.24457579851150513,0.23092204332351685,0.17735278606414795,0.2929469885752529,0.0001,0.35720212749866226,10000.0,0.34125240567336745,100000.0,0.35720184445381165
T11,10000.0,T11_day604,T11_day1092,480,488,0.09955930709838867,0.1002950668334961,0.09768104553222656,0.14908137917518616,0.14428701996803284,0.3871850929557493,0.0001,0.454443672086747,10000.0,0.4512735545948601,10000.0,0.45444318652153015
T11,10000.0,T11_day610,T11_day617,7,7,0.347025990486145,0.3480651378631592,0.35026559233665466,0.3289221525192261,0.3318396508693695,0.3864820168106116,0.0001,0.411856270049923,10000.0,0.41270033103153553,10000.0,0.41185662150382996
T11,10000.0,T11_day610,T11_day639,30,29,0.35028693079948425,0.3484363555908203,0.34603461623191833,0.33060145378112793,0.3241370618343353,0.42530222721194677,0.001,0.4481213918316623,10000.0,0.4389668573069379,10000.0,0.44812265038490295
T11,10000.0,T11_day610,T11_day727,120,117,0.26231154799461365,0.2616082429885864,0.26181164383888245,0.22456032037734985,0.249759703874588,0.31970361401432096,0.0001,0.35720212749866226,10000.0,0.3455838192322699,10000.0,0.35720184445381165
T11,10000.0,T11_day610,T11_day1092,480,482,0.07790270447731018,0.07980725169181824,0.08678412437438965,0.043213069438934326,0.11239048838615417,0.3554667986075138,0.0001,0.454443672086747,10000.0,0.44812166205429954,10000.0,0.45444318652153015
T11,10000.0,T11_day617,T11_day623,7,6,0.24912697076797485,0.2525961101055145,0.24775385856628418,0.29169753193855286,0.25975656509399414,0.2576157639971624,0.01,0.2423696100601775,10000.0,0.27898703964667776,100000.0,0.2423679530620575
T11,10000.0,T11_day617,T11_day646,30,29,-0.5592107176780701,-0.5879313349723816,-0.47569721937179565,-0.0760698914527893,-0.19645744562149048,-0.47164716940257023,1.0,0.0923481023323009,10000.0,0.04577800282081762,1000000.0,0.09234854578971863
T11,10000.0,T11_day617,T11_day737,120,120,-0.7680956125259399,-0.8079907894134521,-367.5888671875,-828.2265625,-503.90582275390625,-456.0672072658298,0.01,-513.5812420472173,10000.0,-505.22538266116305,10000.0,-513.5794677734375
T11,10000.0,T11_day617,T11_day1092,480,475,-0.0405002236366272,-0.040518611669540405,-0.04096934199333191,0.04803818464279175,0.02157929539680481,0.3509068650765178,0.0001,0.454443672086747,10000.0,0.4455865405533035,10000.0,0.45444318652153015
T11,10000.0,T11_day623,T11_day630,7,7,0.163234144449234,0.1601601243019104,0.16030767560005188,-0.10197263956069946,-0.05559110641479492,0.29026939242365424,1e-05,0.3212450061085607,10000.0,0.3174159564812667,10000.0,0.3272106647491455
T11,10000.0,T11_day623,T11_day658,30,35,0.04436412453651428,0.044531166553497314,0.01934635639190674,-0.044486045837402344,0.04009929299354553,0.09790803868347853,0.0001,0.07433442677045149,10000.0,0.0763426676597393,10000.0,0.07433560490608215
T11,10000.0,T11_day623,T11_day744,120,121,0.15143921971321106,0.1488623023033142,0.09040144085884094,0.10449409484863281,0.11844798922538757,0.10558860131066361,1.0,0.32032075579377506,10000.0,0.22383415604119455,100000.0,0.3203212320804596
T11,10000.0,T11_day623,T11_day1092,480,469,-0.0768536627292633,-0.07257851958274841,-0.06856563687324524,0.012280881404876709,0.05877053737640381,0.35465970011862646,0.0001,0.454443672086747,10000.0,0.4454268457263339,10000.0,0.45444318652153015
T11,10000.0,T11_day630,T11_day632,1,2,0.12396183609962463,0.12122419476509094,0.11897784471511841,0.0028899013996124268,-0.005408197641372681,0.11953561941913615,100.0,0.06323522869375053,10000.0,0.11581378479799953,100000.0,0.06323647499084473
T11,10000.0,T11_day630,T11_day658,30,28,0.005676388740539551,0.005525261163711548,-0.011405467987060547,-0.1769431233406067,0.020884931087493896,0.04428857605014369,0.0001,0.07433442677045149,10000.0,0.07473801600678204,10000.0,0.07433560490608215
T11,10000.0,T11_day630,T11_day749,120,119,-0.21373993158340454,-0.2155173420906067,-0.3546244502067566,-0.49019211530685425,-0.7440788149833679,-0.34091591812136346,0.001,-0.45555042428193027,10000.0,-0.49519844681692116,10000.0,-0.45554912090301514
T11,10000.0,T11_day630,T11_day1125,480,495,-0.036276280879974365,-0.03889131546020508,-0.0406261682510376,-0.048319101333618164,-0.0864865779876709,-0.026300888098761632,0.0001,-0.01989288832455649,10000.0,-0.022812444074725047,10000.0,-0.019894182682037354
T11,10000.0,T11_day632,T11_day639,7,7,0.3987349271774292,0.38364818692207336,0.3805834949016571,0.3430170714855194,0.33972448110580444,0.4415032307765566,0.001,0.4481213918316623,10000.0,0.42387386833664725,100000.0,0.44812265038490295
T11,10000.0,T11_day632,T11_day665,30,33,0.21834608912467957,0.20924073457717896,0.2118910551071167,0.2368142306804657,0.23118823766708374,0.30221946662181953,0.0001,0.35950753187855977,10000.0,0.3641124875990645,10000.0,0.3450687825679779
T11,10000.0,T11_day632,T11_day751,120,119,0.037036120891571045,0.03984576463699341,0.04091531038284302,0.03897556662559509,0.035948723554611206,0.1215520704523359,1e-05,0.22144207771161378,10000.0,0.21963140398785636,10000.0,0.22848615050315857
T11,10000.0,T11_day632,T11_day1125,480,493,-0.05227303504943848,-0.0444866418838501,-0.04201972484588623,-0.13166099786758423,-0.12855452299118042,-0.03026743931845033,0.0001,-0.01989288832455649,10000.0,-0.021117522742569173,10000.0,-0.019894182682037354
T11,10000.0,T11_day639,T11_day646,7,7,-0.6256207227706909,-0.6241428256034851,-0.7499871253967285,-0.48523133993148804,-0.6547197699546814,-0.7484217552971872,10.0,0.0923481023323009,10000.0,-0.10070894992142077,1000000.0,0.09234854578971863
T11,10000.0,T11_day639,T11_day672,30,33,0.10825559496879578,0.1089535653591156,0.10760298371315002,0.0679006278514862,0.07796129584312439,0.17899205841616744,0.001,0.20736997572476618,10000.0,0.18759842056536602,100000.0,0.20736941695213318
T11,10000.0,T11_day639,T11_day758,120,119,0.14333593845367432,0.1436893343925476,0.14269351959228516,0.07264354825019836,0.13227969408035278,0.3695712172259875,1e-05,0.4479181190525733,10000.0,0.44105955190722207,10000.0,0.447918176651001
T11,10000.0,T11_day639,T11_day1125,480,486,-0.05745506286621094,-0.061483800411224365,-0.061431944370269775,-0.08796614408493042,-0.1079946756362915,-0.018317085000100986,0.0001,-0.01989288832455649,10000.0,-0.0177207396569653,10000.0,-0.019894182682037354
T11,10000.0,T11_day643,T11_day672,30,29,0.11082401871681213,0.1115664541721344,0.11162051558494568,0.10537293553352356,0.03543320298194885,0.18732727614632272,0.0001,0.20736997572476618,10000.0,0.20527320304693397,10000.0,0.20736941695213318
T11,10000.0,T11_day643,T11_day764,120,121,0.11226525902748108,0.11137428879737854,0.11185696721076965,0.12420260906219482,0.11189720034599304,0.30345352289416616,0.0001,0.34955381516015344,10000.0,0.33878187212396804,10000.0,0.3495546281337738
T11,10000.0,T11_day643,T11_day1125,480,482,-0.056566476821899414,-0.05555003881454468,-0.052362143993377686,-0.061215102672576904,-0.07668358087539673,-0.03562152367572924,0.0001,-0.01989288832455649,10000.0,-0.020873189664693426,10000.0,-0.019894182682037354
T11,10000.0,T11_day646,T11_day675,30,29,-0.08974969387054443,-0.08621096611022949,-0.12737220525741577,-0.12120604515075684,-0.4334666132926941,-0.3218163631136366,0.0001,-0.24789972702614704,10000.0,-0.22612311758152337,100000.0,-0.24789929389953613
T11,10000.0,T11_day646,T11_day764,120,118,0.2052728831768036,0.19521257281303406,0.2113291621208191,0.10254517197608948,0.10460633039474487,0.33519450855578775,0.0001,0.34955381516015344,10000.0,0.34419770957913626,10000.0,0.3495546281337738
T11,10000.0,T11_day646,T11_day1125,480,479,-0.041500210762023926,-0.036335110664367676,-0.03880518674850464,-0.04990208148956299,-0.06326431035995483,-0.03571487702183207,0.0001,-0.01989288832455649,10000.0,-0.019738164244902046,10000.0,-0.019894182682037354
T11,10000.0,T11_day658,T11_day665,7,7,0.2603241205215454,0.2600087821483612,0.25893634557724,0.2769504487514496,0.1904214322566986,0.3311465349534814,0.0001,0.35950753187855977,10000.0,0.3418423151590064,100000.0,0.3450687825679779
T11,10000.0,T11_day658,T11_day689,30,31,-0.09987980127334595,-0.1009405255317688,-0.09614729881286621,-0.29442891478538513,-0.5685322284698486,-0.08677466851435622,0.001,-0.004828905800865146,100000.0,-0.036044710956603554,100000.0,-0.17764705419540405
T11,10000.0,T11_day658,T11_day783,120,125,0.1717713475227356,0.17057892680168152,0.17143261432647705,0.08115145564079285,0.20897185802459717,0.38556412502388276,0.0001,0.3963511135693968,100000.0,0.4409691813106103,10000.0,0.44558244943618774
T11,10000.0,T11_day658,T11_day1139,480,481,-0.04626649618148804,-0.0455070436000824,-0.07598698139190674,-0.007990270853042603,-0.003912448883056641,0.30046407131812525,0.0001,0.3950901145488626,10000.0,0.3923198364555068,10000.0,0.39509132504463196
T11,10000.0,T11_day665,T11_day672,7,7,0.19020545482635498,0.19001242518424988,0.1906907856464386,0.14703437685966492,0.11754339933395386,0.20141115398484583,0.001,0.20736997572476618,10000.0,0.20547714549173868,100000.0,0.20736941695213318
T11,10000.0,T11_day665,T11_day692,30,27,0.41686466336250305,0.4172177016735077,0.41794392466545105,0.2990363836288452,0.2730376422405243,0.4500057042985212,0.0001,0.44278092403157426,10000.0,0.44818009859917635,10000.0,0.4427807331085205
T11,10000.0,T11_day665,T11_day784,120,119,-0.31362900137901306,-0.32955703139305115,-0.33888721466064453,-0.3569914698600769,-0.3309165835380554,-0.3181907454121826,10.0,0.22316051043552165,10000.0,-0.06197277699392506,100000.0,0.2231600284576416
T11,10000.0,T11_day665,T11_day1139,480,474,-0.06463897228240967,-0.06559044122695923,-0.13397186994552612,-0.011326760053634644,0.008707404136657715,0.33211534731620274,0.0001,0.3950901145488626,10000.0,0.3912156089819818,10000.0,0.39509132504463196
T11,10000.0,T11_day672,T11_day702,30,30,-0.18876034021377563,-0.18594026565551758,-0.17856574058532715,-0.1261129379272461,-0.1087225079536438,-0.17806313853790123,100.0,0.028995202015388022,100000.0,-0.03474090343877562,100000.0,-0.00408405065536499
T11,10000.0,T11_day672,T11_day790,120,118,-0.002504020929336548,0.00034880638122558594,-0.007101893424987793,-0.08378863334655762,-0.09093564748764038,0.11706246094516781,0.001,0.1468254388130118,10000.0,0.12752567284272276,10000.0,0.14682653546333313
T11,10000.0,T11_day672,T11_day1139,480,467,-0.07957568764686584,-0.07935634255409241,-0.17329591512680054,-0.07295894622802734,-0.12644106149673462,0.27075161620185495,0.0001,0.3950901145488626,10000.0,0.3814830235088821,10000.0,0.39509132504463196
T11,10000.0,T11_day675,T11_day681,7,6,0.2519829273223877,0.2487945854663849,0.27224239706993103,0.16882210969924927,0.1564778983592987,0.3250229596593133,0.01,0.43821450758196295,10000.0,0.4469167787130804,10000.0,0.4382138252258301
T11,10000.0,T11_day675,T11_day706,30,31,-0.12197428941726685,-0.13325083255767822,-0.13590186834335327,-0.1595931053161621,-0.16722112894058228,-0.015484986200477335,0.001,-0.0159250679906367,10000.0,-0.07235120358851932,100000.0,-0.0159243643283844
T11,10000.0,T11_day675,T11_day790,120,115,-0.012492626905441284,-0.013841986656188965,-0.012917399406433105,-0.11725795269012451,-0.10831427574157715,0.10317973417472603,0.001,0.1468254388130118,10000.0,0.12247442838811606,10000.0,0.14682653546333313
T11,10000.0,T11_day675,T11_day1139,480,464,-0.008856028318405151,-0.009313732385635376,-0.05254340171813965,-0.08643224835395813,-0.03586798906326294,0.26057844964717713,0.0001,0.3950901145488626,10000.0,0.38907706367814193,10000.0,0.39509132504463196
T11,10000.0,T11_day681,T11_day689,7,8,-0.18047982454299927,-0.1795874834060669,-0.15288138389587402,-0.3503798246383667,-0.40283477306365967,-0.012732291519400252,0.0001,-0.004828905800865146,100000.0,-0.07326710757452881,100000.0,-0.17764705419540405
T11,10000.0,T11_day681,T11_day709,30,28,0.05991271138191223,0.06225520372390747,0.0698692798614502,0.054547786712646484,0.05337485671043396,0.3389296170955918,0.001,0.4547661935554427,10000.0,0.43511452202945156,10000.0,0.45476606488227844
T11,10000.0,T11_day681,T11_day790,120,109,-0.005716383457183838,-0.007768034934997559,-0.007754683494567871,-0.010229557752609253,-0.0083751380443573,0.1040770992741667,0.0001,0.1468254388130118,10000.0,0.13086488032587462,10000.0,0.14682653546333313
T11,10000.0,T11_day681,T11_day1181,480,500,-0.022180557250976562,-0.030824005603790283,-0.02564111351966858,-0.06972324848175049,-0.07870864868164062,0.009547343112198459,0.0001,0.013369421085455746,10000.0,0.055557810532311236,10000.0,0.013368546962738037
T11,10000.0,T11_day689,T11_day715,30,26,0.09724235534667969,0.09189766645431519,0.09108045697212219,0.05601537227630615,0.04736793041229248,0.09050807282311207,100.0,0.05938495603946331,100000.0,0.11295400765911484,100000.0,0.07546389102935791
T11,10000.0,T11_day689,T11_day814,120,125,-0.7141761183738708,-0.7382695078849792,-0.751463770866394,-0.9002252221107483,-0.9262976050376892,0.1209699505224357,0.0001,0.19284310344434197,100000.0,0.13777042231462167,10000.0,0.20767363905906677
T11,10000.0,T11_day689,T11_day1181,480,492,-0.25031566619873047,-0.24856120347976685,-0.2568005919456482,-0.30204880237579346,-0.28625595569610596,-0.04184668023837573,0.0001,0.013369421085455746,10000.0,0.018501166950391112,10000.0,0.013368546962738037
T11,10000.0,T11_day692,T11_day727,30,35,0.25832468271255493,0.257231742143631,0.2503768801689148,0.22195741534233093,0.23659196496009827,0.3338467236232934,0.0001,0.35720212749866226,10000.0,0.3407351167322805,10000.0,0.35720184445381165
T11,10000.0,T11_day692,T11_day814,120,122,-0.21222400665283203,-0.21256086230278015,-0.20776593685150146,-0.3738170862197876,-0.38581717014312744,0.11156513773856391,0.001,0.19284310344434197,100000.0,0.04587432306312139,100000.0,0.20767363905906677
T11,10000.0,T11_day692,T11_day1181,480,489,-0.150651752948761,-0.1637364625930786,-0.16146570444107056,-0.1859404444694519,-0.17255908250808716,0.01361644612652968,0.0001,0.013369421085455746,10000.0,0.00918215822159879,10000.0,0.013368546962738037
T11,10000.0,T11_day702,T11_day709,7,7,0.2880937457084656,0.28914886713027954,0.310879111289978,0.3045019507408142,0.2690911293029785,0.4230319669806043,0.001,0.4547661935554427,10000.0,0.42873390030388475,10000.0,0.45476606488227844
T11,10000.0,T11_day702,T11_day727,30,25,0.24145224690437317,0.23998022079467773,0.24071666598320007,0.21324783563613892,0.2032122015953064,0.29098128387942424,0.0001,0.35720212749866226,10000.0,0.34181626556093553,10000.0,0.35720184445381165
T11,10000.0,T11_day702,T11_day814,120,112,-0.5268349051475525,-0.5389707088470459,-0.5477737784385681,-0.5962808132171631,-0.5717524886131287,0.14236255456755625,0.0001,0.19284310344434197,100000.0,0.15988760326675172,10000.0,0.20767363905906677
T11,10000.0,T11_day702,T11_day1181,480,479,-0.13342249393463135,-0.1294613480567932,-0.13017815351486206,-0.18555957078933716,-0.13093531131744385,-0.040337294917203836,0.0001,0.013369421085455746,10000.0,0.037016227385141265,10000.0,0.013368546962738037
T11,10000.0,T11_day706,T11_day737,30,31,-0.5123807191848755,-0.5253428220748901,-707.4537963867188,-763.7916259765625,-804.390869140625,-707.2188273610606,100.0,-513.5812420472173,10000.0,-1129.5126317084328,10000.0,-513.5794677734375
T11,10000.0,T11_day706,T11_day814,120,108,-0.3376750946044922,-0.3331727981567383,-0.3195752501487732,-0.37495535612106323,-0.3777523636817932,0.1190432156156494,1e-05,0.19284310344434197,100000.0,0.1754624829225393,10000.0,0.20767363905906677
T11,10000.0,T11_day706,T11_day1181,480,475,-0.23754972219467163,-0.25477921962738037,-0.24464422464370728,-0.31084489822387695,-0.2972239851951599,-0.020303287465845365,0.0001,0.013369421085455746,10000.0,0.0011170943510929732,10000.0,0.013368546962738037
T11,10000.0,T11_day709,T11_day715,7,6,0.06261557340621948,0.06139710545539856,0.05785340070724487,0.04902958869934082,0.0428566038608551,0.03286119559473638,0.01,0.05938495603946331,100000.0,0.08687225917219071,100000.0,0.07546389102935791
T11,10000.0,T11_day709,T11_day737,30,28,-0.6020469069480896,-0.6280244588851929,-483.6365966796875,-752.24658203125,-564.7282104492188,-483.6058886519471,100.0,-513.5812420472173,10000.0,-804.1525815955085,10000.0,-513.5794677734375
T11,10000.0,T11_day709,T11_day841,120,132,0.2114560604095459,0.21148142218589783,0.22035720944404602,0.09730836749076843,0.06036263704299927,0.2744329619192171,1e-05,0.36107798932144153,10000.0,0.3649775348218372,10000.0,0.39634406566619873
T11,10000.0,T11_day709,T11_day1181,480,472,-0.21211421489715576,-0.21374142169952393,-0.2184721827507019,-0.2515879273414612,-0.23315852880477905,-0.0024941961505070553,0.0001,0.013369421085455746,10000.0,0.005584192695100798,10000.0,0.013368546962738037
T11,10000.0,T11_day715,T11_day744,30,29,0.26090192794799805,0.26203757524490356,0.24996650218963623,0.24083158373832703,0.2369750738143921,0.250540784161264,10.0,0.32032075579377506,10000.0,0.31245029761968107,100000.0,0.3203212320804596
T11,10000.0,T11_day715,T11_day841,120,126,0.10931012034416199,0.11019185185432434,0.10764169692993164,0.020069211721420288,0.018093883991241455,0.19372298412746336,1e-05,0.36107798932144153,10000.0,0.35446637968731665,10000.0,0.39634406566619873
T11,10000.0,T11_day715,T11_day1181,480,466,-0.04855525493621826,-0.05520421266555786,-0.06497949361801147,-0.09561997652053833,-0.08251065015792847,-0.024604967738789896,0.0001,0.013369421085455746,10000.0,0.042429839809094316,10000.0,0.013368546962738037
T11,10000.0,T11_day727,T11_day756,30,29,-0.0714079737663269,-0.07024657726287842,-0.1368616223335266,-0.19402527809143066,-0.15491032600402832,-0.18345255129368299,0.01,-0.03846300965437288,10000.0,-0.11429984935742432,10000.0,-0.038463473320007324
T11,10000.0,T11_day727,T11_day842,120,115,0.2632313668727875,0.2606695890426636,0.0671125054359436,-0.00948554277420044,-0.015794336795806885,0.2742282138354635,0.001,0.3861840897422553,100000.0,0.2799158788343058,100000.0,0.37076887488365173
T11,10000.0,T11_day727,T11_day1181,480,454,-0.15973758697509766,-0.1727365255355835,-0.18150895833969116,-0.2338261604309082,-0.22443503141403198,0.02258982896108197,0.0001,0.013369421085455746,10000.0,0.015779624528879377,10000.0,0.013368546962738037
T11,10000.0,T11_day737,T11_day744,7,7,-61.608558654785156,-58.96546173095703,0.16255617141723633,0.11767980456352234,0.13351145386695862,0.17916039890151936,1.0,0.32032075579377506,10000.0,0.3062945120265799,10000.0,0.3203212320804596
T11,10000.0,T11_day737,T11_day764,30,27,-110.59166717529297,-111.24629211425781,0.2693505585193634,0.19238460063934326,0.16154959797859192,0.3358681635313629,0.0001,0.34955381516015344,10000.0,0.3468371110306398,10000.0,0.3495546281337738
T11,10000.0,T11_day737,T11_day868,120,131,-42.764198303222656,-42.7110710144043,0.1096767783164978,0.08946764469146729,0.11449480056762695,0.317828346233362,0.0001,0.17814020674934794,10000.0,0.15023897886812543,10000.0,0.17813992500305176
T11,10000.0,T11_day737,T11_day1251,480,514,-118.46436309814453,-118.32096862792969,-0.1890162229537964,-0.4205976724624634,-0.5735598206520081,-0.059248895275523905,0.001,-0.012442109730027628,100000.0,-0.04446461019294651,10000.0,-0.02514210343360901
T11,10000.0,T11_day741,T11_day749,7,8,-0.14149275422096252,-0.13781443238258362,-0.4353265166282654,-0.5706794261932373,-0.5496305227279663,-0.35726047287786467,0.1,-0.45555042428193027,10000.0,-0.3614080260958086,10000.0,-0.45554912090301514
T11,10000.0,T11_day741,T11_day770,30,29,0.33226898312568665,0.3330802023410797,0.3092290163040161,0.029965639114379883,0.014386683702468872,0.3386345411217618,0.001,0.40755091273082883,10000.0,0.41775455464074357,10000.0,0.40755072236061096
T11,10000.0,T11_day741,T11_day868,120,127,0.06249895691871643,0.060842275619506836,0.05360731482505798,-0.20841020345687866,-0.19473546743392944,0.26992327401234956,0.0001,0.17814020674934794,10000.0,0.1532413515525899,10000.0,0.17813992500305176
T11,10000.0,T11_day741,T11_day1251,480,510,-0.3243430256843567,-0.32528990507125854,-0.302553653717041,-0.29800230264663696,-0.2612510919570923,-0.03500186677513806,0.0001,-0.012442109730027628,100000.0,-0.04807219851076544,10000.0,-0.02514210343360901
T11,10000.0,T11_day744,T11_day751,7,7,0.1584533154964447,0.15679195523262024,0.15064069628715515,0.10689613223075867,0.11611324548721313,0.2016696487299688,0.0001,0.22144207771161378,10000.0,0.22513942029821837,10000.0,0.22848615050315857
T11,10000.0,T11_day744,T11_day770,30,26,0.31381094455718994,0.30963149666786194,0.3099792003631592,0.04395949840545654,0.056111037731170654,0.36475013128836026,0.001,0.40755091273082883,10000.0,0.43166549743637284,10000.0,0.40755072236061096
T11,10000.0,T11_day744,T11_day868,120,124,0.17860007286071777,0.17654064297676086,0.17976462841033936,-0.135026752948761,-0.0957711935043335,0.3234939198532376,0.0001,0.17814020674934794,10000.0,0.20048979795648741,10000.0,0.17813992500305176
T11,10000.0,T11_day744,T11_day1251,480,507,-0.1895657181739807,-0.19176602363586426,-0.1307336688041687,-0.0948900580406189,-0.10219502449035645,-0.029617488122868074,0.0001,-0.012442109730027628,100000.0,-0.036444368787584336,10000.0,-0.02514210343360901
T11,10000.0,T11_day749,T11_day751,1,2,0.1818789839744568,0.17760929465293884,0.16219404339790344,0.12280386686325073,0.1404433250427246,0.22184363358630554,0.0001,0.22144207771161378,10000.0,0.2206251860686097,100000.0,0.22848615050315857
T11,10000.0,T11_day749,T11_day756,7,7,-0.1364598274230957,-0.14371848106384277,-0.13576281070709229,-0.21664172410964966,-0.22892272472381592,-2.966227022288548e-05,0.001,-0.03846300965437288,10000.0,-0.008007005476202922,10000.0,-0.038463473320007324
T11,10000.0,T11_day749,T11_day783,30,34,0.1285138726234436,0.11783570051193237,0.1328875720500946,0.14286303520202637,0.1870182752609253,0.40492257895126516,0.0001,0.3963511135693968,100000.0,0.44083425781010754,10000.0,0.44558244943618774
T11,10000.0,T11_day749,T11_day868,120,119,0.11756470799446106,0.12284496426582336,0.1238965392112732,0.13555648922920227,0.22247561812400818,0.30901124598388063,0.0001,0.17814020674934794,10000.0,0.19753769542340494,10000.0,0.17813992500305176
T11,10000.0,T11_day749,T11_day1251,480,502,-0.10735750198364258,-0.10551190376281738,-0.06021612882614136,-0.2526441812515259,-0.33824628591537476,-0.04640398972241555,0.0001,-0.012442109730027628,100000.0,-0.023896169963563252,10000.0,-0.02514210343360901
T11,10000.0,T11_day751,T11_day758,7,7,0.23601701855659485,0.23662066459655762,0.23870572447776794,0.0590229332447052,0.15465053915977478,0.40031978673634383,1e-05,0.4479181190525733,10000.0,0.44252339394831275,10000.0,0.447918176651001
T11,10000.0,T11_day751,T11_day783,30,32,0.20611780881881714,0.19590690732002258,0.2135777473449707,0.18175357580184937,0.19368600845336914,0.3746581390589987,0.001,0.3963511135693968,100000.0,0.39245106232871846,100000.0,0.44558244943618774
T11,10000.0,T11_day751,T11_day870,120,119,0.2069735825061798,0.20580556988716125,0.20655912160873413,0.23421692848205566,0.24054676294326782,0.3326534931210921,0.0001,0.3902358896025695,10000.0,0.3909738086731886,10000.0,0.39023706316947937
T11,10000.0,T11_day751,T11_day1251,480,500,-0.16250795125961304,-0.1652851700782776,-0.12711596488952637,-0.19839942455291748,-0.19876575469970703,-0.031556374717927604,0.0001,-0.012442109730027628,100000.0,-0.03651395040993188,10000.0,-0.02514210343360901
T11,10000.0,T11_day756,T11_day758,1,2,0.20423346757888794,0.21759092807769775,0.2513730525970459,0.17518103122711182,0.16753235459327698,0.4253878354551095,1e-05,0.4479181190525733,10000.0,0.4518686308371874,10000.0,0.447918176651001
T11,10000.0,T11_day756,T11_day764,7,8,0.20581495761871338,0.19398480653762817,0.19725200533866882,-0.003565281629562378,-0.003831416368484497,0.3301554183074558,1e-05,0.34955381516015344,10000.0,0.3413665829292566,10000.0,0.3495546281337738
T11,10000.0,T11_day756,T11_day784,30,28,-0.23979443311691284,-0.2583533525466919,-0.23843958973884583,-0.3814663290977478,-0.3790304660797119,-0.21085075629554978,10.0,0.22316051043552165,10000.0,-0.0259293508173431,100000.0,0.2231600284576416
T11,10000.0,T11_day756,T11_day870,120,114,0.14369717240333557,0.1379483938217163,0.1451875865459442,-0.023124635219573975,-0.04840904474258423,0.33377718479299656,1e-05,0.3902358896025695,10000.0,0.37923898900446223,10000.0,0.39023706316947937
T11,10000.0,T11_day756,T11_day1251,480,495,-0.20346570014953613,-0.20104289054870605,-0.14023131132125854,-0.12580794095993042,-0.11314082145690918,-0.03176632218565578,0.0001,-0.012442109730027628,100000.0,-0.029031399289508764,10000.0,-0.02514210343360901
T11,10000.0,T11_day758,T11_day764,7,6,0.2853255569934845,0.27941420674324036,0.2792373597621918,0.11293432116508484,0.05638355016708374,0.34291126486829465,0.0001,0.34955381516015344,10000.0,0.33302726968006513,100000.0,0.3495546281337738
T11,10000.0,T11_day758,T11_day790,30,32,0.08382579684257507,0.08328285813331604,0.08180546760559082,0.04592469334602356,0.028556764125823975,0.1146603095053591,0.01,0.1468254388130118,10000.0,0.11500736904568848,100000.0,0.14682653546333313
T11,10000.0,T11_day758,T11_day882,120,124,-0.08430498838424683,-0.08529096841812134,-0.09084254503250122,-0.14197653532028198,-0.1666051149368286,-0.06610508977501595,0.0001,-0.0122575958502949,10000.0,-0.05734273066536111,10000.0,-0.012256264686584473
T11,10000.0,T11_day758,T11_day1251,480,493,-0.1237865686416626,-0.12515795230865479,-0.09020620584487915,-0.6602072715759277,-1.1211775541305542,-0.04657271778437777,0.001,-0.012442109730027628,100000.0,-0.03035505590379728,10000.0,-0.02514210343360901
T11,10000.0,T11_day764,T11_day770,7,6,0.403270959854126,0.40266814827919006,0.4041247069835663,0.40665364265441895,0.40596917271614075,0.4190080677940556,0.001,0.40755091273082883,10000.0,0.4499145476638941,100000.0,0.40755072236061096
T11,10000.0,T11_day764,T11_day790,30,26,0.06440776586532593,0.06860756874084473,0.06802475452423096,0.0717514157295227,0.07226428389549255,0.10499844186833712,0.001,0.1468254388130118,10000.0,0.10490543084539927,100000.0,0.14682653546333313
T11,10000.0,T11_day764,T11_day882,120,118,-0.06503176689147949,-0.07796895503997803,-0.06773412227630615,-0.09004420042037964,-0.08721840381622314,-0.052889139902338456,0.001,-0.0122575958502949,10000.0,-0.03911358476905291,10000.0,-0.012256264686584473
T11,10000.0,T11_day764,T11_day1251,480,487,-0.2315780520439148,-0.23164671659469604,-0.17885082960128784,-0.47847551107406616,-0.2880101203918457,-0.04049001829229293,0.0001,-0.012442109730027628,100000.0,-0.039765063467816164,10000.0,-0.02514210343360901
T11,10000.0,T11_day770,T11_day891,120,121,0.16888245940208435,0.1668187379837036,0.17235293984413147,0.20354586839675903,0.1983102262020111,0.3489905075712482,1e-05,0.4098273623540565,10000.0,0.4090239937380606,10000.0,0.409828245639801
T11,10000.0,T11_day770,T11_day1251,480,481,-0.2949597239494324,-0.293972373008728,-0.2172519564628601,-0.36182671785354614,-0.6283324956893921,-0.04009247839662866,0.001,-0.012442109730027628,100000.0,-0.03167643371322898,10000.0,-0.02514210343360901
T11,10000.0,T11_day783,T11_day784,1,1,0.14293795824050903,0.13401421904563904,0.1349232792854309,0.19233658909797668,0.19294458627700806,0.13452551474276708,100.0,0.22316051043552165,10000.0,0.21219948464429178,100000.0,0.2231600284576416
T11,10000.0,T11_day783,T11_day790,7,7,0.010339826345443726,0.012694478034973145,0.010155349969863892,0.0010273754596710205,0.0011430978775024414,0.12842402882519532,0.01,0.1468254388130118,10000.0,0.05639219108121735,100000.0,0.14682653546333313
T11,10000.0,T11_day783,T11_day814,30,31,0.01389402151107788,0.01038891077041626,0.013693064451217651,-0.041328370571136475,-0.05400368571281433,0.17625442791824764,0.001,0.19284310344434197,100000.0,0.1428175739739304,100000.0,0.20767363905906677
T11,10000.0,T11_day783,T11_day905,120,122,-0.02183365821838379,-0.02311965823173523,-0.021093398332595825,-0.036351293325424194,-0.028960317373275757,0.0020912964480189755,1.0,0.06836752756211212,10000.0,0.03589504722516568,100000.0,0.06836801767349243
T11,10000.0,T11_day783,T11_day1261,480,478,0.031058460474014282,0.030411124229431152,0.026970118284225464,-0.03445771336555481,-0.00011965632438659668,0.1402169895865148,1e-05,0.18390103679436381,10000.0,0.18815464076926225,10000.0,0.18390125036239624
T11,10000.0,T11_day784,T11_day790,7,6,0.03254622220993042,0.03472289443016052,0.029609709978103638,0.031064540147781372,0.021009117364883423,0.11922466308534918,0.001,0.1468254388130118,10000.0,0.12431560142150433,10000.0,0.14682653546333313
T11,10000.0,T11_day784,T11_day814,30,30,-0.16979309916496277,-0.18109852075576782,-0.18038934469223022,-0.2192760705947876,-0.23321163654327393,0.09460260414981242,0.001,0.19284310344434197,100000.0,0.06577621362474517,100000.0,0.20767363905906677
T11,10000.0,T11_day784,T11_day905,120,121,0.010639697313308716,0.006879299879074097,0.006710171699523926,0.004060804843902588,0.006591796875,0.006947847661892159,100.0,0.06836752756211212,10000.0,0.04695160535667092,100000.0,0.06836801767349243
T11,10000.0,T11_day784,T11_day1261,480,477,0.07438048720359802,0.07030022144317627,0.06929972767829895,-0.012690573930740356,0.02500218152999878,0.15683732858985405,1e-05,0.18390103679436381,10000.0,0.18315147237081347,10000.0,0.18390125036239624
T11,10000.0,T11_day790,T11_day814,30,24,-0.5631039142608643,-0.5575810670852661,-0.5528112649917603,-0.6237748861312866,-0.6377236247062683,0.12818846072331908,0.001,0.19284310344434197,100000.0,0.1421241429251524,10000.0,0.20767363905906677
T11,10000.0,T11_day790,T11_day905,120,115,-0.007135212421417236,-0.008356362581253052,-0.007212847471237183,0.0052137672901153564,0.0007596611976623535,0.02622625598736733,0.001,0.06836752756211212,10000.0,0.036965873045924635,100000.0,0.06836801767349243
T11,10000.0,T11_day790,T11_day1268,480,478,0.14507538080215454,0.1486789882183075,0.14320769906044006,0.14092862606048584,0.20830482244491577,0.4153147567685006,1e-05,0.4344226548045176,10000.0,0.4338652302740561,10000.0,0.4344235956668854
T11,10000.0,T11_day814,T11_day842,30,28,0.25116050243377686,0.261157751083374,0.2594395875930786,0.2041996419429779,0.21023190021514893,0.35949894192005566,0.001,0.3861840897422553,100000.0,0.3804337132297463,100000.0,0.37076887488365173
T11,10000.0,T11_day814,T11_day938,120,124,-0.5404030084609985,-0.5314677357673645,-0.433163046836853,-0.7945564985275269,-0.8992679715156555,-0.28888118907485694,0.001,-0.07856387275072574,100000.0,-0.30454665030897954,10000.0,-0.2488536238670349
T11,10000.0,T11_day814,T11_day1303,480,489,-0.04138612747192383,-0.040713369846343994,-0.05974134802818298,-0.04461270570755005,-0.031752437353134155,0.22759024752324225,0.0001,0.3032359280232556,10000.0,0.27719191324474374,10000.0,0.3032347857952118
T11,10000.0,T11_day841,T11_day842,1,1,0.4017617404460907,0.4060191214084625,0.39347365498542786,0.3156822919845581,0.3209003508090973,0.40093668987716125,0.001,0.3861840897422553,100000.0,0.4375912491047243,100000.0,0.37076887488365173
T11,10000.0,T11_day841,T11_day870,30,29,0.2736314535140991,0.27518126368522644,0.27173227071762085,0.27077817916870117,0.3018653094768524,0.35202240438693816,0.0001,0.3902358896025695,10000.0,0.39341508356812294,10000.0,0.39023706316947937
T11,10000.0,T11_day841,T11_day952,120,111,0.23290729522705078,0.23394399881362915,0.226893812417984,0.1397669017314911,0.1419820785522461,0.38415410242226816,0.0001,0.388730994016179,10000.0,0.3859138143267426,10000.0,0.38873180747032166
T11,10000.0,T11_day841,T11_day1324,480,483,0.16647237539291382,0.16346654295921326,-5.0049543380737305,-5.985189914703369,-4.798299312591553,-1.882226136529346,0.001,-1.839884603473379,10000.0,-5.604739937760239,10000.0,-1.8398866653442383
T11,10000.0,T11_day842,T11_day870,30,28,0.20127829909324646,0.21778523921966553,0.2086423933506012,0.16525611281394958,0.1479986011981964,0.3414192000325306,1e-05,0.3902358896025695,10000.0,0.3835897093838815,10000.0,0.39023706316947937
T11,10000.0,T11_day842,T11_day952,120,110,0.18551266193389893,0.19851887226104736,0.20846259593963623,0.16208508610725403,0.1314900517463684,0.3738369919075192,0.0001,0.388730994016179,10000.0,0.38246716769828865,10000.0,0.38873180747032166
T11,10000.0,T11_day842,T11_day1324,480,482,0.004781663417816162,0.01165887713432312,-15.691720008850098,-13.430936813354492,-12.665824890136719,-8.475895529982019,0.001,-1.839884603473379,10000.0,-12.822132339876164,10000.0,-1.8398866653442383
T11,10000.0,T11_day868,T11_day870,1,2,0.34940266609191895,0.34518083930015564,0.33888739347457886,0.2984805703163147,0.3185756206512451,0.3883766184800194,0.0001,0.3902358896025695,10000.0,0.3843879667165206,100000.0,0.39023706316947937
T11,10000.0,T11_day868,T11_day891,30,23,0.32088425755500793,0.32375457882881165,0.3224482536315918,0.34212803840637207,0.3015593886375427,0.40119158018094353,0.0001,0.4098273623540565,10000.0,0.4149838118271032,10000.0,0.409828245639801
T11,10000.0,T11_day868,T11_day987,120,119,-0.13019108772277832,-0.12803274393081665,-0.13935333490371704,-0.3326830267906189,-0.45926111936569214,-0.03307114622077123,0.0001,0.03520808646250079,100000.0,-0.006002239031823342,100000.0,-0.04997250437736511
T11,10000.0,T11_day868,T11_day1352,480,484,0.3314740061759949,0.32548463344573975,0.324874609708786,0.3531626760959625,0.3193153440952301,0.4979717271951932,0.0001,0.5464932866955808,10000.0,0.5453527925810645,10000.0,0.5464942455291748
T11,10000.0,T11_day870,T11_day905,30,35,0.048156172037124634,0.050643324851989746,0.04301720857620239,0.054638296365737915,0.046547383069992065,0.05041074177178145,1.0,0.06836752756211212,10000.0,0.04768911622599231,1000000.0,0.06836801767349243
T11,10000.0,T11_day870,T11_day987,120,117,-0.07523900270462036,-0.07583791017532349,-0.07963263988494873,-0.1063118577003479,-0.07896006107330322,-0.07959239430679987,100.0,0.03520808646250079,100000.0,-0.027406684177768148,100000.0,-0.04997250437736511
T11,10000.0,T11_day870,T11_day1352,480,482,0.2962946891784668,0.2958841323852539,0.2945573031902313,0.22642087936401367,0.2851581871509552,0.4706623220274132,1e-05,0.5464932866955808,10000.0,0.5441199345448284,10000.0,0.5464942455291748
T11,10000.0,T11_day882,T11_day888,7,6,0.14762991666793823,0.1354564130306244,0.14151078462600708,0.13635286688804626,0.1339445412158966,0.26045870233660007,0.001,0.33253464110390607,10000.0,0.33574867096019007,10000.0,0.332535058259964
T11,10000.0,T11_day882,T11_day905,30,23,-0.05545836687088013,-0.059724390506744385,-0.06529438495635986,-0.0876007080078125,-0.08709090948104858,0.026642283752686624,0.1,0.06836752756211212,10000.0,-0.05895312855919843,1000000.0,0.06836801767349243
T11,10000.0,T11_day882,T11_day1001,120,119,0.2110462188720703,0.20273682475090027,0.20737439393997192,0.1796244978904724,0.16883254051208496,0.3611565751592678,0.0001,0.3776571885160457,10000.0,0.3730472626627583,10000.0,0.3776566684246063
T11,10000.0,T11_day882,T11_day1352,480,470,0.02115580439567566,0.007730543613433838,0.0076964497566223145,0.03847607970237732,0.043592363595962524,0.5070114496551381,1e-05,0.5464932866955808,10000.0,0.5314457567748672,10000.0,0.5464942455291748
T11,10000.0,T11_day888,T11_day924,30,36,-0.11389416456222534,-0.11714351177215576,-0.12049388885498047,-0.10454666614532471,-0.118644118309021,0.1819577885164136,0.0001,0.17416641939863775,10000.0,0.15930888232990104,10000.0,0.1741684377193451
T11,10000.0,T11_day888,T11_day1001,120,113,0.31739720702171326,0.31572863459587097,0.30772069096565247,0.2933617830276489,0.29555943608283997,0.36806592100990104,0.0001,0.3776571885160457,10000.0,0.386162356102694,10000.0,0.3776566684246063
T11,10000.0,T11_day888,T11_day1352,480,464,0.32775112986564636,0.32834693789482117,0.32203999161720276,0.13986504077911377,0.10147807002067566,0.5156359745996699,0.0001,0.5464932866955808,10000.0,0.5390702609697332,10000.0,0.5464942455291748
T11,10000.0,T11_day891,T11_day924,30,33,-0.05202680826187134,-0.056464314460754395,-0.06610292196273804,-0.07067269086837769,-0.07470816373825073,0.1540127088907683,0.0001,0.17416641939863775,10000.0,0.15403671174356703,10000.0,0.1741684377193451
T11,10000.0,T11_day891,T11_day1017,120,126,0.2470170259475708,0.2553177773952484,0.2244223952293396,0.24983349442481995,0.2135676145553589,0.2438897856642645,1e-06,0.2341107487777469,0.1,0.23411343086640568,0.1,0.35920295119285583
T11,10000.0,T11_day891,T11_day1352,480,461,0.29050353169441223,0.29135990142822266,0.2869141101837158,0.2836305797100067,0.24239838123321533,0.5052221922962694,1e-05,0.5464932866955808,10000.0,0.5429316216642646,10000.0,0.5464942455291748
T11,10000.0,T11_day905,T11_day938,30,33,-0.38723844289779663,-0.37978482246398926,-0.4597787857055664,-0.3211504817008972,-0.3399038314819336,-0.2529149775938361,0.0001,-0.07856387275072574,100000.0,-0.30893963701843485,10000.0,-0.2488536238670349
T11,10000.0,T11_day905,T11_day1025,120,120,0.28795498609542847,0.28772586584091187,0.25700148940086365,-0.032331883907318115,-0.018541693687438965,0.3995146522512513,0.0001,0.4150705176470477,10000.0,0.4091065938547046,10000.0,0.4150710105895996
T11,10000.0,T11_day905,T11_day1395,480,490,-0.2760723829269409,-0.2729749083518982,-0.42965811491012573,-0.334517240524292,-0.3536384701728821,-0.03232458537709515,0.001,0.019821908449399628,100000.0,-0.09950926099386881,10000.0,-0.04884463548660278
T11,10000.0,T11_day924,T11_day952,30,28,0.11857959628105164,0.1178918182849884,0.1238730251789093,0.07946616411209106,0.06845298409461975,0.31653784509223026,0.001,0.388730994016179,10000.0,0.3640950113585708,10000.0,0.38873180747032166
T11,10000.0,T11_day924,T11_day1057,120,133,-0.003078252077102661,-0.008203566074371338,0.12783479690551758,0.03954187035560608,0.04877346754074097,0.44548688158686683,0.0001,0.47383143526068655,10000.0,0.4575331471925732,1000.0,0.47383126616477966
T11,10000.0,T11_day924,T11_day1398,480,474,-0.258897066116333,-0.25701189041137695,-0.2542874217033386,-0.1990860104560852,-0.23907381296157837,0.11979395531564863,0.0001,0.21855252648756845,10000.0,0.21073579335079085,10000.0,0.2185506522655487
T11,10000.0,T11_day938,T11_day940,1,2,0.3122001886367798,0.31263917684555054,0.3191814124584198,0.28724008798599243,0.2943897545337677,0.31596537782395334,0.01,0.27717818762512375,10000.0,0.3394787751841928,100000.0,0.2771778404712677
T11,10000.0,T11_day938,T11_day1057,120,119,0.2901000380516052,0.294119268655777,0.29885247349739075,0.07865044474601746,0.027489811182022095,0.427997184828681,0.0001,0.47383143526068655,10000.0,0.4539462616965799,1000.0,0.47383126616477966
T11,10000.0,T11_day938,T11_day1426,480,488,-0.47049373388290405,-0.49667030572891235,-0.5329546332359314,-0.22486424446105957,-0.27046340703964233,0.20096421049977875,0.0001,0.26637567654826183,10000.0,0.24518788303480538,10000.0,0.2663756012916565
T11,10000.0,T11_day940,T11_day1059,120,119,0.11861735582351685,0.11745473742485046,-2.6623401641845703,-2.8436057567596436,-8.251975059509277,-1.7316073280393058,0.001,-13.096551493221185,10000.0,-23.8858241335716,10000.0,-13.096510887145996
T11,10000.0,T11_day940,T11_day1426,480,486,-0.3621002435684204,-0.3619849681854248,-0.39860349893569946,-0.2564171552658081,-0.28020644187927246,0.211369778124323,0.0001,0.26637567654826183,10000.0,0.25344098444281915,10000.0,0.2663756012916565
T11,10000.0,T11_day952,T11_day987,30,35,-0.10839349031448364,-0.10864007472991943,-0.12139236927032471,-0.10786747932434082,-0.12087339162826538,-0.1213264715187019,100.0,0.03520808646250079,100000.0,-0.021986159921629334,100000.0,-0.04997250437736511
T11,10000.0,T11_day952,T11_day1064,120,112,0.26031631231307983,0.25263509154319763,0.24837800860404968,0.24593514204025269,0.22580492496490479,0.43786539955139053,0.0001,0.44512015415395445,10000.0,0.4419751716204595,10000.0,0.4451197385787964
T11,10000.0,T11_day952,T11_day1430,480,478,-0.14188140630722046,-0.1456758975982666,-0.1378542184829712,-0.1305275559425354,-0.12376004457473755,-0.007829284021150351,0.001,0.010325036404828791,100000.0,-0.0013745781054971817,10000.0,-0.001634061336517334
T11,10000.0,T11_day987,T11_day1017,30,30,0.22894969582557678,0.223857581615448,0.20405223965644836,0.12231290340423584,0.10018488764762878,0.3452337622793967,1e-06,0.2341107487777469,0.1,0.23411051842479208,0.1,0.35920295119285583
T11,10000.0,T11_day987,T11_day1092,120,105,0.26339396834373474,0.2619272470474243,0.26890406012535095,0.1851043701171875,0.1815102994441986,0.4029221555865242,0.0001,0.454443672086747,10000.0,0.4496087868337012,10000.0,0.45444318652153015
T11,10000.0,T11_day987,T11_day1461,480,474,-0.28424400091171265,-0.28548192977905273,-0.24561995267868042,-0.23847371339797974,-0.24353569746017456,-0.028144683115442937,0.0001,0.0020625293447040782,100000.0,-0.11784103337569651,10000.0,-0.10949015617370605
T11,10000.0,T11_day996,T11_day1025,30,29,0.30435335636138916,0.3009012043476105,0.31921669840812683,0.26507842540740967,0.26054251194000244,0.39570906830018254,0.0001,0.4150705176470477,10000.0,0.41085759919856607,10000.0,0.4150710105895996
T11,10000.0,T11_day996,T11_day1125,120,129,-0.13515186309814453,-0.12095820903778076,-0.07597863674163818,-0.15262651443481445,-0.18712782859802246,-0.04597764933655768,0.001,-0.01989288832455649,10000.0,-0.02453815505573831,10000.0,-0.019894182682037354
T11,10000.0,T11_day996,T11_day1461,480,465,-0.2258319854736328,-0.20095908641815186,-0.1801723837852478,-0.20462971925735474,-0.20177704095840454,-0.015789962420334702,0.0001,0.0020625293447040782,100000.0,-0.09919248081770338,10000.0,-0.10949015617370605
T11,10000.0,T11_day1001,T11_day1025,30,24,0.3077934682369232,0.3035467863082886,0.3257269859313965,0.1034155786037445,0.08711951971054077,0.4095981025442553,0.0001,0.4150705176470477,10000.0,0.4111487396545855,10000.0,0.4150710105895996
T11,10000.0,T11_day1001,T11_day1125,120,124,-0.10467064380645752,-0.09339326620101929,-0.06632840633392334,-0.10665285587310791,-0.16053909063339233,-0.03263748682872025,0.0001,-0.01989288832455649,10000.0,-0.030081864954191184,10000.0,-0.019894182682037354
T11,10000.0,T11_day1001,T11_day1461,480,460,-0.2812337279319763,-0.26233577728271484,-0.21648025512695312,-0.22745007276535034,-0.22567212581634521,-0.05038787297084035,0.0001,0.0020625293447040782,100000.0,-0.152820583505492,10000.0,-0.10949015617370605
T11,10000.0,T11_day1017,T11_day1025,7,8,0.31166157126426697,0.30714693665504456,0.3208026885986328,0.26554787158966064,0.23593127727508545,0.3936236604400315,0.0001,0.4150705176470477,10000.0,0.40832215108661696,10000.0,0.4150710105895996
T11,10000.0,T11_day1017,T11_day1139,120,122,0.20974382758140564,0.214949369430542,0.25704050064086914,0.28332453966140747,0.27147603034973145,0.3659956836957039,0.0001,0.3950901145488626,10000.0,0.40747144509320066,10000.0,0.39509132504463196
T11,10000.0,T11_day1017,T11_day1505,480,488,-0.14451175928115845,-0.1373712420463562,-0.12615418434143066,-0.14033150672912598,-0.13853639364242554,-0.03472788344601552,0.0001,0.0529675680981585,10000.0,0.045839485258809376,10000.0,0.05296698212623596
T11,10000.0,T11_day1022,T11_day1057,30,35,0.39452770352363586,0.39447882771492004,0.4101289212703705,0.406162828207016,0.3386705815792084,0.4820102742635798,0.001,0.47383143526068655,10000.0,0.4781868351428501,10000.0,0.47383126616477966
T11,10000.0,T11_day1022,T11_day1139,120,117,0.12077593803405762,0.11621534824371338,0.1372741162776947,0.19020727276802063,0.18253430724143982,0.34133717302723254,0.0001,0.3950901145488626,10000.0,0.4038583058729648,10000.0,0.39509132504463196
T11,10000.0,T11_day1022,T11_day1505,480,483,-0.2956528067588806,-0.30966317653656006,-0.28656697273254395,-0.3573209047317505,-0.3250545859336853,0.005119642617628151,0.0001,0.0529675680981585,10000.0,0.026599932623813716,10000.0,0.05296698212623596
T11,10000.0,T11_day1025,T11_day1057,30,32,0.43694451451301575,0.4386981427669525,0.4406346082687378,0.44022420048713684,0.4249100983142853,0.47587777313997703,0.001,0.47383143526068655,10000.0,0.4794184002441368,10000.0,0.47383126616477966
T11,10000.0,T11_day1025,T11_day1139,120,114,0.2026403546333313,0.201486736536026,0.23131278157234192,0.22144559025764465,0.21651458740234375,0.339496653872282,0.0001,0.3950901145488626,10000.0,0.40143158641166204,10000.0,0.39509132504463196
T11,10000.0,T11_day1025,T11_day1505,480,480,-0.2651721239089966,-0.2736397981643677,-0.2577546238899231,-0.2984699010848999,-0.3188568353652954,-0.05851950614079254,0.0001,0.0529675680981585,10000.0,0.037532335687703255,10000.0,0.05296698212623596
T11,10000.0,T11_day1057,T11_day1059,1,2,0.3437512218952179,0.3405262529850006,-5.870430946350098,-61.31609344482422,-13.37707805633545,-5.518861944717645,0.001,-13.096551493221185,10000.0,-11.834402246502572,10000.0,-13.096510887145996
T11,10000.0,T11_day1057,T11_day1064,7,7,0.26636967062950134,0.2701987624168396,0.26246902346611023,0.27747443318367004,0.256269633769989,0.40442665114040793,0.001,0.44512015415395445,10000.0,0.4453824338040556,10000.0,0.4451197385787964
T11,10000.0,T11_day1057,T11_day1092,30,35,0.2996971011161804,0.3029220700263977,0.2965838313102722,0.32206547260284424,0.33913102746009827,0.38609797069329915,0.001,0.454443672086747,10000.0,0.43382614529368113,100000.0,0.45444318652153015
T11,10000.0,T11_day1057,T11_day1181,120,124,0.021260589361190796,0.03780251741409302,0.03443208336830139,-0.02195712924003601,0.007510006427764893,0.006698366178638004,0.0001,0.013369421085455746,10000.0,0.042855552169725974,10000.0,0.013368546962738037
T11,10000.0,T11_day1057,T11_day1535,480,478,-0.28342580795288086,-0.2863118648529053,-0.26880502700805664,-0.32970958948135376,-0.5214788913726807,0.36005794050991663,1e-05,0.4499485534982462,100000.0,0.48065157022242955,10000.0,0.48283255100250244
T11,10000.0,T11_day1059,T11_day1092,30,33,-3.1729655265808105,-3.1763663291931152,0.251633882522583,0.2133725881576538,0.22561857104301453,0.35993855937083447,0.001,0.454443672086747,10000.0,0.4499930813056049,10000.0,0.45444318652153015
T11,10000.0,T11_day1059,T11_day1181,120,122,-3.6225337982177734,-3.7100415229797363,-0.08232328295707703,-0.14229324460029602,-0.1213478147983551,-0.08181986972179284,100.0,0.013369421085455746,10000.0,-0.019507775670745187,100000.0,0.013368546962738037
T11,10000.0,T11_day1059,T11_day1535,480,476,-12.262173652648926,-12.210405349731445,-0.24475836753845215,-0.5055984854698181,-0.31516534090042114,0.43005160155384375,1e-05,0.4499485534982462,100000.0,0.47928331532564333,10000.0,0.48283255100250244
T11,10000.0,T11_day1064,T11_day1092,30,28,0.29255974292755127,0.29119735956192017,0.2933073341846466,0.2604854702949524,0.2511183023452759,0.40240064652576146,0.001,0.454443672086747,10000.0,0.41683175332980255,100000.0,0.45444318652153015
T11,10000.0,T11_day1064,T11_day1181,120,117,0.06919530034065247,0.06249275803565979,0.06084892153739929,0.0575442910194397,0.056862205266952515,0.0028975798893610683,0.0001,0.013369421085455746,10000.0,0.06792629844802012,10000.0,0.013368546962738037
T11,10000.0,T11_day1064,T11_day1549,480,485,-0.642052412033081,-0.6214218139648438,-0.6224942803382874,-0.9795384407043457,-0.9554141163825989,-0.6360959915923148,0.0001,-0.5350257229145102,100000.0,-0.4468129405023413,10000.0,-0.5090665817260742
T11,10000.0,T11_day1092,T11_day1125,30,33,-0.026217877864837646,-0.025291144847869873,-0.020336627960205078,-0.040862441062927246,-0.04000765085220337,-0.052694853801612096,0.0001,-0.01989288832455649,10000.0,-0.02501438816676438,10000.0,-0.019894182682037354
T11,10000.0,T11_day1092,T11_day1577,480,485,-0.23945379257202148,-0.2526002526283264,-0.2526136636734009,-0.2734242081642151,-0.2566124200820923,-0.050127373907060124,1e-05,-0.17844449483847047,10000.0,-0.2044965434699032,10000.0,-0.16821527481079102
T11,10000.0,T11_day1125,T11_day1251,120,126,-0.1982066035270691,-0.200614333152771,-0.16695266962051392,-0.12757450342178345,-0.10767638683319092,-0.03746493326077327,0.001,-0.012442109730027628,100000.0,-0.032128955520697555,10000.0,-0.02514210343360901
T11,10000.0,T11_day1125,T11_day1605,480,480,-0.11960160732269287,-0.11486530303955078,-0.1216471791267395,-0.26386475563049316,-0.32228052616119385,0.37167004332823667,0.0001,0.4763124595845765,10000.0,0.4375195549519381,10000.0,0.47631436586380005
T11,10000.0,T11_day1139,T11_day1261,120,122,-0.018559753894805908,-0.006863623857498169,0.06852790713310242,-0.0018391311168670654,0.002274155616760254,0.16969239595448915,0.0001,0.18390103679436381,10000.0,0.18001901358595362,10000.0,0.18390125036239624
T11,10000.0,T11_day1139,T11_day1625,480,486,-0.201305091381073,-0.19070708751678467,-0.17069464921951294,-0.18225336074829102,-0.19754678010940552,0.118071730761933,1e-05,0.1965912695474129,10000.0,0.1860256119627754,10000.0,0.19659042358398438
T11,10000.0,T11_day1181,T11_day1303,120,122,0.1678423285484314,0.16577672958374023,0.15843898057937622,0.12458974123001099,0.13706809282302856,0.23617896369725638,0.0001,0.3032359280232556,10000.0,0.31066101072966634,10000.0,0.3032347857952118
T11,10000.0,T11_day1181,T11_day1661,480,480,-0.2341122031211853,-0.23354917764663696,-0.22523808479309082,-0.4153163433074951,-0.27272385358810425,0.44777899153120176,0.0001,0.535787362246434,10000.0,0.5219530048019638,10000.0,0.5357877016067505
T11,10000.0,T11_day1251,T11_day1282,30,31,0.01849365234375,0.01961347460746765,0.015131711959838867,0.009867340326309204,0.0008701682090759277,0.03651218413577545,0.01,0.09887152809406136,10000.0,0.08265360938952626,10000.0,0.0988730788230896
T11,10000.0,T11_day1251,T11_day1352,120,101,0.35706859827041626,0.35923343896865845,0.3957481384277344,0.07817301154136658,0.1409246027469635,0.5240487431610263,0.0001,0.5464932866955808,10000.0,0.5478916170992395,10000.0,0.5464942455291748
T11,10000.0,T11_day1251,T11_day1710,480,459,-0.2951398491859436,-0.27434152364730835,-0.31043577194213867,-0.2851850986480713,-0.25743335485458374,0.30783364877887487,0.0001,0.39382850967304106,10000.0,0.35594306143910426,10000.0,0.39382925629615784
T11,10000.0,T11_day1261,T11_day1268,7,7,0.40617984533309937,0.4065221846103668,0.40408435463905334,0.39773035049438477,0.4135589599609375,0.4453048802741627,0.0001,0.4344226548045176,10000.0,0.4415276052713051,10000.0,0.4344235956668854
T11,10000.0,T11_day1261,T11_day1395,120,134,-0.2052035927772522,-0.20727407932281494,-0.21288526058197021,-0.38792675733566284,-0.3119373321533203,-0.01610969983247279,0.001,0.019821908449399628,100000.0,-0.07034389675850261,100000.0,-0.04884463548660278
T11,10000.0,T11_day1261,T11_day1710,480,449,-0.26749187707901,-0.28496628999710083,-0.2734273076057434,-0.6248173713684082,-0.7323505282402039,0.3261443742422939,1e-05,0.39382850967304106,10000.0,0.3612776233600764,1000.0,0.39382925629615784
T11,10000.0,T11_day1268,T11_day1303,30,35,0.2750356197357178,0.2751057744026184,0.2641167938709259,0.26218336820602417,0.2517073452472687,0.28950915777218794,0.01,0.3032359280232556,10000.0,0.31825443905527867,10000.0,0.3032347857952118
T11,10000.0,T11_day1268,T11_day1395,120,127,-0.26109832525253296,-0.26421648263931274,-0.3201521635055542,-2.2373220920562744,-3.6493396759033203,-0.10755146979083785,0.001,0.019821908449399628,100000.0,-0.15611410904678302,100000.0,-0.04884463548660278
T11,10000.0,T11_day1268,T11_day1710,480,442,-0.37530797719955444,-0.37235307693481445,-0.3823578357696533,-0.6830384731292725,-0.6531822681427002,0.3237331506211424,1e-05,0.39382850967304106,10000.0,0.3596548376338423,1000.0,0.39382925629615784
T11,10000.0,T11_day1279,T11_day1307,30,28,0.05999979376792908,0.06200683116912842,0.015315711498260498,-0.03914904594421387,-0.06287837028503418,0.07925798560503944,0.001,0.0977130048489328,100000.0,0.061773160678772254,100000.0,0.045399606227874756
T11,10000.0,T11_day1279,T11_day1398,120,119,-0.13254082202911377,-0.1337795853614807,-0.12213951349258423,-0.19545108079910278,-0.1776137351989746,0.14380523004349216,0.0001,0.21855252648756845,10000.0,0.21166868818694978,10000.0,0.2185506522655487
T11,10000.0,T11_day1279,T11_day1710,480,431,-0.3481983542442322,-0.32866692543029785,-0.31095659732818604,-0.6671728491783142,-0.8915511965751648,0.32315665965953,1e-05,0.39382850967304106,10000.0,0.3611427175756546,1000.0,0.39382925629615784
T11,10000.0,T11_day1282,T11_day1307,30,25,-0.07684874534606934,-0.07607674598693848,-0.09553539752960205,-0.13423043489456177,-0.1220746636390686,0.06209622448216112,0.001,0.0977130048489328,100000.0,0.028842505459642176,10000.0,0.045399606227874756
T11,10000.0,T11_day1282,T11_day1398,120,116,-0.2318090796470642,-0.2316981554031372,-0.2129915952682495,-0.25395119190216064,-0.18837100267410278,0.14713366042368725,0.0001,0.21855252648756845,10000.0,0.21814760104249098,10000.0,0.2185506522655487
T11,10000.0,T11_day1282,T11_day1710,480,428,-0.625336229801178,-0.6212481260299683,-0.5747610926628113,-0.48961198329925537,-0.6699094176292419,0.31124430567584904,1e-05,0.39382850967304106,10000.0,0.356393675485638,1000.0,0.39382925629615784
T11,10000.0,T11_day1303,T11_day1338,30,35,0.15778806805610657,0.1598924994468689,0.12475475668907166,0.03619915246963501,-0.02584126591682434,0.16148476995503985,0.01,0.3291456258168173,10000.0,0.27019804321946234,100000.0,0.32914599776268005
T11,10000.0,T11_day1303,T11_day1426,120,123,-0.22027796506881714,-0.22875869274139404,-0.270089328289032,-0.295943021774292,-0.2547956705093384,0.20944270099867524,1e-05,0.26637567654826183,10000.0,0.25273023519207927,1000.0,0.2663756012916565
T11,10000.0,T11_day1303,T11_day1710,480,407,-0.4442892074584961,-0.43579238653182983,-0.451057493686676,-0.5695698857307434,-0.678646445274353,0.303220545948135,1e-05,0.39382850967304106,10000.0,0.36087629057807574,1000.0,0.39382925629615784
T11,10000.0,T11_day1307,T11_day1338,30,31,0.13427698612213135,0.13495448231697083,0.11357623338699341,0.08977961540222168,0.07482841610908508,0.22150121145668067,0.001,0.3291456258168173,10000.0,0.3077554755104744,10000.0,0.32914599776268005
T11,10000.0,T11_day1307,T11_day1426,120,119,-0.3499470353126526,-0.34675514698028564,-0.31105291843414307,-0.30486005544662476,-0.32393407821655273,0.20971827507513174,0.0001,0.26637567654826183,10000.0,0.2526024249126125,1000.0,0.2663756012916565
T11,10000.0,T11_day1307,T11_day1710,480,403,-0.3776015639305115,-0.3817659616470337,-0.33963823318481445,-0.4451092481613159,-0.4017852544784546,0.2954791710363817,1e-05,0.39382850967304106,10000.0,0.36144561522691915,1000.0,0.39382925629615784
T11,10000.0,T11_day1324,T11_day1352,30,28,-0.11381873488426208,-0.10813379287719727,0.4178904891014099,0.39923354983329773,0.39880332350730896,0.5325017051742584,1e-05,0.5464932866955808,10000.0,0.5418790696092701,10000.0,0.5464942455291748
T11,10000.0,T11_day1324,T11_day1430,120,106,-0.8980720639228821,-0.9064392447471619,-0.09307658672332764,-0.09874838590621948,-0.10314673185348511,0.007089514273824538,0.0001,0.010325036404828791,100000.0,-0.005354530720804662,10000.0,-0.001634061336517334
T11,10000.0,T11_day1324,T11_day1710,480,386,-1.0057902336120605,-1.0066428184509277,-0.23234963417053223,-0.3947562575340271,-0.4644651412963867,0.31107653659761864,1e-05,0.39382850967304106,10000.0,0.36607964740929383,10000.0,0.39382925629615784
T11,10000.0,T11_day1338,T11_day1461,120,123,-0.159929096698761,-0.1640593409538269,-0.14823132753372192,-0.1636183261871338,-0.15969276428222656,-0.033448961996389914,0.0001,0.0020625293447040782,100000.0,-0.14945932821940933,10000.0,-0.10949015617370605
T11,10000.0,T11_day1338,T11_day1710,480,372,-0.391292929649353,-0.4074594974517822,-0.3790062665939331,-0.24271023273468018,-0.2516747713088989,0.3132099761882601,0.0001,0.39382850967304106,10000.0,0.3653578826599308,1000.0,0.39382925629615784
T11,10000.0,T11_day1352,T11_day1461,120,109,-0.19586998224258423,-0.19225966930389404,-0.15876507759094238,-0.2367756962776184,-0.1841631531715393,-0.03327011585263634,0.0001,0.0020625293447040782,100000.0,-0.13510312497956722,10000.0,-0.10949015617370605
T11,10000.0,T11_day1395,T11_day1426,30,31,-0.3729046583175659,-0.37574273347854614,-0.359250545501709,-0.2667495012283325,-0.2801952362060547,0.16640970735908078,1e-05,0.26637567654826183,10000.0,0.2499462320051543,100.0,0.2663756012916565
T11,10000.0,T11_day1395,T11_day1519,120,124,-0.1081085205078125,-0.1036231517791748,-0.10482999682426453,-0.12601357698440552,-0.11911240220069885,0.21660857009704543,0.0001,0.1835605394741331,100000.0,0.1769757207977244,10000.0,0.26452282071113586
T11,10000.0,T11_day1398,T11_day1426,30,28,-0.28249597549438477,-0.28639763593673706,-0.28122180700302124,-0.31321513652801514,-0.31020593643188477,0.15880614386771597,1e-06,0.26637567654826183,10000.0,0.24995881017931748,100.0,0.2663756012916565
T11,10000.0,T11_day1398,T11_day1519,120,121,-0.1433086097240448,-0.14082175493240356,-0.12740963697433472,-0.11086943745613098,-0.11018162965774536,0.19772468687336237,0.0001,0.1835605394741331,100000.0,0.16469994204330146,10000.0,0.26452282071113586
T11,10000.0,T11_day1426,T11_day1461,30,35,-0.24461662769317627,-0.2477799654006958,-0.23207128047943115,-0.2795121669769287,-0.4088272452354431,-0.006813409997814657,0.0001,0.0020625293447040782,100000.0,-0.13028774989069591,10000.0,-0.10949015617370605
T11,10000.0,T11_day1426,T11_day1549,120,123,-0.9066647291183472,-0.8868440985679626,-0.8881812691688538,-1.1660321950912476,-0.9125614166259766,-0.6205357441656221,0.0001,-0.5350257229145102,100000.0,-0.5004830404551347,10000.0,-0.5090665817260742
T11,10000.0,T11_day1430,T11_day1461,30,31,-0.04240763187408447,-0.042398691177368164,-0.03985804319381714,-0.04215294122695923,-0.04188978672027588,-0.04852528011709889,0.0001,0.0020625293447040782,100000.0,-0.018752679863686172,100000.0,-0.10949015617370605
T11,10000.0,T11_day1430,T11_day1549,120,119,-0.4607163071632385,-0.452073335647583,-0.43577539920806885,-0.5134862661361694,-0.4974801540374756,-0.5829907589338621,0.0001,-0.5350257229145102,100000.0,-0.35434500831229704,100000.0,-0.5090665817260742
T11,10000.0,T11_day1461,T11_day1577,120,116,-0.15776920318603516,-0.15807503461837769,-0.09404802322387695,-0.08624982833862305,-0.07517200708389282,-0.15645049811371503,0.0001,-0.17844449483847047,10000.0,-0.19526123541021378,10000.0,-0.16821527481079102
T11,10000.0,T11_day1505,T11_day1535,30,30,0.2517258822917938,0.24259591102600098,0.19782570004463196,0.13429272174835205,0.15712836384773254,0.45071911425703776,0.001,0.4499485534982462,100000.0,0.48603762145415713,10000.0,0.48283255100250244
T11,10000.0,T11_day1505,T11_day1625,120,120,0.06417405605316162,0.06252378225326538,0.04096898436546326,0.02033969759941101,0.016086220741271973,0.1330709441600097,0.001,0.1965912695474129,10000.0,0.19603062380694125,10000.0,0.19659042358398438
T11,10000.0,T11_day1519,T11_day1549,30,30,-0.37975990772247314,-0.37730759382247925,-0.3599010109901428,-0.42133450508117676,-0.4110162854194641,-0.5401932581229649,0.001,-0.5350257229145102,100000.0,-0.30020880076713785,100000.0,-0.5090665817260742
T11,10000.0,T11_day1519,T11_day1633,120,114,-0.33196204900741577,-0.3279227614402771,-0.872339129447937,-0.8378940224647522,-0.8136646747589111,-0.871955240954471,100.0,-0.02987917814385066,100000.0,-0.8404391255311171,1000000.0,-0.18968510627746582
T11,10000.0,T11_day1528,T11_day1535,7,7,0.3449413478374481,0.33159247040748596,0.3268657624721527,0.328917920589447,0.33067041635513306,0.47960201342660497,0.0001,0.4499485534982462,100000.0,0.44863473516776603,100000.0,0.48283255100250244
T11,10000.0,T11_day1528,T11_day1661,120,133,0.4309075176715851,0.42993438243865967,0.41886770725250244,0.4497147798538208,0.45585551857948303,0.5172282035685348,1e-05,0.535787362246434,10000.0,0.5360720871788585,10000.0,0.5357877016067505
T11,10000.0,T11_day1535,T11_day1661,120,126,0.3035414218902588,0.30191248655319214,0.2747102677822113,0.2539825737476349,0.264680951833725,0.5142298658619486,1e-05,0.535787362246434,10000.0,0.5056791577090047,100.0,0.5357877016067505
T11,10000.0,T11_day1549,T11_day1577,30,28,-0.0705992579460144,-0.07049977779388428,-0.06573116779327393,-0.1723359227180481,-0.12713104486465454,-0.1318626827406173,0.001,-0.17844449483847047,10000.0,-0.19879742484619667,10000.0,-0.16821527481079102
T11,10000.0,T11_day1549,T11_day1661,120,112,0.3743119537830353,0.3719983696937561,0.36371803283691406,0.3370719850063324,0.35158827900886536,0.5176404676687227,1e-05,0.535787362246434,10000.0,0.5130322638463071,1000.0,0.5357877016067505
T11,10000.0,T11_day1577,T11_day1605,30,28,0.440940260887146,0.44078484177589417,0.43515899777412415,0.35939157009124756,0.34905651211738586,0.4721808087376667,0.0001,0.4763124595845765,10000.0,0.4815470601782478,10000.0,0.47631436586380005
T11,10000.0,T11_day1577,T11_day1703,120,126,-0.33887094259262085,-0.3450121283531189,-0.3651019334793091,-0.379184365272522,-0.3755913972854614,0.23753273772380634,1e-05,0.3390303527099737,10000.0,0.3274748114896024,10000.0,0.3966588079929352
T11,10000.0,T11_day1591,T11_day1625,30,34,-0.11150532960891724,-0.11310869455337524,-0.12088537216186523,-0.14177852869033813,-0.13495540618896484,0.02149919526792704,1e-05,0.1965912695474129,10000.0,0.1896044268789513,10000.0,0.19659042358398438
T11,10000.0,T11_day1591,T11_day1710,120,119,-0.3833560347557068,-0.3861045837402344,-0.36372286081314087,-0.6984975337982178,-0.503472626209259,0.32898845190614917,1e-05,0.39382850967304106,10000.0,0.3624837175553736,1000.0,0.39382925629615784
T11,10000.0,T11_day1605,T11_day1633,30,28,-0.18477976322174072,-0.18706375360488892,-0.5698943734169006,-0.6382855772972107,-0.6586069464683533,-0.5698753265543276,100.0,-0.02987917814385066,100000.0,-0.46237988935991114,100000.0,-0.18968510627746582
T11,10000.0,T11_day1605,T11_day1710,120,105,-0.40020930767059326,-0.3809230923652649,-0.3723323345184326,-0.363933801651001,-0.4559516906738281,0.29891631882721925,0.0001,0.39382850967304106,10000.0,0.3674891263796145,1000.0,0.39382925629615784
T11,10000.0,T11_day1625,T11_day1633,7,8,-0.23969578742980957,-0.24117827415466309,-0.6642442941665649,-0.7337658405303955,-0.8221891522407532,-0.6642179024186695,100.0,-0.02987917814385066,100000.0,-0.6345721450910059,1000000.0,-0.18968510627746582
T11,10000.0,T11_day1625,T11_day1661,30,36,0.4980327785015106,0.49633193016052246,0.5043129920959473,0.3834097683429718,0.3589043617248535,0.5203316178696192,1e-05,0.535787362246434,10000.0,0.5379611162868196,100000.0,0.5357877016067505
T11,10000.0,T11_day1633,T11_day1661,30,28,0.2702972888946533,0.27247998118400574,0.24755072593688965,0.08073565363883972,0.08055782318115234,0.41282289827729435,0.001,0.535787362246434,10000.0,0.5329590621652283,10000.0,0.5357877016067505
T11,10000.0,T11_day1703,T11_day1710,7,7,-0.28135931491851807,-0.28287869691848755,-0.26764416694641113,-0.6183216571807861,-0.3497891426086426,0.33371496047416827,1e-05,0.39382850967304106,10000.0,0.36415281442672726,1000.0,0.39382925629615784
