participant,train,test,gap_target,days,train_day,L0,L1,L2,L4u,L4s,L3_n300,lam_L3_n300,L6_n300,lam_L6_n300,L6p_n300,lam_L6p_n300,own
T11,T11_day41,T11_day48,7,7,41,-188442.234375,-188246.203125,-70.49388885498047,-349.6547546386719,-299.8700866699219,-65.11150320682657,0.001,-150.0181358173807,100000.0,-108.35239998997402,100000.0,-19979.0859375
T11,T11_day41,T11_day69,30,28,41,-230858.0625,-231648.84375,-329.8531494140625,-531.0099487304688,-1060.663330078125,-370.94888290752,0.0001,-149.41978269750206,100000.0,-1837.7941413014964,10000.0,-104967.2578125
T11,T11_day41,T11_day153,120,112,41,-197489.9375,-195144.40625,-47.934844970703125,-60.44546127319336,-59.699615478515625,-47.93257519786657,100.0,-2.2493351478604,100000.0,-33.48196493803584,100000.0,-35.86289978027344
T11,T11_day41,T11_day521,480,480,41,-736.1026000976562,-717.7529296875,-160.93544006347656,-297.1473388671875,-142.65548706054688,-3.1062520066187345,0.001,-17.71648520752716,100000.0,-64.50760220806245,10000.0,-380.80621337890625
T11,T11_day48,T11_day55,7,7,48,-4.222830295562744,-1.2909637689590454,-117.62835693359375,-229.69961547851562,-225.42921447753906,-0.542169321481955,0.0001,-2.415413769578966,100000.0,-9.002500259131562,1000.0,-9.31736946105957
T11,T11_day48,T11_day79,30,31,48,-584340.75,-584320.0,-2588058624.0,-1348671872.0,-1142425728.0,-25355522.30866138,0.0001,-108074488.16608292,10000.0,-205147810.92252317,100.0,-80341784.0
T11,T11_day48,T11_day171,120,123,48,-8.161713600158691,-0.8212013840675354,-17.09561538696289,-12.18660831451416,-12.122962951660156,0.28500327240475376,0.0001,0.3478566001103641,10000.0,0.3458153676982996,100.0,0.35162991285324097
T11,T11_day48,T11_day527,480,479,48,-13.753652572631836,-4.153603553771973,-26.528995513916016,-78.03012084960938,-59.417755126953125,-14.095170583607235,0.001,0.13089659504688805,10000.0,-51.555383058527106,100.0,-28.552780151367188
T11,T11_day51,T11_day58,7,7,51,-4.938427925109863,-4.825517177581787,-2946352.25,-2788198.75,-2792047.0,0.01678667471274503,0.001,0.07072175654110285,100000.0,-42.189411506527776,1.0,-1.982080101966858
T11,T11_day51,T11_day79,30,28,51,-39487.7578125,-39503.88671875,-16699503935488.0,-8742531760128.0,-8904953036800.0,-943083.9921359883,0.0001,-108074488.16608292,10000.0,-211101906.01833707,0.1,-80341784.0
T11,T11_day51,T11_day171,120,120,51,-0.818796694278717,-0.08604848384857178,-9791.16015625,-9676.6015625,-9705.34765625,0.2677973217271121,1e-05,0.3478566001103641,10000.0,0.3516358349785155,0.1,0.35162991285324097
T11,T11_day51,T11_day527,480,476,51,-2.27512788772583,-1.0984392166137695,-1762718.25,-2080485.0,-2063370.25,-11.317871641889571,1e-06,0.13089659504688805,10000.0,-27.88205067714744,0.1,-28.552780151367188
T11,T11_day55,T11_day86,30,31,55,-14.191839218139648,-1.3432176113128662,-0.7765809893608093,-0.6770136952400208,-0.6356733441352844,0.11137936962647255,0.0001,0.20943041713654292,100000.0,0.2191014975011577,1000.0,0.2440355122089386
T11,T11_day55,T11_day177,120,122,55,-39.4169921875,-21.69919204711914,-227.7723388671875,-79.22310638427734,-78.92947387695312,-9.178273007913315,0.0001,-3.1177565847051882,10000.0,-9.974011581756633,1000.0,-9.663902282714844
T11,T11_day55,T11_day535,480,480,55,-2.9619741439819336,-1.310738444328308,-0.796423077583313,-0.3252968192100525,-0.3293839693069458,0.3230732628454741,0.0001,0.36637312175336945,10000.0,0.33834796070065093,1000.0,0.32428857684135437
T11,T11_day58,T11_day86,30,28,58,-2.224040985107422,-0.6857202649116516,-19.54294776916504,-15.07425308227539,-14.489166259765625,0.09457328767918538,0.001,0.20943041713654292,100000.0,0.2160152070744304,1000.0,0.2440355122089386
T11,T11_day58,T11_day177,120,119,58,-9.633672714233398,-5.423264503479004,-34.86282730102539,-197.42288208007812,-479.78570556640625,-0.8684323654753586,0.0001,-3.1177565847051882,10000.0,-9.474102020588045,100.0,-9.663902282714844
T11,T11_day58,T11_day538,480,480,58,-4449.755859375,-4444.69580078125,-27918664.0,-16133225.0,-12003926.0,-99864.75583539967,1e-05,-134687.0647962205,10000.0,-295329.9327923418,10.0,-294688.1875
T11,T11_day69,T11_day100,30,31,69,-0.2115495800971985,-0.5597230195999146,-1793.8428955078125,-1870.050048828125,-1864.61181640625,0.006601551943951678,0.001,0.011758184784020853,100000.0,-0.06435021881694292,10.0,0.038249582052230835
T11,T11_day69,T11_day191,120,122,69,-879.3525390625,-1010.5473022460938,-6201022.5,-5544766.0,-5572733.0,-0.17975071695431977,0.0001,-0.07858008678900685,100000.0,-26.07091629039769,0.1,-77.08042907714844
T11,T11_day69,T11_day548,480,479,69,-3.709357261657715,-3.7420525550842285,-247504.34375,-244098.75,-244035.46875,0.22041226747415393,0.001,0.46818135059949034,10000.0,0.3414145280149481,10.0,0.4030679166316986
T11,T11_day79,T11_day86,7,7,79,-172.30796813964844,-26.143474578857422,-4.899237632751465,-2.2674460411071777,-2.2651729583740234,0.15181749408109696,0.0001,0.20943041713654292,100000.0,0.22510929517619538,1000.0,0.2440355122089386
T11,T11_day79,T11_day111,30,32,79,-83.95149993896484,-29.899749755859375,-206.76315307617188,-180.02511596679688,-180.48501586914062,-7.476052500282082,0.0001,0.025244178390505356,100000.0,-3.849974847204281,1000.0,-4.590212821960449
T11,T11_day79,T11_day199,120,120,79,-1133.6473388671875,-789.8624877929688,-21.187314987182617,-18.55106544494629,-26.91177749633789,-12.364628432378597,0.0001,-17.295673239083204,10000.0,-26.492315738848454,10000.0,-45.94264221191406
T11,T11_day79,T11_day560,480,481,79,-28919.013671875,-28763.46875,-8570.8779296875,-12268.9638671875,-14597.884765625,-1927.6298418318142,0.001,-3968.0278283911475,10000.0,-9651.129890772494,1000.0,-21757.23046875
T11,T11_day83,T11_day112,30,29,83,-28.52838897705078,-13.735584259033203,-0.13420814275741577,-0.5008403658866882,-0.3687670826911926,0.34924471287966646,0.0001,0.40853907107112075,10000.0,0.41939111443950267,10000.0,0.4005887508392334
T11,T11_day83,T11_day199,120,116,83,-40484920.0,-39847500.0,-27.400146484375,-90.46619415283203,-70.87638854980469,-16.96498811779169,0.0001,-17.295673239083204,10000.0,-17.412283005727573,10000.0,-45.94264221191406
T11,T11_day83,T11_day563,480,480,83,-99.68539428710938,-35.83314514160156,-0.137875497341156,-0.3988533616065979,-0.3596876263618469,0.2557647370147196,0.0001,0.3150351674324042,10000.0,0.30274808800034736,10000.0,0.29096749424934387
T11,T11_day86,T11_day112,30,26,86,-49.28517150878906,-12.352790832519531,-0.17262130975723267,-0.28507816791534424,-0.33685845136642456,0.2767082245680108,0.0001,0.40853907107112075,10000.0,0.40630482331843365,1000.0,0.4005887508392334
T11,T11_day86,T11_day199,120,113,86,-15601731.0,-15380594.0,-14.871709823608398,-48.717247009277344,-37.903053283691406,-13.856769799501658,0.0001,-17.295673239083204,10000.0,-21.77850520135728,10000.0,-45.94264221191406
T11,T11_day86,T11_day563,480,477,86,-358.3585510253906,-92.29264831542969,-0.2545812129974365,-0.32822751998901367,-0.4528127908706665,0.2456759754625702,1e-05,0.3150351674324042,10000.0,0.29654047521693344,10000.0,0.29096749424934387
T11,T11_day97,T11_day126,30,29,97,-29.184349060058594,-10.367753982543945,-120.70027923583984,-76.69438934326172,-78.45661926269531,0.1265284420498708,0.001,0.1917324685270741,100000.0,0.27646878063015456,1000.0,0.3522203266620636
T11,T11_day97,T11_day219,120,122,97,-93.59455871582031,-46.02660369873047,-29.782642364501953,-62.06385803222656,-65.17779541015625,0.16021410131324626,0.0001,0.22267505311957397,10000.0,-0.18494744976382516,100.0,-0.12247049808502197
T11,T11_day97,T11_day576,480,479,97,-103.47274780273438,-5.413837432861328,-64.93709564208984,-46.42809295654297,-46.56483840942383,0.43178828788103824,1e-06,0.49714427477314854,10000.0,0.4781515858854355,10.0,0.4781038463115692
T11,T11_day100,T11_day126,30,26,100,-0.2758227288722992,-0.08967918157577515,-7.708761215209961,-8.3021240234375,-8.229313850402832,0.1972137826940576,0.001,0.1917324685270741,100000.0,-0.002941339391339337,10000.0,0.3522203266620636
T11,T11_day100,T11_day219,120,119,100,-54.936161041259766,-54.64923095703125,-9.190953254699707,-11.179969787597656,-10.477802276611328,-0.06653919575511613,0.001,0.22267505311957397,10000.0,-0.23012670213897013,100.0,-0.12247049808502197
T11,T11_day100,T11_day583,480,483,100,-0.14896583557128906,-0.1937924027442932,-8.734174728393555,-7.881931781768799,-7.986814975738525,0.39697961158979245,1e-06,0.5179512105744084,10000.0,0.505624089178087,100.0,0.5054484009742737
T11,T11_day111,T11_day112,1,1,111,-0.027335286140441895,0.18141010403633118,0.13436642289161682,-0.04505729675292969,-0.0490565299987793,0.37122982492359785,0.0001,0.40853907107112075,10000.0,0.3968293605669435,10000.0,0.4005887508392334
T11,T11_day111,T11_day140,30,29,111,-952.386962890625,-1102.222412109375,0.04473254084587097,0.01664230227470398,-0.036769330501556396,0.07716274570346843,0.001,0.08975337298473385,100000.0,0.12080876408148533,100000.0,-1.7922083139419556
T11,T11_day111,T11_day231,120,120,111,-41828.81640625,-41858.59765625,-11871.591796875,-5957.9755859375,-5393.8798828125,-2730.6476338814027,0.01,-4.734348331135573,1000000.0,-9653.253297026537,1000000.0,-9478.2294921875
T11,T11_day111,T11_day590,480,479,111,-9286.0517578125,-9291.6455078125,-16930.291015625,-11321.73828125,-11970.05859375,-5644.601465097478,0.0001,-4984.98210190881,10000.0,-15782.820904497343,1000.0,-27017.88671875
T11,T11_day112,T11_day140,30,28,112,-624.4312133789062,-704.5985717773438,-0.026407837867736816,-0.03939610719680786,-0.06527334451675415,0.0860846955667881,0.001,0.08975337298473385,100000.0,0.12758847118113137,100000.0,-1.7922083139419556
T11,T11_day112,T11_day231,120,119,112,-23842.4609375,-23735.859375,-3397.8359375,-3056.32275390625,-2105.619384765625,-2323.221385929573,0.01,-4.734348331135573,1000000.0,-2938.703552928881,1000000.0,-9478.2294921875
T11,T11_day112,T11_day590,480,478,112,-3221.65576171875,-3214.533203125,-3503.1552734375,-7413.05078125,-10629.8515625,-5698.7977058503575,0.0001,-4984.98210190881,10000.0,-15635.171378303272,1000.0,-27017.88671875
T11,T11_day122,T11_day153,30,31,122,-85.89417266845703,-86.58389282226562,-615.7676391601562,-69239.2421875,-41747.765625,-20.49786880608847,0.0001,-2.2493351478604,100000.0,-35.4834318988144,1.0,-35.86289978027344
T11,T11_day122,T11_day241,120,119,122,-29.198589324951172,-213.69284057617188,0.019787609577178955,-19.61520004272461,-13.236464500427246,0.03722469806234047,1e-05,-0.00507247351914164,1000000.0,-0.018570304496897283,10.0,-0.09118616580963135
T11,T11_day122,T11_day602,480,480,122,-210198448.0,-210146496.0,-69882024.0,-101394800.0,-278672160.0,-118485.19328179114,0.001,-20750.858219409267,100000.0,-18308636.595476836,10.0,-3524266.0
T11,T11_day126,T11_day153,30,27,126,-82265.421875,-80667.578125,-17.50442886352539,-21.800867080688477,-17.227581024169922,-17.177640342199517,0.1,-2.2493351478604,100000.0,-24.532771898763354,10000.0,-35.86289978027344
T11,T11_day126,T11_day247,120,121,126,-1936.70751953125,-1941.76416015625,-24.720008850097656,-28.39260482788086,-26.581336975097656,-24.83266072718106,0.1,-3.9327728512082523,10000.0,-24.76355775396073,1000000.0,-770.671875
T11,T11_day126,T11_day604,480,478,126,-29.977313995361328,-1504.815185546875,-3.830645799636841,-3.749934673309326,-3.6263046264648438,0.30223403420599504,0.0001,0.42652160023491786,10000.0,-1.2775209764127542,100000.0,-0.740847110748291
T11,T11_day140,T11_day171,30,31,140,-0.18942052125930786,0.015704721212387085,-5723.9921875,-5135.576171875,-5119.23779296875,0.2989921888777892,1e-05,0.3478566001103641,10000.0,0.35162436642074224,0.1,0.35162991285324097
T11,T11_day140,T11_day261,120,121,140,-86.06652069091797,-85.51287078857422,-2458.4248046875,-2462.697265625,-2498.0625,0.006446539673060636,0.001,0.008735983764136923,100000.0,-3.2562567308542087,0.1,-3.2818105220794678
T11,T11_day140,T11_day617,480,477,140,-1.49734365940094,-0.09693974256515503,-38537.6484375,-37282.17578125,-37039.01171875,0.32832742933946507,0.0001,0.4241101990843474,10000.0,0.40679639395404826,1.0,0.40710631012916565
T11,T11_day153,T11_day185,30,32,153,-3604254.25,-3597742.75,-38.136314392089844,-18.104564666748047,-17.325687408447266,-1.324723012935796,0.0001,-0.2965769978651309,100000.0,-8.447026811579235,1000.0,-1.437648057937622
T11,T11_day153,T11_day275,120,122,153,-6.994068622589111,-0.944097638130188,-3.6018075942993164,-5.639708518981934,-5.6354875564575195,-0.2625986873703561,0.01,0.07879969791901481,100000.0,-1.3347062520333994,10000.0,-0.42835742235183716
T11,T11_day153,T11_day632,480,479,153,-22.412960052490234,-1.9713785648345947,-21.464168548583984,-9.600393295288086,-9.66433048248291,0.02042126796543242,0.01,0.26995455895997794,10000.0,0.1373982004061161,100.0,0.127091646194458
T11,T11_day171,T11_day177,7,6,171,-339.2041931152344,-337.4931945800781,-22.727251052856445,-38.119651794433594,-49.54131317138672,-1.5824218576331965,0.0001,-3.1177565847051882,10000.0,-9.456748173905048,100.0,-9.663902282714844
T11,T11_day171,T11_day199,30,28,171,-223057.78125,-219489.296875,-275.4651184082031,-261.1656494140625,-256.4048156738281,-8.915285483985995,0.001,-17.295673239083204,10000.0,-32.26529735425173,1000.0,-45.94264221191406
T11,T11_day171,T11_day297,120,126,171,-7744.0576171875,-9371.4140625,-11.602919578552246,-11.140291213989258,-10.427165985107422,-0.7438436476331359,0.001,-0.10692885769339466,1000000.0,-9.917643067080341,1000000.0,-0.23179411888122559
T11,T11_day171,T11_day646,480,475,171,-419319648.0,-417095712.0,-7.079290866851807,-6.982785224914551,-2.40787935256958,-4.075915420806198,0.1,0.029849144994714083,1000000.0,-4.781323235980581,1000000.0,-34087.33203125
T11,T11_day177,T11_day185,7,8,177,-3413955.0,-3403071.5,-7.663748741149902,-4.482385635375977,-4.694676399230957,-5.989537149268964,0.001,-0.2965769978651309,100000.0,-14.118478532847304,100000.0,-1.437648057937622
T11,T11_day177,T11_day297,120,120,177,-22060.51171875,-34449.07421875,-0.8149887919425964,-0.7917957901954651,-0.840579628944397,-0.8222604705543564,1.0,-0.10692885769339466,1000000.0,-0.767644792431484,1000000.0,-0.23179411888122559
T11,T11_day177,T11_day658,480,481,177,-42.89185333251953,-92.75524139404297,-269.7952575683594,-253.81893920898438,-322.89678955078125,-40.143675805300724,0.001,-9.088631266078172,100000.0,-83.55334056747486,100000.0,-30.392385482788086
T11,T11_day185,T11_day191,7,6,185,-3.169940948486328,-3.1669273376464844,-170.94815063476562,-154.64300537109375,-147.09446716308594,-3.952102216391423,0.01,-0.07858008678900685,100000.0,-21.502271886541863,1000.0,-77.08042907714844
T11,T11_day185,T11_day219,30,34,185,-0.0909157395362854,0.0337291955947876,-31.096899032592773,-21.726831436157227,-21.10816764831543,0.1474746889032511,0.001,0.22267505311957397,10000.0,-0.04467392436937345,1000.0,-0.12247049808502197
T11,T11_day185,T11_day308,120,123,185,-0.3986021876335144,-0.451190710067749,-19.742918014526367,-20.878318786621094,-20.37419891357422,-13.515545679733847,0.01,0.0692926582177033,100000.0,-95.4510397591463,10000.0,-607.448974609375
T11,T11_day185,T11_day665,480,480,185,-0.1868220567703247,-0.12834888696670532,-529.751220703125,-603.2542724609375,-628.640869140625,-1.252918240141001,0.001,-1.0614155472571118,100000.0,-47.38759386456444,1000.0,-77.10733795166016
T11,T11_day191,T11_day198,7,7,191,-21.638931274414062,-21.501392364501953,-5046121.5,-5122329.0,-5054209.0,-114.86756979760939,0.0001,-5.123989334444034,10000.0,-750.9497085738225,0.1,-729.8544921875
T11,T11_day191,T11_day219,30,28,191,-42.38450622558594,-42.2860107421875,-122346.3046875,-117376.78125,-151157.3125,0.27415850385401686,0.0001,0.22267505311957397,10000.0,-0.12679384927744708,0.1,-0.12247049808502197
T11,T11_day191,T11_day310,120,119,191,-195104.125,-195104.0,-3952558080.0,-5777679360.0,-6126151680.0,-3954.3619553064837,0.0001,-30552.479181861792,10000.0,-1148080.179265765,0.1,-1138332.5
T11,T11_day191,T11_day672,480,481,191,-40.3394775390625,-529.4226684570312,-38.62520217895508,-5380.8173828125,-9953.794921875,-3.1142366511779658,0.0001,-1.1467466106016557,10000.0,-27.168714502668827,10000.0,-17.348112106323242
T11,T11_day198,T11_day199,1,1,198,-349.76971435546875,-326.963134765625,-101.96266174316406,-82.80994415283203,-90.92703247070312,-11.28978246522366,0.0001,-17.295673239083204,10000.0,-26.855263405753405,1000.0,-45.94264221191406
T11,T11_day198,T11_day227,30,29,198,-1367.4437255859375,-604119.8125,-28806.205078125,-19463.87109375,-19700.16015625,-14.758241134137652,0.0001,-7.5829923616593895,10000.0,-28327.694986080114,1000000.0,-919.7027587890625
T11,T11_day198,T11_day324,120,126,198,-136306.9375,-143758.796875,-499.3494873046875,-421.49005126953125,-429.48486328125,-1.6372154335915097,0.0001,-0.0012930183232856551,1000000.0,-26.86378263692989,1000.0,-51.194698333740234
T11,T11_day198,T11_day675,480,477,198,-97524.9453125,-97179.8125,-14237.14453125,-11569.0390625,-10346.9365234375,-70.9344924978381,0.001,-81.11736432205592,10000.0,-801.1145848004703,1000.0,-2019.2666015625
T11,T11_day199,T11_day227,30,28,199,-2457.7353515625,-5278269.0,-16.20982551574707,-25.722213745117188,-95.05569458007812,-4.68330165338759,0.0001,-7.5829923616593895,10000.0,-16.54514451097701,1000000.0,-919.7027587890625
T11,T11_day199,T11_day324,120,125,199,-590413.4375,-590558.1875,-0.2380397915840149,-0.9236811995506287,-1.0654761791229248,-0.046505290095052665,0.0001,-0.0012930183232856551,1000000.0,-0.41857510121342556,1000.0,-51.194698333740234
T11,T11_day199,T11_day681,480,482,199,-7.5832414627075195,-0.33357077836990356,-2.946601629257202,-3.4217429161071777,-3.4640679359436035,0.289135109847632,0.001,0.438214552178238,10000.0,0.41076579948503833,100.0,0.4065682291984558
T11,T11_day219,T11_day226,7,7,219,-18.209815979003906,-18.44147300720215,-3.113997220993042,-0.9143381714820862,-1.0219303369522095,-0.7604901263601928,0.01,-0.07855841742322833,10000.0,-1.1434904343988461,10000.0,-1.1168668270111084
T11,T11_day219,T11_day247,30,28,219,-350.53900146484375,-348.4197082519531,-3.0944840908050537,-2.966090679168701,-3.4593188762664795,-2.6029104223382697,0.01,-3.9327728512082523,10000.0,-3.629329615818399,100000.0,-770.671875
T11,T11_day219,T11_day339,120,120,219,-16467802.0,-16465776.0,-47.873023986816406,-28.98326873779297,-63.359519958496094,-48.281353008369884,1.0,-0.07475868477871506,1000000.0,-49.15099243182951,1000000.0,-524.5325927734375
T11,T11_day219,T11_day702,480,483,219,-5496.68310546875,-6631.56298828125,-107.17233276367188,-32.829742431640625,-29.246646881103516,-35.19276684679176,0.01,-13.868956219295185,100000.0,-71.94991213563839,100000.0,-4581.72509765625
T11,T11_day226,T11_day227,1,1,226,-1.0784960985183716,-11780066.0,-27.86654281616211,-217.16653442382812,-198.1898193359375,-26.308646537983492,0.01,-7.5829923616593895,10000.0,-14.511390887022115,10000.0,-919.7027587890625
T11,T11_day226,T11_day233,7,7,226,0.16974326968193054,0.23642387986183167,-847.3270263671875,-5208.06591796875,-971.385498046875,-34.75331241511664,0.0001,-277.85999035197347,10000.0,-453.6868112020748,1000.0,-489.6278076171875
T11,T11_day226,T11_day255,30,29,226,-6.734500408172607,-3.642655849456787,-0.19016021490097046,-0.14045190811157227,-0.13148421049118042,-0.027710750015161878,0.001,-0.049111990176663234,1000000.0,-0.023022054840077966,10000.0,-3.2847695350646973
T11,T11_day226,T11_day346,120,120,226,-539.7102661132812,-532.6228637695312,-1.4745328426361084,-2.4370129108428955,-2.0684726238250732,-0.12474542111976006,0.0001,-0.013153949815381982,100000.0,-1.1180585501205682,10000.0,-1.2740254402160645
T11,T11_day226,T11_day706,480,480,226,-78.28922271728516,-291.1652526855469,-519.1962890625,-994.4031982421875,-551.7394409179688,-347.09336259564816,0.01,-99.07338833003807,100000.0,-414.8763397932238,1000.0,-639.19384765625
T11,T11_day227,T11_day233,7,6,227,-181.77658081054688,-181.65890502929688,-1740213.25,-30799296.0,-31906244.0,-158.67674908697447,0.0001,-277.85999035197347,10000.0,-489.765870160864,0.1,-489.6278076171875
T11,T11_day227,T11_day255,30,28,227,-0.8553537130355835,-0.7914937138557434,-6722.79248046875,-5613.23486328125,-5586.0029296875,-0.055131369448132905,0.0001,-0.049111990176663234,1000000.0,-3.3494220476876726,0.1,-3.2847695350646973
T11,T11_day227,T11_day346,120,119,227,-86.89140319824219,-13670.3955078125,-332882.25,-276668.90625,-278499.75,-0.07726335065602552,0.01,-0.013153949815381982,100000.0,-14.329684056126919,0.1,-1.2740254402160645
T11,T11_day227,T11_day706,480,479,227,-10.830939292907715,-10.785600662231445,-32851582.0,-21009316.0,-19118914.0,-256.5957264491334,1e-05,-99.07338833003807,100000.0,-649.0753947218814,0.1,-639.19384765625
T11,T11_day231,T11_day233,1,2,231,-233.5713348388672,-233.34161376953125,-2710.90771484375,-49184.1171875,-51185.61328125,-46.30347692377265,0.0001,-277.85999035197347,10000.0,-504.6012509012574,1000.0,-489.6278076171875
T11,T11_day231,T11_day261,30,30,231,-19.854602813720703,-18.361026763916016,-0.3427637219429016,-0.30920225381851196,-0.31997150182724,0.0069639536660343615,0.1,0.008735983764136923,100000.0,-0.11620156535158088,10000.0,-3.2818105220794678
T11,T11_day231,T11_day353,120,122,231,-1.9446860551834106,-1.1480052471160889,-15.823659896850586,-7.084674835205078,-7.53531551361084,0.37231908305906325,1e-05,0.4600361419455802,10000.0,0.4363859533971367,10.0,0.4364064633846283
T11,T11_day231,T11_day709,480,478,231,-0.9336140155792236,-1.364696979522705,-249.00698852539062,-273.8531799316406,-284.22064208984375,-0.041529888055230724,0.001,0.20626961680714212,100000.0,-29.3858802815388,1000.0,-61.23590087890625
T11,T11_day233,T11_day241,7,8,233,-34656.01953125,-46914.00390625,-0.05984342098236084,-0.06211334466934204,-0.05894947052001953,-0.0024830036656280363,0.001,-0.00507247351914164,1000000.0,-0.057715550330248444,1000000.0,-0.09118616580963135
T11,T11_day233,T11_day262,30,29,233,-155.52322387695312,-179.84774780273438,0.2886979281902313,0.2767014503479004,0.2631773352622986,0.3728403150515903,0.0001,0.3899289200195654,10000.0,0.38984420678572596,10000.0,-0.9688824415206909
T11,T11_day233,T11_day353,120,120,233,-13.683616638183594,-5.3296895027160645,-0.013694077730178833,-0.10067394375801086,-0.1412094235420227,0.39259984956094685,0.0001,0.4600361419455802,10000.0,0.44178225993432196,1000.0,0.4364064633846283
T11,T11_day233,T11_day715,480,482,233,-315.2806701660156,-304.7747802734375,-5.328561782836914,-5.484292984008789,-6.047693252563477,-3.4067668699150637,0.001,-0.09552666755749234,100000.0,-6.274148244219807,100000.0,-120.41368865966797
T11,T11_day241,T11_day247,7,6,241,-42.956443786621094,-42.76415252685547,-82872.046875,-93754.6015625,-100951.140625,-5.463384607838307,0.001,-3.9327728512082523,10000.0,-392.2725274261333,10.0,-770.671875
T11,T11_day241,T11_day269,30,28,241,-27685.9375,-27650.642578125,-9652364.0,-11807436.0,-10594934.0,-153.19078731876596,0.001,-164.12655251391934,10000.0,-2140.6474387369717,10.0,-4340.681640625
T11,T11_day241,T11_day359,120,118,241,-0.5098324418067932,-4.224762439727783,-126.76025390625,-94.43267059326172,-175.2830810546875,-2.8462298923824765,0.01,-0.031462040879518205,10000.0,-10.100925584787754,10000.0,-12.523975372314453
T11,T11_day241,T11_day715,480,474,241,-3.4813480377197266,-2.327587604522705,-166265.46875,-163369.953125,-161944.5,-10.779809376742168,0.0001,-0.09552666755749234,100000.0,-119.48218609953449,0.1,-120.41368865966797
T11,T11_day247,T11_day254,7,7,247,-10.191145896911621,-10161.431640625,-54.470245361328125,-41.98243713378906,-50.43669891357422,-0.018828459894659533,0.001,-0.018929498492347485,1000000.0,-0.05131866128692675,10.0,-0.35386520624160767
T11,T11_day247,T11_day275,30,28,247,-2.430337905883789,-2.097606897354126,-2.387568712234497,-60.86573791503906,-60.295719146728516,-0.02330874759941387,0.01,0.07879969791901481,100000.0,-1.483355415026244,1000.0,-0.42835742235183716
T11,T11_day247,T11_day367,120,120,247,-2.681816577911377,-8576.0869140625,-10.213323593139648,-8.869651794433594,-8.879487991333008,-0.0138445265996191,0.01,-0.014229066556036063,10000.0,-0.2941367059040594,100.0,-4.511782646179199
T11,T11_day247,T11_day727,480,480,247,-29.48470115661621,-17.50726890563965,-589.6431884765625,-770.0857543945312,-857.4549560546875,0.20109146569277625,0.001,0.17300822560097245,100000.0,-0.8347737468797461,10.0,-1.1461284160614014
T11,T11_day254,T11_day255,1,1,254,-1.533149242401123,-2.008793830871582,-29532.38671875,-31039.45703125,-31466.13671875,-0.08164707220788214,0.001,-0.049111990176663234,1000000.0,-3.351910170955169,0.1,-3.2847695350646973
T11,T11_day254,T11_day261,7,7,254,-52.79701232910156,-52.074729919433594,-51584.7265625,-52789.3359375,-52642.0546875,0.010922318614860815,0.0001,0.008735983764136923,100000.0,-14.142074438750225,0.1,-3.2818105220794678
T11,T11_day254,T11_day373,120,119,254,-4.779193878173828,-4.622143745422363,-370149.125,-3452876.5,-3475177.25,-0.38509168733136023,1e-05,0.15494438038578334,100000.0,-1.4879284088860443,0.1,-0.44346073269844055
T11,T11_day254,T11_day737,480,483,254,-109.44808197021484,-108.76860046386719,-64445517824.0,-89325871104.0,-88804786176.0,-19148.22922709551,0.0001,-2223.7380787062325,10000.0,-79308.90488394379,0.1,-78492.515625
T11,T11_day255,T11_day262,7,7,255,-55.72669219970703,-48.695552825927734,-247.81161499023438,-132.2506561279297,-132.0673828125,0.28055973131940504,0.0001,0.3899289200195654,10000.0,0.3630622424535317,100.0,-0.9688824415206909
T11,T11_day255,T11_day373,120,118,255,-12.19741439819336,-6.321677207946777,-1756.7021484375,-1877.645263671875,-1852.65283203125,-1.5204041742796195,0.001,0.15494438038578334,100000.0,-1.0037824117405365,10.0,-0.44346073269844055
T11,T11_day255,T11_day737,480,482,255,-2199.352294921875,-2199.974365234375,-2372723.0,-1885307.375,-1883860.0,-63054.59119238725,0.01,-2223.7380787062325,10000.0,-71113.6011460329,10.0,-78492.515625
T11,T11_day261,T11_day262,1,1,261,-0.4057192802429199,-14.519645690917969,-260.4077453613281,-200.82049560546875,-201.3866729736328,0.3115016776138375,0.01,0.3899289200195654,10000.0,0.37899708089575707,100.0,-0.9688824415206909
T11,T11_day261,T11_day269,7,8,261,-1544589.625,-1543646.75,-51207.1171875,-71512.1640625,-73443.171875,-2919.090487823431,0.01,-164.12655251391934,10000.0,-2008.0936434795085,10.0,-4340.681640625
T11,T11_day261,T11_day297,30,36,261,-13015.484375,-21494.03125,-1201.17431640625,-1144.0947265625,-1099.25341796875,-2.5048811518700598,0.01,-0.10692885769339466,1000000.0,-0.5700160494751896,100.0,-0.23179411888122559
T11,T11_day261,T11_day385,120,124,261,-176.2509765625,-463872.65625,-0.5265704393386841,-0.14103108644485474,-0.14655953645706177,-0.010812119090467476,0.01,-0.025212677770505176,1000000.0,-0.3231921705539239,100.0,-34.748634338378906
T11,T11_day261,T11_day741,480,480,261,-28845.77734375,-28854.177734375,-20099.451171875,-17836.189453125,-17838.85546875,-39.55138935257708,0.001,-13.282652527746343,10000.0,-456.13452713636735,10.0,-17333.650390625
T11,T11_day262,T11_day269,7,7,262,-1179533.75,-1178490.5,-65192.30078125,-145758.375,-125306.703125,-165.93377916801774,1e-06,-164.12655251391934,10000.0,-4564.740360859814,0.1,-4340.681640625
T11,T11_day262,T11_day297,30,35,262,-125.94309997558594,-906.8156127929688,-217153.0625,-230050.765625,-224460.0625,-0.055460277900497956,0.001,-0.10692885769339466,1000000.0,-0.8475128077812096,10.0,-0.23179411888122559
T11,T11_day262,T11_day385,120,123,262,-162.96963500976562,-938.1087646484375,-0.34566283226013184,-0.5273394584655762,-0.34147727489471436,-0.014671167343034697,0.0001,-0.025212677770505176,1000000.0,-0.3112863449315802,10.0,-34.748634338378906
T11,T11_day262,T11_day741,480,479,262,-8570.5927734375,-8591.5810546875,-55181.55078125,-115817.4140625,-126147.390625,-135.23794982726517,0.001,-13.282652527746343,10000.0,-62354.446749430994,1000000.0,-17333.650390625
T11,T11_day266,T11_day297,30,31,266,-0.35938555002212524,-1.0017824172973633,-391.2391357421875,-367.612060546875,-367.6895751953125,-0.047110905592791574,0.001,-0.10692885769339466,1000000.0,-0.9137672468547002,1000.0,-0.23179411888122559
T11,T11_day266,T11_day385,120,119,266,-2.5686140060424805,-9.419393539428711,-0.10250824689865112,-0.05256330966949463,-0.04878729581832886,-0.07913292647551329,10.0,-0.025212677770505176,1000000.0,-0.08855631709933875,1000000.0,-34.748634338378906
T11,T11_day266,T11_day744,480,478,266,-0.6687699556350708,-0.350492000579834,-9.352679252624512,-8.810968399047852,-8.905054092407227,-1.4396289987785131,0.01,0.12954012378752505,10000.0,-1.8268473780266676,1000.0,-21.00305938720703
T11,T11_day269,T11_day275,7,6,269,-3.1393465995788574,-1.2679767608642578,0.011228948831558228,-805.0855712890625,-2405.84033203125,0.011199315026771461,100.0,0.07879969791901481,100000.0,-0.014430580961892647,100000.0,-0.42835742235183716
T11,T11_day269,T11_day297,30,28,269,-15981.734375,-50367.2890625,-136492.109375,-140026.09375,-134102.890625,-0.15923902635353337,0.001,-0.10692885769339466,1000000.0,-0.2213535417494702,1.0,-0.23179411888122559
T11,T11_day269,T11_day391,120,122,269,-1192.754150390625,-3409.72998046875,-62.446083068847656,-55.15331268310547,-56.910003662109375,-0.1088225198336168,0.0001,-0.10959909571210635,1000000.0,-3.2970072028028214,1.0,-28.751985549926758
T11,T11_day269,T11_day749,480,480,269,-12704.6982421875,-12684.5458984375,-552627.0625,-121535232.0,-170839280.0,-35765.34174289984,0.01,-11750.667552964787,10000.0,-29190.114450173656,10.0,-23902.970703125
T11,T11_day275,T11_day308,30,33,275,-623.6382446289062,-623.6041259765625,-1043.3837890625,-1811.90185546875,-1768.22021484375,-7.105200044126712,0.001,0.0692926582177033,100000.0,-547.2979523227879,1000.0,-607.448974609375
T11,T11_day275,T11_day391,120,116,275,-822.5726318359375,-6323.0341796875,-0.08921188116073608,-0.09028559923171997,-0.08790671825408936,-0.10852504675061403,1e-05,-0.10959909571210635,1000000.0,-0.05323417285892229,100000.0,-28.751985549926758
T11,T11_day275,T11_day756,480,481,275,-266.5986022949219,-266.6822204589844,-1597.350341796875,-1340.9327392578125,-1208.644287109375,-25.157021240737972,0.001,-26.81543085414166,10000.0,-634.767635319496,1000.0,-1259.4163818359375
T11,T11_day297,T11_day328,30,31,297,-1378529.75,-1378143.25,-54.43907165527344,-8.126443862915039,-8.104740142822266,-0.009478663156631484,0.0001,-0.004876826616732166,1000000.0,-4.476554517188582,10000.0,-59.12651062011719
T11,T11_day297,T11_day415,120,118,297,-9502.01171875,-9401.6494140625,-133.6768798828125,-99.70536804199219,-97.70217895507812,-0.05775352941280287,0.001,-0.05834724767372623,100000.0,-2.66421749677133,100.0,-1.5733354091644287
T11,T11_day297,T11_day783,480,486,297,-9.735920906066895,-18.939327239990234,-288.5946044921875,-165.10311889648438,-175.17770385742188,0.3303088595281612,0.0001,0.4364172560022685,10000.0,0.3473912619833013,1000.0,-7.186585426330566
T11,T11_day308,T11_day309,1,1,308,-25105.009765625,-25099.908203125,-127.2306900024414,-762.417724609375,-3074.775390625,-3.484707750598016,0.0001,-17.398980885713872,10000.0,-253.23973371603574,100.0,-1058.38427734375
T11,T11_day308,T11_day338,30,30,308,-5854.3876953125,-5897.455078125,-1.6843549013137817,-1.674996018409729,-1.7013882398605347,-0.21612004338525026,0.0001,-0.015435342615677028,10000.0,-0.7105605706082866,100.0,-0.8969096541404724
T11,T11_day308,T11_day428,120,120,308,-23940.626953125,-23904.896484375,-4.453863620758057,-5.151182651519775,-4.904557704925537,-0.07419556941271654,0.001,0.03143954389494319,100000.0,-1.9429059808963323,10000.0,-66408.3046875
T11,T11_day308,T11_day790,480,482,308,-2.5216774940490723,-0.010426521301269531,-63.484527587890625,-55.00408172607422,-57.20854949951172,0.06902125019261496,0.001,0.12188584657248247,10000.0,0.07349716117806543,10.0,0.07304114103317261
T11,T11_day309,T11_day310,1,1,309,-3468.50390625,-3464.64453125,-1931467.125,-578859.9375,-840866.5625,-41235.229635183445,0.001,-30552.479181861792,10000.0,-490508.8917780859,1000.0,-1138332.5
T11,T11_day309,T11_day339,30,30,309,-2417000.5,-2416779.25,-118.59744262695312,-55.51694107055664,-51.41947555541992,-17.47365187126369,0.0001,-0.07475868477871506,1000000.0,-108.59494693398827,1000000.0,-524.5325927734375
T11,T11_day309,T11_day428,120,119,309,-7705.4033203125,-7789.810546875,-12.905414581298828,-11.950231552124023,-11.887358665466309,-0.031355871718901085,0.0001,0.03143954389494319,100000.0,-11.707975402147033,1000000.0,-66408.3046875
T11,T11_day309,T11_day790,480,481,309,-1.480757713317871,-0.11634063720703125,-3.6569082736968994,-3.047344446182251,-3.04103422164917,0.06103155698118634,0.001,0.12188584657248247,10000.0,0.07133763836316065,1000.0,0.07304114103317261
T11,T11_day310,T11_day339,30,29,310,-652181.625,-652257.125,-803.4647827148438,-588.6683349609375,-586.4513549804688,-16.32986089957607,0.0001,-0.07475868477871506,1000000.0,-602.3447541522037,100.0,-524.5325927734375
T11,T11_day310,T11_day428,120,118,310,-13427.484375,-13608.484375,-29.372207641601562,-27.57978057861328,-27.731670379638672,-0.13959400387817222,0.001,0.03143954389494319,100000.0,-1.5361183243491259,10000.0,-66408.3046875
T11,T11_day310,T11_day790,480,480,310,-20.832393646240234,-0.058334410190582275,-45.03838348388672,-38.44577407836914,-38.249210357666016,0.07104976516133399,0.001,0.12188584657248247,10000.0,0.0731268228454306,10.0,0.07304114103317261
T11,T11_day324,T11_day325,1,1,324,-128675776.0,-128672032.0,-16351794.0,-12522304.0,-20238930.0,-65282.88505120233,0.0001,-296.9032564141592,1000000.0,-485960.90981644933,100.0,-309213.25
T11,T11_day324,T11_day353,30,29,324,-0.8238157033920288,-0.28923749923706055,-1563.24609375,-1384.306640625,-1357.478759765625,0.31309708536378084,1e-05,0.4600361419455802,10000.0,0.4366417235618845,10.0,0.4364064633846283
T11,T11_day324,T11_day444,120,120,324,-26583.185546875,-26644.916015625,-497530.5625,-434604.71875,-227511.078125,-36.28076221938976,0.001,-3.889615429122589,100000.0,-2127.048571332514,10.0,-7304.787109375
T11,T11_day324,T11_day814,480,490,324,-577.9904174804688,-539.5056762695312,-7510.515625,-478959.25,-440813.75,-1870.4329854991374,0.0001,-111.65359013426104,100000.0,-213.2985582369216,1.0,-220.98504638671875
T11,T11_day325,T11_day353,30,28,325,-0.6296166181564331,0.09697511792182922,-1324.65625,-853.0078125,-845.4406127929688,0.405534535431288,1e-06,0.4600361419455802,10000.0,0.43683903158823917,10.0,0.4364064633846283
T11,T11_day325,T11_day444,120,119,325,-264.3466796875,-265.633544921875,-14171.2265625,-3798.12890625,-11116.1357421875,-44.025024373984444,0.001,-3.889615429122589,100000.0,-3298.5430271116948,10000.0,-7304.787109375
T11,T11_day325,T11_day814,480,489,325,-20.322153091430664,-20.480239868164062,-934.2642822265625,-9413.5341796875,-11029.876953125,-933.1026967805561,1e-05,-111.65359013426104,100000.0,-287.4843323833517,10.0,-220.98504638671875
T11,T11_day328,T11_day357,30,29,328,-20.872873306274414,-20.88498306274414,-543.6240234375,-655.3895263671875,-803.4866943359375,-0.018887166977709313,0.001,-0.009020219642511429,1000000.0,-124.13756521877721,10.0,-197.1554412841797
T11,T11_day328,T11_day444,120,116,328,-587.40869140625,-587.5050048828125,-10959601.0,-6946151.0,-7840622.5,-0.4549259504216657,0.0001,-3.889615429122589,100000.0,-2480.383882944066,0.1,-7304.787109375
T11,T11_day328,T11_day814,480,486,328,-1.4875975847244263,-1.4383766651153564,-20546.875,-718331.5625,-1463153.0,-136.87543244998378,1e-05,-111.65359013426104,100000.0,-229.91923753891132,0.1,-220.98504638671875
T11,T11_day338,T11_day339,1,1,338,-27.47597885131836,-27.481273651123047,-253.96377563476562,-185.90457153320312,-188.95016479492188,-436.31734116971893,1.0,-0.07475868477871506,1000000.0,-298.41192809487575,1000000.0,-524.5325927734375
T11,T11_day338,T11_day346,7,8,338,-0.11823177337646484,-1.5456526279449463,-22.1925106048584,-15.857698440551758,-16.6041202545166,-1.5125010143271065,0.001,-0.013153949815381982,100000.0,-7.81499108137126,1000.0,-1.2740254402160645
T11,T11_day338,T11_day367,30,29,338,-0.12092435359954834,-1.8213398456573486,-0.09593486785888672,-0.10156840085983276,-0.10798466205596924,-0.009539145296233231,0.1,-0.014229066556036063,10000.0,-0.10330436566131618,1000000.0,-4.511782646179199
T11,T11_day338,T11_day456,120,118,338,-4.751364707946777,-4.75055456161499,-2842439.75,-2606235.5,-2633392.5,-34732.02596395271,0.0001,-35802.42360017207,10000.0,-305649.1223222864,100.0,-460554.59375
T11,T11_day338,T11_day814,480,476,338,-0.3367187976837158,-0.3785907030105591,-1200.2685546875,-35039.82421875,-34036.56640625,-1333.6001077861883,0.001,-111.65359013426104,100000.0,-257.53105985710033,1000.0,-220.98504638671875
T11,T11_day339,T11_day346,7,7,339,-0.34875059127807617,-329.35137939453125,-101.28410339355469,-103.99057006835938,-109.35286712646484,-0.5021417756262909,0.001,-0.013153949815381982,100000.0,-10.946806807005316,100.0,-1.2740254402160645
T11,T11_day339,T11_day367,30,28,339,-0.05149567127227783,-0.3851855993270874,-0.07844460010528564,-0.07488316297531128,-0.056742310523986816,-0.02283342385145337,0.1,-0.014229066556036063,10000.0,0.03181082492979276,100.0,-4.511782646179199
T11,T11_day339,T11_day461,120,122,339,-31.902423858642578,-31.8623046875,-346580.78125,-145387.46875,-161785.0625,-372.25696569566657,0.001,-108.35451593139149,10000.0,-5703.804241404663,10.0,-5205.02880859375
T11,T11_day339,T11_day814,480,475,339,-0.5249502062797546,-0.6002954244613647,-433.14727783203125,-100878.4609375,-91348.6328125,-327.0128018911862,1e-05,-111.65359013426104,100000.0,-216.38605957253856,100.0,-220.98504638671875
T11,T11_day342,T11_day372,30,30,342,-0.010108530521392822,-0.727570652961731,-91405.4609375,-1244465.75,-1851247.375,-651.9535249193519,0.001,-224.83398655325735,10000.0,-540.5376453748377,0.1,-521.738525390625
T11,T11_day342,T11_day461,120,119,342,-52.88047409057617,-52.9493408203125,-437915.65625,-319745.9375,-309252.625,-185.92465339369005,0.0001,-108.35451593139149,10000.0,-5169.529628032018,0.1,-5205.02880859375
T11,T11_day342,T11_day814,480,472,342,-2.7458088397979736,-2.877612829208374,-9886.90234375,-211852.21875,-286062.375,-514.9688837218853,0.0001,-111.65359013426104,100000.0,-235.45345774931783,1.0,-220.98504638671875
T11,T11_day346,T11_day353,7,7,346,0.13889005780220032,0.20535999536514282,-1258.99462890625,-1139.792724609375,-1139.322998046875,0.43727064027544227,1e-06,0.4600361419455802,10000.0,0.4359892327570098,10.0,0.4364064633846283
T11,T11_day346,T11_day373,30,27,346,0.1989094614982605,0.17432540655136108,-184692.6875,-175530.40625,-175363.5,-0.01737919142336719,0.001,0.15494438038578334,100000.0,-14.436395078867193,100.0,-0.44346073269844055
T11,T11_day346,T11_day464,120,118,346,-0.011953622102737427,-4.587913513183594,-0.4474536180496216,-0.45662450790405273,-0.4859168529510498,-0.5054464006513614,1.0,0.02111893332685455,10000.0,-0.40913010330080624,10000.0,-11.820124626159668
T11,T11_day346,T11_day814,480,468,346,-0.8134403824806213,-0.8072772026062012,-679.89111328125,-15099.755859375,-14758.4189453125,-671.938776874066,0.0001,-111.65359013426104,100000.0,-223.57057188968875,1.0,-220.98504638671875
T11,T11_day353,T11_day359,7,6,353,-81949.0625,-82015.75,-0.14662432670593262,-0.10967695713043213,-0.23048275709152222,-0.1457378891149187,100.0,-0.031462040879518205,10000.0,-0.1559809003720385,1000000.0,-12.523975372314453
T11,T11_day353,T11_day385,30,32,353,-70.146240234375,-655090.75,-0.052123844623565674,-0.054905325174331665,-0.040222495794296265,-0.05178766153930242,100.0,-0.025212677770505176,1000000.0,-0.051094126821323305,1000000.0,-34.748634338378906
T11,T11_day353,T11_day471,120,118,353,-0.9937089681625366,-2.030106544494629,0.026097118854522705,0.020095467567443848,0.02361127734184265,0.08314458970673566,0.01,0.1968359130115575,100000.0,0.1910686149576289,100000.0,0.3587552309036255
T11,T11_day353,T11_day841,480,488,353,-91994.875,-122529.375,-238.03866577148438,-146.75511169433594,-160.42657470703125,-1057.9602439390421,0.0001,-170.64174070874617,100000.0,-915.663859860889,100000.0,-978.5951538085938
T11,T11_day357,T11_day359,1,2,357,-2.5349817276000977,-2.5231289863586426,-34.86247253417969,-43.798057556152344,-42.65400695800781,0.065078346768493,0.001,-0.031462040879518205,10000.0,-2232.368567713896,0.1,-12.523975372314453
T11,T11_day357,T11_day364,7,7,357,-1.4379521608352661,-1.4226598739624023,-2641.0390625,-13296884.0,-15613470.0,-2637.3809015418196,1.0,-4465.984220977667,100000.0,-220658.17153591922,100000.0,-24486.63671875
T11,T11_day357,T11_day385,30,28,357,-1.6649160385131836,-976.8123168945312,-2.86820387840271,-2.7794082164764404,-2.7008981704711914,-1.5714401073543096,10.0,-0.025212677770505176,1000000.0,-2.6717435377844447,1000.0,-34.748634338378906
T11,T11_day357,T11_day476,120,119,357,-0.25947242975234985,-0.07723701000213623,-35566.53125,-32991.2109375,-33173.734375,0.29951542500788186,0.0001,0.3588171395914009,10000.0,0.2905018307365209,0.1,0.29051464796066284
T11,T11_day357,T11_day841,480,484,357,-1.4788358211517334,-6.207576751708984,-5308015.5,-4495542.0,-4272743.0,-196.2436656248513,0.0001,-170.64174070874617,100000.0,-1496.370011515401,100.0,-978.5951538085938
T11,T11_day359,T11_day367,7,8,359,-0.004901587963104248,-13.066075325012207,-0.04540914297103882,-0.23716211318969727,-0.27711760997772217,-0.011692652708421347,0.1,-0.014229066556036063,10000.0,-0.027211843663427437,1000.0,-4.511782646179199
T11,T11_day359,T11_day391,30,32,359,-23.806774139404297,-30.082021713256836,-0.42608070373535156,-0.41252750158309937,-0.5692949891090393,-0.10587609675570275,0.001,-0.10959909571210635,1000000.0,-0.07645867019642127,10000.0,-28.751985549926758
T11,T11_day359,T11_day476,120,117,359,0.02554050087928772,0.10776159167289734,-1096.77587890625,-1145.487548828125,-1146.509521484375,0.30572106687036216,0.0001,0.3588171395914009,10000.0,0.29051305870658434,0.1,0.29051464796066284
T11,T11_day359,T11_day841,480,482,359,-23.076107025146484,-2576.716064453125,-38942.2421875,-98982.4921875,-116608.703125,-752.4335806146214,0.0001,-170.64174070874617,100000.0,-1918.4404442576001,1000.0,-978.5951538085938
T11,T11_day364,T11_day372,7,8,364,-75.52339935302734,-4490.7333984375,-7391720.0,-5378746.5,-3502395.0,-344.92756698540495,0.001,-224.83398655325735,10000.0,-645.845748696714,10.0,-521.738525390625
T11,T11_day364,T11_day391,30,27,364,-43.13219451904297,-82.78469848632812,-0.32844990491867065,-0.44361990690231323,-0.5168443918228149,-0.10710036716881677,0.001,-0.10959909571210635,1000000.0,-0.24832064745456006,1000.0,-28.751985549926758
T11,T11_day364,T11_day484,120,120,364,-1529.149169921875,-1872.92822265625,-2576562.75,-2813369.5,-3072243.25,-88.75449241011626,0.01,-3.1168593193398464,100000.0,-10153.779534039508,100.0,-1636.40234375
T11,T11_day364,T11_day842,480,478,364,-62.00416564941406,-1361.422607421875,-335.4938659667969,-290.6817626953125,-294.3959655761719,0.24969306644225742,1e-05,0.23609497556023684,100000.0,0.4307569757502947,1.0,-157.00741577148438
T11,T11_day367,T11_day373,7,6,367,-1292.4686279296875,-1290.781005859375,-213318880.0,-214933600.0,-218940656.0,-1.7921136772907684,0.01,0.15494438038578334,100000.0,-1.3211172182844741,0.1,-0.44346073269844055
T11,T11_day367,T11_day401,30,34,367,-12.846123695373535,-6.836574554443359,-1728274.75,-1818712.625,-2033868.0,0.10928391029777396,0.001,0.4592052982745387,10000.0,0.3076570738735446,0.1,0.2986893653869629
T11,T11_day367,T11_day484,120,117,367,-16360.0849609375,-16686.392578125,-1669382912.0,-1578131840.0,-1468000384.0,-12.069994580572724,1e-06,-3.1168593193398464,100000.0,-1537.2441954147034,0.1,-1636.40234375
T11,T11_day367,T11_day842,480,475,367,-1094.76611328125,-43765.53125,-106877.390625,-119729.3515625,-146608.0625,0.0893090944376429,0.0001,0.23609497556023684,100000.0,-68.78945584940652,0.1,-157.00741577148438
T11,T11_day372,T11_day373,1,1,372,-0.8152102828025818,-1.2778723239898682,-3482679.75,-3614117.75,-3661276.0,0.0021548930806111755,0.0001,0.15494438038578334,100000.0,-5.451581226841437,10.0,-0.44346073269844055
T11,T11_day372,T11_day401,30,29,372,-2.226217031478882,-37.81499481201172,-25390.57421875,-25213.734375,-25096.06640625,0.3999717396756274,0.001,0.4592052982745387,10000.0,0.2986723439626494,0.1,0.2986893653869629
T11,T11_day372,T11_day492,120,120,372,-24306.978515625,-24286.6953125,-20908394.0,-38506196.0,-29436802.0,-6193.321159726328,0.0001,-3515.8773337549337,10000.0,-7233.221800142563,0.1,-7245.98291015625
T11,T11_day372,T11_day842,480,470,372,-4.965737342834473,-6.250923156738281,-30.447633743286133,-27.67083168029785,-24.373497009277344,0.25511226741970144,1e-05,0.23609497556023684,100000.0,-2.1939877224292665,1000.0,-157.00741577148438
T11,T11_day373,T11_day401,30,28,373,-3.195100784301758,-9.476860046386719,-443.2843322753906,-210.5684814453125,-224.64047241210938,0.3991119307695081,0.0001,0.4592052982745387,10000.0,0.29868156640487414,0.1,0.2986893653869629
T11,T11_day373,T11_day492,120,119,373,-9188.97265625,-9229.5205078125,-28515528.0,-9814824.0,-12711090.0,-6121.969584169456,0.0001,-3515.8773337549337,10000.0,-7210.854454894619,100.0,-7245.98291015625
T11,T11_day373,T11_day842,480,469,373,-43.937171936035156,-241.09286499023438,-85.23062133789062,-62.58013153076172,-63.46006774902344,0.2703746544195813,0.001,0.23609497556023684,100000.0,0.42045964030893274,100.0,-157.00741577148438
T11,T11_day385,T11_day391,7,6,385,-287.7903747558594,-5424.24072265625,-17.781940460205078,-29.574546813964844,-27.261009216308594,-0.11033069186249223,0.001,-0.10959909571210635,1000000.0,-4.705273531670235,1.0,-28.751985549926758
T11,T11_day385,T11_day415,30,30,385,-19880.26171875,-19667.072265625,-31789.359375,-12369.3505859375,-21654.43359375,-0.08230173756220471,0.001,-0.05834724767372623,100000.0,-1.612961592648209,1.0,-1.5733354091644287
T11,T11_day385,T11_day505,120,120,385,-3915.74853515625,-3910.6923828125,-5980814.0,-9683692.0,-9791338.0,-137.36701362062212,1e-06,-61.36414364228918,10000.0,-2052.316353235119,0.1,-2059.390869140625
T11,T11_day385,T11_day868,480,483,385,-0.30185747146606445,-0.08500277996063232,-44098.4296875,-44006.265625,-43463.9453125,0.3177283677094988,0.0001,0.34443688511338616,10000.0,0.30679059656838575,1.0,0.3046315908432007
T11,T11_day391,T11_day420,30,29,391,-5.153597831726074,-7305142.5,-83997.265625,-70023.90625,-69579.6328125,0.06764704167325963,1e-05,0.32158612559140526,10000.0,0.37747889328622053,0.1,0.3775426149368286
T11,T11_day391,T11_day511,120,120,391,-0.9105508327484131,-0.1501234769821167,-214150.9375,-171348.21875,-171731.90625,0.14171296816755863,1e-06,0.3717614253327072,0.1,0.37164470015426254,0.1,0.37176164984703064
T11,T11_day391,T11_day870,480,479,391,-3.8951425552368164,-3.467787504196167,-889954.125,-18340694.0,-13616145.0,-2.0485494580051427,0.0001,-15.241943035926951,10000.0,-180.0225339187426,0.1,-180.07473754882812
T11,T11_day401,T11_day409,7,8,401,-312745920.0,-314101472.0,-61.376495361328125,-42.10835266113281,-173.03298950195312,-61.9100102115984,1.0,-396.40367289280346,1000.0,-144.8500126550882,1000.0,-23048.37890625
T11,T11_day401,T11_day428,30,27,401,-8421.958984375,-8395.1328125,-0.19406813383102417,-0.22459065914154053,-0.21107184886932373,-0.052339609223036765,0.001,0.03143954389494319,100000.0,-0.0068754750407958864,10000.0,-66408.3046875
T11,T11_day401,T11_day521,120,120,401,-763.7606811523438,-763.7156982421875,-374.63726806640625,-376.8315734863281,-415.172607421875,-374.45195901416344,100.0,-17.71648520752716,100000.0,-101.88772685205,100000.0,-380.80621337890625
T11,T11_day401,T11_day882,480,481,401,-4948.298828125,-4867.490234375,-10794.9052734375,-10260.5009765625,-11029.005859375,-2686.935331439792,0.001,-360.474369975563,10000.0,-4658.271814916196,1000.0,-5869.42626953125
T11,T11_day405,T11_day406,1,1,405,-1.940419316291809,-0.21064364910125732,-1474195.5,-1129611.5,-1130362.875,0.07952478698186438,0.01,0.30051910272870863,10000.0,0.27371041443303723,0.1,0.2737540900707245
T11,T11_day405,T11_day412,7,7,405,-207115.84375,-387623.5,-949551.125,-629458.3125,-628552.5,-0.3870428637920199,0.001,-0.3431966023162104,1000000.0,-201.37002349530133,0.1,-73.16398620605469
T11,T11_day405,T11_day437,30,32,405,-0.2123117446899414,-65.60491943359375,-4.086096286773682,-9.179664611816406,-8.788741111755371,-0.009270432035711484,0.0001,-0.01690701198106248,1000000.0,-0.054118558018182106,0.1,-0.04865825176239014
T11,T11_day405,T11_day524,120,119,405,-3.271174907684326,-3.191328525543213,-1305680.875,-1264863.625,-1265485.5,0.003374597031661264,0.001,0.28885331224140953,10000.0,0.2990825897526214,0.1,0.30020788311958313
T11,T11_day405,T11_day882,480,477,405,-270.7444152832031,-266.5782470703125,-25491449856.0,-19757191168.0,-19550562304.0,-303.25882376988744,0.001,-360.474369975563,10000.0,-6426.241055208365,0.1,-5869.42626953125
T11,T11_day406,T11_day413,7,7,406,-9121037.0,-9082324.0,-1.9996651411056519,-30616924.0,-314991584.0,-0.412566130848386,0.0001,-14277063.754030142,100000.0,-14431055.810875371,100000.0,-508135520.0
T11,T11_day406,T11_day437,30,31,406,-1.4418518543243408,-19392330.0,-0.05901914834976196,-0.0549468994140625,-0.07352900505065918,-0.03382144733568937,1.0,-0.01690701198106248,1000000.0,-0.06478514020882631,1000000.0,-0.04865825176239014
T11,T11_day406,T11_day527,120,121,406,-22.758060455322266,-5.240326881408691,0.3643758296966553,-5.027725696563721,-0.8913196325302124,0.45418747940339915,0.001,0.13089659504688805,10000.0,0.12780828855596854,10000.0,-28.552780151367188
T11,T11_day406,T11_day888,480,482,406,-113.17300415039062,-91.8121337890625,-19.238582611083984,-20.477094650268555,-22.19969367980957,-14.240295964428466,0.001,-50.943634066788746,10000.0,-55.22646742912645,10000.0,-200.52423095703125
T11,T11_day409,T11_day415,7,6,409,-0.2252303957939148,-0.2261286973953247,-845.2716064453125,-870.7064819335938,-901.9053955078125,-0.07178653347054631,0.001,-0.05834724767372623,100000.0,-1.5811431143771506,1.0,-1.5733354091644287
T11,T11_day409,T11_day440,30,31,409,-0.014839917421340942,-0.038436055183410645,-7.26237678527832,-6.106952667236328,-5.779999732971191,0.01890600357234462,1e-05,-0.05760936649304638,1000000.0,-0.2167102510202713,1.0,-1.5183900594711304
T11,T11_day409,T11_day527,120,118,409,-0.23802447319030762,-0.23723489046096802,-508827.375,-480946.25,-482919.53125,-1.3328490420397963,1e-05,0.13089659504688805,10000.0,-28.051975534561926,0.1,-28.552780151367188
T11,T11_day409,T11_day888,480,479,409,-60.162445068359375,-60.17781448364258,-1547033.75,-1464748.0,-1480905.625,-18.469765041540146,0.0001,-50.943634066788746,10000.0,-201.45888555569854,0.1,-200.52423095703125
T11,T11_day412,T11_day413,1,1,412,-846792.5625,-845028.5,-13475147415552.0,-14907825192960.0,-14784248414208.0,-2230361.0476041874,0.001,-14277063.754030142,100000.0,-563893463.4558439,10.0,-508135520.0
T11,T11_day412,T11_day420,7,8,412,0.10536971688270569,-8.807066917419434,-1100.43798828125,-924.0071411132812,-960.8043212890625,0.27896930459946945,0.0001,0.32158612559140526,10000.0,0.34528463908563395,10.0,0.3775426149368286
T11,T11_day412,T11_day441,30,29,412,0.024403244256973267,0.12489524483680725,-59260416.0,-47515368.0,-53789192.0,-0.4247437108018214,1e-06,-88.73024409348528,10000.0,-185.050269747055,0.1,-184.98362731933594
T11,T11_day412,T11_day535,120,123,412,-0.37548398971557617,-0.019745051860809326,-9053.57421875,-8574.966796875,-8757.8828125,0.32926414276371674,1e-06,0.36637312175336945,10000.0,0.32468973419652103,0.1,0.32428857684135437
T11,T11_day412,T11_day891,480,479,412,-0.2931639552116394,-5.46872615814209e-05,-802.68994140625,-1058.4407958984375,-782.9799194335938,0.2406067766848346,1e-05,0.40597597534348323,10000.0,-41.051863401669024,10000.0,-1343466.25
T11,T11_day413,T11_day414,1,1,413,-241.8361358642578,-731.3177490234375,-6182691.0,-6671188.0,-6591841.0,-7.703701824232204,0.0001,-0.17525464631700205,100000.0,-1067.8746662943367,0.1,-1074.4310302734375
T11,T11_day413,T11_day420,7,7,413,-138.13311767578125,-11105550.0,-108856.3046875,-97036.453125,-97172.515625,0.0923160320347386,0.001,0.32158612559140526,10000.0,0.3750100014208901,1.0,0.3775426149368286
T11,T11_day413,T11_day443,30,30,413,-0.12921524047851562,-0.14049464464187622,-142397.84375,-126895.09375,-127078.2421875,0.08972440641704332,0.001,0.3023234964937091,10000.0,0.26560313179746176,0.1,0.265543669462204
T11,T11_day413,T11_day535,120,122,413,-1044.576904296875,-21799.853515625,-134854.4375,-120083.25,-120131.75,0.1113520326064305,0.001,0.36637312175336945,10000.0,0.27827022922181543,10.0,0.32428857684135437
T11,T11_day413,T11_day891,480,478,413,-12.000658988952637,-272.1248474121094,-76281.125,-55600.65625,-55677.28125,0.09810799651415758,0.0001,0.40597597534348323,10000.0,-0.805539061512632,1.0,-1343466.25
T11,T11_day414,T11_day415,1,1,414,-1569.97265625,-1636.3922119140625,-201.16476440429688,-206.36825561523438,-222.0036163330078,-0.07802508111626838,0.0001,-0.05834724767372623,100000.0,-1.5361326706171134,10.0,-1.5733354091644287
T11,T11_day414,T11_day420,7,6,414,-16.977426528930664,-1780344.0,-281.84912109375,-186.15090942382812,-181.6221923828125,0.3217761708163145,0.001,0.32158612559140526,10000.0,0.36801236559137934,10.0,0.3775426149368286
T11,T11_day414,T11_day444,30,30,414,-15505.337890625,-15522.2998046875,-15099.4921875,-16637.267578125,-23345.888671875,-53.359677142695276,0.001,-3.889615429122589,100000.0,-13828.214582964129,1000000.0,-7304.787109375
T11,T11_day414,T11_day535,120,121,414,-54.45763397216797,-807.8153076171875,-792.5408325195312,-517.860107421875,-519.6936645507812,0.312629321375635,0.001,0.36637312175336945,10000.0,0.32438962666645715,100.0,0.32428857684135437
T11,T11_day414,T11_day891,480,477,414,-16.766361236572266,-290.2014465332031,-159.50306701660156,-130.44984436035156,-132.2522430419922,0.3361240047156867,0.0001,0.40597597534348323,10000.0,0.07080899794152945,10.0,-1343466.25
T11,T11_day415,T11_day444,30,29,415,-12902.9130859375,-12860.4921875,-1164.1064453125,-102578.6875,-110264.6640625,-214.29566524256734,0.01,-3.889615429122589,100000.0,-1522.7808524910517,1000.0,-7304.787109375
T11,T11_day415,T11_day535,120,120,415,-2.8277390003204346,-0.8097836375236511,-869.0606689453125,-930.4781494140625,-838.9498901367188,0.2616667340092996,0.001,0.36637312175336945,10000.0,0.29551385046676015,10.0,0.32428857684135437
T11,T11_day415,T11_day891,480,476,415,-78.27959442138672,-316.03582763671875,-8.85327434539795,-48.5782470703125,-21.321422576904297,-7.033454875031489,10.0,0.40597597534348323,10000.0,-3.6602263032226485,100000.0,-1343466.25
T11,T11_day420,T11_day427,7,7,420,-228680032.0,-231234736.0,-6694857.0,-5902395.0,-5947797.5,-23.90371964037157,1e-05,-0.49870614307226396,100000.0,-10737.905835119227,1.0,-10898.005859375
T11,T11_day420,T11_day454,30,34,420,-0.455033540725708,-45.62748336791992,-10761.75390625,-10496.43359375,-10498.423828125,-0.02710492988873392,0.1,0.04704226214269319,100000.0,-0.06420050272424083,100.0,-6.720416069030762
T11,T11_day420,T11_day539,120,119,420,-5.001429080963135,-32.43912887573242,-11428890.0,-8621408.0,-8650499.0,-2.7286550429861807,0.01,-2.9937799786886368,100000.0,-437.110956426377,100.0,-66.70478057861328
T11,T11_day420,T11_day905,480,485,420,-1.4713062047958374,-1.3585081100463867,-1176.2408447265625,-1137.3253173828125,-1135.38720703125,0.03428018556493795,0.001,0.09185324574045728,10000.0,-1.804766554030656,1.0,-2.0158591270446777
T11,T11_day427,T11_day428,1,1,427,-7.317399024963379,-17.96700096130371,-19.037416458129883,-26.403221130371094,-26.413349151611328,-0.012008680868275612,0.001,0.03143954389494319,100000.0,-15.900052158258385,100000.0,-66408.3046875
T11,T11_day427,T11_day456,30,29,427,-1101214.875,-1100795.125,-63863128.0,-72152752.0,-71242048.0,-20020.92444949881,0.0001,-35802.42360017207,10000.0,-347620.8973129052,10.0,-460554.59375
T11,T11_day427,T11_day548,120,121,427,-714083.375,-701765.75,-2681.400390625,-2450.8349609375,-2450.59912109375,0.21268859620063563,0.001,0.46818135059949034,10000.0,0.34476480065513054,100.0,0.4030679166316986
T11,T11_day427,T11_day905,480,478,427,-193.63394165039062,-4296.28173828125,-256.1867370605469,-199.3740234375,-200.02655029296875,0.018533513969061333,0.001,0.09185324574045728,10000.0,-1.1209950426676791,10.0,-2.0158591270446777
T11,T11_day428,T11_day456,30,28,428,-488422.6875,-488395.9375,-127312109568.0,-106558267392.0,-113704501248.0,-32740.46742553854,1e-05,-35802.42360017207,10000.0,-463611.15707588795,0.1,-460554.59375
T11,T11_day428,T11_day548,120,120,428,-51.14289093017578,-52.38554000854492,-3689925.5,-3600475.0,-3568973.0,0.27811673001477133,0.0001,0.46818135059949034,10000.0,0.3985385536206173,1.0,0.4030679166316986
T11,T11_day428,T11_day905,480,477,428,-73.02986907958984,-1154.001953125,-171575.96875,-163039.109375,-163492.75,0.016584199670544586,0.0001,0.09185324574045728,10000.0,-1.9979985736329036,0.1,-2.0158591270446777
T11,T11_day437,T11_day444,7,7,437,-35831.7890625,-35805.5078125,-25189.625,-571049.875,-421906.21875,-23.051915005450837,0.001,-3.889615429122589,100000.0,-1678.0147680633956,0.1,-7304.787109375
T11,T11_day437,T11_day468,30,31,437,-6.805296897888184,-148.212158203125,-3713670.25,-3369508.5,-3400035.5,-0.6926327372841724,0.0001,-1.1459964131099467,10000.0,-22.91893112547123,0.1,-16.74512481689453
T11,T11_day437,T11_day555,120,118,437,-1557669376.0,-1557603584.0,-27193896960.0,-791497867264.0,-5596875063296.0,-9046999685.33749,1.0,-9283309.577875197,10000.0,-106723232.12018605,10.0,-69344728.0
T11,T11_day437,T11_day924,480,487,437,-179.36972045898438,-181.28970336914062,-555805.6875,-1139028.625,-1097170.75,-198.62185907315455,0.0001,-17.96279392345253,100000.0,-96.88338843742604,0.1,-92.67566680908203
T11,T11_day440,T11_day441,1,1,440,-30.148290634155273,-31.946325302124023,-789344384.0,-696772480.0,-645625856.0,-0.16553727761730874,0.0001,-88.73024409348528,10000.0,-185.19901652203305,0.1,-184.98362731933594
T11,T11_day440,T11_day469,30,29,440,-8.363229751586914,-7.744624137878418,-1391661.25,-1335970.125,-1287927.25,0.2016801990986245,1e-05,-0.5404549751473051,10000.0,-2.1057968775754157,0.1,-2.1121792793273926
T11,T11_day440,T11_day560,120,120,440,-167774.734375,-167759.484375,-732951168.0,-1162057600.0,-1345604480.0,-1110.7654172468788,1e-05,-3968.0278283911475,10000.0,-22296.71517594285,0.1,-21757.23046875
T11,T11_day440,T11_day924,480,484,440,-113.26072692871094,-136.81298828125,-255649472.0,-259099648.0,-256068096.0,-13.229280287265304,0.001,-17.96279392345253,100000.0,-92.85827850940109,0.1,-92.67566680908203
T11,T11_day441,T11_day443,1,2,441,-0.39749324321746826,0.015161514282226562,-1.4074678421020508,-1.2275519371032715,-1.263429880142212,0.18656328830329755,0.001,0.3023234964937091,10000.0,0.2780014182347139,1000.0,0.265543669462204
T11,T11_day441,T11_day471,30,30,441,-0.005620211362838745,-1.4816166162490845,-1.199088454246521,-1.2448598146438599,-1.2462371587753296,0.07541235859534562,0.01,0.1968359130115575,100000.0,0.25521918158974416,10000.0,0.3587552309036255
T11,T11_day441,T11_day560,120,119,441,-37719.2421875,-37672.62109375,-81508.4296875,-90666.5,-82373.7421875,-638.0592893702446,0.001,-3968.0278283911475,10000.0,-11369.504982742092,1000.0,-21757.23046875
T11,T11_day441,T11_day924,480,483,441,-85.61839294433594,-84.5872802734375,-110.66136169433594,-125.77253723144531,-121.2228775024414,-110.35351636608947,0.1,-17.96279392345253,100000.0,-111.49774143478268,1000000.0,-92.67566680908203
T11,T11_day443,T11_day444,1,1,443,-45173.390625,-45606.859375,-77.9888916015625,-69.13593292236328,-71.21278381347656,-25.41375350567017,0.01,-3.889615429122589,100000.0,-14.683250690500113,100000.0,-7304.787109375
T11,T11_day443,T11_day471,30,28,443,-6.379485130310059,-9.770718574523926,0.018147021532058716,0.02826628088951111,0.040787696838378906,0.13597452256716874,0.01,0.1968359130115575,100000.0,0.20212122802684968,100000.0,0.3587552309036255
T11,T11_day443,T11_day563,120,120,443,-58.41859436035156,-66.08082580566406,-0.026837080717086792,-0.19541087746620178,-0.3417408764362335,0.28658775817522664,0.0001,0.3150351674324042,10000.0,0.29689239250279004,10000.0,0.29096749424934387
T11,T11_day443,T11_day924,480,481,443,-72.4497299194336,-73.66606140136719,-337.6492919921875,-330.1174621582031,-333.3392639160156,-362.2240450100922,0.01,-17.96279392345253,100000.0,-333.3298840251359,1000000.0,-92.67566680908203
T11,T11_day444,T11_day476,30,32,444,-0.1495094895362854,-0.15782558917999268,-52573.96484375,-41112.64453125,-43037.9375,0.37694336930082767,0.0001,0.3588171395914009,10000.0,0.2903943648005964,0.1,0.29051464796066284
T11,T11_day444,T11_day563,120,119,444,-1.6800811290740967,-0.9578223824501038,-34971.91015625,-29859.12109375,-30230.52734375,0.25509720099788097,0.0001,0.3150351674324042,10000.0,0.29114574131648224,0.1,0.29096749424934387
T11,T11_day444,T11_day924,480,480,444,-23.66332244873047,-22.759626388549805,-38425040.0,-36203700.0,-36271092.0,-83.7654411139959,0.001,-17.96279392345253,100000.0,-92.70298308708094,0.1,-92.67566680908203
T11,T11_day454,T11_day456,1,2,454,-9781350.0,-9780757.0,-9305892864.0,-830084022272.0,-176182476800.0,-154684.39754614772,0.001,-35802.42360017207,10000.0,-460619.6040370929,0.1,-460554.59375
T11,T11_day454,T11_day461,7,7,454,-3307781.0,-3303369.0,-2765578752.0,-2790491136.0,-2635794688.0,-10.513266782645806,0.0001,-108.35451593139149,10000.0,-7281.488934166794,0.1,-5205.02880859375
T11,T11_day454,T11_day484,30,30,454,-2293905.25,-2294013.25,-6405511680.0,-7017246208.0,-5916446720.0,-9.077492398550785,0.001,-3.1168593193398464,100000.0,-1513.021130137086,0.1,-1636.40234375
T11,T11_day454,T11_day575,120,121,454,-1291.58056640625,-248754.640625,-68559.515625,-68945.203125,-68878.2578125,0.02069694594306698,0.0001,0.08425258149665033,100000.0,0.2929767098911663,0.1,0.2996678054332733
T11,T11_day454,T11_day938,480,484,454,-92043224.0,-91414528.0,-344478016.0,-418601056.0,-440610496.0,-60.96800122470267,0.0001,-39.444872133630525,100000.0,-21348.716774268967,0.1,-99099.4375
T11,T11_day456,T11_day463,7,7,456,-326.96337890625,-127803.1640625,-0.37769824266433716,-0.3653525114059448,-0.9534934163093567,-0.24877059213617747,0.1,0.04890180079716566,100000.0,-0.4399424481143046,10000.0,-3.0076920986175537
T11,T11_day456,T11_day484,30,28,456,-230748.53125,-230748.546875,-490.5373229980469,-954.5205688476562,-786.3829956054688,-129.34507502325584,0.001,-3.1168593193398464,100000.0,-266.3635587348202,1000.0,-1636.40234375
T11,T11_day456,T11_day576,120,120,456,-0.16104596853256226,0.06527751684188843,-19.892654418945312,-24.184782028198242,-27.349388122558594,0.46936026494858746,0.0001,0.49714427477314854,10000.0,0.4780094544657509,10.0,0.4781038463115692
T11,T11_day456,T11_day938,480,482,456,-15100044.0,-14976023.0,-379.94580078125,-905.2271118164062,-792.445068359375,-195.45909106185144,0.001,-39.444872133630525,100000.0,-669.7968687879912,1000.0,-99099.4375
T11,T11_day461,T11_day463,1,2,461,-201.15029907226562,-77326.0390625,-14.493253707885742,-19.17496109008789,-17.762548446655273,-7.437118188737024,0.1,0.04890180079716566,100000.0,-2.296726152418734,10000.0,-3.0076920986175537
T11,T11_day461,T11_day468,7,7,461,-573.6384887695312,-707.121337890625,-60.774497985839844,-61.296573638916016,-64.89117431640625,-2.794911608560861,0.0001,-1.1459964131099467,10000.0,-13.031363428196443,100.0,-16.74512481689453
T11,T11_day461,T11_day490,30,29,461,-79845.8359375,-79927.375,-164880272.0,-188480032.0,-174244512.0,-239939.40555751885,0.001,-1684675.1084715792,10000.0,-2102164.9374508657,10.0,-2152341.25
T11,T11_day461,T11_day583,120,122,461,-5.491866111755371,-0.6636595726013184,-81.08351135253906,-77.66813659667969,-78.46684265136719,0.49390458048058017,0.0001,0.5179512105744084,10000.0,0.5055179234690015,100.0,0.5054484009742737
T11,T11_day461,T11_day940,480,479,461,-36.995174407958984,-43.65265655517578,-126.80599975585938,-91.40184783935547,-92.13912963867188,-0.12030253229099142,0.001,0.006149472511789433,10000.0,-3.2116740772725088,1000.0,-30.393798828125
T11,T11_day463,T11_day464,1,1,463,-2.298745632171631,-2.031278133392334,-7815.18359375,-7931.6552734375,-7872.0986328125,-0.019719468262671958,0.001,0.02111893332685455,10000.0,-164.68677364744624,0.1,-11.820124626159668
T11,T11_day463,T11_day469,7,6,463,-3.862027645111084,-3.4280238151550293,-1130001792.0,-1076652032.0,-1073713408.0,-0.025485036142061546,0.001,-0.5404549751473051,10000.0,-2.2559567442527024,0.1,-2.1121792793273926
T11,T11_day463,T11_day492,30,29,463,-94.73212432861328,-94.562255859375,-14213320.0,-35347468288.0,-35750023168.0,-1495.1616233566317,0.0001,-3515.8773337549337,10000.0,-7347.690218689637,0.1,-7245.98291015625
T11,T11_day463,T11_day583,120,120,463,-0.19725990295410156,0.09451296925544739,-12399989.0,-11468184.0,-11470486.0,0.43751631490824955,0.0001,0.5179512105744084,10000.0,0.5054154175085208,0.1,0.5054484009742737
T11,T11_day463,T11_day940,480,477,463,-0.9119999408721924,-0.19661986827850342,-12951184.0,-12389751.0,-12377194.0,-0.017749142788712924,0.0001,0.006149472511789433,10000.0,-24.030199603578883,1.0,-30.393798828125
T11,T11_day464,T11_day471,7,7,464,-0.7775623798370361,-0.4986746311187744,-303517.34375,-304360.875,-310236.4375,0.21249943225099294,0.0001,0.1968359130115575,100000.0,0.35879983996629394,0.1,0.3587552309036255
T11,T11_day464,T11_day492,30,28,464,-5.720700263977051,-4.167391777038574,-630606.5625,-5079581184.0,-2802622720.0,-8168.66171021009,0.0001,-3515.8773337549337,10000.0,-7240.543889584531,0.1,-7245.98291015625
T11,T11_day464,T11_day583,120,119,464,-1.3361008167266846,-0.6415199637413025,-382581.9375,-384872.90625,-389293.5,0.4024980706011907,0.0001,0.5179512105744084,10000.0,0.5054141941473631,0.1,0.5054484009742737
T11,T11_day464,T11_day940,480,476,464,-27.485252380371094,-129.04803466796875,-406350.5,-464154.59375,-467883.125,-0.08000332673182958,0.001,0.006149472511789433,10000.0,-7.2820581177102435,10.0,-30.393798828125
T11,T11_day468,T11_day469,1,1,468,-2.155681610107422,-2.238063097000122,-1563.06298828125,-4014.46923828125,-5057.7763671875,-0.7714281383579381,0.0001,-0.5404549751473051,10000.0,-2.103010201166409,10.0,-2.1121792793273926
T11,T11_day468,T11_day476,7,8,468,0.16508826613426208,0.15040656924247742,-1273.4945068359375,-902.868896484375,-1054.7999267578125,0.3243634348933899,0.0001,0.3588171395914009,10000.0,0.2905159859641179,0.1,0.29051464796066284
T11,T11_day468,T11_day496,30,28,468,-516.6394653320312,-3686.5849609375,-39.598731994628906,-21.283676147460938,-16.582481384277344,-0.3561220707419146,0.1,0.17307724803656716,10000.0,-0.8620755077854374,100.0,-1.567918300628662
T11,T11_day468,T11_day587,120,119,468,-13809043.0,-13831253.0,-18409138.0,-23678700.0,-57071600.0,-7030.865836940679,0.0001,-5480.165391459237,100000.0,-170417.21103658216,10.0,-207185.484375
T11,T11_day468,T11_day952,480,484,468,-4.202571868896484,-1.3145391941070557,-624986.25,-567389.0625,-589640.6875,-12.148739641101814,0.01,-11.576447172439494,10000.0,-73.09947920384111,1.0,-75.83982849121094
T11,T11_day469,T11_day471,1,2,469,-0.40091472864151,-0.7923612594604492,-0.005690664052963257,-0.07340604066848755,-0.029603540897369385,0.11020354262527893,0.1,0.1968359130115575,100000.0,0.03312662496798613,1000000.0,0.3587552309036255
T11,T11_day469,T11_day476,7,7,469,-0.9499731063842773,-0.25401830673217773,-2.095665454864502,-1.2872052192687988,-1.3879354000091553,0.37400969702322623,0.0001,0.3588171395914009,10000.0,0.27832207997753766,1000.0,0.29051464796066284
T11,T11_day469,T11_day496,30,27,469,-321.8765869140625,-90319.484375,-1.2010552883148193,-0.5856854915618896,-0.5931447148323059,0.08498244819957318,0.01,0.17307724803656716,10000.0,-0.6149935406118164,100000.0,-1.567918300628662
T11,T11_day469,T11_day589,120,120,469,-0.5876729488372803,-14730.287109375,0.028516441583633423,0.04872143268585205,0.05191892385482788,0.08707097513653228,0.001,0.47210215163013264,10.0,0.47302556890439623,10.0,-0.8240407705307007
T11,T11_day469,T11_day952,480,483,469,-161.90316772460938,-102.07411193847656,-522.6922607421875,-491.55499267578125,-531.4625244140625,-16.021463590739767,0.0001,-11.576447172439494,10000.0,-45.108463041501224,1000.0,-75.83982849121094
T11,T11_day471,T11_day503,30,32,471,-47.51924514770508,-47.804443359375,-588.9664306640625,-597.353271484375,-606.1273803710938,-26.8716677491085,0.0001,-3.494413290612071,10000.0,-11.034992275711536,10.0,-16.187084197998047
T11,T11_day471,T11_day590,120,119,471,-257.62274169921875,-258.2835998535156,-5686464.5,-1976068.75,-1894344.0,-1571.6895030524638,0.01,-4984.98210190881,10000.0,-26829.135250986976,10.0,-27017.88671875
T11,T11_day471,T11_day952,480,481,471,-1211.6978759765625,-675.96826171875,-60.05434036254883,-621.4240112304688,-279.4485778808594,-10.792159280062346,0.001,-11.576447172439494,10000.0,-52.23122927465733,100.0,-75.83982849121094
T11,T11_day476,T11_day484,7,8,476,-190796.5625,-190355.03125,-44.26300048828125,-82.97602844238281,-95.08030700683594,-43.73864883803857,0.01,-3.1168593193398464,100000.0,-38.74993999718998,1000000.0,-1636.40234375
T11,T11_day476,T11_day505,30,29,476,-1505.33984375,-1499.085205078125,-36.991615295410156,-53.51264190673828,-51.449066162109375,-36.99512373270186,100.0,-61.36414364228918,10000.0,-40.64552051308649,100000.0,-2059.390869140625
T11,T11_day476,T11_day596,120,120,476,-684918400.0,-684910848.0,-7560062.5,-10320076.0,-11315566.0,-16926815.281416073,0.0001,-59898475.58970088,10000.0,-66150253.41836567,10000.0,-112636112.0
T11,T11_day476,T11_day952,480,476,476,-1833.4404296875,-1002.794189453125,-87.93536376953125,-100.78439331054688,-170.02676391601562,-88.94521400591589,0.001,-11.576447172439494,10000.0,-52.30109931902777,10000.0,-75.83982849121094
T11,T11_day484,T11_day490,7,6,484,-188.6847381591797,-189.25582885742188,-3200619.25,-14738003.0,-14410732.0,-36876.61128681601,0.0001,-1684675.1084715792,10000.0,-2107479.0384218595,100.0,-2152341.25
T11,T11_day484,T11_day511,30,27,484,-0.6315097212791443,-0.0565454363822937,-32.557159423828125,-29.75728988647461,-29.579008102416992,0.31065507781427054,1e-06,0.3717614253327072,0.1,0.3717605905059644,0.1,0.37176164984703064
T11,T11_day484,T11_day604,120,120,484,-12.591590881347656,-7123.880859375,-39.7606315612793,-26.717151641845703,-26.293655395507812,0.0844069819127467,0.01,0.42652160023491786,10000.0,-0.2838645218326874,10000.0,-0.740847110748291
T11,T11_day484,T11_day952,480,468,484,-285.28985595703125,-160.56472778320312,-26522.4609375,-28221.751953125,-29694.70703125,-4.363232530133876,0.0001,-11.576447172439494,10000.0,-63.73006259112383,100.0,-75.83982849121094
T11,T11_day490,T11_day492,1,2,490,-303823.4375,-303900.09375,-35278.4609375,-103108.8203125,-71714.140625,-5601.671134657761,0.001,-3515.8773337549337,10000.0,-7004.100761947839,100.0,-7245.98291015625
T11,T11_day490,T11_day496,7,6,490,-1496.1307373046875,-15521.265625,0.09092941880226135,0.15627896785736084,0.15940716862678528,0.09094343402386462,100.0,0.17307724803656716,10000.0,0.11454799703283725,1000000.0,-1.567918300628662
T11,T11_day490,T11_day521,30,31,490,-1191.16845703125,-1191.5716552734375,-102.27799987792969,-127.20252990722656,-131.97840881347656,-32.41924925291176,0.001,-17.71648520752716,100000.0,-100.78732705683956,10000.0,-380.80621337890625
T11,T11_day490,T11_day610,120,120,490,-4707.54443359375,-4700.6044921875,-13018771.0,-3460994.0,-3490125.75,-5780.123863147294,0.001,-8323.476823859284,10000.0,-5561.715038777082,1000.0,-11670.6875
T11,T11_day490,T11_day987,480,497,490,-106638.15625,-106313.34375,-351945.21875,-719192.0,-726291.75,-11175.586646795395,0.001,-2121.2159068677015,100000.0,-64545.832213732916,10000.0,-36971.9375
T11,T11_day492,T11_day521,30,29,492,-959.67822265625,-955.9326171875,-27.681655883789062,-46.05896759033203,-30.998838424682617,-27.619346071037803,1.0,-17.71648520752716,100000.0,-55.98671418663599,100000.0,-380.80621337890625
T11,T11_day492,T11_day610,120,118,492,-117538.3125,-117585.125,-58085056.0,-19224672.0,-19046032.0,-17774.502457999726,0.001,-8323.476823859284,10000.0,-56696.794005380085,1000.0,-11670.6875
T11,T11_day492,T11_day987,480,495,492,-66671.640625,-66677.734375,-13990.99609375,-5170.60009765625,-14787.5703125,-13991.518370419511,100.0,-2121.2159068677015,100000.0,-7338.559931493409,100000.0,-36971.9375
T11,T11_day496,T11_day503,7,7,496,-10.319252014160156,-9.975272178649902,-29354288.0,-29882110.0,-29880702.0,-2.068963106454229,0.0001,-3.494413290612071,10000.0,-21.510433138081407,0.1,-16.187084197998047
T11,T11_day496,T11_day527,30,31,496,-5.491719722747803,-4.923707008361816,-20372352.0,-17903820.0,-17850490.0,-3.181608742930428,0.0001,0.13089659504688805,10000.0,-30.357026243527994,0.1,-28.552780151367188
T11,T11_day496,T11_day617,120,121,496,0.02268710732460022,0.18195843696594238,-142220.4375,-130906.5390625,-129669.2421875,0.2591468923800751,0.01,0.4241101990843474,10000.0,0.4063459418243529,1.0,0.40710631012916565
T11,T11_day496,T11_day987,480,491,496,-17057.11328125,-17008.341796875,-83487711232.0,-84205461504.0,-82650193920.0,-8428.985869512191,0.01,-2121.2159068677015,100000.0,-36292.296665431495,1.0,-36971.9375
T11,T11_day503,T11_day504,1,1,503,0.4457869529724121,0.37179630994796753,0.3245755732059479,-0.010183751583099365,-0.045786261558532715,0.32399784867483317,100.0,0.4012028161972478,10000.0,0.3557205118414706,10000.0,0.4307265281677246
T11,T11_day503,T11_day511,7,8,503,-1.033825397491455,-0.37814921140670776,-8.52775764465332,-6.410769939422607,-6.416995525360107,0.3444964662157596,1e-06,0.3717614253327072,0.1,0.37176563835152254,0.1,0.37176164984703064
T11,T11_day503,T11_day535,30,32,503,-0.46962517499923706,0.0932401716709137,-7.126630783081055,-7.613491058349609,-7.6693572998046875,0.3674840249462543,0.0001,0.36637312175336945,10000.0,0.32710459700819655,10.0,0.32428857684135437
T11,T11_day503,T11_day623,120,120,503,-25.647750854492188,-15.553630828857422,-275.18792724609375,-254.60157775878906,-249.8588104248047,-0.6755213320750378,0.001,-0.11289049210265034,10000.0,-5.1110704873509025,100.0,-4.521814346313477
T11,T11_day503,T11_day987,480,484,503,-66422.7890625,-66216.015625,-241706.125,-437894.53125,-525980.25,-11051.062456524707,0.001,-2121.2159068677015,100000.0,-27509.601496627085,100.0,-36971.9375
T11,T11_day504,T11_day505,1,1,504,-3320.94775390625,-3312.864990234375,-6282.6298828125,-4160.06591796875,-4272.06005859375,-278.65793646705623,0.01,-61.36414364228918,10000.0,-1155.7325140846763,100.0,-2059.390869140625
T11,T11_day504,T11_day511,7,7,504,-0.39454975724220276,-0.2823840379714966,-39.78971862792969,-35.62173843383789,-36.172035217285156,0.3572475062642678,1e-06,0.3717614253327072,0.1,0.37174854940138313,0.1,0.37176164984703064
T11,T11_day504,T11_day535,30,31,504,0.2107280194759369,-0.0786333680152893,-32.04380798339844,-25.377586364746094,-26.899383544921875,0.3629342993095098,0.001,0.36637312175336945,10000.0,0.32721013461205906,10.0,0.32428857684135437
T11,T11_day504,T11_day623,120,119,504,-59.15129470825195,-22.786537170410156,-217.91958618164062,-127.85650634765625,-78.93826293945312,-0.2033444477447215,0.0001,-0.11289049210265034,10000.0,-7.775418892081112,100.0,-4.521814346313477
T11,T11_day504,T11_day987,480,483,504,-86934.625,-86862.53125,-504908.1875,-3546595.0,-3561035.0,-14182.656189024512,0.001,-2121.2159068677015,100000.0,-44934.48946917974,100.0,-36971.9375
T11,T11_day505,T11_day511,7,6,505,-2.827657699584961,-1.8235957622528076,-31.508447647094727,-28.043968200683594,-26.649459838867188,0.3376890205245152,1e-06,0.3717614253327072,0.1,0.37175974567322806,0.1,0.37176164984703064
T11,T11_day505,T11_day535,30,30,505,-58.5196533203125,-399.2518310546875,-27.609790802001953,-26.636905670166016,-26.012378692626953,0.38110742783891394,0.0001,0.36637312175336945,10000.0,0.3295442023181638,100.0,0.32428857684135437
T11,T11_day505,T11_day623,120,118,505,-13.15119743347168,-9.268571853637695,-434.6807861328125,-340.88433837890625,-377.3763427734375,-2.6481536608271554,0.0001,-0.11289049210265034,10000.0,-4.6575544030796845,10.0,-4.521814346313477
T11,T11_day505,T11_day987,480,482,505,-119808.5,-119707.734375,-13241.412109375,-47933.359375,-735920.375,-7540.8447882831015,0.0001,-2121.2159068677015,100000.0,-39792.655418294955,10000.0,-36971.9375
T11,T11_day511,T11_day539,30,28,511,-150.41683959960938,-459.8152770996094,-1037.25390625,-1351.7110595703125,-1112.0838623046875,-201.76321098982007,0.01,-2.9937799786886368,100000.0,-885.8159114169107,1000000.0,-66.70478057861328
T11,T11_day511,T11_day630,120,119,511,-59271249920.0,-59271237632.0,-357644763136.0,-270913175552.0,-239327281152.0,-1676013046.1034482,0.0001,-626950450.0800748,10000.0,-5689415489.60794,10000.0,-1192304384.0
T11,T11_day511,T11_day987,480,476,511,-138300.84375,-138223.21875,-49724.65234375,-126224.2890625,-100724.7890625,-7408.649121691855,0.001,-2121.2159068677015,100000.0,-22109.82740635542,100000.0,-36971.9375
T11,T11_day521,T11_day527,7,6,521,-65.82827758789062,-57.168128967285156,-41.972007751464844,-296.8125915527344,-327.3167724609375,-4.703359898145903,1e-05,0.13089659504688805,10000.0,-52.544637488465256,100.0,-28.552780151367188
T11,T11_day521,T11_day552,30,31,521,-1982.22705078125,-2271.94287109375,-226509.546875,-227005.25,-422921.125,-1999.833972110272,1e-05,-1132.3210783560287,10000.0,-736.0650279319502,100.0,-600.56005859375
T11,T11_day521,T11_day639,120,118,521,-2.539303779602051,-0.8010159730911255,-21.29016876220703,-16.78556251525879,-17.095726013183594,0.44339573808594396,0.001,0.461734764939335,10000.0,0.4460779550390081,100.0,0.449651837348938
T11,T11_day521,T11_day1001,480,480,521,-54.410499572753906,-51.25505065917969,-162.16741943359375,-130.5378875732422,-214.0230712890625,-55.93310265976402,0.001,-39.06074164905183,10000.0,-48.77191498385717,100.0,-49.34852981567383
T11,T11_day524,T11_day555,30,31,524,-2402788864.0,-2402831872.0,-239005990912.0,-33736867840.0,-45312229376.0,-180297137.00835454,0.01,-9283309.577875197,10000.0,-36419072.289972045,10.0,-69344728.0
T11,T11_day524,T11_day643,120,119,524,-127.75917053222656,-121.2188949584961,-1711051.25,-1531923.625,-1706771.25,-3364.173028605097,0.001,-2743.70800112246,10000.0,-6963.208367291756,100.0,-7692.01806640625
T11,T11_day524,T11_day1001,480,477,524,-302.8138732910156,-294.89263916015625,-839661.5,-797584.625,-796887.625,-48.04799885305068,0.001,-39.06074164905183,10000.0,-31.58801856367313,100.0,-49.34852981567383
T11,T11_day527,T11_day535,7,8,527,-2.0731425285339355,-11.282336235046387,-8.579994201660156,-9.692708969116211,-10.073236465454102,0.34760508728635164,0.0001,0.36637312175336945,10000.0,0.324838397823429,1.0,0.32428857684135437
T11,T11_day527,T11_day555,30,28,527,-1312705408.0,-1312785920.0,-2705654528.0,-1391552256.0,-990310720.0,-1087446.6634720606,0.0001,-9283309.577875197,10000.0,-98652218.2967296,10.0,-69344728.0
T11,T11_day527,T11_day646,120,119,527,-11302848512.0,-11207489536.0,-199.57899475097656,-65.67456817626953,-57.40610885620117,-42.871189127147886,1.0,0.029849144994714083,1000000.0,-44.033694320469,100000.0,-34087.33203125
T11,T11_day527,T11_day1001,480,474,527,-117.03751373291016,-117.811767578125,-12390.189453125,-14346.7275390625,-13894.3251953125,-68.83704262193763,0.001,-39.06074164905183,10000.0,-119.25752431027962,1000.0,-49.34852981567383
T11,T11_day535,T11_day563,30,28,535,-0.19129201769828796,-0.21471962332725525,-12.107784271240234,-12.047996520996094,-12.167879104614258,0.2926120408451661,0.0001,0.3150351674324042,10000.0,0.2921565135818663,10.0,0.29096749424934387
T11,T11_day535,T11_day658,120,123,535,-942.1205444335938,-973.5858764648438,-165.98275756835938,-217.8844757080078,-167.40811157226562,-36.04716938606609,0.0001,-9.088631266078172,100000.0,-37.709827368654345,1000.0,-30.392385482788086
T11,T11_day535,T11_day1017,480,482,535,-5.9445085525512695,-9.655258178710938,-39.230648040771484,-30.18804168701172,-29.835472106933594,-7.366935357900249,1e-06,-18.14371487484832,0.1,-18.192197478632625,0.1,-18.143375396728516
T11,T11_day538,T11_day539,1,1,538,-108.8311996459961,-114.37135314941406,-69.19762420654297,-69.9839859008789,-128.1785888671875,-69.19499699484605,100.0,-2.9937799786886368,100000.0,-48.89973959059878,100000.0,-66.70478057861328
T11,T11_day538,T11_day563,30,25,538,-3.6080281734466553,-4.677468299865723,0.2547316551208496,0.2785767912864685,0.21782320737838745,0.2734707686508137,0.001,0.3150351674324042,10000.0,0.31130294284951615,10000.0,0.29096749424934387
T11,T11_day538,T11_day658,120,120,538,-982.9920654296875,-1013.078857421875,-137.31430053710938,-159.09707641601562,-107.33850860595703,-46.72794999052619,0.001,-9.088631266078172,100000.0,-69.88786008511482,100000.0,-30.392385482788086
T11,T11_day538,T11_day1017,480,479,538,-17.028423309326172,-14.602811813354492,-0.10421544313430786,-0.06287035346031189,0.04141315817832947,-2.4451263921001107,1e-06,-18.14371487484832,0.1,-18.144558428898623,0.1,-18.143375396728516
T11,T11_day539,T11_day563,30,24,539,-9.267257690429688,-11.261734008789062,-1592.1572265625,-947.8374633789062,-879.9361572265625,0.28262898470515563,0.0001,0.3150351674324042,10000.0,0.29026622319321466,10.0,0.29096749424934387
T11,T11_day539,T11_day658,120,119,539,-2084.45556640625,-2119.212890625,-152660.96875,-380798.125,-397125.9375,-32.83311658877633,0.0001,-9.088631266078172,100000.0,-30.26046143355761,100.0,-30.392385482788086
T11,T11_day539,T11_day1017,480,478,539,-9.194095611572266,-6.83987283706665,-1040.49658203125,-886.0628662109375,-863.6726684570312,0.08326623754348073,1e-06,-18.14371487484832,0.1,-18.153524828164336,0.1,-18.143375396728516
T11,T11_day548,T11_day555,7,7,548,-1828088064.0,-1828129024.0,-78729224192.0,-17580038144.0,-3713465344.0,-60188239.931932926,0.001,-9283309.577875197,10000.0,-57341163.69795328,10.0,-69344728.0
T11,T11_day548,T11_day576,30,28,548,-0.08994454145431519,0.20082306861877441,-197.47930908203125,-188.61196899414062,-194.290771484375,0.4641817801805462,0.0001,0.49714427477314854,10000.0,0.4781054044009359,0.1,0.4781038463115692
T11,T11_day548,T11_day665,120,117,548,-41.29416275024414,-4559.544921875,-9.67845344543457,-901.13330078125,-556.1867065429688,-8.11913131759644,0.01,-1.0614155472571118,100000.0,-10.29252527689135,10000.0,-77.10733795166016
T11,T11_day548,T11_day1025,480,477,548,-215.9650115966797,-175.08035278320312,-4459.8330078125,-5021.85888671875,-4269.4814453125,-1.5198447911632482,0.01,-0.44784004806955635,10000.0,-3.0371156022188415,1000.0,-0.5932912230491638
T11,T11_day552,T11_day560,7,8,552,-163828.421875,-163819.890625,-15221.80078125,-66020.921875,-129175.9375,-368.167489820396,1e-05,-3968.0278283911475,10000.0,-21370.917098536465,10.0,-21757.23046875
T11,T11_day552,T11_day583,30,31,552,0.09907203912734985,0.3512904942035675,-39.397674560546875,-50.532188415527344,-46.667808532714844,0.5041153739402673,0.0001,0.5179512105744084,10000.0,0.5058123489721147,100.0,0.5054484009742737
T11,T11_day552,T11_day672,120,120,552,-97.41193389892578,-20395.787109375,-7.201231956481934,-98.86124420166016,-137.3234100341797,-2.1343125357534976,0.1,-1.1467466106016557,10000.0,-9.723435022826997,10000.0,-17.348112106323242
T11,T11_day552,T11_day1025,480,473,552,-32.801597595214844,-32.48358917236328,-75.76219940185547,-122.16046142578125,-80.44451904296875,-0.1357508790259203,0.0001,-0.44784004806955635,10000.0,-0.684948814157221,100.0,-0.5932912230491638
T11,T11_day555,T11_day563,7,8,555,-2.521803855895996,0.20920562744140625,-19.57598876953125,-17.24222755432129,-19.088899612426758,0.26489797630786344,0.0001,0.3150351674324042,10000.0,0.29699201804843073,100.0,0.29096749424934387
T11,T11_day555,T11_day583,30,28,555,-0.9112023115158081,0.4005030393600464,-31.885915756225586,-22.402135848999023,-22.509056091308594,0.500603599591195,0.0001,0.5179512105744084,10000.0,0.5049444351519607,100.0,0.5054484009742737
T11,T11_day555,T11_day675,120,120,555,-1729423.5,-1725919.125,-632.143798828125,-3667.056396484375,-2432.554931640625,-120.27634557072513,0.001,-81.11736432205592,10000.0,-397.6166622182574,1000.0,-2019.2666015625
T11,T11_day555,T11_day1025,480,470,555,-47.56419372558594,-37.31446838378906,-658.3530883789062,-768.6005249023438,-763.4912109375,0.26557563135361706,0.001,-0.44784004806955635,10000.0,-0.5731646206270233,100.0,-0.5932912230491638
T11,T11_day560,T11_day590,30,30,560,-4193.84033203125,-4178.77734375,-14728.02734375,-7248.55224609375,-7387.982421875,-1195.5825087059675,0.001,-4984.98210190881,10000.0,-26124.417109664806,100.0,-27017.88671875
T11,T11_day560,T11_day681,120,121,560,-2.162245035171509,0.1176486611366272,-13.408928871154785,-10.691524505615234,-10.772825241088867,0.32327847564757406,0.001,0.438214552178238,10000.0,0.4071694203109743,100.0,0.4065682291984558
T11,T11_day560,T11_day1025,480,465,560,-137.6190185546875,-112.4490966796875,-15.66633415222168,-20.317394256591797,-19.489500045776367,0.2510456749348693,1e-05,-0.44784004806955635,10000.0,-0.6310357741880637,100.0,-0.5932912230491638
T11,T11_day563,T11_day590,30,27,563,-17710.38671875,-17656.173828125,-1161.456787109375,-480.88134765625,-646.983642578125,-1523.335506498344,0.001,-4984.98210190881,10000.0,-25094.937236824888,100.0,-27017.88671875
T11,T11_day563,T11_day681,120,118,563,-5.393054962158203,0.16779446601867676,-2.860743284225464,-2.6432929039001465,-2.695962429046631,0.2536220100491728,0.01,0.438214552178238,10000.0,0.4081439170626552,100.0,0.4065682291984558
T11,T11_day563,T11_day1057,480,494,563,-24.08926773071289,-21.89026641845703,-6.47100830078125,-0.6413703560829163,-0.6149043440818787,0.38134408979779066,0.0001,0.46244671867514237,10000.0,0.3567904598274444,1000.0,0.40344226360321045
T11,T11_day575,T11_day576,1,1,575,-9.15571117401123,-0.30066847801208496,-139.13975524902344,-83.32958984375,-83.31077575683594,0.4431847989812449,0.0001,0.49714427477314854,10000.0,0.4787703201298405,10.0,0.4781038463115692
T11,T11_day575,T11_day583,7,8,575,-6.864479064941406,-0.008459657430648804,-138.04348754882812,-85.82367706298828,-86.57728576660156,0.48368885270710604,0.0001,0.5179512105744084,10000.0,0.505448262856703,0.1,0.5054484009742737
T11,T11_day575,T11_day604,30,29,575,-1.0076639652252197,-75.73094177246094,-152.50201416015625,-147.96322631835938,-155.19468688964844,0.3281359096028001,0.001,0.42652160023491786,10000.0,0.3209659895282439,1000.0,-0.740847110748291
T11,T11_day575,T11_day692,120,117,575,-1302054.875,-1302213.5,-4558414848.0,-4086864640.0,-6911189504.0,-13533935.787387904,0.0001,-30530714.51530587,10000.0,-81693049.28430581,100.0,-110181648.0
T11,T11_day575,T11_day1057,480,482,575,-5.21776008605957,-0.14591467380523682,-104.56884765625,-98.16939544677734,-99.38639831542969,0.30291090426969236,0.001,0.46244671867514237,10000.0,0.41300405856971556,100.0,0.40344226360321045
T11,T11_day576,T11_day583,7,7,576,-0.19823390245437622,-0.06577599048614502,0.46356356143951416,0.4513159990310669,0.45823830366134644,0.5128039351526181,0.001,0.5179512105744084,10000.0,0.5186179123562582,10000.0,0.5054484009742737
T11,T11_day576,T11_day604,30,28,576,-136.691162109375,-2473.492919921875,0.28542566299438477,0.26682910323143005,0.18206185102462769,0.37597056560353886,0.0001,0.42652160023491786,10000.0,0.3774296347429317,100000.0,-0.740847110748291
T11,T11_day576,T11_day692,120,116,576,-97750528.0,-97749888.0,-5005711.0,-82903920.0,-711773312.0,-69907300.87819254,0.0001,-30530714.51530587,10000.0,-45920686.996319495,10000.0,-110181648.0
T11,T11_day576,T11_day1057,480,481,576,-53.56393814086914,-54.785858154296875,-0.2129763662815094,-0.1987011432647705,0.0065541863441467285,0.38184372729707056,0.0001,0.46244671867514237,10000.0,0.43732558561501045,10000.0,0.40344226360321045
T11,T11_day583,T11_day590,7,7,583,-29903.263671875,-29874.408203125,-1239.6395263671875,-797.508056640625,-1576.7994384765625,-8173.53208327768,0.0001,-4984.98210190881,10000.0,-3699.8315166598823,10000.0,-27017.88671875
T11,T11_day583,T11_day610,30,27,583,-6259.1015625,-6257.58056640625,-3447.5703125,-34142.93359375,-34814.6171875,-4623.623024328059,0.01,-8323.476823859284,10000.0,-5520.509072164585,10000.0,-11670.6875
T11,T11_day583,T11_day702,120,119,583,-247843.59375,-3093706.0,-33.2187614440918,-25.119197845458984,-31.357086181640625,-22.995265951165784,0.1,-13.868956219295185,100000.0,-39.92594590032236,100000.0,-4581.72509765625
T11,T11_day583,T11_day1064,480,481,583,-0.7462520003318787,-1.2274603843688965,-0.10705292224884033,-0.11405020952224731,-0.13568806648254395,0.1486208044002545,0.001,0.38173855713860044,10000.0,0.3713127420562587,10000.0,0.431881308555603
T11,T11_day587,T11_day589,1,2,587,0.272649347782135,-5.6087141036987305,0.16709908843040466,0.13319677114486694,0.11002916097640991,0.392489861532483,0.0001,0.47210215163013264,10.0,0.5270643436900002,1.0,-0.8240407705307007
T11,T11_day587,T11_day617,30,30,587,0.048985838890075684,-0.05060413479804993,-142.10037231445312,-88.8917236328125,-85.15300750732422,0.32344084122623734,0.0001,0.4241101990843474,10000.0,0.4071607065775936,10.0,0.40710631012916565
T11,T11_day587,T11_day706,120,119,587,-7.8938984870910645,-9.502318382263184,-5453.68359375,-59071.90625,-15393.2685546875,-239.36868781285517,0.0001,-99.07338833003807,100000.0,-492.30047165419427,100.0,-639.19384765625
T11,T11_day587,T11_day1064,480,477,587,-0.597672700881958,-0.06123232841491699,-44.138954162597656,-41.327392578125,-41.43359375,0.2398525559527071,0.0001,0.38173855713860044,10000.0,0.4312599725857886,10.0,0.431881308555603
T11,T11_day589,T11_day590,1,1,589,-557.8863525390625,-557.2735595703125,-574374208.0,-1087718912.0,-1178130688.0,-11969.544856510314,0.0001,-4984.98210190881,10000.0,-27084.33295088073,0.1,-27017.88671875
T11,T11_day589,T11_day596,7,7,589,-614250560.0,-614250560.0,-1010076876800.0,-786053070848.0,-817347821568.0,-47996830.19036992,1e-06,-59898475.58970088,10000.0,-279920186.7702812,0.1,-112636112.0
T11,T11_day589,T11_day617,30,28,589,-2.713216781616211,-0.9211355447769165,-1629030.0,-1686353.5,-1657865.5,0.29408423746628687,0.001,0.4241101990843474,10000.0,0.40274789489323476,1.0,0.40710631012916565
T11,T11_day589,T11_day709,120,120,589,-16.122034072875977,-14.112695693969727,-7206699.0,-9098503.0,-8606348.0,-27.118958448688076,0.01,0.20626961680714212,100000.0,-59.05223145396802,10.0,-61.23590087890625
T11,T11_day589,T11_day1064,480,475,589,-2.331223964691162,-0.524077296257019,-1734116.75,-1715277.875,-1716787.75,0.12832848735804725,1e-05,0.38173855713860044,10000.0,0.43175810995210945,0.1,0.431881308555603
T11,T11_day590,T11_day596,7,6,590,-379185024.0,-379186816.0,-32300018.0,-31840424.0,-43436016.0,-7320870.206195096,0.0001,-59898475.58970088,10000.0,-71026139.36970799,10000.0,-112636112.0
T11,T11_day590,T11_day617,30,27,590,-0.671998143196106,-1.6457425355911255,-0.16816294193267822,-0.11809420585632324,-0.12306362390518188,0.3718425265095717,1e-06,0.4241101990843474,10000.0,0.4128952647932245,1000.0,0.40710631012916565
T11,T11_day590,T11_day709,120,119,590,-231.57530212402344,-340.28143310546875,-13.045345306396484,-16.649606704711914,-14.49761962890625,-4.9203975922115895,0.01,0.20626961680714212,100000.0,-3.598100761256597,10000.0,-61.23590087890625
T11,T11_day590,T11_day1064,480,474,590,-5.128443717956543,-2.697877883911133,-1.7261921167373657,-1.6875112056732178,-1.741592526435852,0.21002276500707878,0.001,0.38173855713860044,10000.0,0.33794236800643535,10000.0,0.431881308555603
T11,T11_day596,T11_day602,7,6,596,-53985296.0,-54018576.0,-309693.9375,-5075050.0,-522635.65625,-257593.01931088738,0.01,-20750.858219409267,100000.0,-272638.0706858508,100000.0,-3524266.0
T11,T11_day596,T11_day623,30,27,596,-17.077707290649414,-12.631142616271973,-161.36270141601562,-190.04537963867188,-170.349609375,-0.18528636550198485,0.001,-0.11289049210265034,10000.0,-4.209176086840173,10.0,-4.521814346313477
T11,T11_day596,T11_day715,120,119,596,-354.46478271484375,-359.54290771484375,-4330.36328125,-5689.55419921875,-7168.67822265625,-6.547090336468004,0.0001,-0.09552666755749234,100000.0,-98.73827835016688,10.0,-120.41368865966797
T11,T11_day596,T11_day1064,480,468,596,-3.7209579944610596,-0.9677425026893616,-213.2734832763672,-213.4154052734375,-210.36306762695312,0.23598054646821087,0.001,0.38173855713860044,10000.0,0.42490524940488067,100.0,0.431881308555603
T11,T11_day602,T11_day604,1,2,602,-3.326425075531006,-8.912419319152832,-4.702421188354492,-161.670654296875,-28.53664779663086,0.2879136752745085,1e-05,0.42652160023491786,10000.0,0.3750658882875323,1000.0,-0.740847110748291
T11,T11_day602,T11_day610,7,8,602,-1963.3541259765625,-1963.4757080078125,-14350223360.0,-5678991360.0,-5658802176.0,-16493.437880126854,0.0001,-8323.476823859284,10000.0,-12010.252573448954,0.1,-11670.6875
T11,T11_day602,T11_day632,30,30,602,-4.876120567321777,-0.8346647024154663,-37288.25,-20858.765625,-24670.98828125,0.14359752350611482,0.001,0.26995455895997794,10000.0,0.1272153394431937,0.1,0.127091646194458
T11,T11_day602,T11_day727,120,125,602,-33.65391540527344,-205.98934936523438,-13430.41796875,-7740.7021484375,-8566.6591796875,0.1883360521664798,0.0001,0.17300822560097245,100000.0,-1.3109241583823636,0.1,-1.1461284160614014
T11,T11_day602,T11_day1092,480,490,602,-1.5807592868804932,0.024327725172042847,-36634.33203125,-22515.509765625,-22715.736328125,0.2955895520753355,0.0001,0.2996380233919666,100000.0,0.4414305018032514,0.1,0.44158777594566345
T11,T11_day604,T11_day610,7,6,604,-391.58306884765625,-269.5132751464844,-109024436224.0,-99893919744.0,-90501914624.0,-1237.19319563848,1e-05,-8323.476823859284,10000.0,-11995.264907872588,0.1,-11670.6875
T11,T11_day604,T11_day632,30,28,604,-27.556978225708008,-1.6284149885177612,-299535.875,-197679.9375,-258165.84375,0.32764435462976227,0.01,0.26995455895997794,10000.0,0.12682492668999928,0.1,0.127091646194458
T11,T11_day604,T11_day727,120,123,604,-83.54190063476562,-706.5017700195312,-1343222.5,-976090.875,-947606.625,0.21737988038125633,0.0001,0.17300822560097245,100000.0,-3.215662701892019,0.1,-1.1461284160614014
T11,T11_day604,T11_day1092,480,488,604,-48.73987579345703,-2.54136323928833,-207166.390625,-198247.71875,-197974.59375,0.3365552427746623,0.0001,0.2996380233919666,100000.0,0.4412038174721731,0.1,0.44158777594566345
T11,T11_day610,T11_day617,7,7,610,-0.9228430986404419,0.29515478014945984,-9.985536575317383,-5.631528854370117,-5.687258720397949,0.3630037958618714,0.001,0.4241101990843474,10000.0,0.406329906339923,100.0,0.40710631012916565
T11,T11_day610,T11_day639,30,29,610,-33.606231689453125,-0.57384192943573,-5.14912223815918,-4.465511322021484,-4.500317096710205,0.42561373707933586,0.0001,0.461734764939335,10000.0,0.42350717771231017,1000.0,0.449651837348938
T11,T11_day610,T11_day727,120,117,610,-28.32122039794922,-460.4052734375,-0.7750031352043152,-11.189079284667969,-10.093249320983887,-0.03126905279326242,0.01,0.17300822560097245,100000.0,-2.5275076819580877,10000.0,-1.1461284160614014
T11,T11_day610,T11_day1092,480,482,610,-1.4668145179748535,-0.2070419192314148,-4.843873977661133,-4.02742862701416,-3.9579291343688965,0.07934032548822267,0.01,0.2996380233919666,100000.0,0.4413732756352132,1000.0,0.44158777594566345
T11,T11_day617,T11_day623,7,6,617,-6.918287754058838,-6.59501838684082,-0.20657426118850708,-0.08807826042175293,-0.6289260387420654,-0.12457783293419822,0.01,-0.11289049210265034,10000.0,-0.1370826475564968,100000.0,-4.521814346313477
T11,T11_day617,T11_day646,30,29,617,-9012217856.0,-8939104256.0,-2.3154006004333496,-1.225775957107544,-2.717966079711914,-1.9837708539146206,1.0,0.029849144994714083,1000000.0,-0.10420790146751058,1000000.0,-34087.33203125
T11,T11_day617,T11_day737,120,120,617,-24346.39453125,-24334.21875,-3359.92626953125,-4592.78564453125,-4427.453125,-4054.8263419709992,0.001,-2223.7380787062325,10000.0,-6049.086478746316,10000.0,-78492.515625
T11,T11_day617,T11_day1092,480,475,617,-21.58256721496582,-3.353994369506836,-0.058664023876190186,-0.23987948894500732,-0.05025452375411987,0.15217883801520588,0.001,0.2996380233919666,100000.0,0.422607734962999,10000.0,0.44158777594566345
T11,T11_day623,T11_day630,7,7,623,-10812017664.0,-10812042240.0,-6660413194240.0,-13892533092352.0,-13394452152320.0,-5313993634.4469185,0.001,-626950450.0800748,10000.0,-1436625841.3155386,100.0,-1192304384.0
T11,T11_day623,T11_day658,30,35,623,-2044.051513671875,-2106.2734375,-10504.224609375,-16726.0078125,-17774.48046875,-22.099616223308843,0.001,-9.088631266078172,100000.0,-30.143648203363725,10.0,-30.392385482788086
T11,T11_day623,T11_day744,120,121,623,-12.147429466247559,-1.9130871295928955,-103.36151885986328,-104.49669647216797,-104.70083618164062,0.011793060785543596,0.01,0.12954012378752505,10000.0,-1.8184101918629425,100.0,-21.00305938720703
T11,T11_day623,T11_day1092,480,469,623,-40.90269470214844,-5.690314292907715,-98.93757629394531,-84.9212646484375,-84.88475036621094,0.31894093948300484,1e-06,0.2996380233919666,100000.0,0.44841535465908283,100.0,0.44158777594566345
T11,T11_day630,T11_day632,1,2,630,-3.732710838317871,-3.3388729095458984,-0.09660452604293823,-0.34504008293151855,0.09397295117378235,-0.08742558112677778,10.0,0.26995455895997794,10000.0,0.29884696525562554,100000.0,0.127091646194458
T11,T11_day630,T11_day658,30,28,630,-3061.483154296875,-3097.2275390625,-39.108123779296875,-89.47203063964844,-56.162899017333984,-35.20308847418315,0.001,-9.088631266078172,100000.0,-24.573722158876702,100000.0,-30.392385482788086
T11,T11_day630,T11_day749,120,119,630,-366659.59375,-366402.40625,-29704.62890625,-31552.42578125,-72335.890625,-61427.3231974723,0.001,-11750.667552964787,10000.0,-14033.5744177546,10000.0,-23902.970703125
T11,T11_day630,T11_day1125,480,495,630,-1258.299560546875,-1253.191650390625,-12.65060806274414,-136.37246704101562,-218.36427307128906,-12.440545265097121,0.01,-1.477591022546793,100000.0,-15.175544953024366,100000.0,-449.334716796875
T11,T11_day632,T11_day639,7,7,632,-41.553428649902344,-1.7322337627410889,0.2982431948184967,0.263234406709671,0.2626161277294159,0.4372482958313173,0.001,0.461734764939335,10000.0,0.4624225851213127,10000.0,0.449651837348938
T11,T11_day632,T11_day665,30,33,632,-161.7923583984375,-10323.54296875,-22.334474563598633,-36.936954498291016,-24.13339614868164,-21.265405402635984,0.1,-1.0614155472571118,100000.0,-12.796842850851974,100000.0,-77.10733795166016
T11,T11_day632,T11_day751,120,119,632,-47270.63671875,-46716.9453125,-1.0951684713363647,-1.286775827407837,-1.5212651491165161,-1.4238624664373947,0.001,0.02054168296797404,100000.0,-2.568145235579614,10000.0,-48.02614974975586
T11,T11_day632,T11_day1125,480,493,632,-4609.3974609375,-4611.8662109375,-282.94964599609375,-216.6148223876953,-221.54962158203125,-95.0329974655672,0.001,-1.477591022546793,100000.0,-201.8026327942048,100000.0,-449.334716796875
T11,T11_day639,T11_day646,7,7,639,-25721141248.0,-25508818944.0,-5.3724565505981445,-9.515804290771484,-12.787779808044434,-2.7067643784364077,0.1,0.029849144994714083,1000000.0,-4.692166153574128,100000.0,-34087.33203125
T11,T11_day639,T11_day672,30,33,639,-11453.8388671875,-814836.9375,-192.5255889892578,-119.06553649902344,-117.41734313964844,-0.37133974148098303,0.001,-1.1467466106016557,10000.0,-9.597326089208824,100.0,-17.348112106323242
T11,T11_day639,T11_day758,120,119,639,-215.79483032226562,-219.08773803710938,-3.04665470123291,-2.8869566917419434,-2.9444193840026855,0.4427420263545276,0.0001,0.4712494992126862,100000.0,0.5314848925727433,1000.0,0.34604284167289734
T11,T11_day639,T11_day1125,480,486,639,-8386.1328125,-8432.0517578125,-228.01394653320312,-348.1324157714844,-338.8236999511719,-226.69010125742696,100.0,-1.477591022546793,100000.0,-99.74049946758282,1000.0,-449.334716796875
T11,T11_day643,T11_day672,30,29,643,-6319.005859375,-216124.03125,-9.649645805358887,-10.882129669189453,-10.19107437133789,-2.7452583489611952,0.001,-1.1467466106016557,10000.0,-4.42467401070421,1000.0,-17.348112106323242
T11,T11_day643,T11_day764,120,121,643,-13.031966209411621,-10.098862648010254,-5.524033546447754,-6.934557914733887,-5.017704963684082,-1.1433286712806003,0.0001,-1.2632748532852731,10000.0,-2.4388447568113927,1000.0,-3.1215357780456543
T11,T11_day643,T11_day1125,480,482,643,-1721.1722412109375,-1694.8043212890625,-156.1432647705078,-60.679931640625,-31.959312438964844,-156.10858070800515,100.0,-1.477591022546793,100000.0,-14.42742075801608,10000.0,-449.334716796875
T11,T11_day646,T11_day675,30,29,646,-138.14654541015625,-138.45086669921875,-30990.029296875,-385436.71875,-376818.875,-113.93046292034902,0.001,-81.11736432205592,10000.0,-2018.2304274925489,0.1,-2019.2666015625
T11,T11_day646,T11_day764,120,118,646,-2.1622064113616943,0.10808447003364563,-3651017.0,-2785223.75,-2794449.0,0.017566602766013628,1e-05,-1.2632748532852731,10000.0,-3.033353276573404,1.0,-3.1215357780456543
T11,T11_day646,T11_day1125,480,479,646,-688.095703125,-690.5157470703125,-31098466.0,-40242536.0,-40863976.0,-15.683755089280323,0.001,-1.477591022546793,100000.0,-895.1474948792304,100.0,-449.334716796875
T11,T11_day658,T11_day665,7,7,658,-90.37030029296875,-4002.576416015625,-3.7091798782348633,-1.068955421447754,-2.6170618534088135,-3.482682781117243,0.01,-1.0614155472571118,100000.0,-5.076470288430475,100000.0,-77.10733795166016
T11,T11_day658,T11_day689,30,31,658,-15945978.0,-15945162.0,-923316288.0,-321090400.0,-307727296.0,-1894208.273956644,0.0001,-11886.906566217864,100000.0,-44379428.75962042,10000.0,-552073.5625
T11,T11_day658,T11_day783,120,125,658,-7.049483299255371,-2673.302734375,0.13855227828025818,0.1293841302394867,0.13071763515472412,0.3423895565534895,0.001,0.4364172560022685,10000.0,0.32431899648847956,100000.0,-7.186585426330566
T11,T11_day658,T11_day1139,480,481,658,-112.22229766845703,-404.8870849609375,-13.650667190551758,-10.988234519958496,-11.075027465820312,0.02881264702306069,0.001,0.04999604756775805,100000.0,-0.19489985387760278,10000.0,0.2581661641597748
T11,T11_day665,T11_day672,7,7,665,-13.226217269897461,-11.437492370605469,-25.948413848876953,-35.409454345703125,-35.02669143676758,-3.032345663543737,0.0001,-1.1467466106016557,10000.0,-287.6778405292595,10000.0,-17.348112106323242
T11,T11_day665,T11_day692,30,27,665,-74503.421875,-74491.8515625,-231074038808576.0,-43752617934848.0,-40986315063296.0,-412410.89351497625,0.0001,-30530714.51530587,10000.0,-100046762.16803974,0.1,-110181648.0
T11,T11_day665,T11_day784,120,119,665,-1.3728547096252441,-0.5973941087722778,-188207.203125,-169844.9375,-169604.28125,0.1563337208413595,1e-05,0.20932784430103896,100000.0,0.17902499143577583,0.1,0.18223801255226135
T11,T11_day665,T11_day1139,480,474,665,-5.3732452392578125,-194.3877410888672,-217668.875,-193747.21875,-193149.90625,-0.02288661928383806,0.1,0.04999604756775805,100000.0,-1.167124808327565,100.0,0.2581661641597748
T11,T11_day672,T11_day702,30,30,672,-668.90185546875,-669.5665283203125,-344.93988037109375,-416.38922119140625,-450.94091796875,-50.68966251990777,0.01,-13.868956219295185,100000.0,-331.66628330163206,1000000.0,-4581.72509765625
T11,T11_day672,T11_day790,120,118,672,-1.438720464706421,-0.050602495670318604,-23920.93359375,-21259.357421875,-21256.00390625,0.07614694539562306,0.0001,0.12188584657248247,10000.0,0.07282051628138769,1.0,0.07304114103317261
T11,T11_day672,T11_day1139,480,467,672,-50.30975341796875,-77.38182830810547,-31285.828125,-25987.1796875,-26016.109375,0.03624866197474269,0.001,0.04999604756775805,100000.0,0.034894603229620236,100.0,0.2581661641597748
T11,T11_day675,T11_day681,7,6,675,-12.70866870880127,-1.0665403604507446,-34.68403625488281,-30.86283302307129,-30.696693420410156,0.3389584051287567,0.001,0.438214552178238,10000.0,0.4067770607423702,10.0,0.4065682291984558
T11,T11_day675,T11_day706,30,31,675,-147.7542724609375,-788.420166015625,-181126.328125,-71665.296875,-224185.765625,-41.91347338133959,0.01,-99.07338833003807,100000.0,-828.9178637495306,1000.0,-639.19384765625
T11,T11_day675,T11_day790,120,115,675,-2.8729896545410156,-0.07203686237335205,-27.759674072265625,-27.69167709350586,-27.156667709350586,0.04492740089864922,0.001,0.12188584657248247,10000.0,0.07283792132816136,10.0,0.07304114103317261
T11,T11_day675,T11_day1139,480,464,675,-1538.7445068359375,-1670.7529296875,-11.465856552124023,-12.939765930175781,-11.463813781738281,0.0313304377098651,0.001,0.04999604756775805,100000.0,0.256683956272897,100.0,0.2581661641597748
T11,T11_day681,T11_day689,7,8,681,-21739650.0,-21737142.0,-5793542.0,-2011013.25,-1881640.625,-60956.05689023797,0.001,-11886.906566217864,100000.0,-297181.1898066221,100000.0,-552073.5625
T11,T11_day681,T11_day709,30,28,681,-210.4266815185547,-314.3604736328125,-3.2969865798950195,-2.7597241401672363,-4.5696306228637695,-2.7120168172680197,0.01,0.20626961680714212,100000.0,-1.6233749240275075,100000.0,-61.23590087890625
T11,T11_day681,T11_day790,120,109,681,-2.0793557167053223,-883.7366943359375,-0.2005615234375,-0.2940394878387451,-0.25392043590545654,0.03253837848407459,0.001,0.12188584657248247,10000.0,0.0696835978509226,10000.0,0.07304114103317261
T11,T11_day681,T11_day1181,480,500,681,-341.0810546875,-316.0778503417969,-2.4037020206451416,-3.257533550262451,-2.1560771465301514,-0.6629801611096687,0.001,-0.38377768836759985,10000.0,-1.3284091532626388,10000.0,-6.532228946685791
T11,T11_day689,T11_day715,30,26,689,-130.60585021972656,-130.36300659179688,-79.63886260986328,-474.84149169921875,-598.1258544921875,-39.06518239660568,0.0001,-0.09552666755749234,100000.0,-71.7905305081928,100.0,-120.41368865966797
T11,T11_day689,T11_day814,120,125,689,-367.6311340332031,-361.98541259765625,-289.91790771484375,-672.3721923828125,-602.4562377929688,0.04422133446522647,1e-05,-111.65359013426104,100000.0,-211.30096837045943,100.0,-220.98504638671875
T11,T11_day689,T11_day1181,480,492,689,-261.2557678222656,-279.92694091796875,-48.283668518066406,-64.13033294677734,-59.36802673339844,-0.8481680403832088,0.01,-0.38377768836759985,10000.0,-2.168119890797196,1000.0,-6.532228946685791
T11,T11_day692,T11_day727,30,35,692,-18.230606079101562,-124.96240997314453,-0.8729979395866394,-3.834869861602783,-4.1108503341674805,-0.15931769665323647,0.01,0.17300822560097245,100000.0,-4.713641027958823,10000.0,-1.1461284160614014
T11,T11_day692,T11_day814,120,122,692,-321.6676330566406,-311.67620849609375,-3312.7734375,-3041.2880859375,-3178.021484375,-7.78130922135079,0.0001,-111.65359013426104,100000.0,-270.10883414365793,1000.0,-220.98504638671875
T11,T11_day692,T11_day1181,480,489,692,-102.77467346191406,-94.38923645019531,-42.61586380004883,-30.317440032958984,-30.11956024169922,-0.017280319327843463,0.001,-0.38377768836759985,10000.0,-1.5628364094913283,1000.0,-6.532228946685791
T11,T11_day702,T11_day709,7,7,702,-1969.572265625,-1967.0269775390625,-1853583360.0,-1937600512.0,-1941434240.0,-1.6028507980466333,0.001,0.20626961680714212,100000.0,-78.50422343349967,1.0,-61.23590087890625
T11,T11_day702,T11_day727,30,25,702,-2441.936767578125,-14679.267578125,-3901095424.0,-3280268032.0,-3283269888.0,0.1610485875695819,0.0001,0.17300822560097245,100000.0,-2176.5339653952296,0.1,-1.1461284160614014
T11,T11_day702,T11_day814,120,112,702,-788.4507446289062,-744.02001953125,-61029272.0,-2940796928.0,-2899895296.0,-354.5137617122135,0.0001,-111.65359013426104,100000.0,-195562.5611742013,0.1,-220.98504638671875
T11,T11_day702,T11_day1181,480,479,702,-192.66171264648438,-186.449462890625,-389184576.0,-383477152.0,-383971520.0,-5.12705038725709,0.01,-0.38377768836759985,10000.0,-6.005094460554388,0.1,-6.532228946685791
T11,T11_day706,T11_day737,30,31,706,-25895.1171875,-25959.26171875,-199105.203125,-395190.1875,-401023.46875,-16607.2399253353,0.01,-2223.7380787062325,10000.0,-68160.49055152018,10.0,-78492.515625
T11,T11_day706,T11_day814,120,108,706,-657.9762573242188,-643.894775390625,-1986.91357421875,-47508.640625,-46271.2109375,-483.7207799977394,0.001,-111.65359013426104,100000.0,-251.61356731122737,1000.0,-220.98504638671875
T11,T11_day706,T11_day1181,480,475,706,-25.90713119506836,-14.09861946105957,-9445.021484375,-7144.78955078125,-7156.7333984375,-6.976425617872213,0.0001,-0.38377768836759985,10000.0,-5.285677736840373,1.0,-6.532228946685791
T11,T11_day709,T11_day715,7,6,709,-430.2659912109375,-641.15380859375,-119.68666076660156,-112.43919372558594,-111.23712158203125,-8.108682441699191,0.001,-0.09552666755749234,100000.0,-113.0877222709049,1000000.0,-120.41368865966797
T11,T11_day709,T11_day737,30,28,709,-15559.072265625,-15571.5986328125,-540360.25,-497771.21875,-486581.375,-50852.405059559256,0.01,-2223.7380787062325,10000.0,-41203.64577144545,100.0,-78492.515625
T11,T11_day709,T11_day841,120,132,709,-824650.3125,-854726.75,-87664.78125,-61658.83984375,-59997.55859375,-1224.0816665649504,0.0001,-170.64174070874617,100000.0,-8443.751923183041,10000.0,-978.5951538085938
T11,T11_day709,T11_day1181,480,472,709,-158.33168029785156,-151.9537353515625,-101.02699279785156,-88.83885192871094,-91.73884582519531,-0.3491101649318048,0.001,-0.38377768836759985,10000.0,-5.781661039747366,1000.0,-6.532228946685791
T11,T11_day715,T11_day744,30,29,715,-8.434925079345703,-2.361192464828491,-52.13069152832031,-42.011940002441406,-42.264183044433594,-13.553390178220177,0.01,0.12954012378752505,10000.0,-9.091335314203928,100.0,-21.00305938720703
T11,T11_day715,T11_day841,120,126,715,-103.29420471191406,-9473.9453125,-132767.953125,-115500.953125,-114502.703125,-121.34024741566,1e-06,-170.64174070874617,100000.0,-6656.2483839528195,10000.0,-978.5951538085938
T11,T11_day715,T11_day1181,480,466,715,-281.0049133300781,-283.4749755859375,-51.635536193847656,-94.81005859375,-98.02214050292969,-9.039261960270531,0.01,-0.38377768836759985,10000.0,-3.5215918284060668,1000.0,-6.532228946685791
T11,T11_day727,T11_day756,30,29,727,-1152.68505859375,-1149.4033203125,-113035.015625,-112110.3984375,-112122.265625,-63.81099552462413,0.001,-26.81543085414166,10000.0,-911.689565293907,1.0,-1259.4163818359375
T11,T11_day727,T11_day842,120,115,727,-95.70204162597656,-1021.3641967773438,-106.64324951171875,-76.0963134765625,-73.62855529785156,0.21085142217400793,0.01,0.23609497556023684,100000.0,-6.171149674115875,10000.0,-157.00741577148438
T11,T11_day727,T11_day1181,480,454,727,-69.14306640625,-69.11473846435547,-820.09033203125,-721.8978881835938,-759.0450439453125,-0.572461046589811,0.001,-0.38377768836759985,10000.0,-5.0079366631877935,1.0,-6.532228946685791
T11,T11_day737,T11_day744,7,7,737,-42.64535140991211,-25.68482208251953,-13.932409286499023,-12.833208084106445,-12.31556510925293,-0.273719806461191,0.01,0.12954012378752505,10000.0,-0.25373916296014776,1000.0,-21.00305938720703
T11,T11_day737,T11_day764,30,27,737,-84.3187026977539,-62.44426345825195,-413.31524658203125,-432.7198181152344,-399.752197265625,0.2522907798587864,0.0001,-1.2632748532852731,10000.0,-2.4128215595879574,1000.0,-3.1215357780456543
T11,T11_day737,T11_day868,120,131,737,-101.89892578125,-71.26555633544922,-44.65938186645508,-39.86423873901367,-40.368446350097656,0.3583933395003828,0.0001,0.34443688511338616,10000.0,0.2117626323422988,100.0,0.3046315908432007
T11,T11_day737,T11_day1251,480,514,737,-1896164736.0,-1882741632.0,-26.855777740478516,-50.134765625,-44.419830322265625,-0.15904343608303717,0.0001,-0.10504470118423626,100000.0,-2.2180963213793907,1000.0,-3.054838180541992
T11,T11_day741,T11_day749,7,8,741,-9928.1484375,-9853.6484375,-7370144.0,-85619464.0,-22308904.0,-4324.124697985914,1e-06,-11750.667552964787,10000.0,-24472.65639549814,1.0,-23902.970703125
T11,T11_day741,T11_day770,30,29,741,-4.149446487426758,-19.427873611450195,-1098187.25,-1100568.125,-1072363.0,0.32901787451103104,0.0001,0.23444414377073924,10000.0,0.03735298184233121,1.0,0.02690744400024414
T11,T11_day741,T11_day868,120,127,741,-85.4908676147461,-26.720355987548828,-2599.791015625,-4432.3681640625,-3655.564208984375,-0.8553719116000734,0.0001,0.34443688511338616,10000.0,0.306712212940542,0.1,0.3046315908432007
T11,T11_day741,T11_day1251,480,510,741,-11709950976.0,-11581912064.0,-12350.720703125,-27620.15234375,-32342.08203125,-0.4066316577752703,0.0001,-0.10504470118423626,100000.0,-3.9873753511827803,100.0,-3.054838180541992
T11,T11_day744,T11_day751,7,7,744,-34674.75,-34504.296875,-327.49078369140625,-324.04010009765625,-323.6375732421875,-51.85650569402149,1e-05,0.02054168296797404,100000.0,-35.66263192918726,10.0,-48.02614974975586
T11,T11_day744,T11_day770,30,26,744,-23.04107093811035,-12.154830932617188,-241.84750366210938,-170.89743041992188,-175.07159423828125,-0.02566894007432341,0.001,0.23444414377073924,10000.0,-0.08703832018908775,100.0,0.02690744400024414
T11,T11_day744,T11_day868,120,124,744,-17.796493530273438,-4.316592216491699,-160.59017944335938,-120.08473205566406,-119.15894317626953,-0.6442742398021674,0.0001,0.34443688511338616,10000.0,0.15849213830690517,100.0,0.3046315908432007
T11,T11_day744,T11_day1251,480,507,744,-1795181056.0,-1777708544.0,-1280.515625,-1603.694091796875,-1746.0191650390625,-0.4706489248703829,0.0001,-0.10504470118423626,100000.0,-6.338338658893283,100.0,-3.054838180541992
T11,T11_day749,T11_day751,1,2,749,-811.6572265625,-812.9846801757812,-62.67334747314453,-58.57247543334961,-58.83705520629883,-1.7187700186199018,0.001,0.02054168296797404,100000.0,-57.91843208453214,1000000.0,-48.02614974975586
T11,T11_day749,T11_day756,7,7,749,-470.61669921875,-469.7427978515625,-23.119707107543945,-31.38416862487793,-19.356597900390625,-14.025043774266003,0.01,-26.81543085414166,10000.0,-41.91578736363665,10000.0,-1259.4163818359375
T11,T11_day749,T11_day783,30,34,749,-19.58251953125,-2929.42138671875,-3.907593250274658,-3.3063440322875977,-3.1782121658325195,0.39715719947254907,0.0001,0.4364172560022685,10000.0,-1.3218480088631064,100000.0,-7.186585426330566
T11,T11_day749,T11_day868,120,119,749,-4.79554557800293,-0.9376377463340759,-3.939587116241455,-2.5994179248809814,-2.590019702911377,0.34672020286431077,0.001,0.34443688511338616,10000.0,0.15105392751213026,1000.0,0.3046315908432007
T11,T11_day749,T11_day1251,480,502,749,-440479488.0,-435328928.0,-21.6923828125,-28.675907135009766,-35.23267364501953,-0.1424153646237355,0.0001,-0.10504470118423626,100000.0,-2.340680598007824,1000.0,-3.054838180541992
T11,T11_day751,T11_day758,7,7,751,-55.17854309082031,-55.42533874511719,-85.20037841796875,-54.30693435668945,-54.50971603393555,0.48110288610677404,0.0001,0.4712494992126862,100000.0,0.52202141269588,100.0,0.34604284167289734
T11,T11_day751,T11_day783,30,32,751,-18.927780151367188,-8009.7177734375,-168.76071166992188,-86.1701431274414,-86.17889404296875,0.4137197843765982,0.001,0.4364172560022685,10000.0,0.3793327738296886,1000.0,-7.186585426330566
T11,T11_day751,T11_day870,120,119,751,-15.371964454650879,-13.428292274475098,-13864.537109375,-72484.8046875,-72663.53125,-12.175038791642278,0.0001,-15.241943035926951,10000.0,-250.94208195448405,1000.0,-180.07473754882812
T11,T11_day751,T11_day1251,480,500,751,-402882176.0,-399763040.0,-722.8995361328125,-581.112060546875,-589.6964111328125,-0.24170773098375709,0.0001,-0.10504470118423626,100000.0,-5.388935105192953,100.0,-3.054838180541992
T11,T11_day756,T11_day758,1,2,756,-2272.58056640625,-9534.4736328125,-141.38087463378906,-98.7721939086914,-98.84408569335938,0.4849623751568365,1e-05,0.4712494992126862,100000.0,0.5119921054367482,100.0,0.34604284167289734
T11,T11_day756,T11_day764,7,8,756,-64.73397064208984,-64.83063507080078,-243.30612182617188,-371.0598449707031,-332.72943115234375,-0.13543211660283155,0.001,-1.2632748532852731,10000.0,-2.834724638731439,100.0,-3.1215357780456543
T11,T11_day756,T11_day784,30,28,756,-5.785885810852051,-1.1273119449615479,-218.80653381347656,-175.88265991210938,-176.76634216308594,0.19083364538960895,0.001,0.20932784430103896,100000.0,0.18225264306492472,0.1,0.18223801255226135
T11,T11_day756,T11_day870,120,114,756,-215.022216796875,-196.6767120361328,-9603.953125,-17786.015625,-15764.654296875,-11.609424121706825,0.0001,-15.241943035926951,10000.0,-107.10212865449788,1000.0,-180.07473754882812
T11,T11_day756,T11_day1251,480,495,756,-586989952.0,-580030720.0,-1981.471923828125,-1777.2691650390625,-1793.0924072265625,-0.26266411713500526,0.0001,-0.10504470118423626,100000.0,-6.32430609676619,100.0,-3.054838180541992
T11,T11_day758,T11_day764,7,6,758,-5.08286190032959,-13.703630447387695,-3075.655029296875,-2653.5205078125,-2641.75830078125,-2.43120212263696,1e-05,-1.2632748532852731,10000.0,-1.4149419282190123,1000.0,-3.1215357780456543
T11,T11_day758,T11_day790,30,32,758,-0.6450490951538086,-0.02922406792640686,-13.393890380859375,-14.013370513916016,-14.074117660522461,0.07241705139174043,0.001,0.12188584657248247,10000.0,0.07190966046800279,100.0,0.07304114103317261
T11,T11_day758,T11_day882,120,124,758,-6304.43505859375,-5950.50390625,-161068.6875,-146412.09375,-148585.15625,-4212.453079712118,0.0001,-360.474369975563,10000.0,-155990.74237228336,1000000.0,-5869.42626953125
T11,T11_day758,T11_day1251,480,493,758,-313104384.0,-311042496.0,-28.951513290405273,-181.82041931152344,-122.0459976196289,-0.792163162939259,0.001,-0.10504470118423626,100000.0,-2.661475481910613,100.0,-3.054838180541992
T11,T11_day764,T11_day770,7,6,764,-8.397403717041016,-2.253894090652466,-0.39547187089920044,-0.20947346091270447,-0.2113020420074463,0.14121507425732277,0.001,0.23444414377073924,10000.0,0.34570649340590937,10000.0,0.02690744400024414
T11,T11_day764,T11_day790,30,26,764,-0.4372135400772095,-0.013971537351608276,-0.17168229818344116,-0.12877944111824036,-0.1257098913192749,0.07888005852848784,0.001,0.12188584657248247,10000.0,0.060385538358676716,10000.0,0.07304114103317261
T11,T11_day764,T11_day882,120,118,764,-11542.7685546875,-11248.2587890625,-117.13890075683594,-660.8816528320312,-546.2293090820312,-131.77517116311017,0.001,-360.474369975563,10000.0,-536.9973845889236,10000.0,-5869.42626953125
T11,T11_day764,T11_day1251,480,487,764,-3237851648.0,-3205752320.0,-1.8308860063552856,-3.1748814582824707,-5.15557861328125,-0.7767712048813901,0.0001,-0.10504470118423626,100000.0,-1.6137325802192253,1000.0,-3.054838180541992
T11,T11_day770,T11_day891,120,121,770,-52.14875793457031,-900.1931762695312,0.15259459614753723,0.16467887163162231,0.15527048707008362,0.3060771978431514,0.001,0.40597597534348323,10000.0,0.2201354005705844,1000000.0,-1343466.25
T11,T11_day770,T11_day1251,480,481,770,-10879735808.0,-10769605632.0,-1.5315262079238892,-5.816357612609863,-4.108121871948242,-0.18861987005791958,0.0001,-0.10504470118423626,100000.0,-1.505006291007462,1000.0,-3.054838180541992
T11,T11_day783,T11_day784,1,1,783,-7.655971527099609,-7.653676986694336,-2857462.5,-2511891.0,-2518619.75,0.19572391183348276,1e-06,0.20932784430103896,100000.0,-15.692934413900268,10.0,0.18223801255226135
T11,T11_day783,T11_day790,7,7,783,-0.28940844535827637,-1.5151176452636719,-2984331.0,-2728909.5,-2713980.0,0.10033982631572935,0.0001,0.12188584657248247,10000.0,0.0729810561244108,0.1,0.07304114103317261
T11,T11_day783,T11_day814,30,31,783,-2058.251220703125,-1885.7138671875,-495660.9375,-36846168.0,-36861348.0,-100.49239270337006,1e-06,-111.65359013426104,100000.0,-1215.6295573768996,0.1,-220.98504638671875
T11,T11_day783,T11_day905,120,122,783,-166.32997131347656,-193.93312072753906,-449834.28125,-422422.1875,-423667.1875,0.0414803133685937,0.0001,0.09185324574045728,10000.0,-2.0836072626432602,0.1,-2.0158591270446777
T11,T11_day783,T11_day1261,480,478,783,-14836.4248046875,-14714.75,-4069557.5,-52231776.0,-75599568.0,-5.754603242172971,1e-05,-26.016374183096154,10000.0,-63.08290726847207,0.1,-62.98712921142578
T11,T11_day784,T11_day790,7,6,784,-45.51764678955078,-0.16354972124099731,-5.392902374267578,-4.031702041625977,-4.0322041511535645,0.08714008912831489,1e-06,0.12188584657248247,10000.0,0.07306271517760599,100.0,0.07304114103317261
T11,T11_day784,T11_day814,30,30,784,-13534.37890625,-11610.40234375,-260.9246826171875,-301.33465576171875,-496.8238830566406,-153.5686532210647,0.0001,-111.65359013426104,100000.0,-204.8136551493478,1000.0,-220.98504638671875
T11,T11_day784,T11_day905,120,121,784,-201.23704528808594,-247.19009399414062,-0.12584304809570312,-0.13733595609664917,-0.14838063716888428,0.05457109613306088,0.001,0.09185324574045728,10000.0,-0.09492800374612853,100000.0,-2.0158591270446777
T11,T11_day784,T11_day1261,480,477,784,-3117.034912109375,-3049.02734375,-547.5928955078125,-880.842041015625,-784.804443359375,-25.81937147150868,0.0001,-26.016374183096154,10000.0,-62.204305229123435,100.0,-62.98712921142578
T11,T11_day790,T11_day814,30,24,790,-4452.880859375,-5819.7734375,-88.50587463378906,-149.56430053710938,-270.0715026855469,-97.43851731431886,0.01,-111.65359013426104,100000.0,-153.47519557822463,1000000.0,-220.98504638671875
T11,T11_day790,T11_day905,120,115,790,-164.74838256835938,-461.9541931152344,0.012559324502944946,0.015669971704483032,0.016906321048736572,0.014108190018583822,10.0,0.09185324574045728,10000.0,0.020267631924051344,1000000.0,-2.0158591270446777
T11,T11_day790,T11_day1268,480,478,790,-172.72796630859375,-104.14472961425781,-0.011001229286193848,-0.10869193077087402,-0.1690453588962555,0.3981596319298438,0.0001,0.454854883714512,10000.0,0.24468247752670824,10000.0,-4.368181228637695
T11,T11_day814,T11_day842,30,28,814,-31.447769165039062,-26.849599838256836,0.017140746116638184,-0.02398902177810669,-0.04858413338661194,0.10102039878722835,1.0,0.23609497556023684,100000.0,0.26619192434998135,100000.0,-157.00741577148438
T11,T11_day814,T11_day938,120,124,814,-8032103.5,-8033137.5,-8570.623046875,-7637.083984375,-7603.0205078125,-239.6909944855967,0.0001,-39.444872133630525,100000.0,-3023.9299893154475,100.0,-99099.4375
T11,T11_day814,T11_day1303,480,489,814,-91.80389404296875,-25.69965362548828,-39.26567840576172,-28.786727905273438,-28.695398330688477,0.18730717356083737,0.001,0.35991248216898847,10000.0,0.3427573011925755,100.0,0.34390297532081604
T11,T11_day841,T11_day842,1,1,841,-1.7717208862304688,-8.005409240722656,-0.9099856019020081,-80.328857421875,-51.89024353027344,-1.1692985323711325,100.0,0.23609497556023684,100000.0,-0.9231353300456386,1000000.0,-157.00741577148438
T11,T11_day841,T11_day870,30,29,841,-10.172894477844238,-6.14404821395874,-3314225.0,-9399852.0,-5744903.5,-7.137642894182479,0.0001,-15.241943035926951,10000.0,-180.38815816379244,0.1,-180.07473754882812
T11,T11_day841,T11_day952,120,111,841,-4.3011064529418945,-1.9313318729400635,-1239000.5,-1688475.875,-1448988.75,-15.622308077097971,0.001,-11.576447172439494,10000.0,-76.70521800805476,0.1,-75.83982849121094
T11,T11_day841,T11_day1324,480,483,841,-9.434749603271484,-3.593381404876709,-5277.07958984375,-14186.8369140625,-13932.8984375,-4.360184124673727,0.001,-1.839879652439186,10000.0,-6.727171288444366,10.0,-6.583724498748779
T11,T11_day842,T11_day870,30,28,842,-70.61497497558594,-63.79246139526367,-350312960.0,-369876928.0,-370114720.0,-6.3521918315362145,1e-06,-15.241943035926951,10000.0,-184.50817447101147,0.1,-180.07473754882812
T11,T11_day842,T11_day952,120,110,842,-1191.8709716796875,-1171.777099609375,-1873850880.0,-1889739648.0,-1879002112.0,-0.5136851625139882,1e-05,-11.576447172439494,10000.0,-109.82028513798761,0.1,-75.83982849121094
T11,T11_day842,T11_day1324,480,482,842,-7.47547721862793,-4.391297340393066,-781634.125,-861362.0,-873599.4375,-18.751077112688503,0.001,-1.839879652439186,10000.0,-6.457500154651967,1.0,-6.583724498748779
T11,T11_day868,T11_day870,1,2,868,-129.7462615966797,-124.11527252197266,-388.69061279296875,-411.1710205078125,-409.596435546875,-4.385712818407109,0.0001,-15.241943035926951,10000.0,-119.64447033467505,100.0,-180.07473754882812
T11,T11_day868,T11_day891,30,23,868,-299.0322570800781,-355.3387451171875,0.2693723142147064,0.31316646933555603,0.28093671798706055,0.37898917754430966,0.0001,0.40597597534348323,10000.0,0.3895299174168878,10000.0,-1343466.25
T11,T11_day868,T11_day987,120,119,868,-241289.9375,-241199.78125,-12555860.0,-11125683.0,-11257990.0,-9957.36384666866,0.001,-2121.2159068677015,100000.0,-679301.0112436345,10000.0,-36971.9375
T11,T11_day868,T11_day1352,480,484,868,-19.261051177978516,-3.3264503479003906,-3.8939414024353027,-3.745415687561035,-3.7903494834899902,0.4872126527505097,0.0001,0.5170934551462143,10000.0,0.4964267021008926,1000.0,0.4936680495738983
T11,T11_day870,T11_day905,30,35,870,-398.2172546386719,-6825.20947265625,-0.18528354167938232,-0.17971450090408325,-0.1719723343849182,0.0418894026838767,0.01,0.09185324574045728,10000.0,-0.17576387385265257,1000000.0,-2.0158591270446777
T11,T11_day870,T11_day987,120,117,870,-145833.421875,-146027.78125,-133569.25,-75901.828125,-75014.6796875,-13393.286149105177,0.01,-2121.2159068677015,100000.0,-8753.295939961929,10000.0,-36971.9375
T11,T11_day870,T11_day1352,480,482,870,-101.74615478515625,-4.590333938598633,-0.4027808606624603,-0.3463708460330963,-0.3151012659072876,0.4657263241410029,0.0001,0.5170934551462143,10000.0,0.4969732932916552,1000.0,0.4936680495738983
T11,T11_day882,T11_day888,7,6,882,-4863.11474609375,-4448.77587890625,-88209.734375,-97213.296875,-94464.4296875,-32.358515761229675,0.0001,-50.943634066788746,10000.0,-112.81253143661178,10.0,-200.52423095703125
T11,T11_day882,T11_day905,30,23,882,-102.94757843017578,-1712.3983154296875,-140.43768310546875,-116.87954711914062,-124.89866638183594,0.049954774286925796,0.001,0.09185324574045728,10000.0,-0.5035901928209953,100.0,-2.0158591270446777
T11,T11_day882,T11_day1001,120,119,882,-412.9912414550781,-322.76556396484375,-25174.05078125,-26719.93359375,-14531.259765625,-84.15392647654578,0.0001,-39.06074164905183,10000.0,-50.16381444264091,10.0,-49.34852981567383
T11,T11_day882,T11_day1352,480,470,882,-44.08359146118164,-14.437095642089844,-473.421630859375,-528.5414428710938,-562.0291137695312,0.4629938409976472,0.0001,0.5170934551462143,10000.0,0.4860597747168822,100.0,0.4936680495738983
T11,T11_day888,T11_day924,30,36,888,-38.343406677246094,-91.68778991699219,-353.47796630859375,-482.47021484375,-410.7486572265625,-26.345599666675014,0.001,-17.96279392345253,100000.0,-91.25005413973355,10.0,-92.67566680908203
T11,T11_day888,T11_day1001,120,113,888,-143.2579803466797,-133.0716552734375,-181.61019897460938,-186.6416015625,-146.05868530273438,-43.807006399475746,0.001,-39.06074164905183,10000.0,-48.438680161997766,10.0,-49.34852981567383
T11,T11_day888,T11_day1352,480,464,888,-62.18951416015625,-7.588768005371094,-67.42180633544922,-31.387107849121094,-30.36907958984375,0.28924707214810474,0.01,0.5170934551462143,10000.0,0.4913061517559558,100.0,0.4936680495738983
T11,T11_day891,T11_day924,30,33,891,-14303820.0,-14271521.0,-24292028841984.0,-23982931705856.0,-23869647749120.0,-25.386289885245066,0.001,-17.96279392345253,100000.0,-1942.7070484028636,0.1,-92.67566680908203
T11,T11_day891,T11_day1017,120,126,891,-535885.8125,-553949.375,-6835324928.0,-8882588672.0,-9367990272.0,-2.2365502851847374,1e-06,-18.14371487484832,0.1,-88269.04704368356,0.1,-18.143375396728516
T11,T11_day891,T11_day1352,480,461,891,-105388.5859375,-31177.109375,-17090238464.0,-16696937472.0,-16823013376.0,0.21655478369168174,1e-06,0.5170934551462143,10000.0,0.33167694866123476,0.1,0.4936680495738983
T11,T11_day905,T11_day938,30,33,905,-55551264.0,-55321020.0,-71073.15625,-59173.9765625,-59621.875,-5141.033070372989,0.1,-39.444872133630525,100000.0,-7189.570178309958,1000.0,-99099.4375
T11,T11_day905,T11_day1025,120,120,905,-264.6965637207031,-16.610658645629883,-251.94784545898438,-145.77525329589844,-148.90008544921875,-0.5179026154791806,0.0001,-0.44784004806955635,10000.0,-0.7269528108477673,100.0,-0.5932912230491638
T11,T11_day905,T11_day1395,480,490,905,-54348620.0,-54329728.0,-1026.52392578125,-681.9845581054688,-766.2647705078125,-3.611553799756699,0.001,-0.07139742004987637,100000.0,-138.5370009504384,100.0,-65010.703125
T11,T11_day924,T11_day952,30,28,924,-272.1075134277344,-156.4496307373047,-447.0928649902344,-688.1668090820312,-618.572998046875,-11.972494917269515,0.0001,-11.576447172439494,10000.0,-51.09656568438528,100.0,-75.83982849121094
T11,T11_day924,T11_day1057,120,133,924,-12.724853515625,-6.179299354553223,-58.341888427734375,-45.92478942871094,-48.791297912597656,0.4152941266440722,0.0001,0.46244671867514237,10000.0,0.4134079040322589,100.0,0.40344226360321045
T11,T11_day924,T11_day1398,480,474,924,-82247.90625,-89188.8671875,-31.042675018310547,-21.71475601196289,-22.401880264282227,0.01710789050688294,0.0001,0.03407118820125127,10000.0,0.003520572357625318,1000.0,-7.355213165283203e-05
T11,T11_day938,T11_day940,1,2,938,-67.22852325439453,-67.4240951538086,-10630.2548828125,-10377.185546875,-10443.0810546875,-0.12233492803673685,0.0001,0.006149472511789433,10000.0,-28.39869144150626,0.1,-30.393798828125
T11,T11_day938,T11_day1057,120,119,938,-3.5231401920318604,-3.61173677444458,-1233.7742919921875,-1428.6900634765625,-1346.715576171875,0.3786220419823541,0.001,0.46244671867514237,10000.0,0.4016829469321611,1.0,0.40344226360321045
T11,T11_day938,T11_day1426,480,488,938,-8.076651573181152,-0.8824405074119568,-6073.9150390625,-5400.439453125,-5382.228515625,0.19744109791865533,0.0001,0.2663756987409359,10000.0,0.24970072159241563,1.0,0.24965554475784302
T11,T11_day940,T11_day1059,120,119,940,-19179.453125,-19041.904296875,-171.41018676757812,-6646.8994140625,-3525.000732421875,-21.018812387768648,0.0001,-1.2390910217759694,10000.0,-19.004918300506162,10.0,-20.396970748901367
T11,T11_day940,T11_day1426,480,486,940,-10.54328727722168,-2.5023627281188965,-280.7557678222656,-141.27281188964844,-144.3778076171875,0.18240046589964676,0.0001,0.2663756987409359,10000.0,0.24992881424906155,10.0,0.24965554475784302
T11,T11_day952,T11_day987,30,35,952,-631078.6875,-629890.8125,-15950488.0,-34888588.0,-35246296.0,-112502.59961909319,0.01,-2121.2159068677015,100000.0,-147292.78348221444,1000.0,-36971.9375
T11,T11_day952,T11_day1064,120,112,952,-31.08816146850586,-2.632579803466797,-27.56336212158203,-29.80714225769043,-29.77716827392578,0.3288357515790734,1e-06,0.38173855713860044,10000.0,0.34676924553264166,1000.0,0.431881308555603
T11,T11_day952,T11_day1430,480,478,952,-92521.6640625,-97278.109375,-9.480400085449219,-9.34408187866211,-9.396896362304688,-0.014955073329794288,1e-05,0.010325064051363353,100000.0,-1.1276935760494493,100.0,-31.93526840209961
T11,T11_day987,T11_day1017,30,30,987,-27.30487823486328,-24.65802001953125,-8.163591384887695,-5.057133674621582,-4.979104042053223,-1.083142725475145,1e-06,-18.14371487484832,0.1,-18.15001340014782,0.1,-18.143375396728516
T11,T11_day987,T11_day1092,120,105,987,-2.6473517417907715,-0.2135782241821289,-2.259003162384033,-1.4097858667373657,-1.314151644706726,0.37415947273100925,0.001,0.2996380233919666,100000.0,0.44633938984378485,1000.0,0.44158777594566345
T11,T11_day987,T11_day1461,480,474,987,-7067.66943359375,-7238.6005859375,-0.11026132106781006,-0.12274080514907837,-0.1129370927810669,-0.055307485668035006,0.1,-0.017052475748391915,100000.0,-0.06723948014053382,100000.0,-14.290699005126953
T11,T11_day996,T11_day1025,30,29,996,-390.61163330078125,-157.91839599609375,-2.165304183959961,-2.866114616394043,-2.6432013511657715,0.3858089533917676,0.0001,-0.44784004806955635,10000.0,-0.24627321945877356,10000.0,-0.5932912230491638
T11,T11_day996,T11_day1125,120,129,996,-49947.2578125,-49918.6953125,-81.88871002197266,-379.05987548828125,-304.34814453125,-14.572046986765788,0.001,-1.477591022546793,100000.0,-83.68928951270408,1000000.0,-449.334716796875
T11,T11_day996,T11_day1461,480,465,996,-107102.09375,-109014.2421875,-0.1182699203491211,-0.12561780214309692,-0.14932876825332642,-0.05225633922438888,0.001,-0.017052475748391915,100000.0,-0.10470619838877138,1000000.0,-14.290699005126953
T11,T11_day1001,T11_day1025,30,24,1001,-502.25128173828125,-465.332763671875,-8.752368927001953,-8.998839378356934,-9.137876510620117,-0.3586334620819793,0.001,-0.44784004806955635,10000.0,-0.7168037718540059,1000.0,-0.5932912230491638
T11,T11_day1001,T11_day1125,120,124,1001,-987.79736328125,-973.6403198242188,-192.72982788085938,-620.930908203125,-1061.7030029296875,-19.26009251225528,0.001,-1.477591022546793,100000.0,-36.25027603683635,10000.0,-449.334716796875
T11,T11_day1001,T11_day1461,480,460,1001,-87358.9765625,-88001.2421875,-6.7266435623168945,-8.2521390914917,-8.003497123718262,-0.14087242467306627,0.01,-0.017052475748391915,100000.0,-2.293532912619497,10000.0,-14.290699005126953
T11,T11_day1017,T11_day1025,7,8,1017,-821.616943359375,-804.6412963867188,-101.0118637084961,-103.9698257446289,-105.69231414794922,-0.7021357557497045,0.001,-0.44784004806955635,10000.0,-1.0259195770918828,1000.0,-0.5932912230491638
T11,T11_day1017,T11_day1139,120,122,1017,-446.60394287109375,-923.4410400390625,-19.71037483215332,-15.339496612548828,-16.24940299987793,0.05520016033565678,0.001,0.04999604756775805,100000.0,-0.5510248424690755,10000.0,0.2581661641597748
T11,T11_day1017,T11_day1505,480,488,1017,-5126.412109375,-5463.134765625,-5.9281511306762695,-4.8696818351745605,-5.947012424468994,-0.3353608935441552,0.001,-0.674840480654722,10000.0,-3.880728141982975,1000.0,-162897.28125
T11,T11_day1022,T11_day1057,30,35,1022,-65.1346206665039,-38.171051025390625,0.3927018940448761,0.4018777012825012,0.3409004807472229,0.4588767150262763,0.001,0.46244671867514237,10000.0,0.46749554466970933,10000.0,0.40344226360321045
T11,T11_day1022,T11_day1139,120,117,1022,-4.681708812713623,-883.7325439453125,-0.025977253913879395,-0.0006751716136932373,-0.0024824142456054688,-0.029717723451246236,0.01,0.04999604756775805,100000.0,-0.010943108021104486,1000000.0,0.2581661641597748
T11,T11_day1022,T11_day1505,480,483,1022,-5018.0537109375,-5019.6572265625,-0.334802508354187,-0.5429475903511047,-1.7722342014312744,-0.010954292257098208,0.001,-0.674840480654722,10000.0,-0.5931710088963131,10000.0,-162897.28125
T11,T11_day1025,T11_day1057,30,32,1025,-17.60245704650879,-13.116693496704102,-2.5432705879211426,-2.749788761138916,-2.600656747817993,0.4676624292892462,0.0001,0.46244671867514237,10000.0,0.37079905623219656,100.0,0.40344226360321045
T11,T11_day1025,T11_day1139,120,114,1025,-161.0143280029297,-165.0703582763672,-51.18095779418945,-46.87632751464844,-46.22308349609375,0.0605891355131688,0.001,0.04999604756775805,100000.0,0.1871809667959914,1000.0,0.2581661641597748
T11,T11_day1025,T11_day1505,480,480,1025,-2779.6875,-2772.97265625,-1.6703009605407715,-3.6068310737609863,-5.101436614990234,-0.14661375648970965,0.01,-0.674840480654722,10000.0,-12.91111233852236,100.0,-162897.28125
T11,T11_day1057,T11_day1059,1,2,1057,-7609989.0,-7569254.5,-1758.072021484375,-2872.4794921875,-2717.255859375,-11.80031793405807,0.0001,-1.2390910217759694,10000.0,-6.451495803236905,1000.0,-20.396970748901367
T11,T11_day1057,T11_day1064,7,7,1057,-21.794124603271484,-25.253196716308594,-0.8964474201202393,-0.9788143634796143,-0.8847082257270813,0.24896849603430204,0.001,0.38173855713860044,10000.0,0.35089668069642477,10000.0,0.431881308555603
T11,T11_day1057,T11_day1092,30,35,1057,-0.7851563096046448,-0.1636454463005066,-0.4882931709289551,-0.5984972715377808,-0.7673864364624023,0.34008479402042957,0.001,0.2996380233919666,100000.0,0.41237984317646903,10000.0,0.44158777594566345
T11,T11_day1057,T11_day1181,120,124,1057,-35.96923828125,-163.6417999267578,-1.174314260482788,-1.3164644241333008,-1.6510981321334839,-0.06195079281793453,0.001,-0.38377768836759985,10000.0,-0.37935917667322566,10000.0,-6.532228946685791
T11,T11_day1057,T11_day1535,480,478,1057,-8768.8076171875,-28850.96484375,-0.9733783602714539,-1.1766903400421143,-1.1144554615020752,0.040539379924986796,0.001,0.16664998788217467,100000.0,-0.4103131648529337,1000000.0,0.23991134762763977
T11,T11_day1059,T11_day1092,30,33,1059,-12.487015724182129,-0.8832794427871704,-0.19789201021194458,-0.19194799661636353,-0.1743985414505005,0.2965580401044746,0.001,0.2996380233919666,100000.0,0.4421326863845548,1000.0,0.44158777594566345
T11,T11_day1059,T11_day1181,120,122,1059,-1034.815673828125,-846.9996337890625,-2.478555679321289,-3.2940683364868164,-3.1948676109313965,-0.23685387083385928,0.01,-0.38377768836759985,10000.0,-2.067951725113388,1000.0,-6.532228946685791
T11,T11_day1059,T11_day1535,480,476,1059,-2957.2451171875,-4103.76025390625,-5.96799373626709,-4.429785251617432,-4.219133377075195,0.1259669672111397,0.0001,0.16664998788217467,100000.0,0.13120516688181744,10000.0,0.23991134762763977
T11,T11_day1064,T11_day1092,30,28,1064,-1.303443431854248,0.2086697518825531,-0.0821409821510315,-0.15562313795089722,-0.1654682159423828,0.25085355300091056,0.01,0.2996380233919666,100000.0,0.442081083234129,1000.0,0.44158777594566345
T11,T11_day1064,T11_day1181,120,117,1064,-84.3188247680664,-86.40451049804688,-5.434108257293701,-4.808778285980225,-5.064211845397949,-0.8646043365438633,0.001,-0.38377768836759985,10000.0,-2.1787545320039188,1000.0,-6.532228946685791
T11,T11_day1064,T11_day1549,480,485,1064,-29221.98046875,-29028.22265625,-3031393.0,-3215851.0,-3240868.75,-23604.703244505297,0.0001,-4466.534174964928,100000.0,-104229.88412798168,100.0,-128612.6875
T11,T11_day1092,T11_day1125,30,33,1092,-7433.0693359375,-7421.6298828125,-1331.1983642578125,-6932.11181640625,-6247.9443359375,-1022.0863028477698,10.0,-1.477591022546793,100000.0,-40.081739514276876,10000.0,-449.334716796875
T11,T11_day1092,T11_day1577,480,485,1092,-83173232.0,-83170192.0,-6560.9111328125,-63930.2734375,-61087.953125,-104.0086807428995,0.001,-1005.2061211227514,100000.0,-22424.3975086258,100.0,-447490.625
T11,T11_day1125,T11_day1251,120,126,1125,-56098200.0,-55791540.0,-20902.00390625,-27094.439453125,-228418.5625,-0.14462823764787147,0.0001,-0.10504470118423626,100000.0,-4.262434560136201,10.0,-3.054838180541992
T11,T11_day1125,T11_day1605,480,480,1125,-32655.529296875,-53833.3046875,-12854018048.0,-25701588992.0,-16968325120.0,-32260.886887560824,0.0001,-2507.5551991306106,100000.0,-521772.120227623,1.0,-294117.9375
T11,T11_day1139,T11_day1261,120,122,1139,-301.37548828125,-264.762451171875,-1764898176.0,-593588032.0,-675774784.0,-8.740958131974711,0.0001,-26.016374183096154,10000.0,-63.37512971564428,0.1,-62.98712921142578
T11,T11_day1139,T11_day1625,480,486,1139,-25399.3671875,-25192.189453125,-98941960.0,-91765048.0,-91752368.0,-13.721386705238677,0.0001,-2.83527596997451,100000.0,-245.47733984605895,0.1,-241.02755737304688
T11,T11_day1181,T11_day1303,120,122,1181,-53.38471221923828,-18.40570831298828,-5.584913730621338,-5.404870986938477,-5.599249839782715,0.2882022011235246,0.001,0.35991248216898847,10000.0,0.3400905752266087,100.0,0.34390297532081604
T11,T11_day1181,T11_day1661,480,480,1181,-60.24256896972656,-220399.21875,-1635.94384765625,-1527.4437255859375,-1527.266845703125,-3.885391887600772,0.001,-0.13328449276130605,100000.0,-5.373010188657896,1000.0,-13.739517211914062
T11,T11_day1251,T11_day1282,30,31,1251,-1.179004192352295,-0.03705388307571411,-2.4464640617370605,-2.5163638591766357,-2.3559319972991943,-0.28479711983940115,0.001,-0.2537260588230333,10000.0,-0.782733102300782,10000.0,-33.593711853027344
T11,T11_day1251,T11_day1352,120,101,1251,-1.935403823852539,-0.07365089654922485,-0.4491339325904846,-0.4420953392982483,-0.4495238661766052,0.3010210386934999,0.001,0.5170934551462143,10000.0,0.49736956885398803,1000.0,0.4936680495738983
T11,T11_day1251,T11_day1710,480,459,1251,-83.56546020507812,-76.05899047851562,-0.8398141860961914,-0.6642168164253235,-0.7724690437316895,0.2995482322968739,0.0001,0.3949769132049378,10000.0,0.34259899278538847,1000.0,-5.654561519622803
T11,T11_day1261,T11_day1268,7,7,1261,-13.609546661376953,-6.9377593994140625,0.38328611850738525,0.407400518655777,0.38550058007240295,0.45011564757772304,0.001,0.454854883714512,10000.0,0.4278763247173939,10000.0,-4.368181228637695
T11,T11_day1261,T11_day1395,120,134,1261,-699547.0,-698800.9375,-2.9887380599975586,-1.3086636066436768,-3.3897924423217773,-0.08642662580702021,0.0001,-0.07139742004987637,100000.0,-0.42083046752432784,10000.0,-65010.703125
T11,T11_day1261,T11_day1710,480,449,1261,-88.42605590820312,-87.90108489990234,-0.42624950408935547,-0.7888574600219727,-0.7651762962341309,0.3391005127486592,1e-05,0.3949769132049378,10000.0,0.34234086787019297,1000.0,-5.654561519622803
T11,T11_day1268,T11_day1303,30,35,1268,-0.6216274499893188,0.0932689905166626,-0.7885530591011047,-0.6293608546257019,-0.6279212236404419,0.3001567779357267,0.01,0.35991248216898847,10000.0,0.34580755643069244,100.0,0.34390297532081604
T11,T11_day1268,T11_day1395,120,127,1268,-51734260.0,-51700192.0,-4.793830394744873,-20.912948608398438,-27.86115264892578,-0.28611576021751683,0.001,-0.07139742004987637,100000.0,-1.338682394957322,1000.0,-65010.703125
T11,T11_day1268,T11_day1710,480,442,1268,-2148.493408203125,-1989.33544921875,-3.5590081214904785,-3.1969528198242188,-3.077533721923828,0.30530493331662456,1e-05,0.3949769132049378,10000.0,0.32654764818739457,1000.0,-5.654561519622803
T11,T11_day1279,T11_day1307,30,28,1279,-421.946044921875,-2311.45849609375,-20.459733963012695,-17.264934539794922,-19.134273529052734,-0.10368267233067174,0.01,-0.004491182848796682,1000000.0,-7.367301651134689,100.0,-470.1375427246094
T11,T11_day1279,T11_day1398,120,119,1279,-67949.984375,-70614.640625,-84.15031433105469,-58.24288558959961,-58.105464935302734,0.011129896721939259,0.0001,0.03407118820125127,10000.0,-0.030872711152489685,1000.0,-7.355213165283203e-05
T11,T11_day1279,T11_day1710,480,431,1279,-7295.0546875,-7086.5146484375,-53.03322219848633,-46.67012405395508,-46.65583801269531,0.3238187478066587,0.0001,0.3949769132049378,10000.0,-0.05259559870517927,10.0,-5.654561519622803
T11,T11_day1282,T11_day1307,30,25,1282,-740.346923828125,-1072.063232421875,-3.341134548187256,-3.1762876510620117,-3.314396858215332,-0.18377422505265084,1e-06,-0.004491182848796682,1000000.0,-2.654169492771649,10000.0,-470.1375427246094
T11,T11_day1282,T11_day1398,120,116,1282,-24087.142578125,-117482.5546875,-58.82451629638672,-39.67967224121094,-40.394561767578125,0.008893821663717327,1e-05,0.03407118820125127,10000.0,-0.02443375848204421,1000.0,-7.355213165283203e-05
T11,T11_day1282,T11_day1710,480,428,1282,-1229.0128173828125,-1201.099853515625,-72.51620483398438,-63.820281982421875,-64.22077941894531,0.3140109902950966,1e-05,0.3949769132049378,10000.0,0.23534266798623316,100.0,-5.654561519622803
T11,T11_day1303,T11_day1338,30,35,1303,-663.4752197265625,-674.56103515625,-5.7315216064453125,-27.832305908203125,-14.479593276977539,-6.821729527594952,0.01,-6.667487041146266,100000.0,-91.7436656352631,1000.0,-104.67811584472656
T11,T11_day1303,T11_day1426,120,123,1303,-0.8868517875671387,-1.0178759098052979,-11.482851028442383,-10.148887634277344,-9.485250473022461,0.19965381174889185,0.0001,0.2663756987409359,10000.0,0.25018870740990296,100.0,0.24965554475784302
T11,T11_day1303,T11_day1710,480,407,1303,-4071.051513671875,-4036.2548828125,-13.243066787719727,-12.442398071289062,-11.407779693603516,0.29652528505103043,1e-05,0.3949769132049378,10000.0,0.27995881927888167,100.0,-5.654561519622803
T11,T11_day1307,T11_day1338,30,31,1307,-372.5413818359375,-373.0216369628906,-137545.765625,-11442680.0,-2217907.25,-61.882336486981714,0.01,-6.667487041146266,100000.0,-103.70632103342177,1.0,-104.67811584472656
T11,T11_day1307,T11_day1426,120,119,1307,-3.183593273162842,-2.514590263366699,-1964971.25,-1442891.5,-1408952.75,0.05609785997727462,1e-06,0.2663756987409359,10000.0,0.24931673201835902,0.1,0.24965554475784302
T11,T11_day1307,T11_day1710,480,403,1307,-19239.705078125,-18927.82421875,-1633057.5,-1743499.625,-1587865.625,0.23534963390198715,0.0001,0.3949769132049378,10000.0,-5.679713622730281,0.1,-5.654561519622803
T11,T11_day1324,T11_day1352,30,28,1324,-1.156858205795288,0.23775073885917664,0.07486245036125183,0.13564199209213257,0.19255414605140686,0.4519869897379585,0.001,0.5170934551462143,10000.0,0.4960109658791876,10000.0,0.4936680495738983
T11,T11_day1324,T11_day1430,120,106,1324,-8209.1669921875,-8068.40625,-0.40489667654037476,-0.387717068195343,-0.39229124784469604,0.0022477499162844583,0.0001,0.010325064051363353,100000.0,-0.02607915737720956,10000.0,-31.93526840209961
T11,T11_day1324,T11_day1710,480,386,1324,-5053.529296875,-4975.58251953125,-0.8859312534332275,-0.8367049098014832,-0.8404214978218079,0.2789708178767068,1e-05,0.3949769132049378,10000.0,0.34640772659450664,1000.0,-5.654561519622803
T11,T11_day1338,T11_day1461,120,123,1338,-12547.5498046875,-13091.88671875,-35.68562316894531,-26.197460174560547,-26.16924476623535,-0.13027974022256283,0.001,-0.017052475748391915,100000.0,-1.419575023954942,1000.0,-14.290699005126953
T11,T11_day1338,T11_day1710,480,372,1338,-3687.8349609375,-3549.609130859375,-43.060279846191406,-14.963432312011719,-15.069747924804688,0.3064010347634825,0.0001,0.3949769132049378,10000.0,-0.7694184666395045,100.0,-5.654561519622803
T11,T11_day1352,T11_day1461,120,109,1352,-19723.25,-19306.896484375,-0.0550992488861084,-0.09980076551437378,-0.2655901312828064,-0.03204863798503432,0.1,-0.017052475748391915,100000.0,-0.037188113510525644,100000.0,-14.290699005126953
T11,T11_day1395,T11_day1426,30,31,1395,-0.887754499912262,-1.1937596797943115,-48537.0859375,-48667.796875,-48686.546875,0.15438812421001502,1e-05,0.2663756987409359,10000.0,0.2496608565922237,0.1,0.24965554475784302
T11,T11_day1395,T11_day1519,120,124,1395,-5606.3515625,-5638.69921875,-6.753611087799072,-7907.1337890625,-9311.267578125,-0.2975634979305898,0.0001,-0.08283661627166561,100000.0,-1.4452838601321047,0.1,-0.15499746799468994
T11,T11_day1398,T11_day1426,30,28,1398,-129.92462158203125,-10.623787879943848,-362.7908020019531,-364.66998291015625,-363.2164001464844,0.17812206781272344,1e-05,0.2663756987409359,10000.0,0.24943052447133346,10.0,0.24965554475784302
T11,T11_day1398,T11_day1519,120,121,1398,-2321.75732421875,-2365.03271484375,-1.7854880094528198,-8.92354965209961,-12.809446334838867,-0.05954573133356422,0.0001,-0.08283661627166561,100000.0,-1.4446915045237425,10.0,-0.15499746799468994
T11,T11_day1426,T11_day1461,30,35,1426,-69022.203125,-68790.0546875,-0.15256130695343018,-0.18117409944534302,-0.163665771484375,-0.03783456783262762,0.1,-0.017052475748391915,100000.0,-0.08825752011303734,100000.0,-14.290699005126953
T11,T11_day1426,T11_day1549,120,123,1426,-842672.0,-840304.375,-127020.859375,-181076.890625,-101052.0625,-22707.494396096212,0.0001,-4466.534174964928,100000.0,-33631.26989404707,10000.0,-128612.6875
T11,T11_day1430,T11_day1461,30,31,1430,-89.33528137207031,-510.42822265625,-113.60897064208984,-125.40362548828125,-128.66493225097656,-0.12152276519742711,0.01,-0.017052475748391915,100000.0,-30.69362065940174,1000.0,-14.290699005126953
T11,T11_day1430,T11_day1549,120,119,1430,-240213.875,-239799.890625,-52866.0703125,-11510245.0,-19772930.0,-45850.35831761111,0.01,-4466.534174964928,100000.0,-112993.39906882955,100.0,-128612.6875
T11,T11_day1461,T11_day1577,120,116,1461,-2132.893798828125,-2131.53076171875,-3945486.25,-3774306.0,-3421717.5,-6286.6493340415,0.0001,-1005.2061211227514,100000.0,-480873.5377306833,1.0,-447490.625
T11,T11_day1505,T11_day1535,30,30,1505,-3262.128173828125,-11714.3212890625,-487209.375,-619366.5,-629765.25,0.016296237816399106,0.0001,0.16664998788217467,100000.0,0.23977811159083118,0.1,0.23991134762763977
T11,T11_day1505,T11_day1625,120,120,1505,-267383.09375,-267399.46875,-147922016.0,-155977600.0,-141555728.0,-21.820324759637497,0.0001,-2.83527596997451,100000.0,-622.7634167127715,0.1,-241.02755737304688
T11,T11_day1519,T11_day1549,30,30,1519,-44208.66796875,-44211.91015625,-43971.34375,-193500.96875,-233801.71875,-18969.959666550836,0.001,-4466.534174964928,100000.0,-67387.70377566015,1000.0,-128612.6875
T11,T11_day1519,T11_day1633,120,114,1519,-2.828176736831665,-11.424308776855469,-275.4895324707031,-279.4030456542969,-281.9497985839844,-21.564314020998452,0.01,-2.027946010177178,10000.0,-170.09152261331775,1000.0,-1366.21630859375
T11,T11_day1528,T11_day1535,7,7,1528,-2.409762382507324,-805.30908203125,0.01776796579360962,-0.5723410844802856,-0.059385865926742554,0.12890830148755972,0.001,0.16664998788217467,100000.0,0.06505237576734785,1000000.0,0.23991134762763977
T11,T11_day1528,T11_day1661,120,133,1528,-3.533818006515503,-26532.73046875,-2.639275550842285,-2.521843194961548,-2.9769320487976074,-2.5807563486063394,0.1,-0.13328449276130605,100000.0,-2.411903845244041,1000000.0,-13.739517211914062
T11,T11_day1535,T11_day1661,120,126,1535,-48.55183410644531,-1826.5087890625,-1.7126916646957397,-1.4830715656280518,-1.6686863899230957,-1.4667704083984012,0.01,-0.13328449276130605,100000.0,-1.5800230807168307,1000000.0,-13.739517211914062
T11,T11_day1549,T11_day1577,30,28,1549,-6219238.0,-6219157.0,-869.96630859375,-435.7276611328125,-1365.568359375,-1277.8086786236026,0.01,-1005.2061211227514,100000.0,-2878.756858497398,10000.0,-447490.625
T11,T11_day1549,T11_day1661,120,112,1549,-20.639995574951172,-8333.595703125,-327.06396484375,-321.5260314941406,-322.1942138671875,-37.895301841191305,0.01,-0.13328449276130605,100000.0,-317.3615931842675,1000000.0,-13.739517211914062
T11,T11_day1577,T11_day1605,30,28,1577,-85089.59375,-85184.78125,-373869.0625,-10743598.0,-11371319.0,-144298.53934331535,0.001,-2507.5551991306106,100000.0,-21439.911845416013,1000.0,-294117.9375
T11,T11_day1577,T11_day1703,120,126,1577,-11.833659172058105,-4.204974174499512,-145.11785888671875,-184.64749145507812,-185.90359497070312,0.3274240958859753,1e-05,0.3913878193454831,10000.0,0.3822657777682675,1.0,0.4353308081626892
T11,T11_day1591,T11_day1625,30,34,1591,-8251.189453125,-8262.6494140625,-45.11343002319336,-54.200687408447266,-65.49270629882812,-18.387354691117547,0.0001,-2.83527596997451,100000.0,-51.24436260576449,10000.0,-241.02755737304688
T11,T11_day1591,T11_day1710,120,119,1591,-3360.707763671875,-3295.13818359375,-0.42193859815597534,-0.5948071479797363,-0.5168418288230896,0.2898739843220526,0.0001,0.3949769132049378,10000.0,0.3507035115231229,1000.0,-5.654561519622803
T11,T11_day1605,T11_day1633,30,28,1605,-14.957582473754883,-33.34669876098633,-12933.2021484375,-17135.46484375,-18498.06640625,-9.021495850070512,0.001,-2.027946010177178,10000.0,-955.6313534826629,10.0,-1366.21630859375
T11,T11_day1605,T11_day1710,120,105,1605,-1.5363242626190186,-0.42782342433929443,-2490.044921875,-1101.025634765625,-1154.287353515625,0.3116895004427938,1e-05,0.3949769132049378,10000.0,-2.6581794975233155,1.0,-5.654561519622803
T11,T11_day1625,T11_day1633,7,8,1625,-3945.76123046875,-3974.9423828125,-703.790771484375,-923.404052734375,-918.1138916015625,-15.497640650107066,0.01,-2.027946010177178,10000.0,-173.04421283180068,1000.0,-1366.21630859375
T11,T11_day1625,T11_day1661,30,36,1625,-8.228738784790039,-3614.07763671875,-54.89551544189453,-99.18729400634766,-98.71244812011719,-55.69654054615345,0.1,-0.13328449276130605,100000.0,-23.153263678279977,10000.0,-13.739517211914062
T11,T11_day1633,T11_day1661,30,28,1633,-18.723400115966797,-44.24636459350586,-841188.25,-979871.875,-996105.875,-12.036564116801939,0.01,-0.13328449276130605,100000.0,-3.2269067259973414,1.0,-13.739517211914062
T11,T11_day1703,T11_day1710,7,7,1703,-23152.466796875,-22497.68359375,-0.27727413177490234,-0.748660147190094,-0.5410401225090027,0.3282812249284318,0.0001,0.3949769132049378,10000.0,0.3499758114955497,1000.0,-5.654561519622803
